date,max_temperature,avg_hourly_temperature,avg_temperature,min_temperature,max_humidex,min_windchill,max_relative_humidity,avg_hourly_relative_humidity,avg_relative_humidity,min_relative_humidity,max_dew_point,avg_hourly_dew_point,avg_dew_point,min_dew_point,max_wind_speed,avg_hourly_wind_speed,avg_wind_speed,min_wind_speed,max_wind_gust,wind_gust_dir_10s,max_pressure_sea,avg_hourly_pressure_sea,avg_pressure_sea,min_pressure_sea,max_pressure_station,avg_hourly_pressure_station,avg_pressure_station,min_pressure_station,max_visibility,avg_hourly_visibility,avg_visibility,min_visibility,max_health_index,avg_hourly_health_index,avg_health_index,min_health_index,heatdegdays,cooldegdays,growdegdays_5,growdegdays_7,growdegdays_10,precipitation,rain,snow,snow_on_ground,sunrise_hhmm,sunrise_unixtime,sunrise_f,sunset_hhmm,sunset_unixtime,sunset_f,daylight,min_uv_forecast,max_uv_forecast,min_high_temperature_forecast,max_high_temperature_forecast,min_low_temperature_forecast,max_low_temperature_forecast,solar_radiation,max_cloud_cover_4,avg_hourly_cloud_cover_4,avg_cloud_cover_4,min_cloud_cover_4,max_cloud_cover_8,avg_hourly_cloud_cover_8,avg_cloud_cover_8,min_cloud_cover_8,max_cloud_cover_10,avg_hourly_cloud_cover_10,avg_cloud_cover_10,min_cloud_cover_10
2026-08-11,29,23.72,23.7,18.4,32,,81,55.9,60.5,40,17.1,14.1,14.6,12.1,20,12.62,12.5,5,32,32,101.42,101.27,101.27,101.12,99.37,99.22,99.23,99.08,24100,24100,24100,24100,3.9,2.4,2.8,1.6,0,5.7,18.7,16.7,13.7,0,0,0,,06:17:00,1786443420,6.28,20:27:00,1786494420,20.45,14.17,8,8,28,28,15,17,,,,,,7,3.3,3.5,0,,,,
2026-08-10,29.5,24.5,24.95,20.4,38,,82,69.3,69.5,57,21.1,18.5,18.9,16.7,31,14.46,15.5,0,41,23,101.53,101.27,101.31,101.08,99.48,99.22,99.26,99.04,24100,23300,21700,19300,4.1,2.6,2.5,1,0,7,19.9,17.9,14.9,0,0,0,,06:16:00,1786356960,6.27,20:29:00,1786408140,20.48,14.22,8,8,27,28,18,18,,,,,,8,5.4,4,0,,,,
2026-08-09,27.9,22.54,21.7,15.5,32,,87,64.5,65.5,44,18.4,15.2,15.9,13.4,17,10.79,11,5,33,22,101.76,101.6,101.6,101.44,99.71,99.55,99.55,99.39,24100,24100,24100,24100,2.9,2,2,1,0,3.7,16.7,14.7,11.7,0,0,0,,06:15:00,1786270500,6.25,20:30:00,1786321800,20.5,14.25,8,8,28,28,20,20,,,,,,8,3,4,0,,,,
2026-08-08,30.1,24.2,24.2,18.3,38,,95,77.9,76.5,58,22.4,19.9,18.1,13.8,30,14.46,16.5,3,48,21,101.58,101.29,101.31,101.04,99.53,99.25,99.26,99,24100,19566.7,16100,8100,4.3,2.6,2.8,1.4,0,6.2,19.2,17.2,14.2,0,0,0,,06:14:00,1786184040,6.23,20:32:00,1786235520,20.53,14.3,8,8,27,28,17,17,,,,,,8,5,4,0,,,,
2026-08-07,26.4,22.7,23.4,20.4,35,,95,82.5,81.5,68,21.1,19.6,19.7,18.3,14,8.71,9,4,,,102.01,101.86,101.82,101.62,99.95,99.8,99.76,99.57,80500,21783.3,45100,9700,4.9,2.9,3.5,2,0,5.4,18.4,16.4,13.4,0,0,0,,06:13:00,1786097580,6.22,20:33:00,1786149180,20.55,14.33,6,6,24,27,20,21,,,,,,8,6.5,4.5,1,,,,
2026-08-06,29.1,23.74,23.85,18.6,36,,88,73.6,74,60,20.9,18.7,18.4,15.8,23,8.33,11.5,0,,,101.96,101.82,101.81,101.66,99.91,99.76,99.76,99.61,24100,22766.7,16100,8100,4.8,3.3,2.9,1,0,5.8,18.9,16.9,13.8,21.4,21.4,0,,06:12:00,1786011120,6.2,20:34:00,1786062840,20.57,14.37,9,9,30,30,20,21,,,,,,7,4.9,3.5,0,,,,
2026-08-05,29.4,23.45,23,16.6,33,,91,63.2,62,33,17.2,15.6,13.4,9.7,19,7.08,9.5,0,,,101.86,101.75,101.72,101.59,99.8,99.69,99.67,99.54,24100,24100,24100,24100,5.4,3,3.2,1,0,5,18,16,13,0,0,0,,06:11:00,1785924660,6.18,20:36:00,1785976560,20.6,14.42,8,8,29,29,19,20,,,,,,4,1.2,2,0,,,,
2026-08-04,28,21.82,20.5,13,30,,83,57.1,60,37,17.2,12.4,13.1,8.9,19,10.25,11,3,,,101.93,101.8,101.8,101.67,99.86,99.74,99.74,99.61,24100,23900,21700,19300,3.4,2.2,2.2,1.1,0,2.5,15.5,13.5,10.5,0,0,0,,06:10:00,1785838200,6.17,20:37:00,1785890220,20.62,14.45,8,8,28,28,16,17,,,,,,1,0.1,0.5,0,,,,
2026-08-03,27.2,21.64,22,16.8,29,,91,62.5,62.5,34,15.6,13.5,12.8,10.1,33,22.83,22.5,12,46,34,101.64,101.12,101.15,100.67,99.58,99.06,99.1,98.62,24100,20491.7,14450,4800,2.2,1.4,1.6,1,0,4,17,15,12,1.9,1.9,0,,06:08:00,1785751680,6.13,20:38:00,1785803880,20.63,14.5,7,7,26,26,14,14,,,,,,8,3,4,0,,,,
2026-08-02,21.8,20.39,19.14,16.5,30,,95,89.4,88,81,20.2,18.6,18.1,16.1,32,20.38,17.5,3,46,1,101.03,100.78,100.81,100.58,98.99,98.74,98.76,98.54,24100,19225,14050,4000,3.6,1.9,2.4,1.2,0,1.1,14.1,12.1,9.1,23.8,23.8,0,,06:07:00,1785665220,6.12,20:40:00,1785717600,20.67,14.55,3,3,23,23,16,16,,,,,,8,8,8,8,,,,
2026-08-01,28.9,25.39,25.29,21.7,35,,74,62.9,61.5,49,19.3,17.9,17.8,16.3,17,8.92,8.5,0,,,101.27,101.09,101.09,100.92,99.23,99.05,99.06,98.89,24100,23700,21700,19300,4.7,3.1,2.8,1,0,7.3,20.3,18.3,15.3,0.2,0.2,0,,06:06:00,1785578760,6.1,20:41:00,1785631260,20.68,14.58,8,9,28,30,19,20,,,,,,8,7.4,7,6,,,,
2026-07-31,30.3,24.27,22.9,15.5,32,,72,50.4,50.5,29,18.7,12.8,14.4,10.1,18,10.29,9,0,,,101.61,101.45,101.44,101.26,99.56,99.4,99.39,99.22,24100,24100,24100,24100,4.3,2.6,2.6,1,0,4.9,17.9,15.9,12.9,0,0,0,,06:05:00,1785492300,6.08,20:42:00,1785544920,20.7,14.62,8,8,29,29,20,20,,,,,,8,3.1,4,0,,,,
2026-07-30,28.9,23.11,23.15,17.4,32,,67,52.5,52,37,15.8,12.7,13.3,10.9,26,18.21,17.5,9,42,35,101.52,101.36,101.34,101.17,99.47,99.31,99.3,99.12,24100,24100,24100,24100,3.8,1.9,2.4,1,0,5.2,18.1,16.1,13.2,0,0,0,,06:04:00,1785405840,6.07,20:43:00,1785458580,20.72,14.65,8,8,27,28,16,17,,,,,,5,1.2,2.5,0,,,,
2026-07-29,26.8,22.58,22.55,18.3,29,,74,54.7,56.5,39,15.7,12.7,12.4,9.2,39,29.46,29,19,55,33,101.16,100.87,100.89,100.63,99.11,98.83,98.85,98.59,24100,24100,24100,24100,2.1,1.5,1.6,1,0,4.5,17.6,15.6,12.6,0,0,0,,06:03:00,1785319380,6.05,20:44:00,1785372240,20.73,14.68,7,7,25,26,16,16,,,,,,6,2.5,3,0,,,,
2026-07-28,26.9,22.73,23.45,20,33,,96,75.3,77,58,19.9,18,17.8,15.7,35,20.04,17.5,0,50,33,100.67,100.39,100.42,100.18,98.63,98.36,98.39,98.15,24100,19729.2,14050,4000,5.1,2.8,3.4,1.6,0,5.5,18.4,16.4,13.4,14.4,14.4,0,,06:02:00,1785232920,6.03,20:45:00,1785285900,20.75,14.72,6,7,25,27,17,19,,,,,,8,4.9,4.5,1,,,,
2026-07-27,28.9,23.02,23.04,17.2,35,,93,76.9,70.5,48,21.4,18.6,18.9,16.5,19,8.21,9.5,0,35,21,101.03,100.77,100.68,100.34,98.99,98.74,98.65,98.32,24100,19166.7,16100,8100,5.1,3.1,3.5,2,0,5,18,16,13,6.2,6.2,0,,06:01:00,1785146460,6.02,20:46:00,1785199560,20.77,14.75,8,8,29,29,15,19,,,,,,8,6.8,4.5,1,,,,
2026-07-26,27.7,22.71,22.25,16.8,32,,89,67.4,68,47,19.5,16.1,16.6,13.8,23,10.12,11.5,0,32,22,101.33,101.15,101.14,100.95,99.27,99.11,99.09,98.91,24100,24100,24100,24100,4.6,3.4,3.3,2,0,4.2,17.2,15.2,12.2,1.1,1.1,0,,06:00:00,1785060000,6,20:47:00,1785113220,20.78,14.78,8,8,28,28,19,19,,,,,,8,5,4,0,,,,
2026-07-25,26.6,21.49,21.65,16.7,31,,79,63.6,66.5,54,16.7,14.3,13.8,10.8,18,8.38,9,0,28,17,101.91,101.6,101.62,101.33,99.85,99.55,99.56,99.28,24100,24100,24100,24100,5.1,3.1,3,1,0,3.6,16.6,14.7,11.7,0,0,0,,05:59:00,1784973540,5.98,20:48:00,1785026880,20.8,14.82,8,8,27,27,19,19,,,,,,8,5.9,4.5,1,,,,
2026-07-24,25.4,20.28,19.1,12.8,26,,76,50.2,53.5,31,10.9,9.2,8.6,6.2,16,8.75,8,0,,,102.37,102.15,102.15,101.93,100.29,100.08,100.08,99.87,24100,24100,24100,24100,4.3,2.8,2.6,1,0,1.1,14.1,12.1,9.1,0,0,0,,05:58:00,1784887080,5.97,20:49:00,1784940540,20.82,14.85,8,8,27,27,18,18,,,,,,7,2.1,3.5,0,,,,
2026-07-23,26.1,19.55,19.35,12.6,26,,79,52.4,55.5,32,10.4,8.9,8.7,7,21,13.88,10.5,0,33,26,102.23,102.02,101.97,101.71,100.16,99.94,99.9,99.64,24100,24100,24100,24100,3.4,2.2,2.2,1,0,1.4,14.3,12.3,9.3,0,0,0,,05:57:00,1784800620,5.95,20:50:00,1784854200,20.83,14.88,7,7,26,26,12,14,,,,,,4,1.5,2,0,,,,
2026-07-22,22.4,17.64,17.39,12.4,,,81,59,57.5,34,11.8,9.1,8.4,5.1,41,26.21,25.5,10,55,29,101.69,101.05,101.07,100.44,99.61,98.99,99,98.39,24100,24100,24100,24100,3,1.7,2,1,0.6,0,12.4,10.4,7.4,0,0,0,,05:56:00,1784714160,5.93,20:51:00,1784767860,20.85,14.92,6,7,22,23,13,13,,,,,,7,3.8,3.5,0,,,,
2026-07-21,24.4,21.26,20,15.6,32,,91,82,80.5,70,20.9,18.1,16.9,13,33,16.08,18.5,4,52,30,100.71,100.2,100.31,99.92,98.67,98.17,98.28,97.9,24100,18500,16100,8100,4.6,3.5,3.2,1.9,0,2,15,13,10,12.7,12.7,0,,05:55:00,1784627700,5.92,20:52:00,1784681520,20.87,14.95,7,7,27,27,16,16,,,,,,8,7,6,4,,,,
2026-07-20,27.5,20.9,20.45,13.4,29,,71,53.2,53.5,36,15.2,10.8,10.9,6.7,30,13.08,16.5,3,41,23,101.52,101.28,101.15,100.78,99.46,99.22,99.1,98.74,24100,21766.7,20100,16100,4.9,2.9,3,1,0,2.5,15.4,13.4,10.4,0,0,0,,05:54:00,1784541240,5.9,20:53:00,1784595180,20.88,14.98,8,8,26,26,20,20,,,,,,8,4,4,0,,,,
2026-07-19,24.9,19.86,20.5,16.1,25,,79,54.7,57.5,36,13.4,9.9,9.2,4.9,21,14.79,13,5,39,32,101.6,101.44,101.36,101.11,99.54,99.38,99.3,99.06,24100,22700,20100,16100,5,2.6,3.4,1.7,0,2.5,15.5,13.5,10.5,0,0,0,,05:53:00,1784454780,5.88,20:54:00,1784508840,20.9,15.02,7,7,25,25,14,15,,,,,,7,2.1,3.5,0,,,,
2026-07-18,28.1,22.86,22.75,17.4,37,,92,73.2,74.5,57,22.8,17.8,17.6,12.5,53,21.17,29,5,67,32,101.28,100.69,100.74,100.2,99.23,98.66,98.71,98.18,24100,12033.3,14050,4000,11,6.7,6.7,2.3,0,4.8,17.8,15.8,12.8,6.1,6.1,0,,05:52:00,1784368320,5.87,20:55:00,1784422500,20.92,15.05,6,6,27,27,16,22,,,,,,8,5.4,4.5,1,,,,
2026-07-17,26.2,22.5,22.4,18.6,31,,78,63.5,58,38,18.9,15.1,13.5,8.1,18,11.29,11.5,5,,,101.95,101.74,101.67,101.39,99.89,99.68,99.61,99.34,24100,13625,14450,4800,11,5.7,6.3,1.6,0,4.4,17.4,15.4,12.4,0,0,0,,05:51:00,1784281860,5.85,20:55:00,1784336100,20.92,15.07,9,9,27,27,21,22,,,,,,7,4.1,4.5,2,,,,
2026-07-16,29.8,24.6,24.65,19.5,33,,73,50.6,54.5,36,15.2,13.4,12.8,10.4,29,18.5,20,11,45,32,101.71,101.47,101.54,101.37,99.66,99.42,99.5,99.33,11300,5608.3,6450,1600,11,9.5,7.2,3.3,0,6.7,19.6,17.6,14.7,0,0,0,,05:50:00,1784195400,5.83,20:56:00,1784249760,20.93,15.1,4,9,27,27,20,20,,,,,,7,4.1,4,1,,,,
2026-07-15,28.1,25.26,24.95,21.8,35,,68,60.3,60.5,53,19.9,17.2,17.4,14.9,27,14.5,15.5,4,39,31,101.55,101.42,101.42,101.29,99.51,99.39,99.39,99.27,24100,10800,14450,4800,11,7.4,6.5,2,0,7,19.9,17.9,14.9,0,0,0,,05:50:00,1784109000,5.83,20:57:00,1784163420,20.95,15.12,8,9,30,33,20,21,,,,,,8,4.7,4,0,,,,
2026-07-14,36.8,29.69,29.85,22.9,45,,77,57.3,57,37,23.4,20,20.6,17.7,36,20.42,23,10,48,28,101.79,101.5,101.53,101.26,99.75,99.47,99.49,99.23,24100,24100,24100,24100,4.4,3.4,3.2,2,0,11.8,24.9,22.9,19.9,0,0,0,,05:49:00,1784022540,5.82,20:58:00,1784077080,20.97,15.15,9,9,37,38,25,26,,,,,,7,2.7,3.5,0,,,,
2026-07-13,32.9,26.11,25.04,17.2,38,,65,47.7,49.5,34,18,13.9,13.8,9.5,27,13.33,13.5,0,37,25,102.13,101.96,101.93,101.73,100.07,99.91,99.88,99.69,24100,24100,24100,24100,5,3.8,3.5,2,0,7,20,18,15,0,0,0,,05:48:00,1783936080,5.8,20:58:00,1783990680,20.97,15.17,8,8,33,34,22,23,,,,,,3,1.6,1.5,0,,,,
2026-07-12,27.3,22.85,22.1,16.9,29,,81,53.8,59,37,15.2,12.6,12.2,9.2,16,8.25,8,0,30,16,102.36,102.22,102.22,102.09,100.29,100.15,100.16,100.03,24100,24100,24100,24100,4.4,3.2,3.2,2,0,4.1,17.1,15.1,12.1,0,0,0,,05:47:00,1783849620,5.78,20:59:00,1783904340,20.98,15.2,8,8,27,28,17,19,,,,,,6,1.5,3,0,,,,
2026-07-11,26.8,23.41,23.1,19.4,32,,86,64.2,67,48,17.9,16.1,15.3,12.8,23,13.54,11.5,0,33,13,102.06,101.74,101.75,101.45,100,99.69,99.7,99.4,24100,24100,24100,24100,3.4,2.4,2.5,1.5,0,5.1,18.1,16.1,13.1,0,0,0,,05:46:00,1783763160,5.77,20:59:00,1783817940,20.98,15.22,8,8,28,28,17,17,,,,,,6,2.2,3,0,,,,
2026-07-10,26.8,23.15,23.1,19.4,33,,89,70.8,69,49,20,17.4,16.6,13.2,19,11.5,11.5,4,,,101.46,101.22,101.24,101.02,99.41,99.18,99.2,98.98,24100,24100,24100,24100,3.3,2.2,2.1,1,0,5.1,18.1,16.1,13.1,0.2,0.2,0,,05:46:00,1783676760,5.77,21:00:00,1783731600,21,15.23,8,8,27,28,19,19,,,,,,8,4.9,4.5,1,,,,
2026-07-09,29.6,23.69,24.8,20,37,,87,77.7,73,59,21.5,19.6,19.7,17.9,17,8.38,10.5,4,37,32,101.21,101.05,101.06,100.91,99.17,99.02,99.02,98.87,24100,22566.7,16900,9700,4.9,3.1,3.3,1.7,0,6.8,19.8,17.8,14.8,8,8,0,,05:45:00,1783590300,5.75,21:00:00,1783645200,21,15.25,8,8,28,28,20,20,,,,,,8,5.6,4.5,1,,,,
2026-07-08,29.7,25.15,24.79,19.9,37,,83,65.9,65.5,48,20.6,18.2,17.9,15.1,16,8.67,8,0,,,101.75,101.49,101.46,101.17,99.69,99.44,99.41,99.13,24100,24100,24100,24100,4,2.9,2.5,1,0,6.8,19.8,17.8,14.8,0,0,0,,05:44:00,1783503840,5.73,21:01:00,1783558860,21.02,15.28,9,9,31,31,20,21,,,,,,7,2.7,3.5,0,,,,
2026-07-07,27.1,23.16,23.8,20.5,33,,89,74.5,75,61,19.5,18.4,18.2,16.9,21,11.21,12.5,4,32,11,101.87,101.74,101.76,101.65,99.81,99.69,99.7,99.6,24100,24100,24100,24100,3.8,2.2,2.4,1,0,5.8,18.8,16.8,13.8,0,0,0,,05:43:00,1783417380,5.72,21:01:00,1783472460,21.02,15.3,8,8,28,28,19,20,,,,,,8,4.8,4,0,,,,
2026-07-06,26.8,22.75,22.4,18,34,,83,64.4,67.5,52,19.8,15.6,15.5,11.2,21,14.33,14.5,8,37,10,101.77,101.72,101.71,101.65,99.71,99.66,99.65,99.59,24100,24100,24100,24100,3.5,2.4,2.2,1,0,4.4,17.4,15.4,12.4,0,0,0,,05:43:00,1783330980,5.72,21:02:00,1783386120,21.03,15.32,8,8,26,26,18,20,,,,,,8,5.9,5,2,,,,
2026-07-05,26.5,23.43,22.9,19.3,31,,93,64.2,67.5,42,20.4,15.7,15.8,11.1,19,11.38,12,5,,,101.67,101.57,101.54,101.42,99.62,99.52,99.5,99.37,24100,21695.8,15250,6400,3.4,2.1,2.2,1,0,4.9,17.9,15.9,12.9,0,0,0,,05:42:00,1783244520,5.7,21:02:00,1783299720,21.03,15.33,9,9,26,26,18,20,,,,,,8,6.3,5,2,,,,
2026-07-04,27.4,24.15,24.7,22,35,,94,82.6,79,64,22.2,20.9,20.6,19,21,8.33,10.5,0,32,23,101.46,101.37,101.36,101.26,99.41,99.33,99.32,99.22,24100,21829.2,14450,4800,6.4,2.5,3.7,1,0,6.7,19.7,17.7,14.7,20.7,20.7,0,,05:41:00,1783158060,5.68,21:02:00,1783213320,21.03,15.35,6,9,29,30,18,21,,,,,,8,7,6.5,5,,,,
2026-07-03,35.2,28.94,29.35,23.5,44,,83,62.7,64.5,46,22.8,20.9,21,19.2,34,16.33,17,0,52,28,101.62,101.45,101.44,101.26,99.58,99.41,99.41,99.23,24100,24100,24100,24100,5.7,3.4,3.8,2,0,11.3,24.4,22.4,19.4,0,0,0,,05:41:00,1783071660,5.68,21:02:00,1783126920,21.03,15.35,9,9,32,32,21,21,,,,,,8,4.1,4,0,,,,
2026-07-02,34.7,29.15,28.95,23.2,44,,86,66.1,64.5,43,23.4,21.9,21.5,19.6,32,17.83,18,4,54,27,101.51,101.43,101.43,101.35,99.47,99.4,99.39,99.32,24100,24100,24100,24100,4.9,3.3,3.5,2,0,10.9,23.9,21.9,18.9,0,0,0,,05:40:00,1782985200,5.67,21:03:00,1783040580,21.05,15.38,9,9,35,36,23,23,,,,,,7,2.4,3.5,0,,,,
2026-07-01,36,29.34,30,24,48,,83,67.2,66,49,25,22.5,22.1,19.2,47,16.17,25.5,4,104,29,101.4,101.27,101.28,101.17,99.37,99.24,99.26,99.15,24100,21300,20100,16100,5,3.1,3,1,0,12,25,23,20,0,0,0,,05:40:00,1782898800,5.67,21:03:00,1782954180,21.05,15.38,9,9,34,36,24,24,,,,,,7,3.6,3.5,0,,,,
2026-06-30,34.2,27.56,27.6,21,44,,74,63.6,62.5,51,23.9,20.1,18.6,13.4,30,13.71,15,0,42,23,101.73,101.38,101.41,101.09,99.68,99.34,99.37,99.06,24100,23566.7,20100,16100,4.9,3.1,3.5,2,0,9.6,22.6,20.6,17.6,0,0,0,,05:39:00,1782812340,5.65,21:03:00,1782867780,21.05,15.4,9,9,33,34,23,24,,,,,,8,4.5,4.5,1,,,,
2026-06-29,28.1,23.73,22.2,16.3,32,,70,50.1,54.5,39,15.2,12.6,12.8,10.3,22,10.54,11,0,32,10,101.97,101.84,101.83,101.7,99.92,99.78,99.78,99.65,24100,24100,24100,24100,3.4,2.7,2.2,1,0,4.2,17.2,15.2,12.2,0,0,0,,05:39:00,1782725940,5.65,21:03:00,1782781380,21.05,15.4,9,9,29,29,19,20,,,,,,8,3.6,4.5,1,,,,
2026-06-28,27.9,22.85,21.35,14.8,31,,83,53.8,58.5,34,15.5,12.6,12.3,9.2,18,9.38,11,4,,,101.71,101.64,101.64,101.58,99.66,99.58,99.6,99.53,24100,24100,24100,24100,3.4,2.6,2.2,1,0,3.4,16.4,14.3,11.3,0,0,0,,05:38:00,1782639480,5.63,21:03:00,1782694980,21.05,15.42,9,9,28,28,17,17,,,,,,5,1.8,2.5,0,,,,
2026-06-27,25.8,20.89,20.35,14.9,29,,86,63.7,64,42,15.5,13.5,13.5,11.5,17,10.42,8.5,0,,,101.86,101.72,101.7,101.54,99.79,99.65,99.64,99.48,24100,24100,24100,24100,3.6,2.5,2.3,1,0,2.4,15.3,13.3,10.3,0,0,0,,05:38:00,1782553080,5.63,21:03:00,1782608580,21.05,15.42,8,8,26,26,16,16,,,,,,4,2,2,0,,,,
2026-06-26,23.8,19.3,19.85,15.9,29,,96,78,79,62,16.8,15.3,15,13.2,17,8.88,8.5,0,,,101.88,101.66,101.61,101.34,99.81,99.59,99.54,99.27,24100,20966.7,18500,12900,5.1,2.9,3,1,0,1.8,14.8,12.8,9.8,0,0,0,,05:37:00,1782466620,5.62,21:03:00,1782522180,21.05,15.43,8,8,25,25,16,16,,,,,,8,6.7,5.5,3,,,,
2026-06-25,20,17.8,18,16,,,94,78.1,78,62,15.7,13.9,13.6,11.4,19,9.42,9.5,0,32,14,101.63,101.5,101.48,101.33,99.57,99.44,99.42,99.27,24100,20895.8,13650,3200,3.5,2.1,2.2,1,0,0,13,11,8,10.5,10.5,0,,05:37:00,1782380220,5.62,21:03:00,1782435780,21.05,15.43,3,5,19,19,16,16,,,,,,8,6.8,6,4,,,,
2026-06-24,25.4,20.13,19.45,13.5,25,,71,53.7,54.5,38,11.8,10.2,10.2,8.6,22,12,13,4,32,32,101.85,101.73,101.72,101.6,99.78,99.66,99.66,99.54,24100,24100,24100,24100,3.8,2,2.4,1,0,1.4,14.4,12.4,9.4,0,0,0,,05:37:00,1782293820,5.62,21:03:00,1782349380,21.05,15.43,7,8,25,25,15,15,,,,,,8,5,4,0,,,,
2026-06-23,24.4,19.22,18.89,13.4,26,,88,57.7,64,40,12.8,10.2,10.7,8.5,26,20.54,20,14,45,34,101.81,101.68,101.67,101.53,99.74,99.61,99.6,99.46,24100,24100,24100,24100,3.8,1.9,2.4,1,0,0.9,13.9,11.9,8.9,0,0,0,,05:36:00,1782207360,5.6,21:03:00,1782262980,21.05,15.45,8,8,26,26,14,14,,,,,,6,2.1,3,0,,,,
2026-06-22,19.4,17.03,16.39,13.4,,,93,74.1,77.5,62,13.9,12.4,12.3,10.7,16,8.54,8,0,,,101.63,101.45,101.48,101.34,99.55,99.38,99.42,99.28,24100,24100,24100,24100,3.6,2.2,2.3,1,1.6,0,11.4,9.4,6.4,0,0,0,,05:36:00,1782120960,5.6,21:03:00,1782176580,21.05,15.45,7,8,21,22,12,13,,,,,,8,6.1,5,2,,,,
2026-06-21,24,19.16,17.8,11.6,26,,76,54.2,58.5,41,11.5,9.5,9.2,7,22,11.25,13.5,5,,,101.48,101.3,101.31,101.13,99.42,99.24,99.24,99.07,24100,24100,24100,24100,3.2,1.8,2.1,1,0.2,0,12.8,10.8,7.8,0,0,0,,05:36:00,1782034560,5.6,21:03:00,1782090180,21.05,15.45,8,8,24,25,14,14,,,,,,7,4.7,4,1,,,,
2026-06-20,24,18.78,17.89,11.8,,,68,49.5,54,40,9.8,7.8,8.1,6.3,27,18.71,20,13,45,31,101.14,101.04,101.04,100.94,99.08,98.98,98.98,98.88,24100,24100,24100,24100,3.2,1.5,2.1,1,0.1,0,12.9,10.9,7.9,0,0,0,,05:36:00,1781948160,5.6,21:02:00,1782003720,21.03,15.43,7,7,24,24,13,15,,,,,,8,4.5,4.5,1,,,,
2026-06-19,23.1,18.6,18.7,14.3,,,81,59.8,61,41,12.4,10.4,9.9,7.5,47,30.75,34,21,63,31,101.02,100.72,100.75,100.49,98.96,98.67,98.7,98.44,24100,24100,24100,24100,2.5,1.9,1.8,1,0,0.7,13.7,11.7,8.7,0,0,0,,05:36:00,1781861760,5.6,21:02:00,1781917320,21.03,15.43,8,8,24,24,13,13,,,,,,7,3.7,3.5,0,,,,
2026-06-18,22.9,17.28,18.75,14.6,26,,97,81.2,81,65,16.9,13.9,14.3,11.8,50,28.04,25,0,74,25,100.48,99.7,99.81,99.14,98.44,97.67,97.78,97.12,24100,19416.7,13650,3200,3.3,2.3,2.1,1,0,0.8,13.8,11.8,8.8,48.4,48.4,0,,05:35:00,1781775300,5.58,21:02:00,1781830920,21.03,15.45,6,8,21,23,14,14,,,,,,8,7.2,6.5,5,,,,
2026-06-17,22.5,17.44,17.95,13.4,26,,93,78.3,74,55,15.1,13.5,13.6,12,34,13.96,18.5,3,52,22,100.57,100.41,100.31,100.04,98.52,98.36,98.26,98,24100,22100,16900,9700,3.6,2.7,2.3,1,0.1,0,12.9,10.9,8,3.4,3.4,0,,05:35:00,1781688900,5.58,21:01:00,1781744460,21.02,15.43,7,8,23,24,15,15,,,,,,8,7.2,6.5,5,,,,
2026-06-16,24.1,18.64,18.14,12.2,26,,85,59.5,64,43,12.5,10.2,10.4,8.4,31,16.25,18,5,54,22,101.01,100.75,100.75,100.48,98.95,98.7,98.69,98.44,24100,24100,24100,24100,4.2,2.8,2.6,1,0,0.1,13.1,11.1,8.1,1.5,1.5,0,,05:35:00,1781602500,5.58,21:01:00,1781658060,21.02,15.43,7,7,23,23,15,15,,,,,,8,5.5,4.5,1,,,,
2026-06-15,21.1,15.12,15.4,9.7,,,75,55.8,56,37,9.5,6,6.9,4.3,31,20.75,21.5,12,42,29,101.15,101.03,101.01,100.87,99.07,98.96,98.94,98.8,24100,24100,24100,24100,3,1.5,2,1,2.6,0,10.4,8.4,5.4,0,0,0,,05:35:00,1781516100,5.58,21:01:00,1781571660,21.02,15.43,7,7,20,21,13,13,,,,,,7,4.8,3.5,0,,,,
2026-06-14,22.1,17.35,16.89,11.7,26,,93,76.7,74,55,15.8,13.1,12.3,8.9,39,16.25,22,5,55,33,100.8,100.63,100.55,100.29,98.74,98.59,98.49,98.24,24100,21233.3,16100,8100,3.9,2.2,2.5,1,1.1,0,11.9,9.9,6.9,12.6,12.6,0,,05:35:00,1781429700,5.58,21:00:00,1781485200,21,15.42,3,3,20,20,9,10,,,,,,8,6.6,4,0,,,,
2026-06-13,29.7,23.87,22.95,16.2,32,,79,51.5,55.5,32,14.2,12.6,12.4,10.6,34,21.46,23,12,54,23,101.27,101.06,101.02,100.77,99.22,99.02,98.98,98.74,24100,24100,24100,24100,3.9,3,2.5,1,0,5,17.9,15.9,12.9,0,0,0,,05:35:00,1781343300,5.58,21:00:00,1781398800,21,15.42,8,8,29,30,18,20,,,,,,6,2.8,3,0,,,,
2026-06-12,26.5,23.18,22.4,18.3,31,,88,63.8,66,44,19.8,15.6,16.2,12.6,38,21.83,22.5,7,55,26,101.16,100.7,100.72,100.28,99.11,98.67,98.69,98.26,24100,24100,24100,24100,3.6,2.9,2.8,2,0,4.4,17.4,15.4,12.4,0,0,0,,05:35:00,1781256900,5.58,20:59:00,1781312340,20.98,15.4,9,9,28,28,17,17,,,,,,8,4.3,4,0,,,,
2026-06-11,31.2,26.05,25.95,20.7,41,,92,71.3,73,54,23.3,20.3,21.1,18.8,24,12.62,12,0,46,34,100.75,100.61,100.62,100.49,98.72,98.58,98.6,98.47,24100,23833.3,20900,17700,4.3,2.9,3,1.7,0,8,20.9,18.9,15.9,1.5,1.5,0,,05:36:00,1781170560,5.6,20:59:00,1781225940,20.98,15.38,8,9,31,31,18,21,,,,,,8,6.2,5,2,,,,
2026-06-10,29.8,23.83,24.45,19.1,36,,96,77.2,77,58,22,19.4,19.9,17.9,34,15.08,19,4,45,28,101.05,100.77,100.83,100.6,99,98.74,98.78,98.57,24100,17900,13450,2800,3.9,2.5,2.8,1.8,0,6.5,19.4,17.4,14.4,5.4,5.4,0,,05:36:00,1781084160,5.6,20:58:00,1781139480,20.97,15.37,8,8,29,30,18,21,,,,,,8,5.9,4.5,1,,,,
2026-06-09,24.7,20.92,20.65,16.6,31,,80,69.9,71.5,63,18.8,15.3,15.2,11.6,17,9.46,8.5,0,,,102.04,101.67,101.58,101.12,99.97,99.61,99.52,99.07,24100,21566.7,20100,16100,5.4,3.1,3.6,1.8,0,2.6,15.7,13.7,10.7,0,0,0,,05:36:00,1780997760,5.6,20:58:00,1781053080,20.97,15.37,9,9,26,26,19,19,,,,,,8,6.1,4.5,1,,,,
2026-06-08,23.9,19.58,19.29,14.7,27,,81,66.7,67,53,14.5,13.1,12.9,11.3,17,9.5,10.5,4,,,102.36,102.18,102.21,102.05,100.28,100.1,100.13,99.98,24100,24100,24100,24100,2.6,2,1.8,1,0,1.3,14.3,12.3,9.3,0,0,0,,05:36:00,1780911360,5.6,20:57:00,1780966620,20.95,15.35,9,9,27,27,15,16,,,,,,7,2.8,3.5,0,,,,
2026-06-07,24.4,19.85,20.25,16.1,27,,84,67.2,68,52,14.9,13.4,13.5,12.1,28,15.29,14,0,41,33,102.07,101.49,101.56,101.05,100,99.43,99.5,99,24100,24100,24100,24100,3.2,2.2,2.4,1.6,0,2.2,15.2,13.2,10.2,0,0,0,,05:37:00,1780825020,5.62,20:56:00,1780880160,20.93,15.32,8,8,26,27,14,15,,,,,,7,3.1,3.5,0,,,,
2026-06-06,25.8,21.48,21.2,16.6,30,,97,73.8,74,51,18.9,16.3,16.6,14.3,54,24.38,28.5,3,71,29,101.05,100.76,100.78,100.52,99,98.72,98.74,98.49,24100,18208.3,13650,3200,4.4,3,2.7,1,0,3.2,16.2,14.2,11.2,5.4,5.4,0,,05:37:00,1780738620,5.62,20:56:00,1780793760,20.93,15.32,3,7,26,28,14,15,,,,,,8,5.3,4,0,,,,
2026-06-05,30.9,24.05,24.6,18.3,33,,81,46.5,56,31,17.3,11.6,12.2,7,30,15.21,16.5,3,52,24,101.68,101.34,101.36,101.04,99.63,99.3,99.31,99,24100,24100,24100,24100,6.2,4.2,3.6,1,0,6.6,19.6,17.6,14.6,2.1,2.1,0,,05:37:00,1780652220,5.62,20:55:00,1780707300,20.92,15.3,9,9,31,31,17,17,,,,,,8,5.6,5,2,,,,
2026-06-04,30,23.58,22.3,14.6,30,,60,36.1,41.5,23,9.1,7.2,7.2,5.3,25,12.92,12.5,0,45,28,102.22,101.95,101.91,101.6,100.15,99.89,99.85,99.55,24100,24100,24100,24100,5.5,3.8,3.2,1,0,4.3,17.3,15.3,12.3,0,0,0,,05:38:00,1780565880,5.63,20:54:00,1780620840,20.9,15.27,9,9,30,31,17,18,,,,,,8,4.5,4,0,,,,
2026-06-03,29.1,22.17,21.4,13.7,28,,50,34.2,35,20,7.4,5.1,5.2,3.1,23,13.33,11.5,0,39,32,102.65,102.41,102.42,102.18,100.57,100.33,100.34,100.11,24100,24100,24100,24100,5.7,2.9,3.4,1,0,3.4,16.4,14.4,11.4,0,0,0,,05:38:00,1780479480,5.63,20:54:00,1780534440,20.9,15.27,8,8,29,29,13,14,,,,,,2,0.9,1,0,,,,
2026-06-02,25.6,19.13,18.05,10.5,,,70,40.5,46,22,6.9,4.3,4.2,1.6,24,13.46,14.5,5,42,36,102.59,102.47,102.47,102.36,100.5,100.38,100.38,100.27,24100,23300,18500,12900,3.6,2.6,2.8,2.1,0,0.1,13.1,11.1,8.1,0,0,0,,05:38:00,1780393080,5.63,20:53:00,1780447980,20.88,15.25,8,8,25,26,11,11,,,,,,8,3.4,4,0,,,,
2026-06-01,19.4,15.82,14.7,10,,,70,50.2,55,40,7.2,5.4,5.7,4.1,20,12.08,10,0,29,13,102.35,101.93,101.94,101.54,100.26,99.85,99.87,99.47,24100,24100,24100,24100,3.1,2.2,2,1,3.3,0,9.7,7.7,4.7,0,0,0,,05:39:00,1780306740,5.65,20:52:00,1780361520,20.87,15.22,6,6,21,21,10,12,,,,,,4,1.2,2,0,,,,
2026-05-31,24.3,18.21,16.89,9.5,,,68,42,47.5,27,6.5,4.5,4.5,2.6,31,19.71,21,11,46,28,102.17,101.75,101.75,101.33,100.08,99.67,99.67,99.27,24100,24100,24100,24100,2.6,2.1,1.8,1,1.1,0,11.9,9.9,6.9,0,0,0,,05:40:00,1780220400,5.67,20:51:00,1780275060,20.85,15.18,8,8,24,25,12,12,,,,,,5,2.5,2.5,0,,,,
2026-05-30,20.2,14.62,14.45,8.7,,,66,50.5,50,34,8,4.3,3.5,-1.1,32,16.75,18,4,42,3,102.25,102.07,101.94,101.62,100.16,99.98,99.86,99.55,24100,24100,24100,24100,3,2.1,2.2,1.5,3.5,0,9.4,7.5,4.5,0,0,0,,05:40:00,1780134000,5.67,20:50:00,1780188600,20.83,15.17,7,7,21,22,9,11,,,,,,3,0.6,1.5,0,,,,
2026-05-29,25.5,18.32,17.7,9.9,25,,77,47,52.5,28,9.6,6.1,2.8,-3.9,42,24.71,23,4,67,32,101.97,101.45,101.42,100.86,99.89,99.38,99.35,98.8,24100,24100,24100,24100,3.3,2.4,2.1,1,0.3,0,12.7,10.7,7.7,0,0,0,,05:41:00,1780047660,5.68,20:50:00,1780102200,20.83,15.15,8,8,26,26,9,9,,,,,,7,1.9,3.5,0,,,,
2026-05-28,19.8,16.11,16.3,12.8,,,73,58.5,60,47,9.4,7.9,8.2,7,26,20.67,18.5,11,41,33,102.06,101.89,101.81,101.55,99.97,99.81,99.73,99.48,24100,24100,24100,24100,2.9,1.9,2,1,1.7,0,11.3,9.3,6.3,0,0,0,,05:41:00,1779961260,5.68,20:49:00,1780015740,20.82,15.13,7,7,21,22,11,12,,,,,,6,3.3,3,0,,,,
2026-05-27,25.4,20.04,19.6,13.8,26,,63,48.9,48.5,34,12.8,8.8,8.7,4.6,40,20.54,24.5,9,52,34,101.56,101.34,101.38,101.21,99.49,99.28,99.33,99.16,24100,24100,24100,24100,4.6,2.9,3.4,2.1,0,1.6,14.6,12.6,9.6,0,0,0,,05:42:00,1779874920,5.7,20:48:00,1779929280,20.8,15.1,8,8,26,26,13,13,,,,,,7,3.7,3.5,0,,,,
2026-05-26,28.2,22.2,21.2,14.2,30,,77,48.8,54.5,32,13.5,10.5,10.7,7.8,27,16.38,16,5,46,24,101.88,101.61,101.58,101.28,99.81,99.55,99.52,99.23,24100,24100,24100,24100,4.1,3.3,3,1.8,0,3.2,16.2,14.2,11.2,0,0,0,,05:43:00,1779788580,5.72,20:47:00,1779842820,20.78,15.07,8,8,27,27,15,17,,,,,,7,4.7,4,1,,,,
2026-05-25,23,17.75,17.95,12.9,27,,97,76.4,77.5,58,15.3,13.3,13.6,11.9,21,12.67,12,3,37,32,102.09,101.89,101.9,101.72,100,99.81,99.81,99.63,24100,22029.2,15250,6400,4,2.7,2.8,1.6,0.1,0,12.9,10.9,8,0,0,0,,05:44:00,1779702240,5.73,20:46:00,1779756360,20.77,15.03,8,8,23,23,14,14,,,,,,8,3.9,4.5,1,,,,
2026-05-24,14.3,11.06,11.15,8,,,98,96.2,95,92,12.9,10.5,10.2,7.5,24,11.5,13.5,3,33,10,102.08,101.92,101.93,101.78,99.97,99.82,99.83,99.68,9700,5325,5650,1600,2.9,1.9,2.2,1.6,6.8,0,6.2,4.2,1.1,1.6,1.6,0,,05:44:00,1779615840,5.73,20:45:00,1779669900,20.75,15.02,3,3,19,19,13,13,,,,,,8,6.8,6,4,,,,
2026-05-23,14.4,10.02,10.8,7.2,,,97,78.9,66,35,8.2,5.8,3.6,-0.9,35,24.42,25.5,16,55,10,102.53,102.34,102.31,102.1,100.43,100.23,100.21,99.99,24100,12329.2,12850,1600,2.7,2.2,2.3,1.9,7.2,0,5.8,3.8,0.8,42.8,42.8,0,,05:45:00,1779529500,5.75,20:44:00,1779583440,20.73,14.98,2,2,12,13,9,10,,,,,,8,7.8,7,6,,,,
2026-05-22,16.6,12.05,11.05,5.5,,,72,41.5,46,20,2.1,-1.6,-2.9,-7.8,30,18.67,17.5,5,54,11,103.01,102.79,102.79,102.57,100.89,100.67,100.68,100.47,24100,24100,24100,24100,2.9,2.3,2,1,7,0,6,4,1.1,0,0,0,,05:46:00,1779443160,5.77,20:43:00,1779496980,20.72,14.95,8,8,15,15,11,11,,,,,,8,5.4,4.5,1,,,,
2026-05-21,14.6,10.52,10.25,5.9,,,77,55.3,60.5,44,3.3,1.7,1.2,-0.9,26,14.62,15,4,39,35,102.9,102.73,102.66,102.42,100.78,100.61,100.55,100.32,24100,24100,24100,24100,3.4,2,2.2,1,7.8,0,5.2,3.2,0.2,0,0,0,,05:47:00,1779356820,5.78,20:42:00,1779410520,20.7,14.92,8,8,15,15,4,4,,,,,,7,4.3,4,1,,,,
2026-05-20,21.1,14.54,14.45,7.8,27,,86,56,61.5,37,18.6,5.7,10.3,2,38,24.46,25,12,54,32,102.4,101.92,101.83,101.26,100.3,99.84,99.76,99.22,24100,24100,24100,24100,2.9,1.8,2,1,3.5,0,9.4,7.5,4.5,0,0,0,,05:48:00,1779270480,5.8,20:41:00,1779324060,20.68,14.88,9,9,18,18,5,6,,,,,,8,6.5,5,2,,,,
2026-05-19,30.7,24.33,25.4,20.1,37,,83,67.2,65,47,19.7,17.7,17.7,15.7,44,24.96,27.5,11,61,22,101.45,101.29,101.22,100.99,99.41,99.24,99.18,98.95,24100,24100,24100,24100,3.6,2.9,2.3,1,0,7.4,20.4,18.4,15.4,0.4,0.4,0,,05:49:00,1779184140,5.82,20:40:00,1779237600,20.67,14.85,9,9,29,30,10,10,,,,,,8,6.2,4.5,1,,,,
2026-05-18,30.9,23.15,21.95,13,35,,90,63.5,63,36,17.9,15.1,14.8,11.6,46,18.58,25.5,5,59,23,101.68,101.5,101.47,101.25,99.61,99.44,99.4,99.2,24100,22166.7,16900,9700,5.2,3.7,3.6,2,0,4,16.9,14.9,11.9,0,0,0,,05:50:00,1779097800,5.83,20:39:00,1779151140,20.65,14.82,9,9,29,30,18,19,,,,,,8,4.6,4,0,,,,
2026-05-17,26.5,20.14,19.3,12.1,32,,98,74.8,74.5,51,18.7,15.2,15.7,12.7,19,10.46,9.5,0,33,14,101.62,101.47,101.42,101.21,99.56,99.41,99.35,99.14,24100,19558.3,14450,4800,5.5,3.5,3.8,2,0,1.3,14.3,12.3,9.3,0,0,0,,05:51:00,1779011460,5.85,20:38:00,1779064680,20.63,14.78,8,8,25,27,12,14,,,,,,8,5.4,5,2,,,,
2026-05-16,21.2,15.4,15.14,9.1,25,,90,67.5,69,48,15.4,9.3,8.5,1.6,32,15.21,16,0,55,19,101.46,101.17,101.18,100.9,99.39,99.1,99.11,98.83,24100,24100,24100,24100,4.2,2.7,2.6,1,2.9,0,10.1,8.1,5.1,1.4,1.4,0,,05:52:00,1778925120,5.87,20:37:00,1778978220,20.62,14.75,3,8,23,23,12,14,,,,,,8,4.9,4,0,,,,
2026-05-15,20.3,14.03,12.75,5.2,,,75,49.5,53.5,32,5.1,3.1,3.4,1.6,23,14.62,16,9,37,28,101.61,101.51,101.53,101.44,99.52,99.42,99.43,99.34,24100,24100,24100,24100,3.5,2.5,2.2,1,5.2,0,7.8,5.8,2.8,0,0,0,,05:53:00,1778838780,5.88,20:36:00,1778891760,20.6,14.72,7,7,19,20,9,9,,,,,,7,3.8,3.5,0,,,,
2026-05-14,11.1,8.59,8.6,6.1,,,86,76,76.5,67,5.5,4.6,4.2,2.9,31,23.96,21.5,12,46,1,101.48,101.12,101.12,100.76,99.38,99.03,99.03,98.68,24100,23766.7,20100,16100,2.2,1.9,1.6,1,9.4,0,3.6,1.6,0,0,0,0,,05:54:00,1778752440,5.9,20:35:00,1778805300,20.58,14.68,2,3,13,13,7,8,,,,,,8,7.8,7.5,7,,,,
2026-05-13,15.5,9.61,11,6.5,,,96,80.8,81,66,12.7,6.4,8.1,3.4,39,22.46,23,7,54,28,101.33,100.67,100.83,100.33,99.23,98.59,98.75,98.26,24100,18358.3,15250,6400,3.8,2.4,2.4,1,7,0,6,4,1,9.7,9.7,0,,05:55:00,1778666100,5.92,20:33:00,1778718780,20.55,14.63,5,5,16,16,6,7,,,,,,8,7.4,7,6,,,,
2026-05-12,12.8,7.03,7.4,2,,,83,61.8,62,41,3.9,-0.2,0.4,-3,19,12.21,13.5,8,32,11,102.43,102.09,101.92,101.4,100.31,99.97,99.81,99.3,24100,22366.7,18500,12900,3.1,2,2,1,10.6,0,2.4,0.4,0,5.6,5.6,0,,05:56:00,1778579760,5.93,20:32:00,1778632320,20.53,14.6,7,7,13,13,6,6,,,,,,8,4.2,4,0,,,,
2026-05-11,12.8,8.79,8.15,3.5,,,58,43.2,44,30,-1,-3.3,-3.5,-6.1,25,15.96,14.5,4,39,35,102.41,102.21,102.26,102.1,100.29,100.1,100.14,99.99,24100,24100,24100,24100,3,2,2,1,9.8,0,3.1,1.1,0,0,0,0,,05:57:00,1778493420,5.95,20:31:00,1778545860,20.52,14.57,5,6,13,13,2,3,,,,,,8,5.2,4,0,,,,
2026-05-10,14.2,9.6,9.55,4.9,,,64,45,46,28,1.7,-2.2,-2.1,-5.9,34,22.79,20,6,50,30,102.04,101.52,101.42,100.79,99.93,99.42,99.33,98.72,24100,24100,24100,24100,3.1,2.2,2,1,8.4,0,4.5,2.5,0,0,0,0,,05:58:00,1778407080,5.97,20:30:00,1778459400,20.5,14.53,6,6,14,14,3,3,,,,,,8,4.2,4,0,,,,
2026-05-09,16.4,10.73,10.95,5.5,,,86,73,74,62,9.7,6.1,5.7,1.6,28,13.58,14,0,58,23,100.89,100.55,100.54,100.2,98.8,98.47,98.47,98.13,24100,23500,21700,19300,3.9,3,2.5,1,7,0,6,4,0.9,1.8,1.8,0,,06:00:00,1778320800,6,20:29:00,1778372940,20.48,14.48,6,6,16,17,3,4,,,,,,8,5.2,4,0,,,,
2026-05-08,12.9,8.2,7.9,2.9,,,87,59.4,64.5,42,3.4,0.6,0.3,-2.8,24,11.96,12,0,39,17,101.22,101.07,101.06,100.89,99.12,98.97,98.96,98.8,24100,24100,24100,24100,3.4,2.7,2.2,1,10.1,0,2.9,0.9,0,0.7,0.7,0,,06:01:00,1778234460,6.02,20:28:00,1778286480,20.47,14.45,6,6,15,15,3,5,,,,,,8,4.2,4.5,1,,,,
2026-05-07,12.4,7.43,8.05,3.7,,,81,59.8,61,41,2.2,-0.1,-0.7,-3.6,25,12.58,12.5,0,39,32,101.33,101.18,101.17,101,99.22,99.08,99.06,98.9,24100,24100,24100,24100,3.8,2.6,2.4,1,9.9,0,3,1.1,0,0.2,0.2,0,,06:02:00,1778148120,6.03,20:27:00,1778200020,20.45,14.42,5,5,12,12,2,3,,,,,,8,6.2,4.5,1,,,,
2026-05-06,9.4,6.77,6.6,3.8,,,95,78.1,69,43,7.4,2.8,1.4,-4.7,25,12.5,16,7,41,35,101.35,101.04,101.08,100.82,99.24,98.95,98.99,98.73,24100,18566.7,16900,9700,3.3,2.4,2.6,1.9,11.4,0,1.6,0,0,4.3,4.3,0,,06:03:00,1778061780,6.05,20:26:00,1778113560,20.43,14.38,4,4,10,12,3,4,,,,,,8,7.2,5,2,,,,
2026-05-05,17,13.92,12.6,8.2,,,90,64.8,68.5,47,10.8,7.3,6.5,2.1,32,19.42,19,6,48,27,100.89,100.37,100.36,99.84,98.81,98.32,98.31,97.81,24100,23966.7,22500,20900,3.7,2.9,2.4,1,5.4,0,7.6,5.6,2.6,2.2,2.2,0,,06:05:00,1777975500,6.08,20:24:00,1778027040,20.4,14.32,5,5,16,18,6,6,,,,,,8,6.9,6,4,,,,
2026-05-04,23,16.65,16.3,9.6,,,65,47.6,47.5,30,9.7,5,6.3,3,43,25.29,28,13,61,22,100.66,100.31,100.3,99.93,98.59,98.25,98.24,97.89,24100,24100,24100,24100,4.3,3.2,2.6,1,1.7,0,11.3,9.3,6.3,0,0,0,,06:06:00,1777889160,6.1,20:23:00,1777940580,20.38,14.28,6,6,22,22,11,11,,,,,,7,5,4.5,2,,,,
2026-05-03,14.5,7.72,7.2,-0.1,,,76,56.4,56.5,37,6.2,-0.7,-0.3,-6.8,34,12.79,17,0,67,24,101.49,101.09,101.08,100.66,99.37,98.99,98.98,98.59,24100,23233.3,18500,12900,3.9,3.1,3,2,10.8,0,2.2,0.2,0,0,0,0,,06:08:00,1777802880,6.13,20:22:00,1777854120,20.37,14.23,5,5,14,14,8,8,,,,,,8,4.9,4,0,,,,
2026-05-02,8.3,4.02,3.85,-0.6,,,81,60.8,61,41,-0.6,-3.3,-3.5,-6.4,23,16.42,16,9,39,31,101.59,101.52,101.52,101.46,99.47,99.39,99.4,99.34,24100,24100,24100,24100,3.7,2.1,2.4,1,14.2,0,0,0,0,0,0,0,,06:09:00,1777716540,6.15,20:21:00,1777767660,20.35,14.2,5,5,9,9,0,0,,,,,,8,4.3,4,0,,,,
2026-05-01,10.1,6.29,5.15,0.2,,,70,56.3,55.5,41,-0.2,-1.9,-1.9,-3.7,28,13.38,16,4,37,31,101.47,101.31,101.31,101.15,99.36,99.2,99.2,99.04,24100,24100,24100,24100,3.1,2.3,2,1,12.8,0,0.2,0,0,0,0,0,,06:10:00,1777630200,6.17,20:20:00,1777681200,20.33,14.17,6,6,10,12,-1,0,,,,,,8,5.5,4,0,,,,
2026-04-30,12.4,7.58,8.19,4,,,78,58,58.5,39,2.7,-0.6,-0.7,-4.1,28,19.92,21,14,46,32,101.42,101.16,101.2,100.98,99.32,99.06,99.1,98.88,24100,24100,24100,24100,2.7,2,1.8,1,9.8,0,3.2,1.2,0,0,0,0,,06:12:00,1777543920,6.2,20:19:00,1777594740,20.32,14.12,5,5,12,12,1,1,,,,,,8,6,5,2,,,,
2026-04-29,10.1,8.55,7.25,4.4,,,88,76.1,77,66,8,4.6,3.8,-0.3,23,15.75,11.5,0,37,34,101.33,101.14,101.12,100.92,99.25,99.05,99.04,98.83,24100,24100,24100,24100,2.5,2.1,2,1.6,10.8,0,2.2,0.2,0,0.4,0.4,0,,06:13:00,1777457580,6.22,20:17:00,1777508220,20.28,14.07,2,4,10,11,3,3,,,,,,8,6.5,4.5,1,,,,
2026-04-28,16.6,13.6,13.35,10.1,,,89,70.3,70.5,52,11.8,8.2,7.8,3.9,19,13.71,9.5,0,41,20,101.39,101.08,101.17,100.94,99.31,99.01,99.09,98.87,24100,23500,21700,19300,3.8,2.8,2.9,2,4.7,0,8.3,6.3,3.4,1.6,1.6,0,,06:15:00,1777371300,6.25,20:16:00,1777421760,20.27,14.02,5,5,18,18,7,8,,,,,,8,7.3,6.5,5,,,,
2026-04-27,18.4,12.78,11.5,4.6,,,73,48.6,54,35,4.8,1.8,2.5,0.1,22,13.25,11,0,46,9,102.43,102.09,101.89,101.36,100.33,99.99,99.81,99.28,24100,24100,24100,24100,5,3.2,3,1,6.5,0,6.5,4.5,1.5,0,0,0,,06:16:00,1777284960,6.27,20:15:00,1777335300,20.25,13.98,7,7,15,17,8,10,,,,,,7,4.1,3.5,0,,,,
2026-04-26,14.7,9.67,8.85,3,,,85,57.4,58,31,6.4,0.8,1.3,-3.8,19,9.33,9.5,0,,,102.28,102.15,102.06,101.85,100.18,100.03,99.95,99.72,24100,24100,24100,24100,5.1,2.8,3.5,1.9,9.2,0,3.8,1.8,0,0,0,0,,06:18:00,1777198680,6.3,20:14:00,1777248840,20.23,13.93,6,6,12,16,2,2,,,,,,8,3.2,4,0,,,,
2026-04-25,9.8,6.45,6.9,4,,,94,82.3,81.5,69,5.2,3.6,3.5,1.7,28,14.54,16.5,5,41,7,101.87,101.41,101.46,101.05,99.75,99.3,99.35,98.95,24100,16625,13650,3200,3.1,2.4,2,1,11.1,0,1.9,0,0,17.5,17.5,0,,06:19:00,1777112340,6.32,20:13:00,1777162380,20.22,13.9,3,4,9,9,2,2,,,,,,8,7.2,4.5,1,,,,
2026-04-24,11.2,8.25,8.19,5.2,,,71,46,51,31,1.1,-3,-3.6,-8.3,28,15,16,4,41,10,101.47,101.29,101.3,101.13,99.37,99.2,99.2,99.03,24100,23700,21700,19300,4.9,2.8,3.5,2.2,9.8,0,3.2,1.2,0,3.5,3.5,0,,06:21:00,1777026060,6.35,20:11:00,1777075860,20.18,13.83,6,6,10,10,4,5,,,,,,8,6,4.5,1,,,,
2026-04-23,18.1,12.07,12,5.9,,,67,46.2,48.5,30,3.1,0.5,0.6,-2,21,10.46,10.5,0,27,12,101.81,101.55,101.52,101.23,99.72,99.46,99.44,99.15,24100,24100,24100,24100,5.2,3.4,3.1,1,6,0,7,5,2,0,0,0,,06:22:00,1776939720,6.37,20:10:00,1776989400,20.17,13.8,7,7,17,17,5,6,,,,,,7,3,3.5,0,,,,
2026-04-22,17.7,11.43,10.65,3.6,,,72,55.1,57.5,43,6.3,2.5,2.8,-0.7,23,10.33,11.5,0,33,35,101.58,101.37,101.41,101.23,99.49,99.28,99.31,99.13,24100,24100,24100,24100,6.2,3.6,3.6,1,7.3,0,5.7,3.6,0.6,0,0,0,,06:24:00,1776853440,6.4,20:09:00,1776902940,20.15,13.75,6,6,18,20,4,5,,,,,,3,0.7,1.5,0,,,,
2026-04-21,11.1,5.45,4.84,-1.4,,-5,67,53,54,41,-0.6,-3.5,-4.2,-7.9,23,12.5,14,5,39,15,102.65,102.06,102.03,101.4,100.49,99.92,99.89,99.29,24100,24100,24100,24100,3.9,2.9,2.5,1,13.2,0,0,0,0,0,0,0,,06:25:00,1776767100,6.42,20:08:00,1776816480,20.13,13.72,6,6,10,11,3,5,,,,,,7,5.1,3.5,0,,,,
2026-04-20,5.5,1.17,1.55,-2.4,,-8,70,48.3,50.5,31,-6.4,-9,-9.2,-11.9,30,17.83,18.5,7,41,32,102.78,102.56,102.44,102.11,100.61,100.4,100.28,99.96,24100,24100,24100,24100,3.7,2.5,2.4,1,16.4,0,0,0,0,0,0,0,,06:27:00,1776680820,6.45,20:07:00,1776730020,20.12,13.67,4,4,3,5,-3,-2,,,,,,7,3.5,3.5,0,,,,
2026-04-19,8.3,3.93,3.55,-1.2,,-6,92,65.1,68.5,45,0.8,-2.2,-3.5,-7.9,35,20.96,22,9,58,28,102.04,101.57,101.65,101.27,99.89,99.46,99.53,99.18,24100,23433.3,20100,16100,2.9,2.2,2.1,1.3,14.4,0,0,0,0,1.6,1.4,0.2,,06:29:00,1776594540,6.48,20:06:00,1776643560,20.1,13.62,4,4,7,7,-2,-1,,,,,,8,6.5,4.5,1,,,,
2026-04-18,20.4,11.39,12.39,4.4,,,93,81.2,74.5,56,15.4,8.2,8.6,1.8,35,15.58,17.5,0,63,24,101.39,100.75,100.83,100.27,99.3,98.68,98.76,98.21,24100,22100,20100,16100,3.2,2.1,2.2,1.2,5.6,0,7.4,5.4,2.4,6.9,6.9,0,,06:30:00,1776508200,6.5,20:04:00,1776557040,20.07,13.57,3,3,19,20,2,3,,,,,,8,6.7,5,2,,,,
2026-04-17,17.2,12.73,13.14,9.1,,,95,84.6,83.5,72,11.8,10.1,9.9,8,26,13.25,13,0,35,33,101.74,101.5,101.43,101.12,99.65,99.41,99.35,99.05,24100,22433.3,20100,16100,3.3,2,2.1,1,4.9,0,8.1,6.1,3.1,0,0,0,,06:32:00,1776421920,6.53,20:03:00,1776470580,20.05,13.52,6,7,17,18,5,10,,,,,,8,6.1,5,2,,,,
2026-04-16,21.4,14.61,15.35,9.3,26,,98,91.6,87.5,77,16.5,13.2,12.8,9.2,23,11.38,13,3,42,28,101.1,100.86,100.89,100.69,99.02,98.8,98.82,98.63,24100,12000,12050,0,4,2.7,3,1.9,2.6,0,10.3,8.3,5.3,7.5,7.5,0,,06:34:00,1776335640,6.57,20:02:00,1776384120,20.03,13.47,3,3,20,20,10,10,,,,,,8,7.4,6.5,5,,,,
2026-04-15,19.1,11.97,13.1,7.1,,,97,90.6,87,77,15.1,10.5,10.8,6.5,17,8.83,10.5,4,33,10,101.22,101.04,101.02,100.82,99.15,98.96,98.95,98.75,24100,12154.2,12550,1000,4.7,2.3,2.8,1,4.9,0,8.1,6.1,3.1,22.7,22.7,0,,06:35:00,1776249300,6.58,20:01:00,1776297660,20.02,13.43,4,5,15,21,11,13,,,,,,8,7.2,6,4,,,,
2026-04-14,23.8,14.96,17,10.2,27,,97,80.9,77.5,58,16.7,11.4,12.3,7.9,44,17.17,24.5,5,68,25,101.41,101.05,101.04,100.67,99.34,98.98,98.98,98.62,24100,16875,13650,3200,3.4,2.4,2.5,1.5,1,0,12,10,7,18.8,18.8,0,,06:37:00,1776163020,6.62,20:00:00,1776211200,20,13.38,7,7,21,22,9,12,,,,,,8,6.3,4.5,1,,,,
2026-04-13,21.3,14.83,13.8,6.3,25,,91,79.3,79.5,68,15.6,11.2,9.2,2.9,41,20.33,20.5,0,63,26,101.45,101.11,101.12,100.8,99.38,99.02,99.05,98.72,24100,23233.3,20100,16100,4,2.7,2.5,1,4.2,0,8.8,6.8,3.8,0.4,0.4,0,,06:39:00,1776076740,6.65,19:58:00,1776124680,19.97,13.32,5,5,21,21,10,11,,,,,,8,7.3,6.5,5,,,,
2026-04-12,7,5.06,4.5,2,,,87,70.3,68,49,2.6,-0.1,-0.9,-4.5,17,8.08,8.5,0,,,102.99,102.27,102.1,101.21,100.84,100.13,99.97,99.1,24100,22366.7,16900,9700,4.6,2.9,3.3,2,13.5,0,0,0,0,2.8,2.8,0,,06:40:00,1775990400,6.67,19:57:00,1776038220,19.95,13.28,2,2,8,8,4,9,,,,,,8,6.9,4.5,1,,,,
2026-04-11,10.8,5.57,5.6,0.4,,,90,57.4,61.5,33,0.7,-2.9,-2.7,-6.1,21,12.83,12.5,4,37,34,103.14,102.97,102.9,102.67,100.98,100.81,100.75,100.52,24100,24100,24100,24100,6,2.7,3.5,1,12.4,0,0.6,0,0,0,0,0,,06:42:00,1775904120,6.7,19:56:00,1775951760,19.93,13.23,6,6,10,10,1,1,,,,,,6,1.5,3,0,,,,
2026-04-10,7.2,4.8,4.55,1.9,,,92,79.7,71,50,4.6,1.4,0.4,-3.8,27,15.54,18,9,37,35,102.68,102.25,102.37,102.06,100.52,100.12,100.22,99.93,24100,21100,16100,8100,3.6,2.5,2.3,1,13.4,0,0,0,0,9.2,9.2,0,,06:44:00,1775817840,6.73,19:55:00,1775865300,19.92,13.18,2,2,8,8,0,1,,,,,,8,7.2,4.5,1,,,,
2026-04-09,18.6,10.07,9.75,0.9,,,83,58.4,60,37,8.3,1.8,2,-4.4,33,17.79,18,3,55,25,102.54,102.15,102.24,101.93,100.38,100.03,100.1,99.82,24100,23766.7,20100,16100,4.6,3.4,3.4,2.2,8.2,0,4.8,2.8,0,0,0,0,,06:46:00,1775731560,6.77,19:54:00,1775778840,19.9,13.13,5,5,18,18,2,2,,,,,,8,4.5,4,0,,,,
2026-04-08,6.7,0.5,1,-4.7,,-9,75,60.7,58,41,-2.2,-6.5,-6,-9.8,22,10.17,11,0,30,14,103.57,103.23,103.08,102.6,101.37,101.04,100.91,100.44,24100,24100,24100,24100,4.5,3.1,2.8,1,17,0,0,0,0,0,0,0,,06:47:00,1775645220,6.78,19:52:00,1775692320,19.87,13.08,5,5,6,6,1,2,,,,,,6,1.7,3,0,,,,
2026-04-07,1,-2.16,-2.15,-5.3,,-15,91,56.7,62,33,-0.6,-10.1,-7.3,-14.1,45,27.04,27,9,67,30,103.48,102.87,102.64,101.79,101.28,100.69,100.47,99.65,24100,24100,24100,24100,4.7,2.9,2.8,1,20.1,0,0,0,0,0,0,0,0,06:49:00,1775558940,6.82,19:51:00,1775605860,19.85,13.03,4,4,2,2,-7,-5,,,,,,7,3.2,3.5,0,,,,
2026-04-06,6.1,2.44,2.25,-1.6,,,93,69.7,71.5,50,0.6,-2.8,-2.2,-5.1,31,14,18,5,54,30,101.98,101.84,101.86,101.73,99.83,99.69,99.71,99.59,24100,21700,16900,9700,5,3.1,3,1,15.8,0,0,0,0,1.5,0.7,0.8,0,06:51:00,1775472660,6.85,19:50:00,1775519400,19.83,12.98,4,4,6,7,-5,-4,,,,,,8,7.1,6,4,,,,
2026-04-05,8.8,4.79,4.95,1.1,,,96,70.6,78,60,5.9,-0.2,0.4,-5.2,45,31.71,25,5,59,30,101.8,101.14,101.24,100.68,99.66,99.03,99.12,98.58,24100,22233.3,16900,9700,4.1,2.2,2.9,1.7,13.1,0,0,0,0,0.2,0.2,0,,06:53:00,1775386380,6.88,19:49:00,1775432940,19.82,12.93,4,4,5,7,0,0,,,,,,8,7.7,7.5,7,,,,
2026-04-04,7.6,4.35,4.75,1.9,,,96,80.8,83.5,71,4.8,1.3,1.8,-1.2,31,16.62,17.5,4,46,11,102.51,101.79,101.61,100.7,100.4,99.67,99.5,98.6,24100,21029.2,15250,6400,2.7,1.9,1.8,1,13.2,0,0,0,0,15.4,15.4,0,,06:54:00,1775300040,6.9,19:48:00,1775346480,19.8,12.9,2,4,6,6,6,6,,,,,,8,7.5,6.5,5,,,,
2026-04-03,23.6,11.97,13.6,3.6,28,,98,77.6,78,58,15.4,7.9,7.5,-0.5,45,25.21,22.5,0,65,27,102.48,101.51,101.8,101.12,100.38,99.41,99.71,99.04,24100,19325,13050,2000,4.7,2.3,2.8,1,4.4,0,8.6,6.6,3.6,3.4,3.4,0,,06:56:00,1775213760,6.93,19:46:00,1775259960,19.77,12.83,4,4,21,22,3,3,,,,,,8,6.1,5,2,,,,
2026-04-02,5.4,2.19,2.6,-0.2,,-4,97,84,82,67,4.7,-0.3,-0.2,-5,26,18.25,16,6,42,8,102.92,102.4,102.22,101.52,100.75,100.24,100.07,99.39,24100,13383.3,12450,800,3.9,2.4,2.5,1,15.4,0,0,0,0,1.1,1.1,0,,06:58:00,1775127480,6.97,19:45:00,1775173500,19.75,12.78,2,2,5,6,6,7,,,,,,8,5.8,5,2,,,,
2026-04-01,7,3.17,4,1,,,93,77.2,81,69,6.8,-0.5,2.1,-2.6,35,24.25,25,15,48,34,102.9,102.32,102.05,101.19,100.73,100.18,99.92,99.11,24100,23766.7,20100,16100,4.5,2.6,3.1,1.7,14,0,0,0,0,0,0,0,,07:00:00,1775041200,7,19:44:00,1775087040,19.73,12.73,4,5,7,7,0,2,,,,,,8,7.2,5.5,3,,,,
2026-03-31,18.5,12.68,12.75,7,,,97,89.3,86.5,76,14,10.9,10.3,6.6,23,11.29,11.5,0,52,32,101.02,100.84,100.81,100.6,98.95,98.78,98.74,98.53,24100,13116.7,13650,3200,3.8,2.9,2.9,2,5.2,0,7.8,5.8,2.8,35.9,35.9,0,,07:01:00,1774954860,7.02,19:43:00,1775000580,19.72,12.7,2,2,12,20,2,5,,,,,,8,7.8,7,6,,,,
2026-03-30,21.7,12.85,11.9,2.1,,,84,51.2,60,36,11.8,2.7,3.1,-5.6,24,12.21,12,0,41,23,101.92,101.46,101.51,101.1,99.8,99.36,99.42,99.03,24100,24100,24100,24100,5.3,3.7,3.1,1,6.1,0,6.9,4.9,1.9,1,1,0,,07:03:00,1774868580,7.05,19:42:00,1774914120,19.7,12.65,5,5,16,18,7,7,,,,,,8,6.2,5.5,3,,,,
2026-03-29,10.8,5.16,4.85,-1.1,,-3,71,54,53,35,-1.3,-3.8,-3.8,-6.2,23,11.92,13.5,4,37,20,102.99,102.57,102.48,101.97,100.81,100.42,100.32,99.84,24100,24100,24100,24100,4.8,3,2.9,1,13.2,0,0,0,0,0,0,0,,07:05:00,1774782300,7.08,19:40:00,1774827600,19.67,12.58,4,4,10,10,2,2,,,,,,8,7,7,6,,,,
2026-03-28,2.4,-1.88,-2.2,-6.8,,-12,72,53,56.5,41,-5.8,-10.5,-10.6,-15.3,35,20.08,21,7,46,27,103.43,103.18,103.17,102.91,101.23,100.99,100.98,100.72,24100,24100,24100,24100,4.9,3,3,1,20.2,0,0,0,0,0,0,0,,07:07:00,1774696020,7.12,19:39:00,1774741140,19.65,12.53,3,3,2,3,-2,0,,,,,,8,5.6,4.5,1,,,,
2026-03-27,0.3,-3.7,-3.45,-7.2,,-15,81,51.2,55.5,30,-3.7,-12.8,-10,-16.3,41,21.54,20.5,0,55,34,102.88,102.48,102.2,101.52,100.69,100.31,100.04,99.39,24100,23900,21700,19300,4.7,2.7,2.8,1,21.4,0,0,0,0,0,0,0,,07:09:00,1774609740,7.15,19:38:00,1774654680,19.63,12.48,6,6,1,1,-6,-6,,,,,,8,2.8,4.5,1,,,,
2026-03-26,10.5,5.67,4.3,-1.9,,-7,92,78.7,74.5,57,7.8,2.2,2.6,-2.6,36,12.92,18,0,58,35,101.37,100.87,100.94,100.52,99.26,98.76,98.85,98.43,24100,19300,16100,8100,7.1,4.3,4.8,2.6,13.7,0,0,0,0,6.8,6.8,0,,07:10:00,1774523400,7.17,19:37:00,1774568220,19.62,12.45,4,4,11,11,-8,-7,,,,,,8,6.5,4.5,1,,,,
2026-03-25,6.5,2.29,2.5,-1.5,,-4,83,68.5,64.5,46,-0.1,-3.1,-2.5,-5,21,10.17,10.5,0,32,16,102.77,102.13,101.94,101.11,100.6,99.98,99.8,99,24100,24100,24100,24100,6.2,3.6,3.6,1,15.5,0,0,0,0,0,0,0,,07:12:00,1774437120,7.2,19:36:00,1774481760,19.6,12.4,4,4,5,5,1,3,,,,,,8,7.2,6,4,,,,
2026-03-24,4.6,-0.52,-1.35,-7.3,,-11,79,62.5,62.5,46,-3.4,-7.1,-6.7,-9.9,23,14.79,14,5,42,28,103.13,102.88,102.88,102.63,100.93,100.7,100.69,100.46,24100,24100,24100,24100,5.5,3.3,3.2,1,19.4,0,0,0,0,0,0,0,,07:14:00,1774350840,7.23,19:34:00,1774395240,19.57,12.33,4,4,5,5,-3,-3,,,,,,8,4.3,4,0,,,,
2026-03-23,2.7,0.02,-1,-4.7,,-10,75,66,64.5,54,-2.6,-5.6,-6.2,-9.7,34,21.92,23,12,50,31,102.99,102.11,102.19,101.4,100.81,99.96,100.04,99.27,24100,23566.7,20100,16100,4.9,2.8,3,1,19,0,0,0,0,0.4,0,0.4,0,07:16:00,1774264560,7.27,19:33:00,1774308780,19.55,12.28,1,2,3,3,-7,-6,,,,,,8,6.2,4,0,,,,
2026-03-22,5.1,2.68,2.9,0.7,,,95,85.8,84,73,2.9,0.5,0.4,-2.1,28,14,15.5,3,39,34,101.36,100.78,100.83,100.29,99.23,98.66,98.71,98.18,24100,17783.3,13250,2400,6.1,2.8,3.5,1,15.1,0,0,0,0,10.9,10.9,0,,07:18:00,1774178280,7.3,19:32:00,1774222320,19.53,12.23,3,4,6,9,-1,-1,,,,,,8,7.8,7,6,,,,
2026-03-21,3.8,2.02,2.35,0.9,,,92,78.8,79,66,0.5,-1.3,-1.2,-2.9,22,13.71,13,4,33,11,101.81,101.47,101.36,100.91,99.67,99.34,99.24,98.8,24100,23233.3,18500,12900,4.9,2.9,3.5,2.1,15.7,0,0,0,0,0,0,0,,07:19:00,1774091940,7.32,19:31:00,1774135860,19.52,12.2,4,4,5,5,1,2,,,,,,8,7.7,6.5,5,,,,
2026-03-20,5.4,1.78,2.15,-1.1,,-4,95,87.1,85.5,76,3.1,-0.2,-0.6,-4.2,25,9.54,12.5,0,33,11,102,101.15,101.31,100.61,99.86,99.02,99.18,98.5,24100,14016.7,15250,6400,6.5,3.4,4.3,2.2,15.8,0,0,0,0,12.9,12.9,0,,07:21:00,1774005660,7.35,19:30:00,1774049400,19.5,12.15,1,1,6,6,0,0,,,,,,8,7.5,5.5,3,,,,
2026-03-19,8.6,2.67,3.4,-1.8,,-5,86,67.1,68.5,51,-0.6,-3,-2.6,-4.7,33,15.21,16.5,0,46,30,102.18,101.96,102.01,101.85,100.03,99.81,99.87,99.71,24100,23166.7,20100,16100,4.7,3.2,3.5,2.4,14.6,0,0,0,0,0,0,0,0,07:23:00,1773919380,7.38,19:28:00,1773962880,19.47,12.08,3,4,7,7,-1,0,,,,,,8,6.8,5,2,,,,
2026-03-18,-0.5,-3.95,-4.25,-8,,-13,84,65.9,65.5,47,-4.8,-9.7,-8.6,-12.3,22,13.04,14.5,7,39,17,102.64,102.43,102.39,102.15,100.44,100.24,100.21,99.98,24100,22162.5,13650,3200,4,2.9,3.1,2.3,22.2,0,0,0,0,0.4,0,0.4,0,07:25:00,1773833100,7.42,19:27:00,1773876420,19.45,12.03,3,3,1,1,-2,-2,,,,,,8,6.8,5,2,,,,
2026-03-17,-3.6,-7.37,-7.15,-10.7,,-22,74,61.3,63,52,-10.7,-13.7,-14.1,-17.4,49,35.54,32,15,72,26,102.34,101.16,100.98,99.62,100.15,99,98.83,97.52,24100,20395.8,14050,4000,4.2,2.4,3,1.8,25.1,0,0,0,0,0,0,0,1,07:27:00,1773746820,7.45,19:26:00,1773789960,19.43,11.98,2,2,-3,-3,-10,-10,,,,,,8,5.6,5,2,,,,
2026-03-16,13.1,5.97,2.95,-7.2,,-12,90,75.5,75.5,61,10,1.9,0.2,-9.6,45,24.58,29,13,72,24,99.93,99.35,99.44,98.94,97.84,97.28,97.36,96.89,24100,19887.5,14450,4800,3.2,2.5,2.1,1,15.1,0,0,0,0,1,0,1.8,0,07:28:00,1773660480,7.47,19:25:00,1773703500,19.42,11.95,2,2,13,13,-8,-8,,,,,,8,7.2,5.5,3,,,,
2026-03-15,9.4,1.71,3.25,-2.9,,-8,92,70.4,73,54,2.8,-3.2,-2.6,-8,39,22.5,23.5,8,61,9,102.75,101.59,101.39,100.03,100.57,99.44,99.26,97.94,24100,21945.8,12650,1200,4.6,2.8,3.4,2.2,14.8,0,0,0,0,2.2,0.4,1.8,1,07:30:00,1773574200,7.5,19:24:00,1773617040,19.4,11.9,3,3,3,3,4,4,,,,,,8,7.1,5,2,,,,
2026-03-14,0.6,-1.3,-1.5,-3.6,,-11,81,65.7,68,55,-3.6,-7,-6.3,-9,53,29.71,29,5,84,26,102.75,101.74,101.42,100.08,100.57,99.58,99.27,97.97,24100,23166.7,16900,9700,5,2.7,3.5,2,19.5,0,0,0,0,0,0,0,2,07:32:00,1773487920,7.53,19:22:00,1773530520,19.37,11.83,2,2,2,2,-5,-5,,,,,,8,5.4,5,2,,,,
2026-03-13,2.5,-0.76,-1.25,-5,,-8,95,82.8,82.5,70,0.6,-3.4,-4.2,-9,51,17.92,25.5,0,71,26,101.88,100.62,100.72,99.57,99.72,98.5,98.6,97.47,24100,16691.7,12450,800,4.6,3,3.4,2.1,19.2,0,0,0,0,7.8,2.2,5.6,4,07:34:00,1773401640,7.57,19:21:00,1773444060,19.35,11.78,1,1,3,3,-5,-3,,,,,,8,5.3,4,0,,,,
2026-03-12,2.5,-0.47,-1.1,-4.7,,-10,72,60.8,57.5,43,-4.1,-7.3,-7.7,-11.3,45,32.29,26.5,8,67,29,101.91,101.44,101.29,100.67,99.75,99.3,99.15,98.56,24100,24100,24100,24100,4.8,2.8,3.3,1.8,19.1,0,0,0,0,0,0,0,,07:36:00,1773315360,7.6,19:20:00,1773357600,19.33,11.73,2,2,2,2,-6,-2,,,,,,8,5.9,4.5,1,,,,
2026-03-11,8.2,3.32,4.05,-0.1,,,96,85,76.5,57,5.1,0.9,0.8,-3.6,49,18.33,24.5,0,67,27,101.44,100.45,100.62,99.8,99.35,98.36,98.53,97.71,24100,15462.5,12450,800,3,2.1,2.3,1.6,13.9,0,0,0,0,18.2,18.2,0,,07:37:00,1773229020,7.62,19:19:00,1773271140,19.32,11.7,2,2,13,15,-3,-2,,,,,,8,7.5,5.5,3,,,,
2026-03-10,19.6,11.67,12.05,4.5,,,75,66,65.5,56,12,5.5,6.2,0.4,26,12.92,13,0,42,36,101.63,101.26,101.32,101.01,99.53,99.18,99.24,98.94,24100,24100,24100,24100,5.7,3.2,3.7,1.7,6,0,7,5,2,0,0,0,,07:39:00,1773142740,7.65,19:17:00,1773184620,19.28,11.63,3,3,13,20,3,3,,,,,,8,4.8,4,0,,,,
2026-03-09,19,12.89,13.4,7.8,,,65,49.1,49.5,34,4.1,2.2,2.5,0.8,47,21.5,27.5,8,59,22,101.1,100.87,100.89,100.69,99.03,98.79,98.83,98.62,24100,24100,24100,24100,3.3,2.5,2.1,1,4.6,0,8.4,6.4,3.4,0,0,0,0,07:41:00,1773056460,7.68,19:16:00,1773098160,19.27,11.58,4,4,14,17,3,3,,,,,,7,3.8,3.5,0,,,,
2026-03-08,12.1,7.09,7.19,2.3,,,84,67.3,67.5,51,3.4,1.2,1.6,-0.3,36,22.87,22.5,9,59,25,101.04,100.81,100.78,100.51,98.95,98.72,98.69,98.43,24100,24100,24100,24100,2.9,2,2.1,1.4,10.8,0,2.2,0.2,0,0,0,0,0,07:43:00,1772970180,7.72,19:15:00,1773011700,19.25,11.53,3,3,9,10,5,5,,,,,,8,4,4.5,1,,,,
2026-03-07,17.6,10.41,9.95,2.3,,,98,91.3,90,82,14.7,9,8.3,2,39,16.08,19.5,0,63,23,101.42,100.64,100.78,100.15,99.28,98.54,98.68,98.08,24100,13991.7,12050,0,5.3,2.8,3.1,1,8.1,0,5,3,0,6,6,0,0,06:44:00,1772883840,6.73,18:14:00,1772925240,18.23,11.5,2,5,15,15,2,2,,,,,,8,6.2,4.5,1,,,,
2026-03-06,2.3,0.13,0.54,-1.2,,-5,97,92,84.5,72,1.4,-1,-0.9,-3.3,14,9.21,8.5,3,61,29,102.59,102.24,102,101.41,100.42,100.08,99.84,99.27,24100,6675,12150,200,5.1,3,3.7,2.3,17.5,0,0,0,0,1.9,1.9,0,0,06:46:00,1772797560,6.77,18:12:00,1772838720,18.2,11.43,4,4,4,4,3,6,,,,,,8,6.5,6,4,,,,
2026-03-05,4.9,1.99,1.5,-1.9,,-5,89,73.1,66,43,0.3,-2.5,-3.5,-7.3,24,12.38,12,0,39,9,102.4,102.24,102.26,102.13,100.25,100.09,100.12,99.98,24100,19900,18500,12900,6.4,4,4.5,2.7,16.5,0,0,0,0,1.6,1.6,0,1,06:48:00,1772711280,6.8,18:11:00,1772752260,18.18,11.38,2,3,3,5,0,1,,,,,,8,7.2,6.5,5,,,,
2026-03-04,7.8,2.25,2.09,-3.6,,-8,89,63.1,60.5,32,-2.3,-4.8,-6,-9.6,15,7.08,7.5,0,,,102.62,102.4,102.41,102.2,100.46,100.24,100.26,100.05,24100,19300,18500,12900,7.2,5.2,4.6,2,15.9,0,0,0,0,0,0,0,2,06:50:00,1772625000,6.83,18:10:00,1772665800,18.17,11.33,3,4,5,7,-4,-1,,,,,,6,2,3,0,,,,
2026-03-03,3,-1.97,-2.59,-8.2,,-12,82,74.5,67.5,53,-2.5,-6,-7.1,-11.7,14,7.04,7,0,,,103.01,102.52,102.59,102.16,100.81,100.34,100.4,99.99,24100,21900,20100,16100,6.6,4.1,4.5,2.5,20.6,0,0,0,0,0,0,0,2,06:51:00,1772538660,6.85,18:09:00,1772579340,18.15,11.3,4,4,2,2,-4,-4,,,,,,8,4.8,4,0,,,,
2026-03-02,-4.4,-8.32,-9.4,-14.4,,-19,74,56.1,58,42,-8.6,-15.8,-14.3,-20,13,7.42,6.5,0,,,103.98,103.6,103.55,103.12,101.73,101.37,101.33,100.92,24100,24100,24100,24100,6.1,3.5,3.5,1,27.4,0,0,0,0,0,0,0,3,06:53:00,1772452380,6.88,18:07:00,1772492820,18.12,11.23,3,3,-5,-5,-9,-8,,,,,,1,0.2,0.5,0,,,,
2026-03-01,-6,-8.88,-9.5,-13,,-19,68,57.3,53,38,-11.3,-16,-15.3,-19.3,27,18.25,17,7,37,34,103.69,103.19,103.11,102.52,101.45,100.98,100.89,100.34,24100,23900,21700,19300,4.5,2.9,3.2,2,27.5,0,0,0,0,0,0,0,3,06:55:00,1772366100,6.92,18:06:00,1772406360,18.1,11.18,3,3,-7,-6,-19,-18,,,,,,8,2.1,4,0,,,,
2026-02-28,6.9,0.38,0.05,-6.8,,-14,83,64.9,69.5,56,1.8,-5.6,-4.5,-10.8,36,25.71,25,14,50,30,102.54,101.63,101.53,100.53,100.36,99.5,99.4,98.44,24100,21387.5,13250,2400,5.2,2.9,3.1,1,17.9,0,0,0,0,0.8,0,1,2,06:56:00,1772279760,6.93,18:05:00,1772319900,18.08,11.15,3,3,2,3,-10,-10,,,,,,8,6.1,5.5,3,,,,
2026-02-27,7.3,1.1,0.6,-6.1,,-10,76,66.5,65.5,55,0,-4.5,-5,-10,23,11.17,13.5,4,42,20,101.54,101.31,101.17,100.79,99.38,99.16,99.03,98.69,24100,23700,21700,19300,5.5,3.8,3.2,1,17.4,0,0,0,0,0,0,0,8,06:58:00,1772193480,6.97,18:03:00,1772233380,18.05,11.08,2,2,6,6,1,1,,,,,,8,5.5,4.5,1,,,,
2026-02-26,-2,-4.75,-4.65,-7.3,,-14,75,59.7,60.5,46,-10.5,-11.6,-11.9,-13.3,22,12.33,14.5,7,32,26,101.51,101.32,101.21,100.9,99.35,99.16,99.06,98.76,24100,24100,24100,24100,4.7,3.1,3.5,2.2,22.6,0,0,0,0,0,0,0,13,07:00:00,1772107200,7,18:02:00,1772146920,18.03,11.03,2,2,-1,-1,-6,-5,,,,,,7,4.6,4,1,,,,
2026-02-25,1.6,-1.48,-2.2,-6,,-13,92,76.4,76,60,-2.3,-5.2,-6.4,-10.5,43,22.04,26.5,10,58,27,100.82,99.97,100.23,99.64,98.68,97.85,98.11,97.53,24100,18275,13050,2000,4.9,3.1,3.6,2.3,20.2,0,0,0,0,0.8,0,0.8,13,07:01:00,1772020860,7.02,18:01:00,1772060460,18.02,11,1,2,1,1,-11,-10,,,,,,8,7.2,5.5,3,,,,
2026-02-24,-3.3,-8.53,-9.19,-15.1,,-23,91,67.6,71,51,-5.6,-13.6,-12.1,-18.6,27,17.12,17.5,8,39,33,101.93,101.29,100.96,99.98,99.73,99.11,98.78,97.84,24100,21425,12850,1600,3.9,2.6,2.5,1,27.2,0,0,0,0,2.8,0,2.8,13,07:03:00,1771934580,7.05,18:00:00,1771974000,18,10.95,2,2,-6,-6,-7,-4,,,,,,8,5.2,4.5,1,,,,
2026-02-23,-1.2,-4.92,-6.3,-11.4,,-21,89,75.7,78,67,-3,-8.6,-9.2,-15.3,45,32.67,29.5,14,58,35,101.94,101.73,101.73,101.52,99.76,99.56,99.57,99.37,24100,22700,17700,11300,4.7,2.7,2.8,1,24.3,0,0,0,0,0.2,0,0.2,17,07:04:00,1771848240,7.07,17:58:00,1771887480,17.97,10.9,2,2,-3,-3,-15,-15,,,,,,8,5.4,4.5,1,,,,
2026-02-22,0,-1.02,-0.9,-1.8,,-8,95,90.6,90,85,-1.7,-2.4,-2.5,-3.4,21,12.33,12,3,,,101.76,101.6,101.64,101.51,99.61,99.45,99.49,99.36,16100,8887.5,9250,2400,5,3.1,3.6,2.3,18.9,0,0,0,0,2.2,0.4,1.8,19,07:06:00,1771761960,7.1,17:57:00,1771801020,17.95,10.85,1,1,0,1,-3,-2,,,,,,8,7.5,6,4,,,,
2026-02-21,2.1,1.21,0.4,-1.3,,-5,94,85,87,80,-0.1,-1,-0.9,-1.8,21,12.79,10.5,0,30,24,101.81,101.42,101.26,100.71,99.66,99.28,99.13,98.6,24100,16541.7,14450,4800,4.9,2.6,3,1,17.6,0,0,0,0,2,1.1,0.4,18,07:08:00,1771675680,7.13,17:56:00,1771714560,17.93,10.8,1,2,1,1,-2,-1,,,,,,8,7.7,7.5,7,,,,
2026-02-20,2.5,1.78,1.8,1.1,,,95,90.7,88,81,1.4,0.4,0.2,-1.1,35,23.71,21,7,54,10,100.83,100.18,100.19,99.54,98.7,98.08,98.07,97.45,24100,14420.8,14450,4800,4.7,2.5,2.8,1,16.2,0,0,0,0,5.2,5.2,0,20,07:09:00,1771589340,7.15,17:54:00,1771628040,17.9,10.75,1,1,4,4,1,1,,,,,,8,7.9,7.5,7,,,,
2026-02-19,1.7,0.21,0.29,-1.1,,-5,89,78.2,76.5,64,-0.2,-3.2,-3.6,-7,24,15.17,15,6,39,9,101.55,101.33,101.26,100.96,99.4,99.18,99.12,98.83,24100,23900,21700,19300,4.1,2.8,3.1,2.2,17.7,0,0,0,0,0,0,0,23,07:11:00,1771503060,7.18,17:53:00,1771541580,17.88,10.7,1,2,2,2,-2,2,,,,,,8,7.9,7.5,7,,,,
2026-02-18,2.8,-0.25,0.29,-2.2,,-8,91,82.5,77.5,64,-0.9,-3,-3.5,-6.1,30,17.62,17.5,5,52,8,101.61,101.15,101.19,100.76,99.48,99.01,99.06,98.63,24100,12020.8,12650,1200,5.8,3,4,2.2,17.7,0,0,0,0,15.1,6.7,6.8,20,07:12:00,1771416720,7.2,17:52:00,1771455120,17.87,10.67,1,1,0,0,-2,-2,,,,,,8,7.7,6.5,5,,,,
2026-02-17,8.1,3.09,3.9,-0.3,,,95,85.8,80.5,66,1.8,0.9,0.4,-0.9,18,7.58,9,0,,,101.87,101.71,101.66,101.44,99.73,99.57,99.52,99.3,9700,5591.7,6450,3200,6.1,4.8,4.8,3.5,14.1,0,0,0,0,0,0,0,20,07:14:00,1771330440,7.23,17:50:00,1771368600,17.83,10.6,2,2,5,5,0,0,,,,,,8,3.3,4,0,,,,
2026-02-16,2,-0.72,-2.65,-7.3,,-11,95,84.8,84,73,0.9,-3,-4.1,-9.1,11,6.96,5.5,0,,,101.83,101.64,101.64,101.45,99.67,99.49,99.49,99.31,24100,14575,13050,2000,4.9,3.6,3,1,20.6,0,0,0,0,0.2,0.2,0,25,07:15:00,1771244100,7.25,17:49:00,1771282140,17.82,10.57,2,2,3,3,1,1,,,,,,8,5.1,4,0,,,,
2026-02-15,0.6,-1.49,-2.9,-6.4,,-10,90,79.5,81,72,-3.4,-4.6,-5.3,-7.2,17,10.5,8.5,0,,,101.8,101.66,101.64,101.48,99.64,99.5,99.49,99.33,24100,21966.7,18500,12900,4.7,3.1,3.5,2.3,20.9,0,0,0,0,0,0,0,28,07:17:00,1771157820,7.28,17:48:00,1771195680,17.8,10.52,1,2,0,1,-3,-2,,,,,,8,6.7,4,0,,,,
2026-02-14,2,-0.83,-1.65,-5.3,,-11,87,77.1,76,65,-2.7,-4.4,-5,-7.4,17,8.42,8.5,0,,,101.96,101.81,101.77,101.59,99.8,99.65,99.62,99.43,24100,22700,20100,16100,5.5,3.8,4.1,2.7,19.6,0,0,0,0,0,0,0,29,07:18:00,1771071480,7.3,17:46:00,1771109160,17.77,10.47,2,2,3,3,-5,-4,,,,,,8,4.8,4,0,,,,
2026-02-13,-0.9,-5.53,-7.05,-13.2,,-19,89,74,70.5,52,-4,-9.7,-9.9,-15.8,21,12.58,10.5,0,35,22,102.46,102.14,102.04,101.63,100.26,99.95,99.87,99.47,24100,21862.5,12450,800,5.1,3.8,4,2.8,25.1,0,0,0,0,1.2,0,1.6,28,07:19:00,1770985140,7.32,17:45:00,1771022700,17.75,10.43,2,2,-1,-1,-5,-2,,,,,,8,4,4,0,,,,
2026-02-12,-2.5,-6.03,-6.75,-11,,-16,83,72.2,71.5,60,-8.3,-10.3,-10.4,-12.5,23,17.12,16.5,10,35,33,102.44,102.21,102.16,101.88,100.24,100.02,99.97,99.71,24100,23900,21700,19300,3.9,2.8,3,2,24.8,0,0,0,0,0,0,0,30,07:21:00,1770898860,7.35,17:44:00,1770936240,17.73,10.38,2,2,-2,-2,-12,-12,,,,,,8,6,4.5,1,,,,
2026-02-11,0.4,-1.33,-2.19,-4.8,,-10,85,72.6,75,65,-2.4,-5.7,-5.3,-8.3,45,30.92,29,13,67,29,101.82,101.28,101.37,100.91,99.66,99.13,99.22,98.78,24100,23100,21700,19300,6.1,2.8,3.9,1.7,20.2,0,0,0,0,0,0,0,30,07:22:00,1770812520,7.37,17:42:00,1770849720,17.7,10.33,2,2,1,1,-7,-6,,,,,,8,7.7,7,6,,,,
2026-02-10,2.3,-1.67,-2.05,-6.4,,-10,91,76.4,75.5,60,-2.3,-5.4,-7.2,-12,25,10.83,12.5,0,33,13,101.94,101.11,101.24,100.53,99.75,98.95,99.07,98.39,24100,17558.3,13250,2400,7.1,3.8,4.5,2,20.1,0,0,0,0,2.4,0,2.8,30,07:24:00,1770726240,7.4,17:41:00,1770763260,17.68,10.28,2,2,0,1,-5,-2,,,,,,8,7.3,6.5,5,,,,
2026-02-09,-6.1,-12.34,-13.35,-20.6,,-27,74,62.2,60.5,47,-12.4,-18.3,-18.4,-24.4,14,7,7,0,,,103.25,102.7,102.62,101.99,100.99,100.46,100.39,99.79,24100,22966.7,20100,16100,5.2,3.6,3.1,1,31.4,0,0,0,0,0,0,0,30,07:25:00,1770639900,7.42,17:39:00,1770676740,17.65,10.23,2,2,-7,-6,-8,-8,,,,,,8,4.8,4,0,,,,
2026-02-08,-12.7,-17.17,-16.75,-20.8,,-32,71,55.1,55,39,-21.7,-24.3,-24.1,-26.5,23,15.88,15.5,8,35,35,103.4,103.24,103.15,102.9,101.13,100.97,100.89,100.65,24100,24100,24100,24100,4.3,2.8,2.6,1,34.8,0,0,0,0,0,0,0,32,07:26:00,1770553560,7.43,17:38:00,1770590280,17.63,10.2,2,2,-13,-12,-22,-21,,,,,,2,0.2,1,0,,,,
2026-02-07,-13.3,-17,-16.85,-20.4,,-33,74,63.7,65,56,-20.4,-22.4,-22.9,-25.5,48,25.96,30.5,13,65,34,102.9,102.29,102.1,101.29,100.65,100.06,99.88,99.1,24100,19629.2,12850,1600,3.7,2.6,2.8,1.9,34.9,0,0,0,0,0,0,0,34,07:27:00,1770467220,7.45,17:37:00,1770503820,17.62,10.17,1,1,-13,-13,-22,-21,,,,,,6,2,3,0,,,,
2026-02-06,-1.8,-6.96,-9.4,-17,,-29,86,77.5,75,64,-5.3,-10.3,-13,-20.7,50,20.75,29,8,81,33,101.13,100.49,100.61,100.09,98.94,98.34,98.44,97.95,24100,9587.5,12650,1200,5,3.5,3.4,1.8,27.4,0,0,0,0,3.8,0,6.8,29,07:29:00,1770380940,7.48,17:35:00,1770417300,17.58,10.1,,,-4,-4,-19,-18,,,,,,8,7.1,4.5,1,,,,
2026-02-05,-4.9,-8.46,-10.05,-15.2,,-18,81,72.7,71,61,-10.3,-12.6,-13.4,-16.5,18,10.33,11,4,,,102.43,101.87,101.78,101.12,100.23,99.67,99.59,98.95,24100,22233.3,16900,9700,5.5,3.6,3.8,2,28.1,0,0,0,0,0,0,0,34,07:30:00,1770294600,7.5,17:34:00,1770330840,17.57,10.07,2,2,-4,-4,-8,-8,,,,,,8,5.6,4.5,1,,,,
2026-02-04,-4.5,-9.89,-10.15,-15.8,,-20,84,72.2,69.5,55,-10.9,-14.1,-13.9,-16.9,17,9.83,8.5,0,,,102.83,102.62,102.62,102.4,100.61,100.41,100.4,100.2,24100,24100,24100,24100,4.5,3,2.8,1,28.1,0,0,0,0,0,0,0,38,07:31:00,1770208260,7.52,17:33:00,1770244380,17.55,10.03,1,1,-5,-5,-15,-15,,,,,,7,1.3,3.5,0,,,,
2026-02-03,-2.8,-5.72,-7.55,-12.3,,-18,83,73.5,70,57,-6.4,-9.8,-10.1,-13.8,37,20.08,22.5,8,48,30,102.35,102,102.09,101.84,100.16,99.82,99.92,99.67,24100,19412.5,12650,1200,5,3.6,3.6,2.2,25.6,0,0,0,0,1,0,2.6,36,07:32:00,1770121920,7.53,17:31:00,1770157860,17.52,9.98,1,1,-3,-2,-14,-14,,,,,,8,6.7,4,0,,,,
2026-02-02,-4,-8.61,-10.19,-16.4,,-23,88,75,69.5,51,-8,-12.4,-12.7,-17.4,19,9.92,9.5,0,,,102.23,102.07,102.07,101.9,100.02,99.87,99.87,99.72,24100,19433.3,16900,9700,5.5,4.1,3.2,1,28.2,0,0,0,0,0.2,0,0.2,36,07:33:00,1770035580,7.55,17:30:00,1770071400,17.5,9.95,1,1,-5,-5,-9,-9,,,,,,8,3.8,4,0,,,,
2026-02-01,-5.4,-11.17,-10.6,-15.8,,-25,68,54.8,51.5,35,-16.4,-18.9,-18.3,-20.2,30,20.04,22.5,15,39,32,102.39,102.25,102.24,102.08,100.17,100.03,100.02,99.88,24100,24100,24100,24100,3.6,2.4,2.3,1,28.6,0,0,0,0,0,0,0,40,07:34:00,1769949240,7.57,17:29:00,1769984940,17.48,9.92,1,1,-7,-7,-17,-16,,,,,,0,0,0,0,,,,
2026-01-31,-9.7,-13.45,-13.25,-16.8,,-26,76,68.1,67.5,59,-15.6,-18.2,-18.1,-20.7,27,18.04,16.5,6,41,35,102.69,102.57,102.56,102.43,100.46,100.34,100.33,100.21,24100,23900,21700,19300,3,2.2,2,1,31.2,0,0,0,0,0,0,0,40,07:36:00,1769862960,7.6,17:27:00,1769898420,17.45,9.85,1,1,-11,-11,-20,-18,,,,,,8,3.4,4,0,,,,
2026-01-30,-10.1,-14.78,-15.39,-20.7,,-30,72,64.9,60,48,-15.7,-20.1,-20.2,-24.8,23,16.17,11.5,0,37,35,102.72,102.6,102.6,102.47,100.47,100.36,100.36,100.24,24100,24100,24100,24100,3.8,2.6,2.4,1,33.4,0,0,0,0,0,0,0,42,07:37:00,1769776620,7.62,17:26:00,1769811960,17.43,9.82,1,1,-13,-13,-20,-19,,,,,,8,5.4,4,0,,,,
2026-01-29,-11.2,-13.96,-15.05,-18.9,,-27,78,67.9,67,56,-15.2,-18.8,-18.8,-22.3,28,19.25,19,10,39,33,102.71,102.22,102.15,101.59,100.47,100,99.93,99.39,24100,24100,24100,24100,4.2,2.6,2.6,1,33,0,0,0,0,0,0,0,42,07:38:00,1769690280,7.63,17:24:00,1769725440,17.4,9.77,1,1,-10,-10,-25,-23,,,,,,8,2.5,4,0,,,,
2026-01-28,-9.5,-11.31,-11.8,-14.1,,-23,79,68.3,67,55,-15.2,-16.1,-16.4,-17.5,31,21.21,21,11,42,25,101.87,101.73,101.73,101.58,99.67,99.52,99.52,99.38,24100,24100,24100,24100,4.3,3,2.6,1,29.8,0,0,0,0,0,0,0,42,07:39:00,1769603940,7.65,17:23:00,1769638980,17.38,9.73,1,1,-8,-7,-16,-15,,,,,,8,5.5,5,2,,,,
2026-01-27,-9.1,-11.38,-11.75,-14.4,,-25,79,71.1,72,65,-12.5,-15.7,-15.2,-18,34,24.67,25,16,48,23,101.77,101.36,101.41,101.06,99.57,99.17,99.22,98.87,24100,17225,13650,3200,4.1,3.1,2.5,1,29.8,0,0,0,0,0.8,0,0.8,47,07:40:00,1769517600,7.67,17:22:00,1769552520,17.37,9.7,1,1,-8,-8,-19,-15,,,,,,8,6.9,5,2,,,,
2026-01-26,-8.8,-12.44,-12.25,-15.7,,-25,79,71.1,68.5,58,-14.3,-16.7,-16.4,-18.5,28,19.38,20,12,41,36,101.75,101.51,101.53,101.3,99.54,99.31,99.32,99.1,24100,20033.3,16900,9700,4.3,2.4,2.6,1,30.2,0,0,0,0,0.2,0,0.2,56,07:40:00,1769431200,7.67,17:20:00,1769466000,17.33,9.67,1,1,-8,-8,-16,-13,,,,,,8,6.2,5,2,,,,
2026-01-25,-9,-11.9,-11.55,-14.1,,-24,84,79.8,72,60,-11.7,-14.8,-14.5,-17.3,32,21.79,17.5,3,52,11,103.56,102.28,102.42,101.29,101.32,100.07,100.2,99.09,24100,7987.5,12250,400,3.2,2.3,2.1,1,29.6,0,0,0,0,17.8,0,46.2,15,07:41:00,1769344860,7.68,17:19:00,1769379540,17.32,9.63,,,-8,-8,-13,-13,,,,,,8,6.9,4.5,1,,,,
2026-01-24,-10.5,-14.83,-15.65,-20.8,,-26,78,67,67.5,57,-17.1,-19.8,-20.3,-23.5,18,7.88,9,0,28,28,104.03,103.86,103.83,103.62,101.76,101.59,101.56,101.36,24100,23766.7,20100,16100,4,2.7,2.5,1,33.6,0,0,0,0,0,0,0,15,07:42:00,1769258520,7.7,17:18:00,1769293080,17.3,9.6,2,2,-10,-10,-16,-15,,,,,,7,5.3,4,1,,,,
2026-01-23,-9.6,-13.68,-14.1,-18.6,,-28,72,65.7,63,54,-14.7,-18.8,-18.2,-21.8,45,29.71,32,19,65,27,103.61,102.63,102.69,101.77,101.35,100.41,100.47,99.59,24100,19662.5,14050,4000,4,2.3,2.5,1,32.1,0,0,0,0,1,0,1,14,07:43:00,1769172180,7.72,17:16:00,1769206560,17.27,9.55,,,-12,-12,-22,-22,,,,,,8,4.5,4.5,1,,,,
2026-01-22,-2.5,-5.54,-6.15,-9.8,,-18,86,70.8,72,58,-6,-10.1,-10.2,-14.4,46,31.54,32,18,68,28,101.82,101.43,101.39,100.97,99.64,99.27,99.23,98.82,24100,19470.8,12850,1600,3.9,2.9,2.5,1,24.1,0,0,0,0,1.8,0,2.4,14,07:44:00,1769085840,7.73,17:15:00,1769120100,17.25,9.52,1,1,-3,-3,-13,-12,,,,,,8,5,4.5,1,,,,
2026-01-21,-0.9,-5.73,-6.6,-12.3,,-20,88,77.1,74.5,61,-3.5,-9.2,-10.7,-17.9,32,15.96,19.5,7,52,27,102.68,101.71,101.81,100.93,100.46,99.53,99.62,98.78,24100,11929.2,12450,800,3.5,2.6,2.2,1,24.6,0,0,0,0,4.2,0,4.8,10,07:45:00,1768999500,7.75,17:14:00,1769033640,17.23,9.48,,,-1,-1,-6,-6,,,,,,8,6.7,5.5,3,,,,
2026-01-20,-10.7,-12.45,-13,-15.3,,-26,75,63.3,64.5,54,-15.4,-18.1,-17.4,-19.4,48,30.75,35,22,59,24,102.74,102.37,102.28,101.82,100.52,100.15,100.07,99.62,24100,24100,24100,24100,3.2,1.7,2.1,1,31,0,0,0,0,0,0,0,11,07:45:00,1768913100,7.75,17:13:00,1768947180,17.22,9.47,1,1,-9,-9,-14,-12,,,,,,8,3.5,4,0,,,,
2026-01-19,-5.3,-8.05,-8.55,-11.8,,-21,84,73.6,68,52,-9.2,-12.1,-12.3,-15.5,50,27.21,32,14,71,26,101.77,101.02,101.2,100.63,99.58,98.85,99.03,98.47,24100,14116.7,13650,3200,3.1,2.2,2,1,26.6,0,0,0,0,1,0,1.6,11,07:46:00,1768826760,7.77,17:11:00,1768860660,17.18,9.42,,,-6,-6,-15,-10,,,,,,8,6,4.5,1,,,,
2026-01-18,-5.8,-7.84,-8.25,-10.7,,-18,77,65.9,68,59,-9.9,-13.2,-13.1,-16.3,28,17.88,20,12,39,23,101.81,101.53,101.45,101.1,99.62,99.36,99.28,98.93,24100,22162.5,14450,4800,2.5,1.8,1.8,1,26.2,0,0,0,0,0,0,0,12,07:47:00,1768740420,7.78,17:10:00,1768774200,17.17,9.38,1,1,-6,-6,-10,-10,,,,,,8,6.7,5,2,,,,
2026-01-17,2.1,-1.06,-3.45,-9,,-17,88,74.1,71.5,55,-0.3,-5.2,-7.3,-14.4,39,19.54,23.5,8,63,25,101.58,101.1,101.17,100.77,99.42,98.95,99.02,98.63,24100,18620.8,13650,3200,2.8,2,1.9,1,21.4,0,0,0,0,1,0.4,0.6,17,07:47:00,1768654020,7.78,17:09:00,1768687740,17.15,9.37,,,1,1,-11,-10,,,,,,8,7.2,5,2,,,,
2026-01-16,-1,-6.21,-6.9,-12.8,,-17,91,76.3,78,65,-4.2,-9.8,-9.7,-15.2,22,12.04,12.5,3,37,20,101,100.79,100.83,100.66,98.82,98.62,98.66,98.5,24100,18383.3,12650,1200,4.2,2.3,2.6,1,24.9,0,0,0,0,2.4,0,2.8,20,07:48:00,1768567680,7.8,17:07:00,1768601220,17.12,9.32,1,1,-2,-2,-2,-1,,,,,,8,7,5,2,,,,
2026-01-15,-8.9,-12.15,-11.6,-14.3,,-26,84,77.6,77,70,-11.9,-15.3,-14.4,-16.9,41,28.96,30,19,63,35,100.71,100.26,100.25,99.79,98.52,98.1,98.1,97.68,24100,9150,12250,400,3.3,1.9,2.1,1,29.6,0,0,0,0,16.6,0,20.2,9,07:48:00,1768481280,7.8,17:06:00,1768514760,17.1,9.3,,,-11,-9,-15,-12,,,,,,8,3.4,4,0,,,,
2026-01-14,4.9,0.99,-2.45,-9.8,,-19,89,81.5,80,71,2.3,-1.9,-4.3,-10.9,39,22.54,24.5,10,61,35,99.99,99.82,99.8,99.61,97.89,97.73,97.71,97.53,24100,17345.8,12650,1200,3,2.1,2.3,1.6,20.4,0,0,0,0,2,0,2.6,0,07:49:00,1768394940,7.82,17:05:00,1768428300,17.08,9.27,1,1,-1,2,-12,-12,,,,,,8,7.6,7.5,7,,,,
2026-01-13,5,2.55,2.45,-0.1,,,81,71.5,69,57,0.6,-2.1,-1.6,-3.7,38,20.17,24,10,59,22,101.49,100.46,100.53,99.57,99.34,98.34,98.41,97.48,24100,23100,18500,12900,2.7,2.3,2.3,1.9,15.6,0,0,0,0,0,0,0,,07:49:00,1768308540,7.82,17:04:00,1768341840,17.07,9.25,1,1,4,4,3,4,,,,,,8,7.4,6.5,5,,,,
2026-01-12,0.6,-0.78,-0.55,-1.7,,-8,76,72,72.5,69,-3.9,-5.2,-5.2,-6.4,38,25.42,24.5,11,58,24,102.04,101.71,101.78,101.53,99.88,99.56,99.63,99.38,24100,24100,24100,24100,3.1,2.4,2,1,18.6,0,0,0,0,0,0,0,,07:50:00,1768222200,7.83,17:03:00,1768255380,17.05,9.22,1,1,1,2,-1,-1,,,,,,8,7.5,6,4,,,,
2026-01-11,0.8,-1.96,-2.05,-4.9,,-13,77,69.2,68.5,60,-2.8,-6.9,-6.7,-10.6,43,29.75,30.5,18,67,32,102.11,101.31,101.47,100.82,99.95,99.17,99.32,98.7,24100,23566.7,20100,16100,3.1,2.2,2,1,20.1,0,0,0,0,0,0,0,,07:50:00,1768135800,7.83,17:02:00,1768168920,17.03,9.2,1,1,-1,-1,-5,-2,,,,,,7,4.4,3.5,0,,,,
2026-01-10,2.8,1.91,1.75,0.7,,,96,81.4,83.5,71,0.9,-1,-0.8,-2.6,33,15.62,18.5,4,67,27,102.37,101.5,101.5,100.62,100.25,99.37,99.38,98.51,24100,19975,12350,600,2.4,1.8,1.7,1,16.2,0,0,0,0,5.9,5.7,0.2,,07:50:00,1768049400,7.83,17:00:00,1768082400,17,9.17,1,1,2,2,-2,-2,,,,,,8,7.9,7.5,7,,,,
2026-01-09,15.2,6.99,8.4,1.6,,,87,75.5,73.5,60,8.7,2.9,3.8,-1,54,23.62,29.5,5,96,26,102.33,101.01,101.2,100.07,100.21,98.9,99.11,98,24100,22966.7,20100,16100,3.2,2.1,2.1,1,9.6,0,3.4,1.4,0,4.2,4.2,0,0,07:51:00,1767963060,7.85,16:59:00,1767995940,16.98,9.13,1,1,12,14,-2,-1,,,,,,8,6.3,4.5,1,,,,
2026-01-08,6.2,3.08,3.8,1.4,,,91,85.2,83.5,76,2.3,0.8,0.8,-0.8,19,10.83,12.5,6,,,102.11,101.86,101.76,101.41,99.96,99.72,99.62,99.29,24100,18895.8,15250,6400,3.4,2.6,2.7,2,14.2,0,0,0,0,0,0,0,1,07:51:00,1767876660,7.85,16:58:00,1767909480,16.97,9.12,1,1,5,5,3,5,,,,,,8,6.7,6,4,,,,
2026-01-07,3.2,1.72,1.6,0,,-6,93,87.4,87,81,0.8,-0.2,-0.2,-1.3,23,12.33,13.5,4,33,33,101.63,100.99,100.85,100.07,99.49,98.86,98.72,97.96,24100,18762.5,14450,4800,3.5,2.7,2.8,2,16.4,0,0,0,0,0.4,0,0.4,2,07:51:00,1767790260,7.85,16:57:00,1767823020,16.95,9.1,1,1,4,4,1,2,,,,,,8,8,7.5,7,,,,
2026-01-06,1.2,-0.35,-1.2,-3.6,,-6,96,93.3,91.5,87,-0.1,-1.3,-2,-4,26,13.88,14.5,3,35,7,101.36,100.65,100.65,99.95,99.21,98.52,98.53,97.85,16100,6166.7,9650,3200,4.7,3,2.8,1,19.2,0,0,0,0,13.4,12.6,0.8,4,07:51:00,1767703860,7.85,16:56:00,1767736560,16.93,9.08,1,1,2,2,1,1,,,,,,8,7,5,2,,,,
2026-01-05,0.5,-1.52,-1.95,-4.4,,-9,93,82.2,81,69,-2.6,-4.2,-5.5,-8.3,19,9.17,9.5,0,32,22,102.08,101.43,101.55,101.01,99.91,99.27,99.39,98.86,24100,16520.8,12850,1600,4.7,3,2.8,1,19.9,0,0,0,0,2.2,0,3.2,4,07:51:00,1767617460,7.85,16:55:00,1767650100,16.92,9.07,1,1,1,1,-5,-5,,,,,,8,7.4,4.5,1,,,,
2026-01-04,-1.3,-3.71,-4.25,-7.2,,-13,84,74.7,73.5,63,-6.1,-7.6,-7.7,-9.2,30,18.38,18.5,7,45,32,102.22,101.9,101.86,101.49,100.04,99.73,99.68,99.32,24100,22895.8,14450,4800,3.7,2.9,2.8,2,22.2,0,0,0,0,0.2,0,0.2,3,07:51:00,1767531060,7.85,16:54:00,1767563640,16.9,9.05,1,1,-1,-1,-7,-7,,,,,,8,7.5,6,4,,,,
2026-01-03,-2.9,-5.49,-4.9,-6.9,,-14,85,75.8,75,65,-7.4,-9.2,-9.8,-12.3,29,20.21,19.5,10,39,23,101.51,101.38,101.34,101.17,99.34,99.21,99.17,99.01,24100,16883.3,14450,4800,3.6,2.8,2.3,1,22.9,0,0,0,0,1.2,0,1.4,1,07:51:00,1767444660,7.85,16:53:00,1767477180,16.88,9.03,1,1,-3,-3,-7,-5,,,,,,8,7.9,7.5,7,,,,
2026-01-02,-4.4,-6.65,-6.55,-8.7,,-17,79,67.2,64.5,50,-10.3,-11.9,-12.2,-14.1,32,25.67,25,18,46,29,101.17,100.82,100.86,100.54,99,98.65,98.69,98.38,24100,23700,21700,19300,3.5,2.8,2.9,2.3,24.6,0,0,0,0,0,0,0,3,07:51:00,1767358260,7.85,16:52:00,1767390720,16.87,9.02,1,1,-5,-5,-12,-8,,,,,,8,6.5,5.5,3,,,,
2026-01-01,-6.8,-10.38,-10.45,-14.1,,-23,76,65.2,62,48,-11.9,-15.8,-16,-20.1,39,22.67,26,13,50,32,101.23,100.92,100.83,100.42,99.04,98.74,98.65,98.26,24100,20166.7,17700,11300,3.2,2.5,2.1,1,28.4,0,0,0,0,0,0,0,3,07:51:00,1767271860,7.85,16:51:00,1767304260,16.85,9,1,1,-7,-7,-10,-8,,,,,,8,4.3,4,0,,,,
2025-12-31,-4,-5.84,-7.4,-10.8,,-19,88,74.1,73,58,-7,-9.8,-11.8,-16.6,47,28.79,31,15,59,33,100.69,100.37,100.29,99.89,98.54,98.22,98.14,97.75,24100,17795.8,13050,2000,3.2,2.7,2.1,1,25.4,0,0,0,0,1.2,0,1.6,2,07:51:00,1767185460,7.85,16:50:00,1767217800,16.83,8.98,1,1,-3,-3,-15,-15,,,,,,8,5.8,4,0,,,,
2025-12-30,-3.9,-5.97,-6,-8.1,,-17,76,66.5,68.5,61,-9.2,-11.2,-11.2,-13.3,52,32.12,36,20,68,28,100.85,100.75,100.69,100.54,98.69,98.59,98.54,98.39,24100,20562.5,14450,4800,3,2.4,2.5,2,24,0,0,0,0,0,0,0,2,07:51:00,1767099060,7.85,16:49:00,1767131340,16.82,8.97,1,1,-4,-4,-6,-5,,,,,,8,6.9,6,4,,,,
2025-12-29,5.2,-1.95,-1.44,-8.1,,-18,98,76.5,78.5,59,4.1,-5.7,-5.2,-14.5,58,36,31,4,78,25,100.49,99.38,99.55,98.61,98.34,97.28,97.44,96.54,24100,16050,12250,400,2.2,1.7,1.6,1,19.4,0,0,0,0,2.4,0.4,2,2,07:51:00,1767012660,7.85,16:49:00,1767044940,16.82,8.97,,,0,1,-8,-8,,,,,,8,7.2,6,4,,,,
2025-12-28,2.4,-0.8,-0.3,-3,,-7,96,92,91.5,87,1.6,-1.9,-1.6,-4.8,20,10.92,12.5,5,45,25,102.08,100.93,100.63,99.18,99.9,98.78,98.49,97.09,24100,10758.3,14050,4000,2.8,2.1,1.9,1,18.3,0,0,0,0,41.2,41.2,0,8,07:50:00,1766926200,7.83,16:48:00,1766958480,16.8,8.97,1,1,2,2,1,1,,,,,,8,8,8,8,,,,
2025-12-27,-2.9,-6.84,-6.1,-9.3,,-16,87,83.8,82,77,-5.1,-9.2,-8.2,-11.3,17,10.96,10,3,,,102.38,102.12,101.91,101.44,100.18,99.93,99.72,99.26,24100,22312.5,13850,3600,3.2,2.4,2.1,1,24.1,0,0,0,0,0,0,0,10,07:50:00,1766839800,7.83,16:47:00,1766872020,16.78,8.95,1,1,-4,-3,-6,-4,,,,,,8,8,8,8,,,,
2025-12-26,-2.2,-5.67,-5.6,-9,,-16,92,83.3,73.5,55,-3.9,-8.2,-9.4,-15,43,23.12,27.5,12,58,11,102.64,101.53,101.59,100.54,100.45,99.36,99.42,98.39,24100,11083.3,12650,1200,2.8,2.2,1.9,1,23.6,0,0,0,0,11.2,0,12,4,07:50:00,1766753400,7.83,16:46:00,1766785560,16.77,8.93,1,1,-4,-4,-8,-8,,,,,,8,6.9,6,4,,,,
2025-12-25,2.5,-2.18,-2.65,-7.8,,-14,83,64.8,67.5,52,-1.7,-8,-8.2,-14.7,34,18.08,19.5,5,55,36,102.74,102.21,102.11,101.49,100.55,100.04,99.94,99.34,24100,24100,24100,24100,2.9,2.3,2,1,20.6,0,0,0,0,0,0,0,,07:50:00,1766667000,7.83,16:46:00,1766699160,16.77,8.93,1,1,1,1,-11,-11,,,,,,8,6,5.5,3,,,,
2025-12-24,3,0.15,0.5,-2,,-9,70,63.5,62,54,-2.7,-6,-5.1,-7.5,52,18.25,28,4,81,33,102.89,102.42,102.27,101.65,100.72,100.26,100.12,99.51,24100,24100,24100,24100,3.4,2.3,2.2,1,17.5,0,0,0,0,0,0,0,2,07:49:00,1766580540,7.82,16:45:00,1766612700,16.75,8.93,1,1,0,0,-3,-2,,,,,,8,4.6,4.5,1,,,,
2025-12-23,3.9,1.76,1.95,0,,-3,97,90.3,83.5,70,1.3,0.3,-0.3,-1.9,34,14.58,19.5,5,58,30,102.29,101.6,101.74,101.18,100.13,99.46,99.58,99.04,24100,9462.5,12450,800,3.4,2.6,2.6,1.8,16.1,0,0,0,0,9.8,0,9.8,10,07:49:00,1766494140,7.82,16:45:00,1766526300,16.75,8.93,1,1,5,5,-3,-2,,,,,,8,5.7,4.5,1,,,,
2025-12-22,3.6,-1.18,-1.8,-7.2,,-12,94,69.3,71,48,0.4,-6.3,-5.7,-11.7,29,13.38,17,5,37,25,103.25,102.86,102.81,102.38,101.05,100.68,100.64,100.22,24100,22433.3,16100,8100,3.9,2.7,2.5,1,19.8,0,0,0,0,2.3,2.1,0.2,,07:48:00,1766407680,7.8,16:44:00,1766439840,16.73,8.93,,,2,2,0,1,,,,,,8,6.6,4.5,1,,,,
2025-12-21,3,-3.47,-1.14,-5.3,,-14,71,61.2,61,51,-5.6,-9.9,-9.6,-13.6,47,31.96,31.5,16,76,29,103.14,102.29,101.89,100.64,100.94,100.12,99.73,98.52,24100,23433.3,20100,16100,2.9,2.1,2,1,19.1,0,0,0,0,0,0,0,,07:48:00,1766321280,7.8,16:43:00,1766353380,16.72,8.92,1,1,-1,-1,-8,-7,,,,,,8,6.6,5.5,3,,,,
2025-12-20,4.3,-0.56,-0.14,-4.6,,-11,75,64.2,62,49,-3.1,-6.6,-6.3,-9.5,36,21.58,20.5,5,58,23,101.93,101.19,101.19,100.46,99.76,99.04,99.05,98.34,24100,24100,24100,24100,2.6,2.1,1.8,1,18.1,0,0,0,0,0,0,0,,07:47:00,1766234820,7.78,16:43:00,1766266980,16.72,8.93,1,1,2,2,-6,-6,,,,,,8,7.1,4.5,1,,,,
2025-12-19,9.4,0.18,2.2,-5,,-13,92,75.6,74.5,57,7.1,-3.7,-1.9,-10.8,54,32.25,35,16,76,28,101.62,99.86,100.2,98.78,99.46,97.77,98.1,96.73,24100,20029.2,14450,4800,2.6,2,1.8,1,15.8,0,0,0,0,3.8,3.8,0,,07:47:00,1766148420,7.78,16:43:00,1766180580,16.72,8.93,,,-1,0,-5,-5,,,,,,8,7.7,6.5,5,,,,
2025-12-18,9.1,4.58,4.59,0.1,,,96,75.7,78,60,5.1,0.5,1.1,-2.8,20,13.62,14.5,9,39,15,101.85,100.95,100.67,99.5,99.7,98.84,98.56,97.43,24100,20120.8,13250,2400,3.8,2.7,2.4,1,13.4,0,0,0,0,0,0,0,1,07:46:00,1766061960,7.77,16:42:00,1766094120,16.7,8.93,1,1,9,10,1,1,,,,,,8,6,4.5,1,,,,
2025-12-17,4.3,2.73,2.25,0.2,,,80,73.5,73,66,0.6,-1.5,-1.2,-3,38,22.83,21,4,59,28,102.01,101.12,101.21,100.41,99.86,98.99,99.08,98.3,24100,24100,24100,24100,3.4,2.6,2.6,1.9,15.8,0,0,0,0,0,0,0,3,07:45:00,1765975500,7.75,16:42:00,1766007720,16.7,8.95,1,1,5,5,-3,-3,,,,,,8,7.2,4.5,1,,,,
2025-12-16,2.2,-3.68,-2.44,-7.1,,-14,76,70.2,69.5,63,-2.2,-8.3,-7.2,-12.3,29,17.17,20.5,12,45,24,102.06,101.61,101.43,100.8,99.88,99.44,99.27,98.66,24100,22166.7,20100,16100,3.7,3.1,3.1,2.5,20.4,0,0,0,0,0,0,0,3,07:45:00,1765889100,7.75,16:42:00,1765921320,16.7,8.95,1,1,0,0,0,0,,,,,,8,7.5,7,6,,,,
2025-12-15,-4.3,-6.95,-8.8,-13.3,,-19,82,73.2,70,58,-8.3,-11.1,-11.9,-15.5,35,21.25,23,11,54,26,102.82,102.3,102.33,101.83,100.6,100.1,100.12,99.65,24100,20087.5,14450,4800,3.4,2.6,2.2,1,26.8,0,0,0,0,0.2,0,0.2,5,07:44:00,1765802640,7.73,16:41:00,1765834860,16.68,8.95,1,1,-5,-5,-12,-12,,,,,,8,7.4,4,0,,,,
2025-12-14,-7.2,-10.01,-9.85,-12.5,,-21,75,65.8,61,47,-13.9,-15.4,-15.4,-17,28,19.38,18,8,39,31,102.91,102.35,102.34,101.76,100.69,100.15,100.14,99.58,24100,24100,24100,24100,2.8,2.1,1.9,1,27.9,0,0,0,0,0,0,0,5,07:43:00,1765716180,7.72,16:41:00,1765748460,16.68,8.97,1,1,-8,-8,-15,-12,,,,,,8,1.6,4,0,,,,
2025-12-13,-1.4,-4.57,-5.55,-9.7,,-17,88,66,68.5,49,-4.6,-10.1,-9.2,-13.8,39,23.67,23.5,8,61,28,101.76,101.43,101.43,101.1,99.58,99.27,99.26,98.95,24100,20154.2,13650,3200,3.1,2.5,2,1,23.6,0,0,0,0,0,0,0,5,07:42:00,1765629720,7.7,16:41:00,1765662060,16.68,8.98,1,1,-3,-2,-11,-10,,,,,,8,7,4.5,1,,,,
2025-12-12,-0.8,-5.11,-6.45,-12.1,,-19,79,69.6,71,63,-6.3,-9.9,-11.3,-16.3,31,20.54,19,7,50,26,101.8,101.69,101.68,101.55,99.62,99.51,99.49,99.36,24100,24100,24100,24100,4,2.9,2.5,1,24.4,0,0,0,0,0,0,0,5,07:42:00,1765543320,7.7,16:41:00,1765575660,16.68,8.98,1,1,0,0,-5,-5,,,,,,8,3.8,4,0,,,,
2025-12-11,-5.6,-8.39,-8.94,-12.3,,-18,78,67.7,68.5,59,-11.4,-13.4,-13.6,-15.7,34,22.04,19.5,5,50,30,101.51,100.89,100.92,100.33,99.33,98.73,98.76,98.19,24100,24100,24100,24100,3.1,2.5,2,1,26.9,0,0,0,0,0,0,0,5,07:41:00,1765456860,7.68,16:41:00,1765489260,16.68,9,1,1,-4,-4,-10,-10,,,,,,7,2.2,3.5,0,,,,
2025-12-10,1.2,-0.71,-3,-7.2,,-14,97,88.7,83.5,70,0.3,-2.4,-5,-10.4,51,19.62,28,5,74,33,100.22,99.52,99.53,98.83,98.09,97.42,97.42,96.75,24100,8750,12450,800,3.1,2.4,2.5,1.8,21,0,0,0,0,9.8,0.2,10,5,07:40:00,1765370400,7.67,16:41:00,1765402860,16.68,9.02,,,2,2,-10,-9,,,,,,8,6.2,4.5,1,,,,
2025-12-09,0.6,-3.75,-4.35,-9.3,,-12,92,71,72.5,53,-1.4,-8.5,-9,-16.6,26,13.46,14.5,3,37,20,102.41,101.2,101.31,100.21,100.22,99.03,99.15,98.09,24100,18020.8,14450,4800,3.8,2.8,2.4,1,22.4,0,0,0,0,0.6,0.2,0.4,2,07:39:00,1765283940,7.65,16:41:00,1765316460,16.68,9.03,1,1,0,0,-1,0,,,,,,8,6.4,4.5,1,,,,
2025-12-08,-3.3,-7.88,-8,-12.7,,-20,71,56.4,58,45,-12.4,-15.2,-15.7,-18.9,26,12.96,16,6,39,36,103.02,102.78,102.75,102.49,100.81,100.58,100.55,100.29,24100,24100,24100,24100,3.9,2.8,2.5,1,26,0,0,0,0,0,0,0,,07:38:00,1765197480,7.63,16:41:00,1765230060,16.68,9.05,1,1,-5,-5,-10,-10,,,,,,8,3.5,4,0,,,,
2025-12-07,-0.5,-2.65,-4.3,-8.1,,-15,91,71.3,72,53,-3.4,-7.3,-9.2,-15.1,27,14.92,15.5,4,39,31,102.51,101.8,102.01,101.52,100.33,99.64,99.85,99.37,24100,20354.2,13650,3200,3.2,2.5,2.1,1,22.3,0,0,0,0,1.8,0,1.8,0,07:37:00,1765111020,7.62,16:41:00,1765143660,16.68,9.07,,,-1,0,-14,-14,,,,,,8,6.1,4.5,1,,,,
2025-12-06,1,-0.25,-0.35,-1.7,,-7,79,71.8,71.5,64,-4,-4.8,-5,-6.1,31,18.58,19.5,8,41,22,101.63,101.02,101.13,100.64,99.48,98.88,98.99,98.5,24100,20433.3,16900,9700,3.5,2.9,2.8,2,18.4,0,0,0,0,0.2,0,0.2,0,07:36:00,1765024560,7.6,16:41:00,1765057260,16.68,9.08,1,1,1,2,-5,-5,,,,,,8,7.9,7.5,7,,,,
2025-12-05,-0.5,-4.29,-6.2,-11.9,,-14,76,66.3,66.5,57,-5.2,-9.7,-10.6,-15.9,30,14.71,15,0,45,25,102.53,101.68,101.73,100.93,100.32,99.5,99.56,98.79,72400,26112.5,48250,24100,4.2,3.1,2.6,1,24.2,0,0,0,0,0,0,0,1,07:35:00,1764938100,7.58,16:41:00,1764970860,16.68,9.1,1,1,0,0,-3,-2,,,,,,8,6.4,6,4,,,,
2025-12-04,-1.4,-6.53,-6.7,-12,,-18,82,63.3,63.5,45,-4.2,-12.5,-10.8,-17.4,42,22.12,23,4,63,29,102.77,102.2,102.08,101.39,100.57,100.02,99.91,99.25,24100,23262.5,14050,4000,3.7,2.5,2.4,1,24.7,0,0,0,0,0.2,0,0.2,1,07:34:00,1764851640,7.57,16:41:00,1764884460,16.68,9.12,1,1,-5,-4,-10,-9,,,,,,8,3.6,4,0,,,,
2025-12-03,2,-2.35,-2.54,-7.1,,-11,86,79.7,75.5,65,-3.5,-5.5,-6,-8.6,30,19.17,18.5,7,52,25,101.55,101.42,101.39,101.24,99.39,99.27,99.24,99.09,24100,16020.8,13650,3200,4.1,3.3,3,2,20.5,0,0,0,0,0.8,0,0.8,1,07:33:00,1764765180,7.55,16:41:00,1764798060,16.68,9.13,1,1,2,2,-7,-7,,,,,,8,6.7,4,0,,,,
2025-12-02,0.1,-2.53,-3.45,-7,,-10,94,85.1,84,74,-3.2,-4.7,-5.8,-8.3,16,9.04,10,4,,,101.93,101.51,101.62,101.3,99.76,99.35,99.46,99.15,24100,17600,13250,2400,4,2.6,2.5,1,21.4,0,0,0,0,1.6,0,2,3,07:32:00,1764678720,7.53,16:42:00,1764711720,16.7,9.17,1,1,1,1,-8,-7,,,,,,8,4.6,4,0,,,,
2025-12-01,-1.9,-3.74,-4.55,-7.2,,-13,92,70.3,75,58,-4.2,-8.5,-8.2,-12.3,35,14.5,19.5,4,54,31,103.19,102.74,102.62,102.05,101,100.55,100.44,99.88,24100,22391.7,13650,3200,2.9,2.2,2,1,22.6,0,0,0,0,1.6,0,1.8,0,07:31:00,1764592260,7.52,16:42:00,1764625320,16.7,9.18,1,1,-1,-1,-5,-5,,,,,,8,5.2,4.5,1,,,,
2025-11-30,2.6,0.86,0.19,-2.2,,-9,96,83.5,83,70,1.2,-1.7,-2.2,-5.6,43,27.12,28.5,14,59,31,102.32,101.45,101.58,100.83,100.16,99.31,99.43,98.7,24100,15070.8,12650,1200,2.5,2,1.8,1,17.8,0,0,0,0,7.2,1.8,5.4,5,07:30:00,1764505800,7.5,16:42:00,1764538920,16.7,9.2,,,3,4,-4,-4,,,,,,8,7,6,4,,,,
2025-11-29,1.4,-1.03,-1.55,-4.5,,-10,84,69.4,69,54,-4.7,-6.1,-6.1,-7.5,24,14.33,14,4,37,14,103.25,102.9,102.85,102.45,101.06,100.72,100.67,100.29,24100,24100,24100,24100,3.2,2.5,2.1,1,19.6,0,0,0,0,0,0,0,0,07:29:00,1764419340,7.48,16:43:00,1764452580,16.72,9.23,1,1,2,2,-1,-1,,,,,,8,5.9,4,0,,,,
2025-11-28,3.1,-0.56,-0.09,-3.3,,-9,84,74,71.5,59,-1.9,-4.7,-4.3,-6.8,48,28.46,30.5,13,67,29,102.46,101.53,101.66,100.86,100.29,99.38,99.51,98.73,24100,23766.7,20100,16100,3,2.3,2,1,18.1,0,0,0,0,0,0,0,,07:27:00,1764332820,7.45,16:43:00,1764366180,16.72,9.27,1,1,0,2,-5,-4,,,,,,8,5,4.5,1,,,,
2025-11-27,3.4,0.76,1.2,-1,,-7,90,75.9,76,62,-1,-3.1,-2.8,-4.6,49,34.46,36,23,68,23,100.92,100.72,100.66,100.4,98.79,98.61,98.55,98.31,24100,18570.8,12650,1200,2.7,1.9,1.8,1,16.8,0,0,0,0,1.2,0,1.2,0,07:26:00,1764246360,7.43,16:44:00,1764279840,16.73,9.3,1,1,1,2,-2,-2,,,,,,8,6.9,6.5,5,,,,
2025-11-26,11.2,6.15,6.25,1.3,,,98,80,78.5,59,9.8,2.7,2.4,-5,42,22.33,21,0,65,24,100.57,100.38,100.31,100.05,98.49,98.29,98.24,97.98,24100,14979.2,12250,400,2.8,1.8,1.9,1,11.8,0,1.2,0,0,0.6,0.6,0,,07:25:00,1764159900,7.42,16:44:00,1764193440,16.73,9.32,1,1,11,11,1,1,,,,,,8,7.2,7,6,,,,
2025-11-25,9.8,6.82,7.25,4.7,,,98,85.2,75.5,53,7.2,4.4,3.9,0.6,15,7.29,9.5,4,,,101.81,101.24,101.22,100.64,99.69,99.13,99.12,98.55,24100,15925,12250,400,3.2,2.3,2.1,1,10.8,0,2.2,0.2,0,5.2,5.2,0,,07:24:00,1764073440,7.4,16:45:00,1764107100,16.75,9.35,2,2,10,10,7,7,,,,,,8,7,5.5,3,,,,
2025-11-24,8.5,4.45,3.85,-0.8,,-4,88,75,72.5,57,3.2,0.3,0.3,-2.6,21,11.5,10.5,0,,,102.41,102.15,102.14,101.86,100.26,100.01,100,99.73,24100,24100,24100,24100,2.8,2.1,1.9,1,14.2,0,0,0,0,0,0,0,,07:23:00,1763986980,7.38,16:45:00,1764020700,16.75,9.37,2,2,9,9,3,5,,,,,,7,4.5,4,1,,,,
2025-11-23,10.1,5.54,6.4,2.7,,,87,71.8,70,53,3.4,0.7,0.8,-1.9,39,21.21,22.5,6,59,31,101.88,101.34,101.44,101,99.76,99.22,99.33,98.89,24100,23366.7,20100,16100,2.9,1.9,2,1,11.6,0,1.4,0,0,0,0,0,,07:21:00,1763900460,7.35,16:46:00,1763934360,16.77,9.42,1,1,8,8,0,1,,,,,,8,6.8,5.5,3,,,,
2025-11-22,5.8,3.61,2.95,0.1,,,80,64.8,63.5,47,0.6,-2.6,-2.3,-5.2,23,12,14,5,37,32,101.73,101.56,101.51,101.29,99.59,99.43,99.39,99.19,24100,24100,24100,24100,7,2.3,4,1,15.1,0,0,0,0,0,0,0,,07:20:00,1763814000,7.33,16:47:00,1763848020,16.78,9.45,2,2,5,6,0,2,,,,,,8,6.9,6,4,,,,
2025-11-21,10.7,6.38,6.69,2.7,,,94,77.7,77.5,61,6,2.7,2.9,-0.2,31,16.71,19.5,8,46,28,101.53,101.33,101.37,101.21,99.42,99.23,99.26,99.11,24100,20362.5,15250,6400,5,2.6,3.1,1.3,11.3,0,1.7,0,0,0.2,0.2,0,,07:19:00,1763727540,7.32,16:47:00,1763761620,16.78,9.47,1,2,10,10,-1,0,,,,,,8,6.4,4.5,1,,,,
2025-11-20,6.5,2.67,2.2,-2.1,,-3,88,77.2,77,66,2.4,-0.9,-1.2,-4.9,15,6.92,7.5,0,,,102.41,102.11,102,101.58,100.25,99.97,99.86,99.46,24100,24100,24100,24100,5,2.7,3,1,15.8,0,0,0,0,0,0,0,,07:18:00,1763641080,7.3,16:48:00,1763675280,16.8,9.5,2,2,7,7,2,2,,,,,,8,5.2,4.5,1,,,,
2025-11-19,6,1.43,1.1,-3.8,,-7,79,66.1,61,43,-2,-4.4,-4.2,-6.4,17,5.67,8.5,0,,,102.53,102.37,102.29,102.05,100.37,100.21,100.14,99.9,24100,24100,24100,24100,3.5,2.6,2.2,1,16.9,0,0,0,0,0,0,0,,07:17:00,1763554620,7.28,16:49:00,1763588940,16.82,9.53,2,2,5,5,-2,-2,,,,,,8,4,4.5,1,,,,
2025-11-18,6.8,2.53,2.75,-1.3,,-3,81,64.2,63,45,-2.1,-3.8,-4.1,-6.1,19,10.25,12,5,,,102.14,101.98,101.97,101.8,99.98,99.84,99.82,99.66,24100,24100,24100,24100,3.3,2.5,2.1,1,15.2,0,0,0,0,0,0,0,,07:15:00,1763468100,7.25,16:50:00,1763502600,16.83,9.58,2,2,5,5,-2,-1,,,,,,8,6,5.5,3,,,,
2025-11-17,5,0.83,1.1,-2.8,,-8,80,60,60.5,41,-2.5,-6.3,-5.2,-7.9,36,21.75,23,10,55,32,101.84,101.25,101.19,100.55,99.7,99.11,99.07,98.44,24100,24100,24100,24100,2.6,2,1.8,1,16.9,0,0,0,0,0,0,0,,07:14:00,1763381640,7.23,16:51:00,1763416260,16.85,9.62,1,2,2,5,-3,-3,,,,,,7,4.5,4,1,,,,
2025-11-16,8.2,2.96,2.95,-2.3,,-7,78,60.5,60.5,43,4.6,-4.1,-1.9,-8.4,52,36.54,32,12,84,31,100.54,99.97,99.89,99.25,98.43,97.88,97.81,97.18,24100,24100,24100,24100,2.3,1.7,1.6,1,15.1,0,0,0,0,0.2,0,0.2,,07:13:00,1763295180,7.22,16:52:00,1763329920,16.87,9.65,1,1,4,4,-2,-1,,,,,,8,4.2,4.5,1,,,,
2025-11-15,11.3,5.09,6.5,1.7,,,97,85,86.5,76,7.8,2.8,3.1,-1.6,38,14.25,19,0,63,30,101.38,100.08,100.2,99.02,99.27,97.99,98.11,96.96,24100,18795.8,13050,2000,4,2,2.5,1,11.5,0,1.5,0,0,2.6,2.6,0,,07:11:00,1763208660,7.18,16:52:00,1763243520,16.87,9.68,2,2,11,11,2,2,,,,,,8,7,5,2,,,,
2025-11-14,8.9,4.44,4.65,0.4,,,86,75.7,73.5,61,2.3,0.4,0.4,-1.6,20,11.79,12.5,5,,,101.95,101.72,101.7,101.46,99.81,99.59,99.57,99.34,24100,24100,24100,24100,3.5,2.6,2.2,1,13.3,0,0,0,0,0,0,0,,07:10:00,1763122200,7.17,16:53:00,1763157180,16.88,9.72,2,2,8,8,1,1,,,,,,8,4.8,4,0,,,,
2025-11-13,6.8,4.08,3.6,0.4,,,88,74.9,76,64,2.2,0,0.1,-2,36,21.54,20.5,5,50,32,101.83,101.43,101.35,100.87,99.69,99.31,99.23,98.77,24100,23700,21700,19300,3,2.1,2,1,14.4,0,0,0,0,0,0,0,,07:09:00,1763035740,7.15,16:54:00,1763070840,16.9,9.75,2,2,7,8,1,1,,,,,,8,5.8,5,2,,,,
2025-11-12,7,3.85,4,1,,,85,78.9,78,71,3.2,0.5,0,-3.1,39,21.58,24,9,54,28,100.91,100.43,100.54,100.16,98.8,98.33,98.43,98.06,24100,22900,16900,9700,2.6,1.9,1.8,1,14,0,0,0,0,0.2,0.2,0,3,07:07:00,1762949220,7.12,16:55:00,1762984500,16.92,9.8,1,1,4,6,2,3,,,,,,8,7.5,7.5,7,,,,
2025-11-11,2.9,-0.24,-0.55,-4,,-10,91,78.6,74.5,58,-0.8,-3.6,-3.4,-5.9,37,17.29,22,7,50,30,100.96,100.87,100.76,100.57,98.81,98.73,98.63,98.46,24100,17050,13250,2400,2.9,2.2,2,1,18.6,0,0,0,0,1.4,0.2,1.2,8,07:06:00,1762862760,7.1,16:56:00,1762898160,16.93,9.83,1,2,3,4,0,1,,,,,,8,7,5,2,,,,
2025-11-10,-2.6,-3.66,-3.5,-4.4,,-12,86,78,77.5,69,-6,-7,-7.2,-8.3,30,22.75,24,18,41,35,101.51,101.32,101.26,101.01,99.35,99.16,99.11,98.86,24100,17466.7,13850,3600,2.4,1.9,1.7,1,21.5,0,0,0,0,1.2,0,1.6,5,07:05:00,1762776300,7.08,16:58:00,1762811880,16.97,9.88,1,1,-1,-1,-5,-2,,,,,,8,7.8,7.5,7,,,,
2025-11-09,1.7,-1.09,-1,-3.7,,-10,93,84.2,78.5,64,-1.2,-3.5,-3.8,-6.3,32,22.62,21.5,11,46,1,101.55,101.32,101.33,101.1,99.39,99.18,99.17,98.96,19300,7170.8,10150,1000,2.1,1.6,1.6,1,19,0,0,0,0,8,0,9.8,1,07:03:00,1762689780,7.05,16:59:00,1762725540,16.98,9.93,,,1,1,-5,-5,,,,,,8,7.4,6.5,5,,,,
2025-11-08,8.1,4.21,4.59,1.1,,,76,63.9,64,52,2.2,-2.1,-1.2,-4.7,37,17.88,24,11,45,28,101.43,101.03,100.81,100.18,99.3,98.92,98.7,98.1,24100,23900,21700,19300,2.3,1.7,1.6,1,13.4,0,0,0,0,0,0,0,,07:02:00,1762603320,7.03,17:00:00,1762639200,17,9.97,2,2,7,7,0,1,,,,,,8,5.6,4.5,1,,,,
2025-11-07,10.9,8.18,7.3,3.7,,,90,78.4,76.5,63,8.7,4.6,4,-0.6,28,16.88,16,4,46,28,101.65,100.27,100.62,99.6,99.53,98.19,98.53,97.53,24100,22900,18500,12900,3.2,2.4,2.1,1,10.7,0,2.3,0.3,0,3.3,3.3,0,,07:01:00,1762516860,7.02,17:01:00,1762552860,17.02,10,1,1,11,11,4,4,,,,,,8,7.2,5.5,3,,,,
2025-11-06,6.9,4.11,3.6,0.3,,,85,68.6,65.5,46,0.5,-1.3,-1.9,-4.2,29,13.79,14.5,0,35,31,102.21,101.94,101.83,101.46,100.07,99.81,99.72,99.36,24100,24100,24100,24100,3.2,2,2.1,1,14.4,0,0,0,0,0,0,0,,07:00:00,1762430400,7,17:02:00,1762466520,17.03,10.03,2,2,8,8,3,3,,,,,,8,4.1,4,0,,,,
2025-11-05,12.7,8.85,8.5,4.3,,,85,70.1,71,57,8.4,3.7,4.2,0,43,23.58,21.5,0,61,30,101.83,100.91,100.99,100.14,99.73,98.82,98.9,98.07,24100,23900,21700,19300,3.3,2.4,2.1,1,9.5,0,3.5,1.5,0,0,0,0,,06:58:00,1762343880,6.97,17:03:00,1762380180,17.05,10.08,1,1,13,13,3,3,,,,,,8,6.4,4,0,,,,
2025-11-04,14.1,7.93,7.9,1.7,,,83,60.3,58,33,3.1,0.2,0.3,-2.5,38,18.29,20.5,3,58,27,102.07,101.91,101.88,101.68,99.94,99.79,99.75,99.56,24100,24100,24100,24100,3.3,2.3,2.1,1,10.1,0,2.9,0.9,0,0,0,0,,06:57:00,1762257420,6.95,17:05:00,1762293900,17.08,10.13,3,3,13,13,6,8,,,,,,8,2.8,4,0,,,,
2025-11-03,11,7.87,7,3,,,88,72.1,71.5,55,5.7,3,2.3,-1.1,38,21.75,22.5,7,67,26,101.91,101.36,101.43,100.94,99.8,99.26,99.32,98.84,24100,22633.3,16900,9700,3,2.2,2.3,1.6,11,0,2,0,0,0.7,0.7,0,,06:56:00,1762170960,6.93,17:06:00,1762207560,17.1,10.17,1,2,11,11,4,5,,,,,,8,4.8,4.5,1,,,,
2025-11-02,10.2,5.5,4.55,-1.1,,-3,89,75,72.5,56,4.8,1.3,0.8,-3.2,14,7.08,7,0,,,102.61,102.29,102.28,101.94,100.46,100.15,100.14,99.83,24100,24100,24100,24100,6,2.1,3.5,1,13.4,0,0,0,0,0,0,0,,06:54:00,1762084440,6.9,17:07:00,1762121220,17.12,10.22,3,3,10,11,5,6,,,,,,8,2.6,4,0,,,,
2025-11-01,9.9,6.03,5.45,1,,,84,71,68.5,53,2.1,1,0.8,-0.4,21,13.38,12,3,32,27,102.16,101.54,101.51,100.86,100.02,99.42,99.39,98.76,24100,24100,24100,24100,2.1,1.7,1.6,1,12.6,0,0.4,0,0,0,0,0,,07:53:00,1761997980,7.88,18:09:00,1762034940,18.15,10.27,2,2,9,9,0,2,,,,,,7,4.9,3.5,0,,,,
2025-10-31,9,6.4,6.15,3.3,,,90,76.1,72.5,55,4.3,2.4,1.8,-0.8,54,30.5,36,18,72,30,100.81,100.02,100.24,99.66,98.71,97.93,98.14,97.58,24100,20300,16900,9700,2.3,1.6,1.6,1,11.8,0,1.1,0,0,1.5,1.5,0,,07:52:00,1761911520,7.87,18:10:00,1761948600,18.17,10.3,2,2,11,11,2,3,,,,,,8,6.4,4.5,1,,,,
2025-10-30,8.8,7.35,6.95,5.1,,,93,84.4,82.5,72,6.7,4.8,4.8,2.8,31,20.62,21.5,12,45,2,101.67,100.72,100.75,99.84,99.57,98.63,98.67,97.76,24100,16062.5,14050,4000,2.3,1.6,1.6,1,11.1,0,2,0,0,12.3,12.3,0,,07:50:00,1761825000,7.83,18:11:00,1761862260,18.18,10.35,1,1,9,9,4,5,,,,,,8,7.4,6.5,5,,,,
2025-10-29,11.8,7.19,7.05,2.3,,,85,72.5,74,63,4.9,2.5,2.1,-0.6,22,12.83,13.5,5,28,7,102.53,102.17,102.15,101.77,100.39,100.04,100.03,99.66,24100,24100,24100,24100,2.3,1.8,1.6,1,10.9,0,2,0,0,0,0,0,,07:49:00,1761738540,7.82,18:13:00,1761775980,18.22,10.4,3,3,12,12,5,6,,,,,,6,3.5,3,0,,,,
2025-10-28,10.4,7.22,7.15,3.9,,,84,74.5,72.5,61,4.9,2.9,2.5,0.2,24,13.38,15,6,37,6,103,102.82,102.78,102.56,100.85,100.68,100.63,100.42,24100,24100,24100,24100,2.4,1.7,1.7,1,10.8,0,2.1,0.2,0,0,0,0,,07:48:00,1761652080,7.8,18:14:00,1761689640,18.23,10.43,3,3,11,12,3,4,,,,,,7,3.5,4,1,,,,
2025-10-27,9.6,5.31,5.4,1.2,,,83,70.9,68.5,54,2.6,0.3,0.5,-1.6,18,10.92,12.5,7,,,103.16,103.04,103.03,102.89,101,100.88,100.87,100.74,24100,24100,24100,24100,2.5,1.9,1.8,1,12.6,0,0.4,0,0,0,0,0,,07:47:00,1761565620,7.78,18:16:00,1761603360,18.27,10.48,3,3,10,12,3,4,,,,,,7,3.7,3.5,0,,,,
2025-10-26,9.6,4.64,4.8,0,,,88,72.7,70.5,53,1.4,-0.1,0,-1.4,19,11.79,11,3,,,103.34,103.18,103.17,103.01,101.18,101.02,101.02,100.86,24100,24100,24100,24100,2.4,1.6,1.7,1,13.2,0,0,0,0,0,0,0,,07:45:00,1761479100,7.75,18:17:00,1761517020,18.28,10.53,3,3,9,9,2,3,,,,,,2,0.5,1,0,,,,
2025-10-25,11.8,7,7.1,2.4,,,92,76,74,56,5.3,2.8,3.5,1.7,20,12.38,10,0,,,103.03,102.86,102.81,102.59,100.88,100.72,100.66,100.45,24100,24100,24100,24100,2.4,1.7,1.7,1,10.9,0,2.1,0.1,0,0,0,0,,07:44:00,1761392640,7.73,18:19:00,1761430740,18.32,10.58,3,3,11,11,2,2,,,,,,8,4.4,4,0,,,,
2025-10-24,12.4,8.01,7.5,2.6,,,87,72.4,67,47,4.7,3.1,2.5,0.4,24,14.5,16.5,9,37,29,102.55,102.05,102.08,101.61,100.41,99.94,99.96,99.51,24100,23700,21700,19300,2.8,1.6,1.9,1,10.5,0,2.5,0.5,0,0,0,0,,07:43:00,1761306180,7.72,18:20:00,1761344400,18.33,10.62,2,3,12,12,3,3,,,,,,8,5.9,4,0,,,,
2025-10-23,13.4,8.52,9.44,5.5,,,88,78.7,75,62,6.5,5,5,3.6,23,18.04,17,11,48,27,101.61,101.02,101.01,100.42,99.51,98.93,98.92,98.34,24100,24100,24100,24100,4,1.7,2.5,1,8.6,0,4.4,2.4,0,0.5,0.5,0,,07:41:00,1761219660,7.68,18:22:00,1761258120,18.37,10.68,3,3,12,12,4,4,,,,,,8,6.2,5,2,,,,
2025-10-22,11.4,8,8.5,5.6,,,92,84,78,64,6.7,5.4,5.5,4.3,20,14.5,14.5,9,35,26,100.44,100.29,100.32,100.19,98.36,98.21,98.24,98.12,24100,23700,21700,19300,2.5,1.7,1.8,1,9.5,0,3.5,1.5,0,0.7,0.7,0,,07:40:00,1761133200,7.67,18:23:00,1761171780,18.38,10.72,2,2,12,12,6,7,,,,,,8,5.5,4.5,1,,,,
2025-10-21,16.4,11.15,10.6,4.8,,,87,71.2,69,51,9.5,6,6.2,3,29,13.29,14.5,0,59,25,101.26,100.63,100.82,100.38,99.17,98.56,98.74,98.31,24100,24100,24100,24100,5,2.2,3,1,7.4,0,5.6,3.6,0.6,0.7,0.7,0,,07:39:00,1761046740,7.65,18:25:00,1761085500,18.42,10.77,1,3,14,15,7,7,,,,,,7,4.5,3.5,0,,,,
2025-10-20,16.1,11.99,11,5.9,,,91,69,67,43,11.9,6.1,7.2,2.4,41,24.42,22,3,52,31,101.4,100.92,100.74,100.09,99.3,98.85,98.68,98.05,24100,21229.2,15250,6400,2.6,1.6,1.8,1,7,0,6,4,1,2.2,2.2,0,,07:38:00,1760960280,7.63,18:26:00,1760999160,18.43,10.8,3,3,15,16,6,7,,,,,,8,4.9,4,0,,,,
2025-10-19,21.9,18.02,17.2,12.5,25,,97,77.6,79.5,62,15.5,13.9,14.2,12.9,26,17.25,15.5,5,55,25,100.62,99.96,100.01,99.4,98.57,97.93,97.97,97.38,24100,22762.5,15250,6400,3.1,2.5,2,1,0.8,0,12.2,10.2,7.2,7.4,7.4,0,,07:36:00,1760873760,7.6,18:28:00,1760912880,18.47,10.87,3,3,23,23,10,11,,,,,,8,7.3,5,2,,,,
2025-10-18,21.6,16.36,16.75,11.9,,,92,72.4,72.5,53,13,11.2,11.2,9.5,21,11.75,13.5,6,33,14,101.37,101,101.03,100.7,99.28,98.93,98.97,98.65,24100,24100,24100,24100,3.8,2.3,2.6,1.5,1.2,0,11.8,9.8,6.8,0,0,0,,07:35:00,1760787300,7.58,18:30:00,1760826600,18.5,10.92,4,4,20,20,16,17,,,,,,8,6.4,5,2,,,,
2025-10-17,12.5,9.43,8.85,5.2,,,94,72.2,72.5,51,10.1,4.6,5.8,1.4,20,8.25,10,0,,,102.03,101.79,101.72,101.42,99.92,99.69,99.62,99.33,24100,23766.7,20100,16100,3.4,2.4,2.2,1,9.2,0,3.8,1.8,0,4.9,4.9,0,,07:34:00,1760700840,7.57,18:31:00,1760740260,18.52,10.95,3,3,13,14,10,10,,,,,,8,6.5,4,0,,,,
2025-10-16,15.1,9.38,9.35,3.6,,,77,56.2,55,33,3,0.5,0,-3.1,23,15,14,5,33,36,102.4,102.2,102.21,102.01,100.28,100.09,100.09,99.9,24100,24100,24100,24100,2.8,2,1.9,1,8.7,0,4.3,2.4,0,0,0,0,,07:33:00,1760614380,7.55,18:33:00,1760653980,18.55,11,4,4,15,16,3,3,,,,,,2,0.3,1,0,,,,
2025-10-15,13.9,11.03,9.65,5.4,,,75,59.3,57.5,40,7.6,3.2,4,0.3,23,17.08,16.5,10,39,35,102.41,102.26,102.25,102.09,100.3,100.16,100.14,99.99,24100,24100,24100,24100,2.2,1.6,1.6,1,8.3,0,4.7,2.6,0,0,0,0,,07:31:00,1760527860,7.52,18:35:00,1760567700,18.58,11.07,4,4,14,14,4,4,,,,,,8,4.6,4,0,,,,
2025-10-14,21.9,14.5,14.75,7.6,,,89,74.1,70,51,13.3,9.7,9.9,6.6,26,12.54,13,0,37,34,102.42,102.27,102.29,102.17,100.32,100.17,100.2,100.08,24100,24100,24100,24100,3.5,2.3,2.4,1.2,3.2,0,9.8,7.8,4.8,0,0,0,,07:30:00,1760441400,7.5,18:36:00,1760481360,18.6,11.1,4,4,21,22,7,7,,,,,,7,3,3.5,0,,,,
2025-10-13,18.1,13.82,13.5,8.9,,,87,74.8,74,61,11.9,9.4,9.2,6.5,19,9.71,11.5,4,27,9,102.25,102.12,102.13,102.01,100.15,100.03,100.03,99.92,24100,24100,24100,24100,5,2.1,3,1,4.5,0,8.5,6.5,3.5,0,0,0,,07:29:00,1760354940,7.48,18:38:00,1760395080,18.63,11.15,3,3,17,17,8,8,,,,,,8,4.3,4,0,,,,
2025-10-12,18.4,13.8,13.7,9,,,90,79.3,78.5,67,13.2,10.2,10.5,7.8,23,13.62,15,7,37,11,102.16,102.07,102.09,102.01,100.06,99.98,99.99,99.92,24100,23900,21700,19300,3,2,2.2,1.4,4.3,0,8.7,6.7,3.7,0,0,0,,07:28:00,1760268480,7.47,18:40:00,1760308800,18.67,11.2,3,3,18,18,8,9,,,,,,7,3.1,3.5,0,,,,
2025-10-11,18.3,13.91,14.7,11.1,,,93,77.7,70.5,48,11.8,9.9,9.2,6.6,19,9.42,9.5,0,33,9,102.16,101.88,101.91,101.65,100.07,99.8,99.82,99.57,24100,23900,21700,19300,3.1,2.3,2,1,3.3,0,9.7,7.7,4.7,0,0,0,,07:27:00,1760182020,7.45,18:41:00,1760222460,18.68,11.23,3,3,15,18,10,10,,,,,,8,6,4,0,,,,
2025-10-10,17.5,11.4,10.25,3,,,87,63.9,66.5,46,10.2,4.5,5.2,0.2,26,11.21,14.5,3,39,17,103.12,102.49,102.53,101.95,100.98,100.37,100.42,99.86,24100,23233.3,20100,16100,9,2.4,5,1,7.8,0,5.2,3.2,0.2,3.3,3.3,0,,07:25:00,1760095500,7.42,18:43:00,1760136180,18.72,11.3,4,4,18,18,11,12,,,,,,8,4.7,4,0,,,,
2025-10-09,12.9,8.3,8.3,3.7,,,76,57,56.5,37,1.8,-0.1,-0.5,-2.8,17,10.5,11,5,,,103.59,103.34,103.36,103.13,101.44,101.19,101.22,100.99,24100,24100,24100,24100,2.3,1.6,1.6,1,9.7,0,3.3,1.3,0,0,0,0,,07:24:00,1760009040,7.4,18:45:00,1760049900,18.75,11.35,3,4,13,13,1,3,,,,,,2,0.4,1,0,,,,
2025-10-08,14.8,11.59,10.15,5.5,,,77,60.7,60,43,8.7,4,4.8,1,35,23.04,24.5,14,52,33,103.09,102.43,102.43,101.78,100.97,100.33,100.33,99.7,24100,24100,24100,24100,2.1,1.6,1.6,1,7.8,0,5.2,3.1,0.2,0,0,0,,07:23:00,1759922580,7.38,18:46:00,1759963560,18.77,11.38,4,4,16,16,3,3,,,,,,6,1.4,3,0,,,,
2025-10-07,21.8,18.1,17.3,12.8,26,,90,79,79.5,69,17.9,14.4,13.3,8.8,29,18.21,18.5,8,45,33,101.74,101.48,101.53,101.32,99.67,99.42,99.47,99.26,24100,23900,21700,19300,2.8,1.8,1.9,1,0.7,0,12.3,10.3,7.3,0.9,0.9,0,,07:22:00,1759836120,7.37,18:48:00,1759877280,18.8,11.43,2,2,21,21,8,10,,,,,,8,6.9,5,2,,,,
2025-10-06,28.1,21.9,21.65,15.2,32,,81,61.3,62,43,16.5,13.9,14.3,12.1,26,12.25,13,0,41,24,102.16,101.97,101.95,101.73,100.09,99.91,99.88,99.67,24100,24100,24100,24100,4.3,3,3.1,2,0,3.6,16.6,14.7,11.7,0,0,0,,07:21:00,1759749660,7.35,18:50:00,1759791000,18.83,11.48,5,5,28,28,18,18,,,,,,7,2.3,3.5,0,,,,
2025-10-05,27.2,21.42,21.15,15.1,31,,94,66.8,68.5,43,17.1,14.5,14.4,11.7,18,8.12,9,0,32,16,102.36,102.19,102.21,102.05,100.29,100.12,100.14,99.98,24100,23700,21700,19300,8,3.7,5,2,0,3.1,16.1,14.2,11.2,0,0,0,,07:19:00,1759663140,7.32,18:52:00,1759704720,18.87,11.55,5,5,27,27,15,16,,,,,,1,0.3,0.5,0,,,,
2025-10-04,26.9,21.22,21,15.1,30,,72,56,56.5,41,14.6,12,12.3,10,18,8,9,0,,,102.29,102.16,102.17,102.05,100.21,100.08,100.1,99.98,24100,23700,21700,19300,5.3,3.9,3.6,2,0,3,16,14,11,0,0,0,,07:18:00,1759576680,7.3,18:54:00,1759618440,18.9,11.6,5,5,27,27,14,15,,,,,,2,0.5,1,0,,,,
2025-10-03,24.3,17.15,16.6,8.9,27,,91,70.6,69.5,48,14.3,11.5,11.1,7.9,15,7.58,7.5,0,,,102.61,102.38,102.39,102.17,100.51,100.29,100.3,100.08,24100,23500,21700,19300,5,3.2,3,1,1.4,0,11.6,9.6,6.6,0,0,0,,07:17:00,1759490220,7.28,18:55:00,1759532100,18.92,11.63,6,6,25,25,10,14,,,,,,2,0.2,1,0,,,,
2025-10-02,18.8,14.24,14.15,9.5,,,82,66,63.5,45,10.3,7.8,7.8,5.4,16,8.54,9.5,3,,,103.01,102.85,102.83,102.65,100.9,100.74,100.73,100.55,24100,24100,24100,24100,3.7,2.1,2.4,1,3.8,0,9.2,7.2,4.2,0,0,0,,07:16:00,1759403760,7.27,18:57:00,1759445820,18.95,11.68,6,6,19,19,10,11,,,,,,7,3.7,4,1,,,,
2025-10-01,17.5,13.61,12.8,8.1,,,73,59.2,58,43,8.9,5.7,5.2,1.6,15,10.21,9.5,4,,,102.87,102.73,102.69,102.52,100.76,100.62,100.6,100.43,24100,24100,24100,24100,2.9,1.9,2,1,5.2,0,7.8,5.8,2.8,0,0,0,,07:15:00,1759317300,7.25,18:59:00,1759359540,18.98,11.73,6,6,18,18,8,9,,,,,,6,1.6,3,0,,,,
2025-09-30,22.4,17.69,17.79,13.2,,,77,62.8,60,43,13.3,10.4,8.2,3.2,18,11.29,11.5,5,33,6,102.51,102.38,102.38,102.25,100.42,100.29,100.29,100.17,24100,24100,24100,24100,3.5,2.3,2.2,1,0.2,0,12.8,10.8,7.8,0,0,0,,07:14:00,1759230840,7.23,19:01:00,1759273260,19.02,11.78,,,22,22,8,8,,,,,,1,0.2,0.5,0,,,,
2025-09-29,25.5,18.53,18.14,10.8,25,,80,53,53.5,27,10.4,8.1,7.6,4.8,13,6.33,6.5,0,,,102.54,102.38,102.39,102.25,100.45,100.29,100.31,100.16,24100,24100,24100,24100,3.8,2.5,2.4,1,0,0.1,13.1,11.1,8.1,0,0,0,,07:12:00,1759144320,7.2,19:03:00,1759186980,19.05,11.85,5,5,24,24,11,13,,,,,,1,0.3,0.5,0,,,,
2025-09-28,24.4,19.61,18.89,13.4,25,,83,56.9,57.5,32,14.5,10.2,10,5.5,23,15.46,15,7,37,33,102.33,101.89,101.81,101.29,100.25,99.82,99.74,99.24,24100,24100,24100,24100,3.5,2.4,2.2,1,0,0.9,13.9,11.9,8.9,0,0,0,,07:11:00,1759057860,7.18,19:04:00,1759100640,19.07,11.88,5,5,24,24,10,11,,,,,,4,0.4,2,0,,,,
2025-09-27,25.8,20.2,20.65,15.5,30,,93,73.6,75,57,16.5,15.1,15.2,13.9,21,11.5,12,3,35,17,101.46,101.3,101.31,101.16,99.39,99.25,99.25,99.11,24100,23700,21700,19300,3.8,2.6,2.5,1.2,0,2.6,15.7,13.7,10.7,0,0,0,,07:10:00,1758971400,7.17,19:06:00,1759014360,19.1,11.93,5,5,24,24,16,17,,,,,,7,3.7,3.5,0,,,,
2025-09-26,24.8,19.52,19.39,14,27,,90,71.4,69.5,49,15.2,14,14.1,12.9,20,12.33,14.5,9,,,101.29,101.1,101.11,100.92,99.23,99.05,99.05,98.87,24100,24100,24100,24100,3.7,2.4,2.4,1,0,1.4,14.4,12.4,9.4,0,0,0,,07:09:00,1758884940,7.15,19:08:00,1758928080,19.13,11.98,6,6,24,24,15,16,,,,,,8,3.9,4.5,1,,,,
2025-09-25,21.6,19.01,19.1,16.6,27,,97,89.7,87.5,78,17.9,17.3,16.9,15.8,16,8.96,10,4,,,101.31,100.97,101.03,100.75,99.25,98.92,98.97,98.7,24100,16108.3,13250,2400,3.7,1.8,2.4,1,0,1.1,14.1,12.1,9.1,3.9,3.9,0,,07:08:00,1758798480,7.13,19:10:00,1758841800,19.17,12.03,4,4,22,23,14,14,,,,,,8,7.2,5.5,3,,,,
2025-09-24,22.1,19.65,20.1,18.1,27,,96,87.9,86,76,18.6,17.6,17.5,16.4,17,10.67,8.5,0,,,101.74,101.59,101.55,101.36,99.67,99.52,99.49,99.3,24100,16520.8,13650,3200,3.9,2.3,2.5,1,0,2.1,15.1,13.1,10.1,9.7,9.7,0,,07:07:00,1758712020,7.12,19:12:00,1758755520,19.2,12.08,4,4,21,21,18,18,,,,,,8,7.7,7.5,7,,,,
2025-09-23,25.8,20.94,21.95,18.1,31,,94,81.2,78.5,63,18.7,17.5,17.4,16,18,9.38,10.5,3,45,33,101.6,101.38,101.41,101.22,99.54,99.32,99.36,99.17,24100,20300,16100,8100,4.4,2.8,3.1,1.8,0,4,16.9,14.9,11.9,38.1,38.1,0,,07:06:00,1758625560,7.1,19:14:00,1758669240,19.23,12.13,4,5,23,24,17,17,,,,,,8,6.8,6.5,5,,,,
2025-09-22,24.1,20.05,20.85,17.6,31,,98,89.6,87.5,77,19.9,18.2,18.1,16.4,18,9.46,11.5,5,,,101.58,101.32,101.37,101.15,99.52,99.26,99.31,99.1,24100,15312.5,14050,4000,5,2.9,3,1,0,2.8,15.8,13.8,10.8,12.1,12.1,0,,07:04:00,1758539040,7.07,19:15:00,1758582900,19.25,12.18,2,4,24,24,17,17,,,,,,8,7.4,7,6,,,,
2025-09-21,24.9,18.39,18.14,11.4,28,,97,68.7,76,55,17.3,12.4,12.3,7.4,23,10.33,13.5,4,67,26,102.33,101.9,101.92,101.5,100.24,99.82,99.83,99.43,24100,22833.3,16900,9700,9,3.1,5,1,0,0.1,13.1,11.1,8.1,22.8,22.8,0,,07:03:00,1758452580,7.05,19:17:00,1758496620,19.28,12.23,6,6,24,25,18,18,,,,,,8,4.4,4.5,1,,,,
2025-09-20,18.7,14.92,14.6,10.5,,,74,53.6,50.5,27,10.8,5.3,4.3,-2.1,26,15.79,17,8,33,8,102.65,102.5,102.49,102.33,100.55,100.4,100.39,100.24,24100,24100,24100,24100,2.5,1.7,1.8,1,3.4,0,9.6,7.6,4.6,0,0,0,,07:02:00,1758366120,7.03,19:19:00,1758410340,19.32,12.28,6,6,19,19,11,11,,,,,,8,2.2,4,0,,,,
2025-09-19,21.6,17.43,17.1,12.6,,,86,68.9,64.5,43,14.1,11.5,11.1,8.1,18,11.96,11.5,5,,,102.3,102.03,102.03,101.75,100.21,99.95,99.95,99.69,24100,24100,24100,24100,2.7,1.6,1.8,1,0.9,0,12.1,10.1,7.1,0,0,0,,07:01:00,1758279660,7.02,19:21:00,1758324060,19.35,12.33,6,6,21,22,10,12,,,,,,8,2.9,4,0,,,,
2025-09-18,29.9,21.33,21.54,13.2,35,,86,64.3,64,42,17.2,13.9,14.2,11.3,28,13.33,15.5,3,41,34,101.72,101.59,101.57,101.41,99.66,99.53,99.51,99.36,24100,24100,24100,24100,5.2,3.1,3.2,1.3,0,3.5,16.5,14.5,11.5,0,0,0,,07:00:00,1758193200,7,19:23:00,1758237780,19.38,12.38,6,6,28,28,13,14,,,,,,8,2.8,4,0,,,,
2025-09-17,25.7,19.17,19.05,12.4,28,,96,68.5,70,44,17.6,12.9,13.8,10.1,16,7.46,8,0,,,102.12,101.9,101.9,101.68,100.05,99.83,99.83,99.61,24100,24100,24100,24100,5,2.9,3.4,1.7,0,1.1,14.1,12.1,9.1,0,0,0,,06:59:00,1758106740,6.98,19:25:00,1758151500,19.42,12.43,6,6,25,25,14,14,,,,,,4,1.6,2,0,,,,
2025-09-16,25.8,19.56,19.35,12.9,27,,81,59.2,59.5,38,12.1,11,11.1,10.1,17,8.92,8.5,0,32,11,102.54,102.38,102.34,102.14,100.46,100.3,100.26,100.07,24100,24100,24100,24100,5,2.5,3,1,0,1.4,14.3,12.3,9.3,0,0,0,,06:58:00,1758020280,6.97,19:26:00,1758065160,19.43,12.47,6,6,24,25,13,14,,,,,,2,0.8,1,0,,,,
2025-09-15,24.6,19.4,19.8,15,27,,88,65.9,64.5,41,15.4,12.6,12.4,9.4,16,9.71,10,4,,,102.62,102.47,102.43,102.24,100.54,100.39,100.36,100.17,24100,24100,24100,24100,4.5,2.1,2.8,1,0,1.8,14.8,12.8,9.8,0,0,0,,06:57:00,1757933820,6.95,19:28:00,1757978880,19.47,12.52,6,6,24,24,13,14,,,,,,7,2,3.5,0,,,,
2025-09-14,26.3,20.45,20.35,14.4,29,,83,66.3,67,51,15,13.8,13.7,12.4,17,9.38,8.5,0,,,102.2,101.95,101.99,101.78,100.13,99.88,99.92,99.71,24100,24100,24100,24100,5.9,3.1,3.5,1,0,2.4,15.3,13.3,10.3,0,0,0,,06:55:00,1757847300,6.92,19:30:00,1757892600,19.5,12.58,6,6,25,26,14,15,,,,,,6,2.2,3,0,,,,
2025-09-13,25.7,20.12,21.2,16.7,28,,81,67.7,65,49,14.7,13.8,13.8,12.9,21,9.12,10.5,0,33,28,102.11,101.91,101.91,101.71,100.04,99.84,99.85,99.65,24100,23300,21700,19300,6.9,3.3,4.5,2,0,3.2,16.2,14.2,11.2,0,0,0,,06:54:00,1757760840,6.9,19:32:00,1757806320,19.53,12.63,4,4,24,25,14,14,,,,,,8,6.3,5,2,,,,
2025-09-12,23,18.12,18.35,13.7,26,,90,73.2,74.5,59,14.3,13.2,12.3,10.4,16,9.21,9.5,3,,,102.5,102.33,102.32,102.14,100.41,100.25,100.24,100.07,24100,24100,24100,24100,5.5,2.3,3.2,1,0,0.4,13.3,11.3,8.3,0,0,0,,06:53:00,1757674380,6.88,19:34:00,1757720040,19.57,12.68,6,6,23,24,14,15,,,,,,7,3.3,3.5,0,,,,
2025-09-11,25.8,19.56,20,14.2,26,,84,57.1,59.5,35,14.1,10.3,11.2,8.3,20,12.04,10,0,,,102.35,102.23,102.23,102.11,100.27,100.16,100.15,100.04,24100,24100,24100,24100,5.4,3.4,3.6,1.8,0,2,15,13,10,0,0,0,,06:52:00,1757587920,6.87,19:36:00,1757633760,19.6,12.73,6,6,25,25,13,13,,,,,,7,2,3.5,0,,,,
2025-09-10,24.8,18.17,18.05,11.3,26,,88,65.4,61,34,14,11,10.7,7.3,15,7,7.5,0,,,102.34,102.2,102.19,102.04,100.25,100.12,100.11,99.96,24100,24100,24100,24100,4.9,2.9,3,1,0,0.1,13.1,11.1,8.1,0,0,0,,06:51:00,1757501460,6.85,19:37:00,1757547420,19.62,12.77,6,6,24,24,13,14,,,,,,8,4.4,4,0,,,,
2025-09-09,22.3,15.94,15.35,8.4,,,83,66.2,64,45,12.5,9.3,9.3,6.2,15,7.71,7.5,0,28,14,102.65,102.49,102.49,102.32,100.55,100.4,100.39,100.23,24100,24100,24100,24100,3.5,2.5,2.6,1.7,2.6,0,10.3,8.3,5.3,0,0,0,,06:50:00,1757415000,6.83,19:39:00,1757461140,19.65,12.82,6,6,22,22,12,12,,,,,,6,1.8,3,0,,,,
2025-09-08,19.6,14.04,13.4,7.2,,,87,64,62.5,38,8.3,6.9,6,3.8,20,10.08,12.5,5,,,102.73,102.6,102.56,102.38,100.63,100.49,100.45,100.28,24100,24100,24100,24100,2.4,1.6,1.7,1,4.6,0,8.4,6.4,3.4,0,0,0,,06:49:00,1757328540,6.82,19:41:00,1757374860,19.68,12.87,6,6,20,20,9,9,,,,,,7,1.6,3.5,0,,,,
2025-09-07,19.7,14.65,14.25,8.8,,,80,58.7,60,40,8.5,6.4,6.3,4.2,34,20.62,23,12,46,25,102.32,101.89,101.92,101.53,100.22,99.81,99.84,99.46,24100,24100,24100,24100,2.6,1.9,1.8,1,3.8,0,9.2,7.2,4.2,0,0,0,,06:48:00,1757242080,6.8,19:43:00,1757288580,19.72,12.92,6,6,19,19,8,9,,,,,,8,5.3,4,0,,,,
2025-09-06,20.1,15.25,15.25,10.4,,,75,57.7,58,41,8.7,6.8,7.2,5.7,28,16.08,17.5,7,42,24,101.59,101.41,101.39,101.2,99.51,99.33,99.33,99.14,24100,24100,24100,24100,3.2,2.1,2.1,1,2.8,0,10.2,8.2,5.2,0,0,0,,06:46:00,1757155560,6.77,19:45:00,1757202300,19.75,12.98,5,6,21,21,10,11,,,,,,8,6.1,4.5,1,,,,
2025-09-05,23.9,17.35,18,12.1,25,,78,61.5,58.5,39,13.2,9.6,9.1,4.9,44,22.42,22,0,67,24,101.2,100.73,100.79,100.38,99.13,98.67,98.73,98.33,24100,24100,24100,24100,3.8,2.3,2.4,1,0,0,13,11,8,0,0,0,,06:45:00,1757069100,6.75,19:46:00,1757115960,19.77,13.02,6,6,25,25,11,11,,,,,,7,4.2,4,1,,,,
2025-09-04,20.1,16.35,16.05,12,,,93,68,70,47,15,10.2,10.2,5.5,26,14.92,13,0,42,32,100.93,100.55,100.58,100.24,98.86,98.5,98.53,98.21,24100,22295.8,15250,6400,3.7,2,2.4,1,2,0,11.1,9.1,6,19.3,19.3,0,,06:44:00,1756982640,6.73,19:48:00,1757029680,19.8,13.07,3,3,19,19,10,12,,,,,,8,6.1,4.5,1,,,,
2025-09-03,27.5,20.51,20.55,13.6,29,,88,64.2,60,32,16.8,12.9,12.3,7.9,31,11.83,15.5,0,42,18,101.46,100.94,100.97,100.47,99.4,98.89,98.92,98.43,24100,24100,24100,24100,4.4,2.8,3,1.5,0,2.5,15.6,13.6,10.6,0,0,0,,06:43:00,1756896180,6.72,19:50:00,1756943400,19.83,13.12,6,6,26,26,16,16,,,,,,8,3.2,4,0,,,,
2025-09-02,25.2,19.56,19.14,13.1,28,,78,64.1,59,40,15.9,12.4,12.7,9.4,16,8.54,8,0,,,102.29,101.92,101.89,101.49,100.22,99.85,99.83,99.43,24100,24100,24100,24100,4,2.5,2.5,1,0,1.1,14.1,12.1,9.1,0,0,0,,06:42:00,1756809720,6.7,19:52:00,1756857120,19.87,13.17,6,6,25,25,13,14,,,,,,7,3.2,3.5,0,,,,
2025-09-01,24.3,18.97,17.75,11.2,25,,81,54.7,58.5,36,11.6,9.2,9.7,7.8,16,9.12,9.5,3,,,102.7,102.53,102.5,102.3,100.62,100.44,100.43,100.23,24100,24100,24100,24100,3.1,2.1,2,1,0.2,0,12.8,10.8,7.8,0,0,0,,06:41:00,1756723260,6.68,19:53:00,1756770780,19.88,13.2,6,6,25,25,11,13,,,,,,3,0.8,1.5,0,,,,
2025-08-31,22.8,17.4,16.39,10,,,77,56.8,57.5,38,11.7,8.3,9.1,6.4,17,9,8.5,0,,,102.62,102.49,102.46,102.29,100.53,100.4,100.36,100.2,24100,24100,24100,24100,3,1.9,2,1,1.6,0,11.4,9.4,6.4,0,0,0,,06:40:00,1756636800,6.67,19:55:00,1756684500,19.92,13.25,6,6,23,23,12,12,,,,,,4,1.2,2,0,,,,
2025-08-30,22.2,15.99,15,7.8,,,82,57.4,58.5,35,9.5,7.1,7.5,5.4,22,13.46,13,4,35,31,102.24,102.04,102.04,101.85,100.16,99.95,99.96,99.76,24100,24100,24100,24100,2.9,1.8,2,1,3,0,10,8,5,0,0,0,,06:39:00,1756550340,6.65,19:57:00,1756598220,19.95,13.3,7,7,22,22,9,11,,,,,,7,3.4,3.5,0,,,,
2025-08-29,18.1,13.52,13.55,9,,,87,62.8,64.5,42,8.5,6.1,6,3.6,29,19.83,19.5,10,41,31,101.94,101.85,101.82,101.69,99.85,99.76,99.73,99.61,24100,24100,24100,24100,2.4,1.5,1.7,1,4.5,0,8.6,6.5,3.5,0,0,0,,06:38:00,1756463880,6.63,19:59:00,1756511940,19.98,13.35,6,6,20,20,10,10,,,,,,8,2.9,4,0,,,,
2025-08-28,18.7,15.91,14.95,11.2,,,89,74.5,73.5,58,14.9,11.3,11.8,8.7,31,18.12,17.5,4,48,32,101.76,101.57,101.6,101.44,99.69,99.5,99.53,99.36,24100,22900,18500,12900,3.4,2.3,2.2,1,3,0,9.9,8,5,5.4,5.4,0,,06:36:00,1756377360,6.6,20:00:00,1756425600,20,13.4,3,4,21,21,9,11,,,,,,8,5.1,4,0,,,,
2025-08-27,23.5,17.07,17,10.5,,,83,56.2,58,33,10.3,7.5,6.7,3,29,15.21,19.5,10,39,26,102.09,101.93,101.93,101.77,100.01,99.85,99.86,99.7,24100,24100,24100,24100,3.3,2,2.1,1,1,0,12,10,7,0,0,0,,06:35:00,1756290900,6.58,20:02:00,1756339320,20.03,13.45,6,6,22,23,13,16,,,,,,6,3.2,3,0,,,,
2025-08-26,21.5,15.81,16.25,11,,,89,70,69.5,50,11.9,10.2,10.2,8.6,32,20.12,20.5,9,50,28,101.95,101.68,101.7,101.45,99.87,99.6,99.62,99.38,24100,24100,24100,24100,2.2,1.6,1.6,1,1.8,0,11.2,9.2,6.2,1.9,1.9,0,,06:34:00,1756204440,6.57,20:04:00,1756253040,20.07,13.5,5,6,21,22,11,11,,,,,,8,5,4.5,1,,,,
2025-08-25,21.2,16.96,17.05,12.9,,,89,67.8,64,39,13.5,10.6,9.6,5.7,37,20.12,22.5,8,54,28,101.45,101.12,101.16,100.87,99.38,99.05,99.1,98.82,24100,24100,24100,24100,1.9,1.6,1.6,1.2,0.9,0,12.1,10.1,7,0,0,0,,06:33:00,1756117980,6.55,20:05:00,1756166700,20.08,13.53,2,6,22,22,12,12,,,,,,7,4.5,3.5,0,,,,
2025-08-24,25.6,20.32,20.25,14.9,28,,90,67.6,65,40,15.9,13.7,12.4,9,27,13.42,13.5,0,50,28,101.06,100.93,100.93,100.8,99.01,98.89,98.89,98.76,24100,23766.7,20100,16100,3,1.9,2.2,1.4,0,2.2,15.2,13.2,10.2,1.5,1.5,0,,06:32:00,1756031520,6.53,20:07:00,1756080420,20.12,13.58,6,6,25,25,14,15,,,,,,8,5.2,4.5,1,,,,
2025-08-23,26.3,22.63,21.85,17.4,31,,87,68,71.5,56,19.2,16.4,16.4,13.5,27,15.79,16,5,41,23,101.5,101.14,101.19,100.88,99.45,99.1,99.14,98.84,24100,24100,24100,24100,3.1,2.4,2.5,1.9,0,3.8,16.9,14.8,11.8,0,0,0,,06:31:00,1755945060,6.52,20:09:00,1755994140,20.15,13.63,8,8,27,27,17,19,,,,,,8,6.3,5,2,,,,
2025-08-22,26.8,21.85,21.7,16.6,30,,84,63.2,63.5,43,16.8,14.2,14.6,12.4,17,9.38,8.5,0,,,101.9,101.73,101.73,101.56,99.83,99.66,99.67,99.51,24100,24100,24100,24100,3.5,2.4,2.2,1,0,3.7,16.7,14.7,11.7,0,0,0,,06:30:00,1755858600,6.5,20:10:00,1755907800,20.17,13.67,8,8,27,27,17,17,,,,,,5,2.1,2.5,0,,,,
2025-08-21,23.6,19.5,19.5,15.4,27,,87,73.8,71,55,16.1,14.6,14.7,13.3,20,13.33,12.5,5,30,4,101.93,101.83,101.83,101.72,99.86,99.76,99.76,99.65,24100,24100,24100,24100,3,1.8,2,1,0,1.5,14.5,12.5,9.5,0,0,0,,06:28:00,1755772080,6.47,20:12:00,1755821520,20.2,13.73,8,8,24,24,15,15,,,,,,8,3.4,4,0,,,,
2025-08-20,21.1,19.24,19.35,17.6,25,,97,84.4,84,71,18.7,16.5,16.6,14.6,24,16.54,17,10,32,6,101.9,101.59,101.59,101.28,99.83,99.53,99.53,99.22,24100,18925,14050,4000,3,1.8,2,1,0,1.4,14.3,12.3,9.3,0.3,0.3,0,,06:27:00,1755685620,6.45,20:14:00,1755735240,20.23,13.78,3,3,21,21,16,17,,,,,,8,7.8,7.5,7,,,,
2025-08-19,21.9,19.53,19.2,16.5,27,,96,75.8,78.5,61,19.1,15,14.9,10.8,19,11.25,11.5,4,35,10,102.2,101.77,101.81,101.41,100.12,99.71,99.74,99.35,24100,19983.3,13650,3200,3.7,2.1,2.6,1.5,0,1.2,14.2,12.2,9.2,15.4,15.4,0,,06:26:00,1755599160,6.43,20:15:00,1755648900,20.25,13.82,3,6,23,23,18,19,,,,,,8,7.6,7,6,,,,
2025-08-18,21.5,17.8,17.3,13.1,,,66,56.5,58,50,11.4,9.1,8.6,5.7,23,14.5,13.5,4,33,13,102.46,102.31,102.29,102.13,100.38,100.23,100.22,100.06,24100,24100,24100,24100,2.9,1.7,2,1,0.7,0,12.3,10.3,7.3,0,0,0,,06:25:00,1755512700,6.42,20:17:00,1755562620,20.28,13.87,8,8,23,23,15,17,,,,,,8,3.8,5,2,,,,
2025-08-17,27,22.16,21.95,16.9,33,,96,75.7,73,50,21,17.6,14.8,8.7,35,18.42,21,7,46,35,102.05,101.54,101.64,101.24,99.99,99.49,99.59,99.2,24100,22766.7,16100,8100,3.9,1.9,2.5,1,0,4,16.9,14.9,11.9,27.9,27.9,0,,06:24:00,1755426240,6.4,20:18:00,1755476280,20.3,13.9,6,6,25,25,12,12,,,,,,8,6.2,5,2,,,,
2025-08-16,31.1,25.54,25.3,19.5,36,,79,61.1,60,41,19.4,17.3,17.6,15.9,20,9.62,10,0,32,16,102.11,101.8,101.76,101.41,100.05,99.75,99.71,99.37,24100,23900,21700,19300,4.5,3.1,2.8,1,0,7.3,20.3,18.3,15.3,0,0,0,,06:23:00,1755339780,6.38,20:20:00,1755390000,20.33,13.95,8,8,31,32,20,20,,,,,,8,3.3,4,0,,,,
2025-08-15,29.4,24.49,24.5,19.6,33,,84,60,60.5,37,18.4,15.8,15.7,13,17,9.12,8.5,0,,,102.21,102.09,102.08,101.96,100.15,100.03,100.03,99.91,24100,24100,24100,24100,5,3,3.4,1.8,0,6.5,19.5,17.5,14.5,0,0,0,,06:22:00,1755253320,6.37,20:22:00,1755303720,20.37,14,8,8,29,29,19,21,,,,,,2,0.7,1,0,,,,
2025-08-14,27.6,23.43,23.05,18.5,32,,82,62.3,64,46,18.5,15.6,16.4,14.2,21,12.33,10.5,0,,,101.93,101.66,101.63,101.33,99.88,99.6,99.58,99.29,24100,21033.3,20100,16100,5,3.5,3,1,0,5,18.1,16.1,13.1,0,0,0,,06:21:00,1755166860,6.35,20:23:00,1755217380,20.38,14.03,8,8,28,29,18,20,,,,,,5,1.8,2.5,0,,,,
2025-08-13,30.9,24.7,25.4,19.9,36,,92,69.1,69.5,47,21.1,18.4,17.1,13.2,31,13.54,17,3,42,34,101.3,101.15,101.14,100.97,99.26,99.11,99.1,98.94,24100,23300,21700,19300,4,2.8,2.5,1,0,7.4,20.4,18.4,15.4,6.3,6.3,0,,06:20:00,1755080400,6.33,20:25:00,1755131100,20.42,14.08,7,7,30,30,17,19,,,,,,8,6,4,0,,,,
2025-08-12,34.7,27.01,28.45,22.2,42,,86,68.1,65.5,45,22.3,20.6,20.2,18.2,44,10.96,24,4,54,22,101.65,101.44,101.39,101.13,99.61,99.41,99.36,99.1,24100,23229.2,13650,3200,4.1,3,2.5,1,0,10.4,23.4,21.4,18.4,8,8,0,,06:18:00,1754993880,6.3,20:26:00,1755044760,20.43,14.13,,,32,33,22,24,,,,,,8,5.5,5,2,,,,
