date,max_temperature,avg_hourly_temperature,avg_temperature,min_temperature,max_humidex,min_windchill,max_relative_humidity,avg_hourly_relative_humidity,avg_relative_humidity,min_relative_humidity,max_dew_point,avg_hourly_dew_point,avg_dew_point,min_dew_point,max_wind_speed,avg_hourly_wind_speed,avg_wind_speed,min_wind_speed,max_wind_gust,wind_gust_dir_10s,max_pressure_sea,avg_hourly_pressure_sea,avg_pressure_sea,min_pressure_sea,max_pressure_station,avg_hourly_pressure_station,avg_pressure_station,min_pressure_station,max_visibility,avg_hourly_visibility,avg_visibility,min_visibility,max_health_index,avg_hourly_health_index,avg_health_index,min_health_index,heatdegdays,cooldegdays,growdegdays_5,growdegdays_7,growdegdays_10,precipitation,rain,snow,snow_on_ground,sunrise_hhmm,sunrise_unixtime,sunrise_f,sunset_hhmm,sunset_unixtime,sunset_f,daylight,min_uv_forecast,max_uv_forecast,min_high_temperature_forecast,max_high_temperature_forecast,min_low_temperature_forecast,max_low_temperature_forecast,solar_radiation,max_cloud_cover_4,avg_hourly_cloud_cover_4,avg_cloud_cover_4,min_cloud_cover_4,max_cloud_cover_8,avg_hourly_cloud_cover_8,avg_cloud_cover_8,min_cloud_cover_8,max_cloud_cover_10,avg_hourly_cloud_cover_10,avg_cloud_cover_10,min_cloud_cover_10
2026-08-11,21.3,16.45,16.14,11,,,95,75,76,57,12.4,11.8,11.4,10.5,19,8.04,9.5,0,33,12,102,101.85,101.85,101.69,101.77,101.62,101.61,101.46,48300,45616.7,40250,32200,1.9,1.5,1.4,1,1.9,0,11.1,9.1,6.1,0,0,0,,06:01:00,1786453260,6.02,20:35:00,1786505700,20.58,14.57,7,7,22,23,13,14,,,,,,6,2.3,3,0,,,,
2026-08-10,20.4,15.94,16.1,11.8,,,96,77.9,79.5,63,12.7,12,12,11.3,18,8.33,9,0,,,101.95,101.83,101.82,101.69,101.72,101.6,101.59,101.46,48300,46287.5,40250,32200,1.7,1.3,1.4,1,1.9,0,11.1,9.1,6.1,0,0,0,,06:00:00,1786366800,6,20:37:00,1786419420,20.62,14.62,7,7,22,22,12,12,,,,,,7,2.1,3.5,0,,,,
2026-08-09,23.2,17.26,17.64,12.1,,,86,68.4,68.5,51,12,11.1,10.8,9.7,15,7.29,7.5,0,,,101.86,101.73,101.72,101.59,101.63,101.5,101.49,101.36,48300,45616.7,40250,32200,2.1,1.7,1.6,1,0.4,0,12.6,10.6,7.6,0,0,0,,05:59:00,1786280340,5.98,20:38:00,1786333080,20.63,14.65,7,7,21,21,13,13,,,,,,7,3.5,3.5,0,,,,
2026-08-08,21.5,16.92,16.89,12.3,,,94,74,75,56,12.7,12.1,12,11.3,17,6.75,8.5,0,,,101.94,101.82,101.84,101.73,101.71,101.59,101.61,101.5,48300,46287.5,40250,32200,2.2,1.8,1.6,1,1.1,0,11.9,9.9,6.9,0,0,0,,05:57:00,1786193820,5.95,20:40:00,1786246800,20.67,14.72,6,6,23,23,13,13,,,,,,7,2.5,3.5,0,,,,
2026-08-07,23.2,17.38,17.5,11.8,25,,95,73.9,72.5,50,13.7,12.5,12.4,11.2,15,8.17,7.5,0,,,101.81,101.69,101.66,101.51,101.58,101.46,101.43,101.28,48300,48300,48300,48300,3.1,2.3,2.5,1.9,0.5,0,12.5,10.5,7.5,0,0,0,,05:56:00,1786107360,5.93,20:42:00,1786160520,20.7,14.77,7,7,23,24,13,14,,,,,,3,1,1.5,0,,,,
2026-08-06,26.1,18.92,19.05,12,28,,94,68,69.5,45,13.8,12.5,12.5,11.2,13,6.67,6.5,0,,,101.59,101.46,101.45,101.31,101.36,101.23,101.22,101.08,48300,37833.3,32200,16100,4.2,3.3,3.1,2,0,1.1,14.1,12.1,9.1,0,0,0,,05:55:00,1786020900,5.92,20:43:00,1786074180,20.72,14.8,7,7,25,25,14,14,,,,,,1,0.4,0.5,0,,,,
2026-08-05,26.5,19.18,18.89,11.3,28,,100,68.7,72,44,14,12.7,12.3,10.7,17,7.29,8.5,0,,,101.52,101.37,101.36,101.19,101.29,101.14,101.12,100.96,48300,33000,32200,16100,4.9,3,3.3,1.7,0,0.9,13.9,11.9,8.9,0,0,0,,05:53:00,1785934380,5.88,20:45:00,1785987900,20.75,14.87,8,8,25,25,13,13,,,,,,1,0.1,0.5,0,,,,
2026-08-04,24.1,18.7,18.35,12.6,26,,89,65.8,68,47,13.4,11.8,11.6,9.8,16,8.3,8,0,,,101.87,101.67,101.64,101.4,101.64,101.44,101.4,101.17,48300,40600,40250,32200,3.2,2.2,2.2,1.2,0,0.4,13.3,11.3,8.3,0,0,0,,05:52:00,1785847920,5.87,20:46:00,1785901560,20.77,14.9,7,7,26,27,13,13,,,,,,2,0.1,1,0,,,,
2026-08-03,25.2,17.16,17.75,10.3,26,,100,71.1,68.5,37,12.4,11.2,10.8,9.2,14,8.17,7,0,,,102.54,102.25,102.2,101.86,102.31,102.02,101.97,101.63,48300,43604.2,40250,32200,3.1,1.7,2,1,0.2,0,12.8,10.8,7.8,0,0,0,,05:51:00,1785761460,5.85,20:48:00,1785815280,20.8,14.95,7,7,24,24,12,13,,,,,,6,1.1,3,0,,,,
2026-08-02,20.8,16.56,16.14,11.5,,,88,66.5,68,48,11.5,10,10.1,8.7,14,9.08,7,0,,,102.4,102.29,102.29,102.18,102.17,102.06,102.06,101.95,48300,44945.8,40250,32200,1.6,1.5,1.3,1,1.9,0,11.1,9.1,6.1,0,0,0,,05:49:00,1785674940,5.82,20:49:00,1785728940,20.82,15,5,6,19,19,12,12,,,,,,7,3.6,3.5,0,,,,
2026-08-01,22.3,18.21,18.1,13.9,,,99,68.2,70,41,16.2,11.8,11.8,7.5,37,20.71,24,11,55,25,102.2,101.88,101.85,101.5,101.97,101.65,101.62,101.27,48300,45616.7,40250,32200,1.5,1.2,1.2,1,0,0.1,13.1,11.1,8.1,0,0,0,,05:48:00,1785588480,5.8,20:51:00,1785642660,20.85,15.05,7,7,20,20,12,12,,,,,,8,5.2,4.5,1,,,,
2026-07-31,23.9,18.55,17.5,11.1,25,,96,66,68.5,41,13.7,11.6,11.7,9.6,19,10.08,9.5,0,30,13,102.13,101.83,101.78,101.44,101.9,101.6,101.56,101.21,48300,48300,48300,48300,2.1,1.5,1.6,1,0.5,0,12.5,10.5,7.5,0,0,0,,05:47:00,1785502020,5.78,20:52:00,1785556320,20.87,15.08,7,7,23,23,14,14,,,,,,4,1.3,2,0,,,,
2026-07-30,21,16.9,16.8,12.6,,,84,66,68.5,53,11.6,10.4,10.2,8.9,21,10.25,10.5,0,32,12,101.97,101.8,101.76,101.54,101.74,101.57,101.52,101.31,48300,45616.7,40250,32200,2.1,1.7,1.6,1,1.2,0,11.8,9.8,6.8,0,0,0,,05:45:00,1785415500,5.75,20:54:00,1785470040,20.9,15.15,7,7,20,20,13,13,,,,,,6,2.6,3.5,1,,,,
2026-07-29,22.1,17.55,17.6,13.1,,,86,67.9,65.5,45,13,11.3,11.2,9.5,18,13.21,12.5,7,,,101.78,101.63,101.59,101.4,101.55,101.4,101.36,101.17,48300,46287.5,40250,32200,2,1.5,1.5,1,0.4,0,12.6,10.6,7.6,0,0,0,,05:44:00,1785329040,5.73,20:55:00,1785383700,20.92,15.18,6,7,21,23,11,13,,,,,,7,4.6,4.5,2,,,,
2026-07-28,23.9,17.94,18.6,13.3,,,100,71.2,69.5,39,15.5,11.7,11.9,8.4,21,15.46,13,5,46,24,101.77,101.6,101.57,101.37,101.54,101.37,101.34,101.14,48300,44275,40250,32200,1.7,1.3,1.4,1,0,0.6,13.6,11.6,8.6,0,0,0,,05:43:00,1785242580,5.72,20:56:00,1785297360,20.93,15.22,3,3,19,21,13,13,,,,,,8,5.5,5.5,3,,,,
2026-07-27,21.1,16.67,17.1,13.1,25,,100,88,84,68,16.1,14.6,14.7,13.3,19,9.04,9.5,0,,,101.83,101.7,101.66,101.49,101.6,101.47,101.43,101.26,48300,30516.7,26550,4800,1.8,1.4,1.4,1,0.9,0,12.1,10.1,7.1,0,0,0,,05:42:00,1785156120,5.7,20:58:00,1785211080,20.97,15.27,5,5,20,20,14,14,,,,,,8,7.4,7,6,,,,
2026-07-26,18.5,14.95,15.85,13.2,,,100,98.2,93.5,87,16.5,14.7,14.9,13.3,15,9.67,9.5,4,,,101.74,101.64,101.59,101.45,101.51,101.41,101.37,101.22,48300,40245.8,36200,24100,2.3,1.4,1.6,1,2.1,0,10.8,8.8,5.8,2.3,2.3,0,,05:40:00,1785069600,5.67,20:59:00,1785124740,20.98,15.32,2,2,17,17,13,13,,,,,,8,7.9,7.5,7,,,,
2026-07-25,20,17.25,16.8,13.6,,,96,76.7,78,60,14.4,13.1,13.1,11.8,26,11.46,13,0,37,13,101.51,101.31,101.26,101.02,101.28,101.08,101.03,100.79,48300,44945.8,40250,32200,2.3,1.7,1.6,1,1.2,0,11.8,9.8,6.8,0,0,0,,05:39:00,1784983140,5.65,21:00:00,1785038400,21,15.35,6,6,20,20,13,14,,,,,,8,5.7,4.5,1,,,,
2026-07-24,22.5,17.97,18.05,13.6,25,,100,80.7,80,60,15.7,14.4,14.2,12.7,16,9.29,8,0,,,101.54,101.31,101.26,100.98,101.31,101.08,101.03,100.75,48300,48300,48300,48300,1.7,1.4,1.4,1,0,0.1,13.1,11.1,8.1,0,0,0,,05:38:00,1784896680,5.63,21:01:00,1784952060,21.02,15.38,8,8,23,23,14,15,,,,,,6,2.6,3,0,,,,
2026-07-23,24.3,18.7,19.6,14.9,27,,100,77.3,77.5,55,16.9,14.5,15,13.1,28,11.58,14,0,39,12,101.56,101.46,101.41,101.27,101.33,101.23,101.19,101.04,48300,43604.2,40250,32200,3.7,2,2.4,1,0,1.6,14.6,12.6,9.6,1.1,1.1,0,,05:37:00,1784810220,5.62,21:02:00,1784865720,21.03,15.42,8,8,24,24,14,15,,,,,,8,5.8,5,2,,,,
2026-07-22,31.3,23.48,22.55,13.8,34,,95,59.3,65,35,16.5,14.2,14.9,13.3,12,6.88,6,0,32,8,101.43,101.24,101.22,101.01,101.2,101.01,100.99,100.78,48300,46287.5,40250,32200,6.1,3.6,4,2,0,4.5,17.6,15.6,12.6,0,0,0,,05:35:00,1784723700,5.58,21:04:00,1784779440,21.07,15.48,9,9,28,30,15,15,,,,,,8,4,4,0,,,,
2026-07-21,28.5,21.25,20.75,13,32,,96,65.9,68.5,41,15.5,13.9,14.2,12.8,13,7.08,6.5,0,,,101.51,101.38,101.36,101.21,101.28,101.15,101.13,100.98,48300,45616.7,40250,32200,3.8,2.8,2.8,1.8,0,2.8,15.8,13.8,10.8,0,0,0,,05:34:00,1784637240,5.57,21:05:00,1784693100,21.08,15.52,9,9,27,27,15,15,,,,,,5,1.8,2.5,0,,,,
2026-07-20,25.6,19.12,19.1,12.6,28,,100,71.8,75,50,14.2,13.4,13.1,11.9,14,8.67,8.5,3,,,101.65,101.5,101.5,101.35,101.42,101.27,101.27,101.12,48300,46287.5,40250,32200,3.4,2.1,2.2,1,0,1.1,14.1,12.1,9.1,0,0,0,,05:33:00,1784550780,5.55,21:06:00,1784606760,21.1,15.55,8,8,25,26,14,14,,,,,,8,5.8,4,0,,,,
2026-07-19,23.1,17.73,17.1,11.1,25,,100,73.2,74.5,49,13.9,12.4,12.5,11.1,14,7.96,7,0,,,102.08,101.91,101.86,101.64,101.85,101.67,101.63,101.41,48300,45616.7,40250,32200,2.5,1.9,1.8,1,0.9,0,12.1,10.1,7.1,0,0,0,,05:32:00,1784464320,5.53,21:07:00,1784520420,21.12,15.58,8,8,23,23,13,13,,,,,,6,2.5,3,0,,,,
2026-07-18,21.4,17.65,17.95,14.5,,,90,72.1,74.5,59,13.3,12.5,12.3,11.4,17,9.88,8.5,0,,,102.08,101.96,101.92,101.75,101.85,101.73,101.68,101.52,48300,46958.3,40250,32200,2.5,1.8,1.8,1,0.1,0,12.9,10.9,8,0,0,0,,05:31:00,1784377860,5.52,21:08:00,1784434080,21.13,15.62,7,7,21,21,12,13,,,,,,8,3.7,4.5,1,,,,
2026-07-17,19.4,15.3,15.64,11.9,,,100,85.9,83,66,14.2,12.8,13.1,12,26,12.25,13,0,39,14,101.73,101.61,101.6,101.47,101.5,101.38,101.37,101.24,48300,36162.5,26550,4800,2.3,1.7,1.6,1,2.4,0,10.6,8.6,5.6,0,0,0,,05:30:00,1784291400,5.5,21:09:00,1784347740,21.15,15.65,5,7,20,20,14,14,,,,,,8,6.2,5.5,3,,,,
2026-07-16,18.5,14.48,15.4,12.3,,,100,89.4,85,70,15.1,12.7,12.9,10.8,39,8.25,19.5,0,52,14,101.55,101.4,101.44,101.32,101.32,101.17,101.2,101.09,48300,36695.8,28200,8100,3.1,1.8,2,1,2.6,0,10.4,8.4,5.4,2.5,2.5,0,,05:29:00,1784204940,5.48,21:10:00,1784261400,21.17,15.68,5,7,20,20,14,14,,,,,,8,5.9,4,0,,,,
2026-07-15,26.4,18.25,18.75,11.1,26,,94,63.8,63.5,33,12.3,10.7,10.1,7.9,14,7.88,8.5,3,,,101.95,101.69,101.66,101.37,101.72,101.46,101.43,101.14,48300,46287.5,40250,32200,3.4,2.2,2.2,1,0,0.8,13.8,11.8,8.8,0,0,0,,05:28:00,1784118480,5.47,21:11:00,1784175060,21.18,15.72,7,7,25,25,14,14,,,,,,5,2.4,2.5,0,,,,
2026-07-14,25.9,18.5,19.29,12.7,26,,88,61.2,61,34,13.1,10.3,10.7,8.2,16,7.75,8,0,,,101.95,101.82,101.81,101.68,101.72,101.59,101.58,101.45,48300,45616.7,40250,32200,2.6,2,1.8,1,0,1.3,14.3,12.3,9.3,0,0,0,,05:27:00,1784032020,5.45,21:11:00,1784088660,21.18,15.73,8,8,24,24,13,13,,,,,,7,3.5,4,1,,,,
2026-07-13,23.3,17.06,16.25,9.2,,,95,64.5,66,37,11.9,9.8,9.7,7.5,17,8.79,8.5,0,,,102.07,101.92,101.89,101.71,101.84,101.69,101.66,101.48,48300,46958.3,40250,32200,1.9,1.4,1.5,1.1,1.8,0,11.2,9.2,6.2,0,0,0,,05:26:00,1783945560,5.43,21:12:00,1784002320,21.2,15.77,7,7,23,23,13,13,,,,,,8,3,4,0,,,,
2026-07-12,20.3,16.49,16.45,12.6,,,95,59,68,41,13.2,8.1,9.8,6.3,22,11.21,11,0,39,26,102.16,102,101.91,101.66,101.93,101.77,101.68,101.43,48300,45616.7,40250,32200,2.2,1.6,1.6,1,1.6,0,11.4,9.4,6.5,0,0,0,,05:25:00,1783859100,5.42,21:13:00,1783915980,21.22,15.8,7,7,20,20,11,12,,,,,,8,4.2,4,0,,,,
2026-07-11,20.4,16.42,16.25,12.1,,,85,61.2,65,45,12.9,8.8,9.9,6.9,27,13.67,16,5,41,13,101.61,101.47,101.39,101.16,101.38,101.24,101.15,100.93,48300,46287.5,40250,32200,2.2,1.7,1.6,1,1.8,0,11.2,9.2,6.2,0,0,0,,05:24:00,1783772640,5.4,21:14:00,1783829640,21.23,15.83,7,8,21,21,12,12,,,,,,8,6.5,5.5,3,,,,
2026-07-10,24.2,18.63,19.25,14.3,25,,92,66,64.5,37,14.1,11.7,11.1,8.1,26,11.75,15,4,45,23,101.44,101.27,101.3,101.16,101.21,101.04,101.07,100.93,48300,48300,48300,48300,1.9,1.4,1.4,1,0,1.2,14.2,12.2,9.2,0,0,0,,05:23:00,1783686180,5.38,21:14:00,1783743240,21.23,15.85,7,7,20,20,12,12,,,,,,8,6.7,5.5,3,,,,
2026-07-09,21.1,16.56,16.64,12.2,,,83,69.9,66.5,50,14.3,11,11.4,8.6,22,9.38,11,0,32,8,102.02,101.82,101.74,101.46,101.79,101.59,101.51,101.23,48300,45616.7,40250,32200,1.8,1.3,1.4,1,1.4,0,11.6,9.6,6.6,0,0,0,,05:22:00,1783599720,5.37,21:15:00,1783656900,21.25,15.88,7,7,20,20,13,13,,,,,,8,5.5,5,2,,,,
2026-07-08,21.8,17.54,17.7,13.6,,,91,70.4,66,41,15.1,11.9,11.2,7.3,20,12.96,11.5,3,28,11,102.23,102.06,102.04,101.85,102,101.83,101.81,101.62,48300,46958.3,40250,32200,2.1,1.5,1.6,1,0.3,0,12.7,10.7,7.7,0,0,0,,05:21:00,1783513260,5.35,21:16:00,1783570560,21.27,15.92,7,7,22,22,11,12,,,,,,8,5,4.5,1,,,,
2026-07-07,22.9,18.19,17.54,12.2,,,96,63.4,68,40,13.6,10.8,11.2,8.9,15,7.96,7.5,0,32,23,101.81,101.62,101.57,101.33,101.58,101.39,101.34,101.1,48300,46200,40250,32200,2.3,1.6,1.6,1,0.5,0,12.5,10.5,7.5,0,0,0,,05:20:00,1783426800,5.33,21:16:00,1783484160,21.27,15.93,8,8,24,24,13,13,,,,,,8,4.9,4.5,1,,,,
2026-07-06,26.1,18.33,18.45,10.8,27,,97,66.5,69.5,42,12.5,11.3,10.8,9.2,14,9.71,8.5,3,,,101.67,101.48,101.46,101.25,101.44,101.25,101.23,101.02,48300,46958.3,40250,32200,2.6,2,1.8,1,0,0.4,13.4,11.4,8.4,0,0,0,,05:19:00,1783340340,5.32,21:17:00,1783397820,21.28,15.97,7,7,23,23,11,11,,,,,,3,1.2,1.5,0,,,,
2026-07-05,23.1,16.91,16.39,9.7,,,100,68.6,73,46,11.9,10.6,10.7,9.4,15,8.25,7.5,0,,,102.2,101.99,101.93,101.66,101.97,101.76,101.7,101.43,48300,45616.7,40250,32200,2.9,1.7,2,1,1.6,0,11.4,9.4,6.4,0,0,0,,05:19:00,1783253940,5.32,21:17:00,1783311420,21.28,15.97,7,7,23,23,11,12,,,,,,7,2.7,3.5,0,,,,
2026-07-04,22.1,16.59,16.35,10.6,,,97,68.7,73,49,11.6,10.5,10.4,9.3,22,13.29,14.5,7,32,33,102.04,101.92,101.9,101.77,101.81,101.69,101.67,101.54,48300,46287.5,40250,32200,1.6,1.3,1.3,1,1.6,0,11.3,9.3,6.3,0,0,0,,05:18:00,1783167480,5.3,21:17:00,1783225020,21.28,15.98,8,8,21,21,11,11,,,,,,7,2.2,3.5,0,,,,
2026-07-03,19.9,16.01,15.8,11.7,,,100,84.3,81.5,63,15.3,13.2,13.6,11.9,18,8.46,9,0,33,26,101.95,101.82,101.83,101.71,101.72,101.59,101.6,101.48,48300,37020.8,25750,3200,1.8,1.4,1.4,1,2.2,0,10.8,8.8,5.8,0,0,0,,05:17:00,1783081020,5.28,21:18:00,1783138680,21.3,16.02,7,8,19,19,12,12,,,,,,8,6.8,5,2,,,,
2026-07-02,15.6,13.03,13.3,11,,,100,93.8,86,72,13.4,12,11.6,9.8,32,12.25,19.5,7,48,10,101.73,101.64,101.66,101.59,101.5,101.41,101.43,101.36,48300,22491.7,28200,8100,1.8,1.4,1.4,1,4.7,0,8.3,6.3,3.3,8.1,8.1,0,,05:17:00,1782994620,5.28,21:18:00,1783052280,21.3,16.02,3,3,15,15,13,13,,,,,,8,7.4,6.5,5,,,,
2026-07-01,17.8,14.36,14.8,11.8,,,100,81.4,82,64,12.2,11,11.2,10.1,25,9.58,12.5,0,37,14,101.75,101.68,101.69,101.62,101.52,101.45,101.45,101.39,48300,41591.7,40250,32200,1.9,1.6,1.4,1,3.2,0,9.8,7.8,4.8,0,0,0,,05:16:00,1782908160,5.27,21:18:00,1782965880,21.3,16.03,7,7,18,18,11,11,,,,,,8,6.4,5,2,,,,
2026-06-30,18.2,14.03,15.14,12.1,,,98,86.5,83.5,69,12.5,11.8,11.8,11,22,11.83,11,0,33,12,101.72,101.68,101.67,101.63,101.49,101.45,101.44,101.4,48300,40250,40250,32200,1.9,1.5,1.4,1,2.9,0,10.1,8.1,5.1,0,0,0,,05:15:00,1782821700,5.25,21:19:00,1782879540,21.32,16.07,6,7,19,19,11,12,,,,,,8,6.2,5,2,,,,
2026-06-29,19.5,15.35,16.14,12.8,,,97,82.2,79.5,62,12.9,12.2,12.2,11.5,21,11.04,10.5,0,39,25,101.73,101.65,101.64,101.56,101.5,101.42,101.42,101.33,48300,34545.8,36200,24100,1.9,1.5,1.4,1,1.9,0,11.1,9.1,6.1,0,0,0,,05:15:00,1782735300,5.25,21:19:00,1782793140,21.32,16.07,7,7,20,20,12,12,,,,,,8,6.5,5,2,,,,
2026-06-28,19.6,15.9,15.6,11.6,,,94,75.2,76.5,59,12.7,11.4,11.7,10.7,22,13.79,12.5,3,33,12,101.88,101.72,101.72,101.57,101.65,101.49,101.49,101.34,48300,44945.8,40250,32200,2.1,1.5,1.6,1,2.4,0,10.6,8.6,5.6,0,0,0,,05:14:00,1782648840,5.23,21:19:00,1782706740,21.32,16.08,7,7,20,20,12,12,,,,,,8,4.2,4.5,1,,,,
2026-06-27,20.2,16.05,16.14,12.1,,,85,62.6,63.5,42,10.6,8.6,8.6,6.6,21,11.54,10.5,0,32,24,101.54,101.25,101.21,100.87,101.31,101.02,100.97,100.64,48300,46287.5,40250,32200,1.8,1.6,1.4,1,1.9,0,11.1,9.1,6.1,0,0,0,,05:14:00,1782562440,5.23,21:19:00,1782620340,21.32,16.08,6,6,17,17,12,12,,,,,,8,4.2,4.5,1,,,,
2026-06-26,19.9,14.56,16,12.1,,,100,84.9,78.5,57,14.4,11.8,11.4,8.4,29,16.92,18,7,45,28,100.89,100.68,100.72,100.54,100.66,100.45,100.49,100.31,48300,40779.2,33800,19300,1.6,1.4,1.3,1,2,0,11,9,6,0.3,0.3,0,,05:13:00,1782475980,5.22,21:19:00,1782533940,21.32,16.1,5,5,18,19,11,11,,,,,,8,6.3,5.5,3,,,,
2026-06-25,21.2,15.58,17.25,13.3,,,100,77.1,72.5,45,14.3,11.4,9.9,5.5,23,9.88,11.5,0,33,13,101.14,100.98,100.92,100.69,100.91,100.75,100.69,100.46,48300,42862.5,33800,19300,1.9,1.5,1.4,1,0.8,0,12.2,10.2,7.2,1.7,1.7,0,,05:13:00,1782389580,5.22,21:19:00,1782447540,21.32,16.1,3,4,21,21,12,12,,,,,,8,6.5,4.5,1,,,,
2026-06-24,30,21.45,22.4,14.8,29,,89,49.3,51.5,14,13.8,8.7,5.3,-3.1,24,11.25,12,0,35,13,101.58,101.36,101.33,101.07,101.35,101.13,101.09,100.84,48300,46958.3,40250,32200,3,2.3,2,1,0,4.4,17.4,15.4,12.4,0,0,0,,05:13:00,1782303180,5.22,21:19:00,1782361140,21.32,16.1,7,7,24,26,12,13,,,,,,8,4,4.5,1,,,,
2026-06-23,29.3,22.46,21.7,14.1,30,,72,46.8,49,26,12.7,9.8,10.2,7.8,13,8.42,6.5,0,,,101.82,101.66,101.65,101.48,101.59,101.43,101.42,101.25,48300,45616.7,40250,32200,3.6,2.6,2.6,1.6,0,3.7,16.7,14.7,11.7,0,0,0,,05:12:00,1782216720,5.2,21:19:00,1782274740,21.32,16.12,7,7,28,28,12,14,,,,,,8,4.2,4,0,,,,
2026-06-22,30.9,20.65,21.29,11.7,30,,97,57.4,60,23,12.9,10.1,9.3,5.7,13,5.79,6.5,0,,,101.91,101.74,101.76,101.61,101.68,101.51,101.53,101.38,48300,46958.3,40250,32200,3.3,2.4,2.1,1,0,3.3,16.3,14.3,11.3,0,0,0,,05:12:00,1782130320,5.2,21:19:00,1782188340,21.32,16.12,7,7,29,29,14,14,,,,,,5,1.7,2.5,0,,,,
2026-06-21,24,16.67,17,10,26,,100,74.1,72.5,45,12.4,11.5,11.6,10.7,18,7.25,9,0,,,101.87,101.7,101.71,101.54,101.64,101.47,101.47,101.31,48300,46287.5,40250,32200,3.6,2.5,2.3,1,1,0,12,10,7,0,0,0,,05:12:00,1782043920,5.2,21:19:00,1782101940,21.32,16.12,7,7,22,22,13,13,,,,,,3,1.1,1.5,0,,,,
2026-06-20,19.4,14.79,14.8,10.2,,,100,79.1,78.5,57,12.1,10.9,10.9,9.8,23,14.54,11.5,0,39,15,101.6,101.41,101.34,101.08,101.37,101.18,101.11,100.85,48300,46958.3,40250,32200,3.3,2.4,2.6,2,3.2,0,9.8,7.8,4.8,0,0,0,,05:12:00,1781957520,5.2,21:18:00,1782015480,21.3,16.1,8,8,21,21,12,12,,,,,,1,0.6,0.5,0,,,,
2026-06-19,23.6,17.94,17.14,10.7,25,,99,65.4,71.5,44,12.1,10.8,10.8,9.6,17,9.33,8.5,0,33,24,101.3,101.15,101.12,100.95,101.07,100.92,100.89,100.72,48300,48300,48300,48300,3.5,2.6,2.6,1.7,0.9,0,12.1,10.1,7.1,0,0,0,,05:11:00,1781871060,5.18,21:18:00,1781929080,21.3,16.12,8,8,24,24,11,11,,,,,,2,0.6,1,0,,,,
2026-06-18,23.4,17.43,16.75,10.1,25,,100,66.9,72.5,45,12.4,10.5,10.5,8.6,16,7.71,8,0,,,101.92,101.68,101.61,101.29,101.69,101.45,101.38,101.06,48300,45616.7,40250,32200,3.9,2.5,2.5,1,1.2,0,11.8,9.8,6.8,0,0,0,,05:11:00,1781784660,5.18,21:18:00,1781842680,21.3,16.12,8,8,24,24,11,11,,,,,,2,1,1,0,,,,
2026-06-17,22.1,15.56,15.95,9.8,,,100,72.8,74,48,11.4,10.3,10.3,9.3,18,8.96,9,0,,,102.02,101.88,101.88,101.74,101.79,101.65,101.65,101.51,48300,46958.3,40250,32200,3.5,2.2,2.2,1,2,0,10.9,8.9,6,0,0,0,,05:11:00,1781698260,5.18,21:18:00,1781756280,21.3,16.12,9,9,22,22,11,11,,,,,,5,1.3,2.5,0,,,,
2026-06-16,24.2,19.39,18.8,13.4,25,,88,53.5,53,18,11.4,9.3,3.6,-4.1,36,13.54,19.5,3,46,25,101.71,101.6,101.6,101.49,101.48,101.37,101.37,101.26,48300,45616.7,40250,32200,2.4,1.7,1.7,1,0,0.8,13.8,11.8,8.8,0,0,0,,05:11:00,1781611860,5.18,21:17:00,1781669820,21.28,16.1,9,9,21,24,12,12,,,,,,5,1.5,2.5,0,,,,
2026-06-15,24.3,18.98,19.5,14.7,26,,90,60.1,53,16,14.6,10.2,4.9,-4.8,27,9.46,13.5,0,45,25,101.82,101.7,101.66,101.5,101.59,101.47,101.43,101.27,48300,46287.5,40250,32200,3.1,2.4,2,1,0,1.5,14.5,12.5,9.5,0,0,0,,05:11:00,1781525460,5.18,21:17:00,1781583420,21.28,16.1,8,9,26,26,14,14,,,,,,7,5.6,4,1,,,,
2026-06-14,30.2,22.12,21.45,12.7,31,,81,48.6,53,25,11.3,9.7,9.7,8,14,8.21,7,0,,,102.26,102.02,102,101.74,102.03,101.79,101.77,101.51,48300,46287.5,40250,32200,3.6,2.5,2.3,1,0,3.5,16.4,14.4,11.4,0,0,0,,05:11:00,1781439060,5.18,21:16:00,1781496960,21.27,16.08,8,8,27,29,14,14,,,,,,7,3.4,4,1,,,,
2026-06-13,27.1,19.3,18.75,10.4,28,,98,60.4,65.5,33,12.4,10.4,10.7,9,13,7.42,6.5,0,,,102.42,102.23,102.22,102.03,102.19,102,102,101.8,48300,46287.5,40250,32200,3.4,2.2,2.2,1,0,0.8,13.8,11.8,8.8,0,0,0,,05:11:00,1781352660,5.18,21:16:00,1781410560,21.27,16.08,8,8,25,25,12,13,,,,,,5,2.6,2.5,0,,,,
2026-06-12,22.2,16.4,15.39,8.6,,,95,67.3,69.5,44,11.7,9.8,10.3,8.9,18,8.12,9,0,,,102.2,102.11,102.08,101.97,101.97,101.88,101.86,101.74,48300,48300,48300,48300,3.4,2.1,2.2,1,2.6,0,10.4,8.4,5.4,0,0,0,,05:12:00,1781266320,5.2,21:15:00,1781324100,21.25,16.05,7,8,21,22,10,11,,,,,,5,2.4,2.5,0,,,,
2026-06-11,20.1,14.52,14.15,8.2,,,95,71.1,68,41,10.9,8.9,8.3,5.7,17,10.71,8.5,0,,,102.32,102.11,102.12,101.92,102.08,101.88,101.89,101.69,48300,45616.7,40250,32200,2.5,1.9,1.8,1,3.8,0,9.2,7.2,4.2,0,0,0,,05:12:00,1781179920,5.2,21:14:00,1781237640,21.23,16.03,8,8,18,18,10,10,,,,,,5,1.8,2.5,0,,,,
2026-06-10,18.3,13.63,13.6,8.9,,,96,69.2,71,46,10.4,7.8,8,5.5,18,11.79,12,6,41,25,102.37,102.17,102.08,101.78,102.13,101.94,101.84,101.55,48300,46287.5,40250,32200,2.4,1.9,2,1.6,4.4,0,8.6,6.6,3.6,0,0,0,,05:12:00,1781093520,5.2,21:14:00,1781151240,21.23,16.03,7,7,17,17,10,10,,,,,,8,4.6,4.5,1,,,,
2026-06-09,18.2,13.7,14.25,10.3,,,100,73.3,75.5,51,11.8,8.6,9,6.2,35,20.04,19.5,4,59,23,101.72,101.07,100.98,100.24,101.49,100.84,100.75,100.01,48300,41591.7,32200,16100,2,1.7,1.5,1,3.8,0,9.2,7.2,4.2,4.7,4.7,0,,05:12:00,1781007120,5.2,21:13:00,1781064780,21.22,16.02,6,6,16,17,9,10,,,,,,8,6.4,6,4,,,,
2026-06-08,13.6,11.87,12.1,10.6,,,100,91.7,89.5,79,12.1,10.5,10.2,8.3,19,9.88,9.5,0,30,5,101.17,100.58,100.68,100.19,100.94,100.35,100.45,99.96,48300,29241.7,30600,12900,2.1,1.6,1.6,1,5.9,0,7.1,5.1,2.1,12.3,12.3,0,,05:13:00,1780920780,5.22,21:12:00,1780978320,21.2,15.98,1,2,15,15,11,11,,,,,,8,7.8,7.5,7,,,,
2026-06-07,17.9,13.63,14.3,10.7,,,89,66.8,70,51,8.9,7.5,7.5,6.1,32,12.71,16,0,41,13,101.57,101.46,101.39,101.22,101.34,101.23,101.16,100.99,48300,44275,40250,32200,2.3,1.9,1.6,1,3.7,0,9.3,7.3,4.3,0,0,0,,05:13:00,1780834380,5.22,21:12:00,1780891920,21.2,15.98,7,7,16,17,10,10,,,,,,8,7,6.5,5,,,,
2026-06-06,16.2,11.96,12.45,8.7,,,92,73.7,72.5,53,9.5,7.3,7.5,5.5,18,8.88,9,0,32,14,101.46,101.32,101.33,101.2,101.23,101.09,101.1,100.97,48300,46958.3,40250,32200,2.2,2,1.6,1,5.5,0,7.5,5.5,2.5,2.9,2.9,0,,05:14:00,1780748040,5.23,21:11:00,1780805460,21.18,15.95,5,6,16,16,8,9,,,,,,8,6,5.5,3,,,,
2026-06-05,18.5,13.62,14.8,11.1,,,69,57.7,56,43,6.4,5.4,5.2,4.1,32,17.88,19.5,7,48,23,101.57,101.39,101.4,101.23,101.34,101.16,101.17,101,48300,48300,48300,48300,2.3,2.1,1.6,1,3.2,0,9.8,7.8,4.8,0,0,0,,05:14:00,1780661640,5.23,21:10:00,1780719000,21.17,15.93,4,5,16,16,8,8,,,,,,8,7,6.5,5,,,,
2026-06-04,20.4,15.3,15.25,10.1,,,89,54.5,61.5,34,9.5,5.5,6,2.4,25,14.92,12.5,0,42,26,102.14,101.95,101.89,101.64,101.91,101.72,101.66,101.41,48300,45616.7,40250,32200,2.5,2.1,1.8,1,2.8,0,10.2,8.2,5.2,0,0,0,,05:15:00,1780575300,5.25,21:09:00,1780632540,21.15,15.9,7,7,18,18,10,10,,,,,,8,5.1,5,2,,,,
2026-06-03,22.1,17.2,18,13.9,,,80,57.1,58.5,37,11.4,8.4,8.7,5.9,28,10.88,15.5,3,39,14,101.94,101.6,101.62,101.3,101.71,101.37,101.39,101.07,48300,45616.7,40250,32200,3.3,2.6,2.1,1,0,0,13,11,8,0,0,0,,05:15:00,1780488900,5.25,21:08:00,1780546080,21.13,15.88,6,6,22,22,11,11,,,,,,8,7.2,6.5,5,,,,
2026-06-02,26.4,20,18.85,11.3,25,,80,44.6,53.5,27,9.6,6.7,7.4,5.2,15,10.08,9,3,33,9,101.83,101.63,101.58,101.33,101.6,101.4,101.35,101.1,48300,45616.7,40250,32200,3.8,2.6,2.4,1,0,0.9,13.8,11.8,8.8,0,0,0,,05:16:00,1780402560,5.27,21:08:00,1780459680,21.13,15.87,7,7,25,25,11,11,,,,,,7,2.9,4,1,,,,
2026-06-01,25.7,16.71,16.7,7.7,,,92,55.4,57,22,8.7,6.3,5.7,2.7,13,7.25,6.5,0,,,102.41,102.14,102.12,101.82,102.17,101.91,101.88,101.59,48300,46958.3,40250,32200,3.4,2.6,2.2,1,1.3,0,11.7,9.7,6.7,0,0,0,,05:16:00,1780316160,5.27,21:07:00,1780373220,21.12,15.85,7,7,24,25,11,12,,,,,,6,2.8,3,0,,,,
2026-05-31,20.9,14.48,14.39,7.9,,,79,54.2,56,33,7.4,4.9,5.2,2.9,24,11.54,12,0,32,30,102.78,102.59,102.56,102.35,102.54,102.35,102.33,102.12,48300,45616.7,40250,32200,1.9,1.8,1.8,1.7,3.6,0,9.4,7.4,4.4,0,0,0,,05:17:00,1780229820,5.28,21:06:00,1780286760,21.1,15.82,6,6,20,20,10,10,,,,,,1,0.5,0.5,0,,,,
2026-05-30,18.7,13.88,14.2,9.7,,,62,46.3,44,26,4.6,2.2,1.4,-1.9,25,17.08,14,3,33,29,102.62,102.41,102.34,102.05,102.38,102.17,102.1,101.82,48300,46287.5,40250,32200,2.1,1.9,1.6,1,3.8,0,9.2,7.2,4.2,0,0,0,,05:18:00,1780143480,5.3,21:05:00,1780200300,21.08,15.78,6,6,16,17,7,7,,,,,,8,3.3,4,0,,,,
2026-05-29,20.6,15.1,15.9,11.2,,,79,49.2,49.5,20,8.9,3.6,2.2,-4.5,30,16.33,15,0,42,23,102.03,101.4,101.36,100.69,101.8,101.17,101.13,100.46,48300,48300,48300,48300,2.6,2.3,1.8,1,2.1,0,10.9,8.9,5.9,0,0,0,,05:19:00,1780057140,5.32,21:04:00,1780113840,21.07,15.75,6,6,17,17,9,9,,,,,,8,4.6,4.5,1,,,,
2026-05-28,23.4,17.04,16.79,10.2,25,,100,71,72,44,12.5,11.2,11.3,10.2,17,7.75,8.5,0,,,101.03,100.77,100.74,100.45,100.8,100.54,100.51,100.22,48300,45616.7,40250,32200,2.8,2.2,1.9,1,1.2,0,11.8,9.8,6.8,0,0,0,,05:19:00,1779970740,5.32,21:03:00,1780027380,21.05,15.73,6,7,22,23,11,12,,,,,,7,3.5,3.5,0,,,,
2026-05-27,24.1,16.18,16.14,8.2,25,,100,73.5,72.5,45,11.9,10.8,10.4,9,16,9,8,0,,,101.49,101.25,101.22,100.96,101.26,101.02,101,100.73,48300,46287.5,40250,32200,2.9,1.9,2,1,1.9,0,11.1,9.1,6.1,0,0,0,,05:20:00,1779884400,5.33,21:01:00,1779940860,21.02,15.68,6,6,23,23,11,12,,,,,,5,2.8,3,1,,,,
2026-05-26,18.1,12.9,13.6,9.1,,,100,86.7,82.5,65,12.7,10.6,10.9,9.1,17,8.29,8.5,0,,,101.46,101.32,101.22,100.98,101.23,101.09,100.99,100.75,48300,43604.2,40250,32200,2.2,1.9,1.6,1,4.4,0,8.6,6.6,3.6,0.5,0.5,0,,05:21:00,1779798060,5.35,21:00:00,1779854400,21,15.65,5,5,18,19,11,11,,,,,,8,7.2,6,4,,,,
2026-05-25,15.4,12.19,12.4,9.4,,,100,89.9,82.5,65,12.5,10.5,10.4,8.3,17,8.17,8.5,0,,,100.95,100.62,100.69,100.43,100.72,100.39,100.46,100.2,48300,36895.8,40250,32200,2.8,2,1.9,1,5.6,0,7.4,5.4,2.4,2,2,0,,05:22:00,1779711720,5.37,20:59:00,1779767940,20.98,15.62,2,2,15,15,10,10,,,,,,8,7.8,7,6,,,,
2026-05-24,18.3,13.78,13.65,9,,,79,64.8,63.5,48,9.9,7.2,7.5,5.2,27,14.12,15,3,35,16,101.61,101.3,101.14,100.68,101.38,101.07,100.91,100.45,48300,45616.7,40250,32200,3.1,2.4,2,1,4.3,0,8.7,6.7,3.6,0,0,0,,05:23:00,1779625380,5.38,20:58:00,1779681480,20.97,15.58,6,6,18,18,11,11,,,,,,8,5.8,5,2,,,,
2026-05-23,18.6,14.3,14,9.4,,,100,75.5,73.5,47,11.6,9.7,7.7,3.7,16,8.71,8,0,,,101.53,101.3,101.27,101.01,101.3,101.07,101.04,100.78,48300,46287.5,40250,32200,2.6,1.9,1.8,1,4,0,9,7,4,0,0,0,,05:24:00,1779539040,5.4,20:57:00,1779595020,20.95,15.55,7,7,18,19,10,11,,,,,,8,5.4,5,2,,,,
2026-05-22,22.1,15.72,15.25,8.4,,,100,75.7,75.5,51,12.3,11,10.8,9.4,15,7.21,7.5,0,,,101.52,101.31,101.26,101,101.29,101.08,101.03,100.77,48300,48300,48300,48300,2.4,1.9,1.7,1,2.8,0,10.2,8.2,5.2,0,0,0,,05:25:00,1779452700,5.42,20:56:00,1779508560,20.93,15.52,7,7,22,22,10,10,,,,,,6,3.8,3,0,,,,
2026-05-21,22.2,14.98,14.85,7.5,,,100,71.3,71.5,43,10.2,9.2,9.1,7.9,14,7.71,7,0,,,102.19,101.92,101.85,101.51,101.96,101.69,101.62,101.28,48300,45616.7,40250,32200,3.4,2.2,2.2,1,3.1,0,9.8,7.8,4.8,0,0,0,,05:26:00,1779366360,5.43,20:55:00,1779422100,20.92,15.48,7,7,21,21,10,11,,,,,,6,2,3,0,,,,
2026-05-20,20.4,14,13.89,7.4,,,100,74.3,75.5,51,9.9,9,8.8,7.7,15,7.83,7.5,0,,,102.42,102.25,102.22,102.03,102.18,102.02,101.99,101.8,48300,46287.5,40250,32200,3.2,2.5,2.1,1,4.1,0,8.9,6.9,3.9,0,0,0,,05:27:00,1779280020,5.45,20:53:00,1779335580,20.88,15.43,7,7,20,20,10,10,,,,,,7,3.2,3.5,0,,,,
2026-05-19,16.1,12.92,12.75,9.4,,,100,83.5,83.5,67,11.9,10.1,9.6,7.2,21,12.42,12,3,35,14,102.43,102.32,102.31,102.2,102.19,102.08,102.08,101.96,48300,44275,40250,32200,1.9,1.6,1.4,1,5.2,0,7.8,5.8,2.8,0,0,0,,05:28:00,1779193680,5.47,20:52:00,1779249120,20.87,15.4,7,7,16,16,10,10,,,,,,8,6.6,5.5,3,,,,
2026-05-18,19.5,14.29,13.45,7.4,,,86,58.8,64.5,43,8.7,6.2,5.8,2.9,21,11.62,13,5,,,102.35,102.29,102.29,102.23,102.11,102.06,102.05,101.99,48300,45616.7,40250,32200,2.4,1.9,1.7,1,4.5,0,8.4,6.5,3.5,0,0,0,,05:30:00,1779107400,5.5,20:51:00,1779162660,20.85,15.35,5,6,17,17,9,9,,,,,,8,6.6,5.5,3,,,,
2026-05-17,18,12.34,11.65,5.3,,,97,68.1,71.5,46,9.1,6.2,6.5,4,21,12.92,12.5,4,27,26,102.64,102.43,102.44,102.25,102.4,102.19,102.21,102.01,48300,45616.7,40250,32200,2.2,1.8,1.6,1,6.3,0,6.7,4.7,1.6,0,0,0,,05:31:00,1779021060,5.52,20:50:00,1779076200,20.83,15.32,7,7,16,16,9,9,,,,,,7,2.8,4,1,,,,
2026-05-16,15.2,10.37,11.35,7.5,,,91,74,71.5,52,9.5,5.8,6.5,3.6,19,12.54,11,3,32,29,102.21,101.95,101.94,101.66,101.97,101.71,101.69,101.42,48300,46287.5,40250,32200,2.5,2.2,1.8,1,6.7,0,6.3,4.3,1.4,0.6,0.6,0,,05:32:00,1778934720,5.53,20:48:00,1778989680,20.8,15.27,2,5,14,14,6,7,,,,,,8,5,4,0,,,,
2026-05-15,14.2,10.04,10.7,7.2,,,89,72.5,73.5,58,7.1,5.2,5.3,3.5,26,16.38,16.5,7,41,20,101.86,101.77,101.76,101.66,101.62,101.53,101.52,101.42,48300,45616.7,40250,32200,2.8,2.3,1.9,1,7.3,0,5.7,3.7,0.7,0.2,0.2,0,,05:33:00,1778848380,5.55,20:47:00,1778903220,20.78,15.23,2,2,12,12,8,8,,,,,,8,6.3,4.5,1,,,,
2026-05-14,18,12.46,13.7,9.4,,,83,64.1,62.5,42,7.9,5.7,5.8,3.6,25,15.46,14.5,4,54,22,101.98,101.88,101.88,101.77,101.75,101.65,101.64,101.54,48300,43604.2,40250,32200,2.8,2.4,1.9,1,4.3,0,8.7,6.7,3.7,0.9,0.9,0,,05:35:00,1778762100,5.58,20:46:00,1778816760,20.77,15.18,6,6,16,16,9,9,,,,,,8,5.5,4.5,1,,,,
2026-05-13,18.7,14.72,15.5,12.3,,,70,60.7,59,48,9.4,7.2,7.3,5.3,32,18.67,18,4,52,25,101.87,101.26,101.33,100.79,101.64,101.03,101.1,100.56,48300,41591.7,40250,32200,3.3,2.4,2.1,1,2.5,0,10.5,8.5,5.5,0,0,0,,05:36:00,1778675760,5.6,20:44:00,1778730240,20.73,15.13,5,6,18,18,9,11,,,,,,8,7.1,5.5,3,,,,
2026-05-12,24.4,16.67,16,7.6,,,95,58,65,35,10.8,7.5,6.8,2.7,20,10.17,12,4,28,27,101.65,101.16,101.24,100.83,101.42,100.93,101.01,100.6,48300,45616.7,40250,32200,4.1,3,2.5,1,2,0,11,9,6,0,0,0,,05:37:00,1778589420,5.62,20:43:00,1778643780,20.72,15.1,6,6,21,21,11,11,,,,,,8,5.2,4,0,,,,
2026-05-11,20.8,14.86,14.85,8.9,,,91,66,65.5,40,11,8.1,8.7,6.4,20,10.75,10,0,32,27,102.42,102.12,102.05,101.68,102.18,101.89,101.81,101.45,48300,46287.5,40250,32200,1,1,1,1,3.1,0,9.8,7.8,4.8,0,0,0,,05:39:00,1778503140,5.65,20:42:00,1778557320,20.7,15.05,6,6,21,21,10,10,,,,,,7,3.3,3.5,0,,,,
2026-05-10,21.1,15.6,15.9,10.7,,,92,65.8,67,42,10.3,8.9,8.9,7.5,23,13.29,14,5,,,102.14,101.78,101.85,101.56,101.91,101.55,101.62,101.33,48300,44945.8,40250,32200,2.4,1.7,1.7,1,2.1,0,10.9,8.9,5.9,0,0,0,,05:40:00,1778416800,5.67,20:40:00,1778470800,20.67,15,5,6,19,19,9,10,,,,,,7,4.2,3.5,0,,,,
2026-05-09,19.2,13.99,13.95,8.7,,,100,74.5,72,44,11.1,9,8.6,6,13,6.71,6.5,0,,,102.27,102,101.91,101.56,102.03,101.77,101.68,101.33,48300,46287.5,40250,32200,3.5,2.7,2.2,1,4,0,8.9,7,4,0,0,0,,05:42:00,1778330520,5.7,20:39:00,1778384340,20.65,14.95,7,7,18,19,9,10,,,,,,8,6.2,5.5,3,,,,
2026-05-08,17.4,13.25,13.05,8.7,,,100,72.1,75,50,9.9,7.9,7.8,5.8,27,12.88,13.5,0,39,28,102.24,101.89,101.9,101.57,102,101.66,101.67,101.34,48300,46958.3,40250,32200,4.1,2.9,2.5,1,5,0,8.1,6,3,0,0,0,,05:43:00,1778244180,5.72,20:37:00,1778297820,20.62,14.9,4,4,18,18,9,9,,,,,,8,6.8,6,4,,,,
2026-05-07,16.9,12.87,13.3,9.7,,,100,85.6,82,64,11.3,10.4,10.2,9.2,21,9.71,10.5,0,32,13,102.09,101.88,101.84,101.6,101.85,101.65,101.61,101.37,48300,43604.2,40250,32200,3.2,2.4,2.1,1,4.7,0,8.3,6.3,3.3,0,0,0,,05:45:00,1778157900,5.75,20:36:00,1778211360,20.6,14.85,4,4,16,16,9,9,,,,,,8,6.1,5,2,,,,
2026-05-06,15.4,12.51,12.1,8.8,,,100,88.6,86.5,73,11.4,10.6,10.3,9.3,15,7.17,7.5,0,33,32,101.97,101.83,101.74,101.52,101.74,101.6,101.51,101.29,48300,45616.7,40250,32200,2.8,2,1.9,1,5.9,0,7.1,5.1,2.1,0,0,0,,05:46:00,1778071560,5.77,20:35:00,1778124900,20.58,14.82,6,7,17,18,9,10,,,,,,8,5.5,4,0,,,,
2026-05-05,18.6,13.39,13.85,9.1,,,100,86.2,86.5,73,12.9,11.1,11.2,9.4,25,9.71,12.5,0,32,13,101.52,101.34,101.25,100.99,101.29,101.11,101.03,100.76,48300,45616.7,40250,32200,3.1,2.6,2,1,4.2,0,8.8,6.8,3.8,0,0,0,,05:48:00,1777985280,5.8,20:33:00,1778038380,20.55,14.75,7,7,20,21,10,10,,,,,,1,0.4,0.5,0,,,,
2026-05-04,23.4,17.02,16.89,10.4,25,,93,65.7,69,45,11.7,10.2,9.9,8.2,18,8.92,9,0,,,101.07,100.94,100.92,100.77,100.84,100.71,100.69,100.54,48300,46287.5,40250,32200,3.4,2.7,2.2,1,1.1,0,11.9,9.9,6.9,0,0,0,,05:49:00,1777898940,5.82,20:32:00,1777951920,20.53,14.72,7,7,24,26,9,12,,,,,,7,2.5,3.5,0,,,,
2026-05-03,25.1,17.69,17.14,9.2,25,,94,61,63,32,11.1,9.3,9.2,7.2,16,6.92,9.5,3,,,101.53,101.27,101.22,100.91,101.3,101.04,100.99,100.68,48300,45616.7,40250,32200,3.2,2.4,2.5,1.9,0.9,0,12.1,10.1,7.1,0,0,0,,05:51:00,1777812660,5.85,20:30:00,1777865400,20.5,14.65,6,6,25,25,10,11,,,,,,4,1.8,2,0,,,,
2026-05-02,23.5,16.52,16.39,9.3,25,,100,71.8,70.5,41,12.7,10.7,10.4,8.1,12,5.21,6,0,,,101.79,101.59,101.56,101.33,101.56,101.36,101.33,101.1,48300,46287.5,40250,32200,3.7,2.8,2.8,2,1.6,0,11.4,9.4,6.4,0,0,0,,05:53:00,1777726380,5.88,20:29:00,1777778940,20.48,14.6,5,5,25,25,10,10,,,,,,8,2.8,4,0,,,,
2026-05-01,20,14.6,14.05,8.1,,,100,75.3,76.5,53,11.2,9.9,10,8.8,14,7.08,7,0,,,101.75,101.62,101.61,101.47,101.52,101.39,101.38,101.24,48300,48300,48300,48300,4.2,2.8,2.6,1,4,0,9.1,7,4,0,0,0,,05:54:00,1777640040,5.9,20:28:00,1777692480,20.47,14.57,5,6,21,21,9,9,,,,,,8,5.9,5.5,3,,,,
2026-04-30,20.3,13.87,13.65,7,,,100,77.8,75.5,51,11.2,9.6,9.3,7.4,11,7.71,5.5,0,,,102.24,101.96,101.91,101.59,102,101.72,101.68,101.36,48300,45616.7,40250,32200,3.2,2.3,2.1,1,4.3,0,8.7,6.7,3.6,0,0,0,,05:56:00,1777553760,5.93,20:26:00,1777605960,20.43,14.5,5,6,20,20,9,9,,,,,,8,4.8,4,0,,,,
2026-04-29,17.8,12.19,12.2,6.6,,,98,80.4,77,56,10.6,8.6,8.7,6.8,16,8.67,9.5,3,,,102.66,102.44,102.44,102.21,102.42,102.2,102.19,101.97,48300,46287.5,40250,32200,3.1,2.3,2,1,5.8,0,7.2,5.2,2.2,0,0,0,,05:58:00,1777467480,5.97,20:25:00,1777519500,20.42,14.45,6,6,18,18,8,8,,,,,,8,2.5,4,0,,,,
2026-04-28,13.8,10.83,10.35,6.9,,,100,88,87,74,11.1,8.9,8.9,6.8,10,6.75,5,0,,,102.44,102.18,102.14,101.84,102.2,101.94,101.9,101.61,48300,42933.3,40250,32200,3.1,2.5,2,1,7.7,0,5.3,3.4,0.4,0,0,0,,05:59:00,1777381140,5.98,20:23:00,1777432980,20.38,14.4,4,5,13,13,8,8,,,,,,8,5.9,4.5,1,,,,
2026-04-27,13.8,11.65,10.6,7.4,,,85,77,75.5,66,9.7,7.8,7.3,5,26,14.25,13,0,41,14,101.8,101.47,101.42,101.03,101.57,101.24,101.19,100.8,48300,39579.2,40250,32200,2.5,2.3,1.8,1,7.4,0,5.6,3.6,0.6,0,0,0,,06:01:00,1777294860,6.02,20:22:00,1777346520,20.37,14.35,5,5,15,15,7,10,,,,,,7,5.1,4,1,,,,
2026-04-26,17.8,12.13,11.3,4.8,,,83,61,62.5,42,7.1,4.6,4.4,1.7,17,9.67,8.5,0,,,101,100.92,100.92,100.84,100.77,100.69,100.69,100.61,48300,44945.8,40250,32200,3,2.5,2,1,6.7,0,6.3,4.3,1.3,0,0,0,,06:03:00,1777208580,6.05,20:20:00,1777260000,20.33,14.28,5,5,19,19,7,7,,,,,,5,1.8,2.5,0,,,,
2026-04-25,18.1,11.74,11.05,4,,,99,56.8,63,27,6.9,1.9,1.6,-3.6,14,8.12,8.5,3,,,101.5,101.23,101.19,100.87,101.27,101,100.95,100.64,48300,46287.5,40250,32200,3.1,2.6,2.5,2,7,0,6,4,1.1,0,0,0,,06:05:00,1777122300,6.08,20:19:00,1777173540,20.32,14.23,5,5,20,20,5,5,,,,,,6,1.9,3,0,,,,
2026-04-24,16.4,10.98,10.89,5.4,,,100,62.9,64,28,8.1,2.5,2.7,-2.7,16,10.29,10,4,,,102.28,101.95,101.87,101.46,102.04,101.71,101.64,101.23,48300,47629.2,40250,32200,3,2.2,2,1,7.1,0,5.9,3.9,0.9,0,0,0,,06:07:00,1777036020,6.12,20:17:00,1777087020,20.28,14.17,5,5,17,18,5,6,,,,,,4,1.6,2,0,,,,
2026-04-23,13.7,10,9.64,5.6,,,100,89.2,86.5,73,10.4,8.2,8.4,6.5,22,10.17,11,0,33,15,102.29,102.1,102.12,101.94,102.05,101.86,101.88,101.7,48300,43604.2,40250,32200,2.5,2.2,1.8,1,8.4,0,4.6,2.6,0,0,0,0,,06:08:00,1776949680,6.13,20:16:00,1777000560,20.27,14.13,5,5,16,17,6,6,,,,,,8,3.2,4,0,,,,
2026-04-22,15.3,11.98,11.5,7.7,,,100,85.9,85.5,71,10.9,9.6,9.3,7.7,21,12.29,10.5,0,30,14,101.89,101.33,101.42,100.95,101.65,101.1,101.19,100.72,48300,40920.8,40250,32200,2.5,2.1,1.8,1,6.5,0,6.5,4.5,1.5,0,0,0,,06:10:00,1776863400,6.17,20:15:00,1776914100,20.25,14.08,5,5,17,17,6,8,,,,,,8,5.4,4,0,,,,
2026-04-21,16.1,12.89,12.95,9.8,,,95,79.6,81.5,68,12.1,9.4,9.6,7.1,18,10.04,9,0,,,100.98,100.84,100.85,100.71,100.75,100.61,100.62,100.48,48300,41591.7,40250,32200,3.2,2.2,2.1,1,5,0,8,6,3,0.6,0.6,0,,06:12:00,1776777120,6.2,20:13:00,1776827580,20.22,14.02,5,5,15,15,9,10,,,,,,8,6.4,4,0,,,,
2026-04-20,20.5,14.36,13.55,6.6,,,99,67.6,72,45,10.6,8.1,8.4,6.3,20,9.25,12,4,,,101.17,100.92,100.93,100.7,100.94,100.69,100.71,100.47,48300,45616.7,40250,32200,3.4,2.4,2.2,1,4.5,0,8.6,6.5,3.5,0,0,0,,06:14:00,1776690840,6.23,20:12:00,1776741120,20.2,13.97,5,5,19,20,8,8,,,,,,8,5.6,4.5,1,,,,
2026-04-19,20.2,13.06,13.3,6.4,,,95,68.6,65,35,8,6.7,6.1,4.2,14,8.96,8.5,3,,,101.31,101.18,101.14,100.98,101.08,100.95,100.92,100.75,48300,44945.8,40250,32200,3,2.5,2,1,4.7,0,8.3,6.3,3.3,0,0,0,,06:16:00,1776604560,6.27,20:10:00,1776654600,20.17,13.9,6,6,19,19,8,8,,,,,,8,4.4,4.5,1,,,,
2026-04-18,16,10.11,9.9,3.8,,,96,73.8,72.5,49,7.5,5.3,5.3,3.1,18,8.38,9,0,,,102.06,101.68,101.68,101.31,101.82,101.44,101.45,101.08,48300,45616.7,40250,32200,2.8,2.1,2.1,1.5,8.1,0,4.9,2.9,0,0,0,0,,06:18:00,1776518280,6.3,20:09:00,1776568140,20.15,13.85,5,6,15,15,8,8,,,,,,8,6.7,5.5,3,,,,
2026-04-17,12.2,8.78,8.75,5.3,,,91,71.8,72,53,5.7,3.8,3.8,1.8,17,10.04,8.5,0,,,102.68,102.49,102.38,102.09,102.44,102.25,102.14,101.85,48300,48300,48300,48300,2.9,2.4,2,1,9.2,0,3.8,1.8,0,0,0,0,,06:20:00,1776432000,6.33,20:07:00,1776481620,20.12,13.78,6,6,12,12,5,5,,,,,,8,6.7,6.5,5,,,,
2026-04-16,13.7,6.21,6.44,-0.8,,-3,100,72.7,72.5,45,3.6,1.1,1.1,-1.4,27,13.79,13.5,0,37,14,102.53,102.28,102.15,101.77,102.29,102.04,101.91,101.53,48300,44945.8,40250,32200,2.3,2,1.6,1,11.6,0,1.4,0,0,0,0,0,,06:22:00,1776345720,6.37,20:06:00,1776395160,20.1,13.73,5,5,12,12,4,5,,,,,,6,2,3,0,,,,
2026-04-15,10,4.5,5.3,0.6,,,100,85.2,79,58,4.1,2,2.3,0.5,21,11.04,13,5,33,25,101.68,101.11,101.28,100.87,101.44,100.87,101.03,100.63,48300,41591.7,40250,32200,2.6,2.3,1.8,1,12.7,0,0.3,0,0,2.1,2.1,0,,06:24:00,1776259440,6.4,20:04:00,1776308640,20.07,13.67,4,4,8,9,2,3,,,,,,8,5.8,4,0,,,,
2026-04-14,8.7,7.3,6.94,5.2,,,97,84.2,81,65,7.2,4.7,3.1,-0.9,29,18.75,19,9,42,16,101.73,101.09,101.15,100.57,101.49,100.85,100.91,100.34,32200,28025,20950,9700,2.8,2.4,1.9,1,11.1,0,1.9,0,0,16.4,16.4,0,,06:25:00,1776173100,6.42,20:03:00,1776222180,20.05,13.63,2,2,10,10,2,8,,,,,,8,7.6,6.5,5,,,,
2026-04-13,14.8,10.86,11.15,7.5,,,78,68.3,67,56,6.7,5.2,5.1,3.5,29,18.42,18,7,41,23,101.76,101.51,101.4,101.04,101.52,101.27,101.16,100.81,48300,45616.7,40250,32200,2.7,2.4,1.8,1,6.8,0,6.2,4.2,1.1,0,0,0,,06:27:00,1776086820,6.45,20:01:00,1776135660,20.02,13.57,5,5,14,15,7,8,,,,,,8,6.8,5.5,3,,,,
2026-04-12,13.7,10.96,10.89,8.1,,,100,92.8,88.5,77,11.6,9.8,9.6,7.5,19,8.42,9.5,0,,,100.97,100.67,100.75,100.53,100.74,100.44,100.52,100.3,48300,42929.2,36200,24100,2.2,1.8,1.6,1,7.1,0,5.9,3.9,0.9,0.2,0.2,0,,06:29:00,1776000540,6.48,20:00:00,1776049200,20,13.52,5,5,16,16,8,8,,,,,,8,7.5,7.5,7,,,,
2026-04-11,11.6,9.8,9.89,8.2,,,100,96.4,94.5,89,10.9,9.2,9.2,7.6,14,7.04,7,0,,,100.67,100.54,100.52,100.37,100.44,100.31,100.29,100.14,48300,40583.3,36200,24100,3.1,2.6,2.7,2.3,8.1,0,4.9,2.9,0,2.4,2.4,0,,06:31:00,1775914260,6.52,19:59:00,1775962740,19.98,13.47,2,2,11,13,8,8,,,,,,8,7.8,7.5,7,,,,
2026-04-10,16.4,10.45,10,3.6,,,95,70.9,70.5,46,7.9,5,5.5,3,14,8.21,7,0,,,101.31,100.86,100.87,100.43,101.08,100.63,100.64,100.2,48300,48300,48300,48300,3.3,2.4,2.1,1,8,0,5,3,0,0,0,0,,06:33:00,1775827980,6.55,19:57:00,1775876220,19.95,13.4,5,5,17,17,8,8,,,,,,8,5.2,4,0,,,,
2026-04-09,15.8,9.65,9.35,2.9,,,100,75,76,52,6.2,5,4.7,3.2,13,8.67,8,3,,,101.92,101.69,101.61,101.31,101.68,101.45,101.38,101.08,48300,44945.8,40250,32200,2.6,2.1,1.8,1,8.7,0,4.3,2.4,0,0,0,0,,06:35:00,1775741700,6.58,19:56:00,1775789760,19.93,13.35,5,5,16,17,5,5,,,,,,2,0.7,1,0,,,,
2026-04-08,13.5,8.04,7.7,1.9,,,97,78.2,75.5,54,6.6,4.2,4.2,1.7,17,8.75,8.5,0,,,102.07,101.95,101.91,101.75,101.83,101.71,101.67,101.51,48300,45616.7,40250,32200,2.7,2.1,1.8,1,10.3,0,2.7,0.7,0,0,0,0,,06:37:00,1775655420,6.62,19:54:00,1775703240,19.9,13.28,5,5,14,14,4,4,,,,,,2,1,1,0,,,,
2026-04-07,12.1,7.98,6.8,1.5,,,91,66.1,69.5,48,4,1.7,0.9,-2.2,17,8.08,8.5,0,32,27,102.1,101.97,101.88,101.66,101.86,101.73,101.64,101.42,48300,44945.8,40250,32200,2.9,2.6,2.7,2.5,11.2,0,1.8,0,0,0,0,0,,06:39:00,1775569140,6.65,19:53:00,1775616780,19.88,13.23,5,5,14,14,3,3,,,,,,6,1.9,3,0,,,,
2026-04-06,19.7,11.06,12.25,4.8,,,100,73.8,65.5,31,10.8,5.8,4,-2.8,36,14.04,20,4,52,23,101.74,101.58,101.53,101.32,101.51,101.35,101.3,101.09,48300,45616.7,40250,32200,2.6,1.9,1.8,1,5.8,0,7.2,5.2,2.2,0,0,0,,06:41:00,1775482860,6.68,19:51:00,1775530260,19.85,13.17,4,4,18,18,3,3,,,,,,8,3.3,4,0,,,,
2026-04-05,17.4,11.16,10.95,4.5,,,99,74.3,73,47,8.1,6.3,6.2,4.4,12,8.25,6,0,,,102.44,102.04,102.06,101.67,102.2,101.8,101.81,101.43,48300,44945.8,40250,32200,2.5,1.9,1.8,1,7,0,6,4,0.9,0,0,0,,06:44:00,1775396640,6.73,19:50:00,1775443800,19.83,13.1,5,5,18,18,6,6,,,,,,7,3.8,3.5,0,,,,
2026-04-04,15.8,10.18,10,4.2,,,100,79.2,73.5,47,8.3,6.3,6,3.8,12,7.38,6,0,,,103.05,102.8,102.76,102.46,102.81,102.56,102.51,102.22,48300,45616.7,40250,32200,2.4,2,2,1.5,8,0,5,3,0,0,0,0,,06:46:00,1775310360,6.77,19:48:00,1775357280,19.8,13.03,2,5,16,16,6,6,,,,,,8,4.8,4.5,1,,,,
2026-04-03,11.3,8.98,8.35,5.4,,,96,82.6,83,70,8,6.1,5.8,3.6,26,13.29,14.5,3,42,22,103.01,102.87,102.78,102.55,102.77,102.63,102.54,102.31,48300,43266.7,36200,24100,2.6,2.2,1.8,1,9.7,0,3.4,1.4,0,0.3,0.3,0,,06:48:00,1775224080,6.8,19:47:00,1775270820,19.78,12.98,2,2,12,12,5,5,,,,,,8,7.6,7.5,7,,,,
2026-04-02,14.2,8.48,9.5,4.8,,,99,77.8,75,51,6.6,4.4,4.5,2.5,24,11.58,14,4,37,24,102.49,101.46,101.34,100.19,102.25,101.22,101.11,99.96,48300,44945.8,40250,32200,2.8,2.3,1.9,1,8.5,0,4.5,2.5,0,0,0,0,,06:50:00,1775137800,6.83,19:45:00,1775184300,19.75,12.92,4,4,13,13,7,7,,,,,,8,5.4,5,2,,,,
2026-04-01,8.8,7.33,7.3,5.8,,,100,90.2,86.5,73,7.6,5.8,5.3,3,35,15.08,19,3,50,12,100.3,99.88,99.92,99.54,100.07,99.65,99.69,99.31,48300,39241.7,29800,11300,2.3,2.1,1.6,1,10.7,0,2.3,0.3,0,7.8,7.8,0,,06:52:00,1775051520,6.87,19:44:00,1775097840,19.73,12.87,2,2,9,10,3,5,,,,,,8,7.8,7,6,,,,
2026-03-31,10.9,6.37,6.25,1.6,,,84,63.6,64,44,3.1,-0.4,0.4,-2.3,12,7.5,6,0,,,101.74,101.03,101.05,100.36,101.5,100.79,100.81,100.13,48300,44275,40250,32200,2.3,2,1.6,1,11.8,0,1.2,0,0,0,0,0,,06:54:00,1774965240,6.9,19:42:00,1775011320,19.7,12.8,4,4,10,10,5,5,,,,,,8,7.2,6,4,,,,
2026-03-30,8.8,3.88,3.35,-2.1,,-5,100,71.9,72,44,0.9,-1.2,-1.6,-4.2,16,10.33,10.5,5,,,102.53,102.26,102.15,101.77,102.29,102.02,101.91,101.53,48300,45616.7,40250,32200,2.3,2,1.6,1,14.7,0,0,0,0,0,0,0,,06:56:00,1774878960,6.93,19:41:00,1774924860,19.68,12.75,3,3,9,9,1,3,,,,,,7,2.6,3.5,0,,,,
2026-03-29,6,4.02,3,0,,,97,84.6,82,67,3.5,1.6,1.4,-0.6,14,7.54,7,0,,,102.18,101.97,102.02,101.86,101.94,101.73,101.78,101.62,48300,42933.3,40250,32200,2.5,2.2,1.8,1,15,0,0,0,0,0.7,0.7,0,,06:58:00,1774792680,6.97,19:39:00,1774838340,19.65,12.68,1,1,7,7,0,0,,,,,,8,5.7,4,0,,,,
2026-03-28,11.7,7.06,7.35,3,,,100,75.5,67,34,7,2.4,1.6,-3.9,20,10.96,12,4,35,23,102.12,102.04,102.04,101.96,101.88,101.8,101.8,101.72,48300,45616.7,40250,32200,3,2,2,1,10.7,0,2.4,0.4,0,0,0,0,,07:00:00,1774706400,7,19:38:00,1774751880,19.63,12.63,4,4,10,10,3,3,,,,,,8,6.6,6,4,,,,
2026-03-27,11.7,6.97,7.35,3,,,96,75,71,46,4.6,2.4,2,-0.6,14,9.79,7,0,,,103.22,102.55,102.64,102.05,102.98,102.31,102.39,101.81,48300,48300,48300,48300,2.6,2.1,2.1,1.7,10.7,0,2.4,0.4,0,0,0,0,,07:02:00,1774620120,7.03,19:37:00,1774665420,19.62,12.58,4,4,11,11,4,5,,,,,,8,6.5,5.5,3,,,,
2026-03-26,10.1,4.95,4.05,-2,,-3,99,81.2,76,53,4.7,1.8,1.4,-1.8,27,10.88,13.5,0,39,12,103.47,103.27,103.11,102.75,103.23,103.03,102.87,102.51,48300,48300,48300,48300,2.6,2.4,1.8,1,13.9,0,0,0,0,0,0,0,,07:04:00,1774533840,7.07,19:35:00,1774578900,19.58,12.52,4,4,9,9,4,4,,,,,,8,4.1,4,0,,,,
2026-03-25,9.5,5.76,6.05,2.6,,,94,78.5,71.5,49,4.2,2.2,1.7,-0.8,30,14.75,15,0,61,23,102.64,101.9,102.04,101.45,102.4,101.66,101.81,101.21,48300,41054.2,33800,19300,2.7,2.5,1.8,1,11.9,0,1.1,0,0,4.8,4.8,0,,07:06:00,1774447560,7.1,19:34:00,1774492440,19.57,12.47,2,4,9,9,3,3,,,,,,8,5,4.5,1,,,,
2026-03-24,13.5,7.1,8.69,3.9,,,100,87.7,82.5,65,8.9,5.1,5.8,2.7,52,20.12,26,0,80,24,101.47,100.84,100.86,100.25,101.23,100.6,100.62,100.02,48300,29175,28200,8100,2.5,2.1,1.8,1,9.3,0,3.7,1.7,0,8.1,8.1,0,,07:08:00,1774361280,7.13,19:32:00,1774405920,19.53,12.4,4,4,12,16,4,6,,,,,,8,6.2,4.5,1,,,,
2026-03-23,8.7,5.36,4.64,0.6,,,97,78.8,79,61,3.5,1.8,2,0.6,14,8.58,7,0,,,102.43,102.03,101.94,101.46,102.19,101.79,101.71,101.22,48300,44945.8,40250,32200,2.3,2,1.6,1,13.4,0,0,0,0,0,0,0,,07:10:00,1774275000,7.17,19:31:00,1774319460,19.52,12.35,4,4,11,11,5,5,,,,,,8,6.5,4.5,1,,,,
2026-03-22,10.1,6.34,5.85,1.6,,,98,71.4,70.5,43,4.3,1.2,0.7,-2.9,24,10.79,13.5,3,37,19,102.92,102.73,102.68,102.45,102.68,102.49,102.44,102.21,48300,44275,40250,32200,2.8,2.4,1.9,1,12.2,0,0.8,0,0,0,0,0,,07:13:00,1774188780,7.22,19:29:00,1774232940,19.48,12.27,4,4,10,10,2,2,,,,,,8,5.9,5.5,3,,,,
2026-03-21,10.9,6.73,6.1,1.3,,,92,64.5,68.5,45,1.8,0.2,0.3,-1.2,27,16,16,5,37,23,102.71,102.42,102.36,102.02,102.47,102.18,102.12,101.78,48300,45616.7,40250,32200,2.5,2.3,1.8,1,11.9,0,1.1,0,0,0,0,0,,07:15:00,1774102500,7.25,19:28:00,1774146480,19.47,12.22,4,4,11,11,5,5,,,,,,7,3.3,4,1,,,,
2026-03-20,14.9,11.07,10.85,6.8,,,100,77.3,78,56,11.5,6.9,6,0.4,35,20.21,21,7,55,21,102.04,101.68,101.7,101.36,101.8,101.45,101.47,101.13,48300,46287.5,32200,16100,2.6,1.9,1.8,1,7.2,0,5.8,3.8,0.8,2.2,2.2,0,,07:17:00,1774016220,7.28,19:26:00,1774059960,19.43,12.15,3,3,14,14,4,4,,,,,,8,5.7,5.5,3,,,,
2026-03-19,11.6,10.11,10.25,8.9,,,100,100,99.5,99,11.3,10.1,10.2,9,20,14.38,10,0,32,16,101.91,101.73,101.72,101.53,101.67,101.49,101.48,101.29,48300,33183.3,24350,400,1.8,1.5,1.6,1.4,7.8,0,5.2,3.2,0.2,1.6,1.6,0,,07:19:00,1773929940,7.32,19:25:00,1773973500,19.42,12.1,1,1,11,11,10,10,,,,,,8,6.6,5,2,,,,
2026-03-18,12.4,10.51,10.75,9.1,,,100,99.5,98.5,97,12.2,10.4,10.7,9.1,24,15.33,14,4,33,14,101.63,101.44,101.46,101.29,101.4,101.21,101.23,101.06,48300,26875,26150,4000,1.8,1.5,1.4,1,7.2,0,5.8,3.8,0.8,1.9,1.9,0,,07:21:00,1773843660,7.35,19:23:00,1773886980,19.38,12.03,1,1,12,14,10,10,,,,,,8,7.8,7,6,,,,
2026-03-17,10.8,9.71,9.85,8.9,,,100,99.8,99.5,99,10.6,9.7,9.8,9,24,16.62,16.5,9,37,16,101.59,101.47,101.46,101.33,101.35,101.24,101.22,101.1,32200,16912.5,20150,8100,1.8,1.5,1.4,1,8.2,0,4.8,2.8,0,3.6,3.6,0,,07:23:00,1773757380,7.38,19:22:00,1773800520,19.37,11.98,1,1,11,11,10,10,,,,,,8,8,8,8,,,,
2026-03-16,12.7,7.06,7.4,2.1,,,100,97.1,92,84,10,6.6,6.2,2.5,19,8.83,9.5,0,,,102.23,101.77,101.77,101.3,101.99,101.53,101.52,101.06,32200,14816.7,17700,3200,2.1,1.8,1.6,1,10.6,0,2.4,0.4,0,7,7,0,,07:25:00,1773671100,7.42,19:20:00,1773714000,19.33,11.92,1,2,10,10,8,9,,,,,,8,7.9,7.5,7,,,,
2026-03-15,7.2,3.56,4.25,1.3,,,100,83.4,78.5,57,2.5,0.8,0.6,-1.4,18,9.25,9,0,28,18,103.11,102.78,102.69,102.27,102.87,102.53,102.45,102.03,48300,29979.2,25750,3200,2.4,2.1,2,1.7,13.8,0,0,0,0,7.5,7.5,0,,07:27:00,1773584820,7.45,19:19:00,1773627540,19.32,11.87,1,1,7,7,3,3,,,,,,8,7.8,7.5,7,,,,
2026-03-14,8.7,4.4,4.59,0.5,,,97,70.7,69.5,42,2.5,-1.1,-1.2,-4.8,23,10.21,11.5,0,,,103.05,102.4,102.32,101.58,102.81,102.16,102.07,101.34,48300,44945.8,40250,32200,2.4,2.1,2,1.5,13.4,0,0,0,0,0,0,0,,07:29:00,1773498540,7.48,19:17:00,1773541020,19.28,11.8,2,2,9,9,1,2,,,,,,8,4.4,5,2,,,,
2026-03-13,6.9,4.31,4.8,2.7,,,100,90.2,87,74,3.6,2.8,2.7,1.8,18,7.29,9,0,,,101.99,101.75,101.74,101.48,101.75,101.51,101.49,101.24,48300,44275,32200,16100,2.8,2.4,2.5,2.1,13.2,0,0,0,0,1.7,1.7,0,,07:31:00,1773412260,7.52,19:16:00,1773454560,19.27,11.75,2,2,7,7,-1,0,,,,,,8,7.1,7,6,,,,
2026-03-12,7.8,4.9,5.55,3.3,,,98,77.8,80.5,63,3.2,1.2,1.2,-0.8,28,15.46,14,0,61,24,102.52,102.16,102.04,101.56,102.28,101.92,101.8,101.32,48300,48300,48300,48300,3.2,2.8,2.8,2.4,12.4,0,0.6,0,0,0.2,0.2,0,,07:33:00,1773325980,7.55,19:14:00,1773368040,19.23,11.68,2,2,6,7,2,4,,,,,,8,7.7,7,6,,,,
2026-03-11,11.8,6.06,7.5,3.2,,,100,92.4,79.5,59,9.2,4.9,4.7,0.2,43,21.21,23.5,4,80,21,102.28,101.55,101.43,100.58,102.04,101.31,101.19,100.35,48300,29308.3,28200,8100,2.7,2.1,1.8,1,10.5,0,2.5,0.5,0,5.9,5.9,0,,07:35:00,1773239700,7.58,19:13:00,1773281580,19.22,11.63,1,1,7,8,5,6,,,,,,8,7.5,6.5,5,,,,
2026-03-10,6.8,3.66,2.25,-2.3,,-3,91,78.9,76.5,62,2.6,0.3,0,-2.6,26,13.58,13,0,42,15,102.24,101.96,101.98,101.72,102,101.72,101.74,101.48,48300,40250,40250,32200,2.9,2.4,2,1,15.8,0,0,0,0,0.6,0.6,0,,07:37:00,1773153420,7.62,19:11:00,1773195060,19.18,11.57,1,1,6,7,3,3,,,,,,8,6,4,0,,,,
2026-03-09,8.2,3.97,3.59,-1,,,84,68.1,66.5,49,2.5,-1.5,-0.6,-3.7,29,14.88,14.5,0,45,23,101.73,101.63,101.64,101.56,101.49,101.39,101.4,101.32,48300,38570.8,36200,24100,2.7,2.5,1.8,1,14.4,0,0,0,0,0,0,0,,07:39:00,1773067140,7.65,19:10:00,1773108600,19.17,11.52,2,2,8,8,2,2,,,,,,8,4.3,4,0,,,,
2026-03-08,12.5,8.97,8.5,4.5,,,100,64.5,65,30,9.3,1.9,2,-5.2,32,17.3,17.5,3,46,25,101.62,101.52,101.52,101.41,101.39,101.29,101.28,101.17,48300,44100,40250,32200,2.8,2.3,1.9,1,9.5,0,3.5,1.5,0,0,0,0,,07:41:00,1772980860,7.68,19:08:00,1773022080,19.13,11.45,3,3,12,13,4,4,,,,,,8,3.7,4.5,1,,,,
2026-03-07,15.3,11.74,11.45,7.6,,,100,83.9,84.5,69,9.7,9,8.9,8.1,40,19.67,22,4,59,20,102.52,102.21,102.1,101.68,102.28,101.97,101.86,101.45,48300,44945.8,40250,32200,1.8,1.7,1.4,1,6.5,0,6.5,4.5,1.4,0,0,0,,06:43:00,1772894580,6.72,18:07:00,1772935620,18.12,11.4,3,3,13,16,7,10,,,,,,8,6.3,6,4,,,,
2026-03-06,8.9,8.03,7.8,6.7,,,100,100,100,100,8.7,8,7.9,7.1,22,17.21,15,8,35,15,102.67,102.57,102.56,102.46,102.43,102.33,102.33,102.22,48300,26758.3,29800,11300,2.4,1.8,1.7,1,10.2,0,2.8,0.8,0,10.6,10.6,0,,06:45:00,1772808300,6.75,18:05:00,1772849100,18.08,11.33,1,1,10,10,10,10,,,,,,8,7.4,6,4,,,,
2026-03-05,11.4,8.6,8.6,5.8,,,99,73.2,76.5,54,6.9,3.9,4.3,1.7,20,11.54,10,0,37,25,102.71,102.45,102.35,101.98,102.47,102.21,102.11,101.74,48300,46287.5,32200,16100,3,2.6,2,1,9.4,0,3.6,1.6,0,0,0,0,,06:47:00,1772722020,6.78,18:04:00,1772762640,18.07,11.28,2,2,10,11,7,7,,,,,,8,5.3,4.5,1,,,,
2026-03-04,11.7,8.3,8.3,4.9,,,100,94.6,87.5,75,9.4,7.4,6.7,3.9,26,8.96,13,0,39,25,101.94,101.23,101.39,100.84,101.7,101,101.15,100.61,48300,34641.7,25350,2400,2.4,1.9,1.7,1,9.7,0,3.3,1.3,0,10.3,10.3,0,,06:49:00,1772635740,6.82,18:02:00,1772676120,18.03,11.22,2,2,11,12,5,7,,,,,,8,6.3,4.5,1,,,,
2026-03-03,9.9,7.92,6.1,2.3,,,100,99,97.5,95,9.4,7.8,6.1,2.8,17,6.08,8.5,0,,,101.81,101.48,101.47,101.13,101.57,101.24,101.24,100.9,48300,37554.2,36200,24100,2.6,2.1,1.8,1,11.9,0,1.1,0,0,2,2,0,,06:51:00,1772549460,6.85,18:00:00,1772589600,18,11.15,1,1,10,10,7,7,,,,,,8,8,7.5,7,,,,
2026-03-02,11,5.23,5.15,-0.7,,-3,100,90.2,79.5,59,7.2,3.6,3.5,-0.2,18,8.54,9,0,,,102,101.87,101.88,101.75,101.76,101.63,101.64,101.51,48300,44945.8,40250,32200,2.5,2,1.8,1,12.8,0,0.2,0,0,0,0,0,,06:53:00,1772463180,6.88,17:59:00,1772503140,17.98,11.1,2,2,10,10,5,5,,,,,,7,2.8,4,1,,,,
2026-03-01,11.3,4.89,5.2,-0.9,,,100,86.3,82.5,65,5,2.6,2.6,0.2,12,7.46,6,0,,,102.05,101.9,101.89,101.72,101.81,101.66,101.64,101.48,48300,44945.8,40250,32200,2.9,2.2,2.3,1.7,12.8,0,0.2,0,0,0,0,0,,06:55:00,1772376900,6.92,17:57:00,1772416620,17.95,11.03,3,3,11,11,1,1,,,,,,3,1.2,1.5,0,,,,
2026-02-28,9.6,5.14,5.35,1.1,,,99,84.8,82,65,4,2.7,2.8,1.5,19,10.08,9.5,0,,,102.48,102.19,102.22,101.96,102.24,101.95,101.98,101.72,48300,44275,40250,32200,2.8,2,1.9,1,12.7,0,0.4,0,0,0,0,0,,06:57:00,1772290620,6.95,17:56:00,1772330160,17.93,10.98,2,2,10,10,1,1,,,,,,8,4.2,4.5,1,,,,
2026-02-27,11.7,7.91,8.39,5.1,,,93,74.2,77,61,5.5,3.5,3.8,2,25,16.79,16,7,46,25,102.58,102.48,102.5,102.42,102.34,102.24,102.26,102.18,48300,43604.2,40250,32200,2.9,2.6,2,1,9.6,0,3.4,1.4,0,0,0,0,,06:59:00,1772204340,6.98,17:54:00,1772243640,17.9,10.92,2,2,11,11,3,4,,,,,,8,5.6,4.5,1,,,,
2026-02-26,11,9.07,9.1,7.2,,,92,72.8,75.5,59,7,4.3,4.4,1.8,38,23.42,24.5,11,63,23,102.46,102.26,102.31,102.15,102.22,102.02,102.07,101.91,48300,44275,40250,32200,2.6,2.3,1.8,1,8.9,0,4.1,2.1,0,0,0,0,,07:01:00,1772118060,7.02,17:53:00,1772157180,17.88,10.87,2,2,11,11,7,7,,,,,,8,7,7,6,,,,
2026-02-25,10.1,6,4.5,-1.1,,,100,82.9,82,64,5.6,3.2,2.8,0.1,30,16.29,17,4,45,24,102.17,101.93,101.85,101.53,101.93,101.69,101.61,101.29,48300,42262.5,40250,32200,2.5,2.3,2.3,2.1,13.5,0,0,0,0,0,0,0,,07:03:00,1772031780,7.05,17:51:00,1772070660,17.85,10.8,2,2,10,11,8,8,,,,,,8,5.2,4,0,,,,
2026-02-24,8.6,4.65,5.09,1.6,,,100,90.2,84.5,69,4.4,3.1,2.5,0.7,15,9.46,7.5,0,,,101.78,101.51,101.54,101.31,101.54,101.27,101.31,101.07,48300,39575,36200,24100,2.7,2.1,1.8,1,12.9,0,0.1,0,0,0,0,0,,07:05:00,1771945500,7.08,17:49:00,1771984140,17.82,10.73,2,2,9,9,1,1,,,,,,8,4.1,4.5,1,,,,
2026-02-23,9.4,6.38,6.35,3.3,,,99,87.7,86.5,74,6.8,4.4,4.8,2.8,32,12.79,18,4,50,17,101.95,101.78,101.62,101.29,101.71,101.54,101.38,101.05,48300,28370.8,26550,4800,3.1,2.5,2.5,1.9,11.7,0,1.4,0,0,3.2,3.2,0,,07:07:00,1771859220,7.12,17:48:00,1771897680,17.8,10.68,1,1,10,11,1,2,,,,,,8,6.6,4.5,1,,,,
2026-02-22,10.9,7.92,7.3,3.7,,,100,88,83.5,67,7.5,6,5.5,3.5,31,13.38,15.5,0,42,16,101.5,101.32,101.28,101.05,101.26,101.08,101.03,100.81,48300,36083.3,30600,12900,2.4,2.1,1.7,1,10.7,0,2.3,0.3,0,3.8,3.8,0,,07:09:00,1771772940,7.15,17:46:00,1771811160,17.77,10.62,1,1,10,13,6,6,,,,,,8,7.5,6,4,,,,
2026-02-21,7.6,5.41,4.5,1.4,,,99,79.2,78,57,5,1.9,2.2,-0.6,26,17.25,17.5,9,41,13,101.52,101.41,101.41,101.31,101.28,101.17,101.17,101.07,48300,39370.8,30600,12900,2.1,1.9,1.6,1,13.5,0,0,0,0,8.7,8.7,0,,07:10:00,1771686600,7.17,17:45:00,1771724700,17.75,10.58,1,1,9,9,7,8,,,,,,8,7.4,6,4,,,,
2026-02-20,3.6,0.62,-0.4,-4.4,,-7,99,85.7,83,67,0.9,-1.6,-1.4,-3.6,14,7.96,8.5,3,,,101.54,101.47,101.46,101.38,101.3,101.23,101.22,101.14,48300,46958.3,40250,32200,2.7,1.9,1.8,1,18.4,0,0,0,0,0,0,0,,07:12:00,1771600320,7.2,17:43:00,1771638180,17.72,10.52,1,1,3,5,5,5,,,,,,8,6.3,4,0,,,,
2026-02-19,3.4,0.6,0,-3.4,,-6,97,67.2,74.5,52,-3.4,-5.1,-5,-6.6,16,9.58,8,0,,,101.38,101.29,101.23,101.08,101.14,101.05,100.99,100.84,48300,43604.2,40250,32200,3,2,2,1,18,0,0,0,0,0,0,0,,07:14:00,1771514040,7.23,17:42:00,1771551720,17.7,10.47,1,1,4,4,-2,-2,,,,,,8,4.6,4,0,,,,
2026-02-18,5.6,3.13,3.5,1.4,,,99,76.4,77,55,2.1,-0.9,-1.4,-5,17,9.96,10,3,,,101.03,100.62,100.68,100.34,100.79,100.38,100.44,100.1,48300,39579.2,32200,16100,3,1.9,2,1,14.5,0,0,0,0,0.8,0.8,0,,07:16:00,1771427760,7.27,17:40:00,1771465200,17.67,10.4,1,1,5,5,-1,0,,,,,,8,7,5,2,,,,
2026-02-17,5.9,3.33,3.35,0.8,,,100,91.7,87.5,75,3.1,2,2,1,22,14.12,13,4,33,7,100.32,99.77,99.79,99.26,100.08,99.54,99.56,99.03,48300,37895.8,36200,24100,2.2,1.8,1.6,1,14.7,0,0,0,0,1.4,1.4,0,,07:18:00,1771341480,7.3,17:38:00,1771378680,17.63,10.33,1,1,5,6,0,2,,,,,,8,7.5,5.5,3,,,,
2026-02-16,7,3.6,3.95,0.9,,,100,87.5,88,76,3.9,1.7,1.5,-0.9,20,9.12,10,0,33,14,100.66,99.64,99.91,99.16,100.42,99.41,99.67,98.93,48300,36220.8,36200,24100,2.5,2.1,1.8,1,14.1,0,0,0,0,1.2,1.2,0,,07:19:00,1771255140,7.32,17:37:00,1771292220,17.62,10.3,1,1,5,5,0,2,,,,,,8,6.4,5,2,,,,
2026-02-15,7.3,3.36,3.15,-1,,-3,99,86.9,82.5,66,3.3,1.3,1.4,-0.5,12,6.38,6,0,,,101.93,101.51,101.36,100.78,101.69,101.27,101.12,100.54,48300,43604.2,40250,32200,2.5,1.9,1.8,1,14.8,0,0,0,0,0,0,0,,07:21:00,1771168860,7.35,17:35:00,1771205700,17.58,10.23,1,1,7,7,1,3,,,,,,8,4.6,4,0,,,,
2026-02-14,9.4,4.71,5,0.6,,,100,85.2,78.5,57,3.7,2.2,2.4,1,16,7.62,8,0,,,101.96,101.79,101.73,101.5,101.72,101.55,101.49,101.26,48300,37962.5,30600,12900,2.6,2.4,2.4,2.1,13,0,0,0,0,0,0,0,,07:23:00,1771082580,7.38,17:33:00,1771119180,17.55,10.17,1,1,8,8,0,0,,,,,,8,3.1,4,0,,,,
2026-02-13,8.8,6.27,5.75,2.7,,,100,96.8,91.5,83,8.2,5.8,4.6,1,15,8.83,7.5,0,,,102.04,101.64,101.72,101.4,101.8,101.4,101.48,101.16,48300,30029.2,24750,1200,2.9,2.2,2.2,1.6,12.2,0,0.8,0,0,5.8,5.8,0,,07:24:00,1770996240,7.4,17:32:00,1771032720,17.53,10.13,,,7,8,3,4,,,,,,8,6.9,5,2,,,,
2026-02-12,8.6,6.26,5.15,1.7,,,100,96.8,95,90,7.2,5.8,5.2,3.1,18,9.12,9,0,,,102.47,102.33,102.29,102.11,102.23,102.09,102.05,101.87,48300,44995.8,24750,1200,2,1.7,1.5,1,12.8,0,0.2,0,0,0,0,0,,07:26:00,1770909960,7.43,17:30:00,1770946200,17.5,10.07,1,1,9,9,6,6,,,,,,8,7,4.5,1,,,,
2026-02-11,9.2,4.58,4.75,0.3,,,100,94.9,89,78,6.1,3.8,3.7,1.3,12,7.29,6,0,,,102.3,102.13,102.13,101.96,102.06,101.89,101.89,101.72,48300,41658.3,24950,1600,2.7,2,1.8,1,13.2,0,0,0,0,0,0,0,,07:28:00,1770823680,7.47,17:29:00,1770859740,17.48,10.02,1,1,10,11,2,4,,,,,,8,3.4,4,0,,,,
2026-02-10,10.8,6.57,6.85,2.9,,,100,93.6,85.5,71,7.3,5.5,5.3,3.3,14,7.83,7,0,,,102.13,101.89,101.93,101.73,101.89,101.65,101.69,101.49,48300,39912.5,36200,24100,2.5,1.7,1.8,1,11.2,0,1.8,0,0,0.2,0.2,0,,07:29:00,1770737340,7.48,17:27:00,1770773220,17.45,9.97,1,1,9,10,3,5,,,,,,8,4.3,4,0,,,,
2026-02-09,9.1,6.42,4.84,0.6,,,100,96.8,94,88,7.5,5.9,4,0.6,22,10.75,11,0,32,14,102.45,102.28,102.28,102.12,102.21,102.05,102.04,101.88,48300,29304.2,30600,12900,2.5,1.8,1.8,1,13.2,0,0,0,0,0.5,0.5,0,,07:31:00,1770651060,7.52,17:25:00,1770686700,17.42,9.9,1,1,9,9,5,5,,,,,,8,7,6,4,,,,
2026-02-08,10.2,4.91,5.55,0.9,,,100,92.8,87,74,6.9,3.8,3.9,0.9,29,7.38,14.5,0,42,24,102.25,102.11,102.1,101.95,102.01,101.87,101.86,101.71,48300,36358.3,24950,1600,3,2.1,2,1,12.4,0,0.6,0,0,0,0,0,,07:32:00,1770564720,7.53,17:24:00,1770600240,17.4,9.87,1,1,9,9,5,5,,,,,,5,2.2,2.5,0,,,,
2026-02-07,10.8,7.59,7.3,3.8,,,100,96.3,87,74,9.7,7,6.8,3.9,26,9.88,13,0,36,26,102.02,101.58,101.68,101.35,101.78,101.34,101.44,101.11,48300,25816.7,24550,800,2.4,1.8,1.7,1,10.7,0,2.3,0.3,0,10.4,10.4,0,,07:34:00,1770478440,7.57,17:22:00,1770513720,17.37,9.8,,,11,11,4,4,,,,,,8,5.4,4,0,,,,
2026-02-06,9.1,5.17,4.84,0.6,,,100,98.6,96,92,8,5,4.8,1.6,11,6.54,5.5,0,,,101.85,101.77,101.78,101.71,101.61,101.53,101.54,101.47,48300,28237.5,24350,400,2,1.5,1.5,1,13.2,0,0,0,0,0,0,0,,07:36:00,1770392160,7.6,17:20:00,1770427200,17.33,9.73,1,1,11,11,6,6,,,,,,8,4.8,4.5,1,,,,
2026-02-05,13.9,7.14,8.35,2.8,,,100,95.3,88.5,77,10.3,6.4,6.7,3,12,7.08,6,0,,,102.49,102.01,102.07,101.65,102.25,101.77,101.83,101.41,48300,41658.3,24550,800,2,1.3,1.5,1,9.7,0,3.4,1.4,0,0,0,0,,07:37:00,1770305820,7.62,17:19:00,1770340740,17.32,9.7,2,2,14,14,4,5,,,,,,6,2.8,3,0,,,,
2026-02-04,12.4,8.3,8.69,5,,,100,99,95.5,91,10.6,8.2,8,5.4,13,7.29,6.5,0,,,102.72,102.6,102.61,102.5,102.48,102.36,102.37,102.26,48300,37650,24350,400,2,1.2,1.5,1,9.3,0,3.7,1.7,0,0,0,0,,07:38:00,1770219480,7.63,17:17:00,1770254220,17.28,9.65,1,1,13,13,6,6,,,,,,8,6.3,4.5,1,,,,
2026-02-03,10.5,9.11,9.4,8.3,,,100,99.5,95.5,91,10.3,9,9.4,8.5,18,5.88,9,0,,,102.89,102.79,102.76,102.63,102.65,102.55,102.52,102.39,48300,24608.3,26550,4800,1.6,1.4,1.3,1,8.6,0,4.4,2.4,0,1.1,1.1,0,,07:40:00,1770133200,7.67,17:16:00,1770167760,17.27,9.6,1,1,11,11,8,8,,,,,,8,7.9,7.5,7,,,,
2026-02-02,9.3,8.6,8.25,7.2,,,100,99.4,97.5,95,9.2,8.5,8.2,7.3,30,11.88,15,0,48,11,102.78,102.35,102.44,102.1,102.54,102.11,102.2,101.86,32200,8100,16900,1600,2.2,1.8,1.6,1,9.8,0,3.2,1.2,0,11.9,11.9,0,,07:41:00,1770046860,7.68,17:14:00,1770081240,17.23,9.55,,,10,10,9,9,,,,,,8,8,8,8,,,,
2026-02-01,11.8,9,9.35,6.9,,,100,99,96,92,10.9,8.8,9.1,7.3,17,10.08,8.5,0,32,17,102.23,101.69,101.75,101.27,101.99,101.45,101.51,101.03,48300,27762.5,26550,4800,2.5,1.6,1.8,1,8.7,0,4.3,2.4,0,14.1,14.1,0,,07:43:00,1769960580,7.72,17:12:00,1769994720,17.2,9.48,1,1,11,12,7,7,,,,,,8,7.4,6.5,5,,,,
2026-01-31,9.8,9.01,9.05,8.3,,,100,100,100,100,9.6,9,8.8,8,15,7.04,7.5,0,,,102.41,101.95,101.89,101.38,102.17,101.71,101.65,101.14,48300,27762.5,30600,12900,1.6,1.4,1.4,1.3,8.9,0,4,2,0,6.9,6.9,0,,07:44:00,1769874240,7.73,17:11:00,1769908260,17.18,9.45,1,1,10,11,7,8,,,,,,8,7.5,6.5,5,,,,
2026-01-30,10.7,9.75,9.75,8.8,,,100,95,91,82,9.9,9,8.8,7.7,31,16.75,15.5,0,46,15,102.42,101.95,101.99,101.55,102.18,101.71,101.74,101.31,48300,37629.2,29000,9700,2.4,1.9,1.7,1,8.2,0,4.8,2.8,0,6.3,6.3,0,,07:45:00,1769787900,7.75,17:09:00,1769821740,17.15,9.4,,,10,10,8,8,,,,,,8,7.2,6.5,5,,,,
2026-01-29,10.6,9.7,9.69,8.8,,,100,96.6,96,92,9.6,9.2,9.2,8.8,29,20.83,19,9,45,15,102.27,102.09,102.11,101.94,102.03,101.85,101.86,101.7,48300,38237.5,40250,32200,2.1,1.8,1.6,1,8.3,0,4.7,2.7,0,10.3,10.3,0,,07:47:00,1769701620,7.78,17:08:00,1769735280,17.13,9.35,1,1,11,11,8,9,,,,,,8,7.4,7,6,,,,
2026-01-28,9.7,8.55,7.05,4.4,,,100,95.5,93.5,87,9.2,7.9,7.8,6.5,25,15.62,15,5,42,16,102.36,102.18,102.06,101.77,102.12,101.94,101.83,101.53,48300,39108.3,30600,12900,2.3,1.9,1.6,1,10.9,0,2,0,0,3.2,3.2,0,,07:48:00,1769615280,7.8,17:06:00,1769648760,17.1,9.3,1,1,10,10,9,9,,,,,,8,7.4,5,2,,,,
2026-01-27,7.8,3.98,3.5,-0.8,,-4,96,84.8,77.5,59,4,1.5,1.2,-1.5,12,7.46,6,0,,,102.35,101.95,101.97,101.59,102.11,101.71,101.73,101.35,48300,43604.2,40250,32200,2.7,2.2,2.3,1.9,14.5,0,0,0,0,0,0,0,,07:49:00,1769528940,7.82,17:04:00,1769562240,17.07,9.25,1,1,9,9,6,6,,,,,,8,7.4,6.5,5,,,,
2026-01-26,5.2,1.1,1.45,-2.3,,-5,99,91.1,84.5,70,2,-0.3,0.1,-1.8,13,8.88,9,5,,,102.43,102.35,102.33,102.24,102.19,102.11,102.1,102,48300,40912.5,36200,24100,3,2.2,2.4,1.8,16.6,0,0,0,0,0,0,0,,07:50:00,1769442600,7.83,17:03:00,1769475780,17.05,9.22,1,1,5,5,2,2,,,,,,8,6.6,6,4,,,,
2026-01-25,5.3,0,0.84,-3.6,,-6,99,94.9,86.5,74,1.5,-0.8,-0.8,-3,13,7.71,6.5,0,,,102.49,102.35,102.36,102.22,102.25,102.11,102.12,101.98,48300,32233.3,24350,400,3,2.4,2.5,2,17.2,0,0,0,0,0,0,0,,07:51:00,1769356260,7.85,17:01:00,1769389260,17.02,9.17,1,1,5,5,-1,0,,,,,,8,5,4.5,1,,,,
2026-01-24,5.4,0.12,0.6,-4.2,,-6,99,92,86.5,74,1.4,-1.1,-1.1,-3.6,10,6.5,5,0,,,102.94,102.7,102.71,102.47,102.7,102.46,102.47,102.23,48300,44945.8,40250,32200,4,2.2,2.5,1,17.4,0,0,0,0,0,0,0,,07:52:00,1769269920,7.87,17:00:00,1769302800,17,9.13,1,1,6,6,-2,-2,,,,,,6,2.9,3,0,,,,
2026-01-23,7,1.99,2.8,-1.4,,-4,100,88.6,80,60,2.4,0.2,-0.4,-3.3,20,10.75,12,4,,,102.95,102.74,102.68,102.42,102.71,102.5,102.44,102.18,48300,40587.5,28200,8100,3,2.1,2.3,1.6,15.2,0,0,0,0,0,0,0,,07:53:00,1769183580,7.88,16:58:00,1769216280,16.97,9.08,1,1,8,8,-2,-2,,,,,,7,2.5,3.5,0,,,,
2026-01-22,5.2,1.87,1.3,-2.6,,-4,100,97.6,93,86,4,1.5,0.8,-2.4,12,6.21,6,0,,,102.43,102.26,102.28,102.14,102.19,102.02,102.05,101.9,48300,26512.5,24550,800,3,2,2.4,1.8,16.7,0,0,0,0,0,0,0,,07:54:00,1769097240,7.9,16:57:00,1769129820,16.95,9.05,1,1,6,6,0,0,,,,,,8,6.6,4.5,1,,,,
2026-01-21,8.3,1.92,3.05,-2.2,,-5,99,90.4,80.5,62,3.1,0.4,0.6,-1.8,9,6.67,4.5,0,,,102.46,102.36,102.35,102.24,102.22,102.12,102.11,102,48300,44275,40250,32200,3,2.3,2,1,14.9,0,0,0,0,0,0,0,,07:55:00,1769010900,7.92,16:55:00,1769043300,16.92,9,1,1,8,8,-1,-1,,,,,,5,1.8,2.5,0,,,,
2026-01-20,10.9,3.3,4.65,-1.6,,-3,100,91.9,79.5,59,4.3,1.9,1.6,-1.2,15,7.33,9,3,,,102.62,102.49,102.52,102.41,102.38,102.25,102.27,102.17,48300,37808.3,24650,1000,1.6,1.3,1.3,1,13.3,0,0,0,0,0,0,0,,07:56:00,1768924560,7.93,16:54:00,1768956840,16.9,8.97,1,1,10,10,1,1,,,,,,6,1.9,3,0,,,,
2026-01-19,9.8,3.21,4.6,-0.6,,-4,100,92.8,84.5,69,5.3,2,2.4,-0.6,10,5.92,5,0,,,102.85,102.67,102.63,102.41,102.61,102.43,102.39,102.17,48300,44945.8,40250,32200,2.1,1.5,1.6,1,13.4,0,0,0,0,0,0,0,,07:57:00,1768838220,7.95,16:52:00,1768870320,16.87,8.92,1,1,11,11,0,0,,,,,,3,1,1.5,0,,,,
2026-01-18,11,3.83,5.09,-0.8,,,100,90.8,81,62,5.8,2.3,3,0.1,11,6.75,5.5,0,,,102.84,102.71,102.72,102.61,102.6,102.47,102.49,102.37,48300,43604.2,40250,32200,,,,,12.9,0,0.1,0,0,0,0,0,,07:58:00,1768751880,7.97,16:51:00,1768783860,16.85,8.88,1,1,10,10,0,0,,,,,,4,1.2,2,0,,,,
2026-01-17,10.2,3.7,4.94,-0.3,,-1,100,93,83.5,67,6,2.5,2.8,-0.3,12,6.25,6,0,,,102.93,102.72,102.74,102.56,102.69,102.48,102.51,102.32,48300,44945.8,40250,32200,,,,,13.1,0,0,0,0,0,0,0,,07:59:00,1768665540,7.98,16:49:00,1768697340,16.82,8.83,1,1,10,10,2,2,,,,,,1,0.2,0.5,0,,,,
2026-01-16,10.2,4.83,5.5,0.8,,,100,93.1,85.5,71,5.7,3.7,3.6,1.6,14,7.62,7,0,,,103.29,103.11,103.12,102.95,103.05,102.87,102.88,102.71,48300,48300,48300,48300,,,,,12.5,0,0.5,0,0,0,0,0,,07:59:00,1768579140,7.98,16:48:00,1768610880,16.8,8.82,1,1,11,12,1,2,,,,,,3,0.7,1.5,0,,,,
2026-01-15,10.4,7.63,6.85,3.3,,,100,94.8,91,82,8.4,6.8,6.3,4.3,23,9.62,11.5,0,,,103.55,103.39,103.38,103.21,103.31,103.15,103.14,102.97,48300,38979.2,28200,8100,,,,,11.2,0,1.8,0,0,0,0,0,,08:00:00,1768492800,8,16:46:00,1768524360,16.77,8.77,1,1,11,11,3,4,,,,,,8,4.1,4,0,,,,
2026-01-14,10.9,8.53,7.95,5,,,100,99.2,98,96,10.2,8.4,8.1,5.9,8,4,4,0,,,103.51,103.25,103.32,103.12,103.27,103.01,103.07,102.88,48300,16354.2,24350,400,,,,,10.1,0,3,1,0,0.2,0.2,0,,08:01:00,1768406460,8.02,16:45:00,1768437900,16.75,8.73,1,1,10,11,6,6,,,,,,8,6,5,2,,,,
2026-01-13,11.5,10.55,10.55,9.6,,,100,100,100,100,11.5,10.6,10.6,9.7,17,6.38,8.5,0,,,103.1,102.93,102.86,102.61,102.86,102.69,102.62,102.37,24100,8008.3,12850,1600,,,,,7.5,0,5.5,3.5,0.6,0,0,0,,08:02:00,1768320120,8.03,16:44:00,1768351440,16.73,8.7,1,1,12,12,8,8,,,,,,8,7.6,6.5,5,,,,
2026-01-12,11.2,9.88,9.89,8.6,,,100,100,100,100,11.1,9.9,10.1,9,32,19.62,22,12,41,15,102.61,102.36,102.29,101.97,102.37,102.12,102.05,101.73,32200,16362.5,18500,4800,,,,,8.1,0,4.9,2.9,0,18.3,18.3,0,,08:02:00,1768233720,8.03,16:42:00,1768264920,16.7,8.67,,,13,13,9,9,,,,,,8,7.8,7,6,,,,
2026-01-11,9.2,8.35,8.35,7.5,,,100,97.2,95,90,8.9,7.9,7.8,6.8,31,18.71,18,5,45,12,102.66,102.35,102.33,102,102.42,102.11,102.09,101.76,48300,24337.5,26550,4800,,,,,9.7,0,3.4,1.4,0,19.9,19.9,0,,08:03:00,1768147380,8.05,16:41:00,1768178460,16.68,8.63,,,9,9,8,8,,,,,,8,7.8,7.5,7,,,,
2026-01-10,8.2,6.35,5.75,3.3,,,100,98,93.5,87,7.4,6,6,4.6,21,8.17,10.5,0,35,13,102.97,102.73,102.74,102.52,102.73,102.49,102.51,102.28,48300,34570.8,26150,4000,,,,,12.2,0,0.8,0,0,5.8,5.8,0,,08:03:00,1768060980,8.05,16:40:00,1768092000,16.67,8.62,,,8,8,7,7,,,,,,8,7.4,7,6,,,,
2026-01-09,8.8,6.53,6.55,4.3,,,100,95.2,94,88,7,5.8,5.5,3.9,25,9.58,12.5,0,32,17,103.12,102.98,102.93,102.74,102.88,102.74,102.69,102.5,48300,48300,48300,48300,,,,,11.4,0,1.6,0,0,0,0,0,,08:04:00,1767974640,8.07,16:38:00,1768005480,16.63,8.57,1,1,9,10,5,5,,,,,,8,6.8,6.5,5,,,,
2026-01-08,8.1,4.14,3.59,-0.9,,-5,96,84.9,84,72,5.1,1.8,2,-1.2,18,8.17,9,0,27,27,102.7,102.05,101.88,101.05,102.46,101.81,101.63,100.81,48300,48300,48300,48300,2.6,2,1.8,1,14.4,0,0,0,0,0,0,0,,08:04:00,1767888240,8.07,16:37:00,1767919020,16.62,8.55,1,1,8,10,6,6,,,,,,8,5.1,4,0,,,,
2026-01-07,7,4.22,4.2,1.4,,,99,88.7,86,73,4.3,2.5,2.4,0.5,23,12.25,14.5,6,46,14,100.94,100.56,100.62,100.29,100.7,100.32,100.38,100.06,48300,43941.7,28200,8100,2.6,2.2,1.8,1,13.8,0,0,0,0,3.1,3.1,0,,08:04:00,1767801840,8.07,16:36:00,1767832560,16.6,8.53,,,7,7,4,4,,,,,,8,6.3,5,2,,,,
2026-01-06,7,5.4,5.09,3.2,,,98,89.3,85.5,73,5.5,3.7,3,0.5,27,18.04,17.5,8,39,21,101.21,100.54,100.73,100.25,100.97,100.3,100.49,100.02,48300,35266.7,33800,19300,2.5,1.8,1.8,1,12.9,0,0.1,0,0,16.8,16.8,0,,08:05:00,1767715500,8.08,16:35:00,1767746100,16.58,8.5,,,7,8,5,6,,,,,,8,6.4,4.5,1,,,,
2026-01-05,7.4,4.62,5.09,2.8,,,100,92.2,89.5,79,5.1,3.4,3.2,1.3,19,9.17,11.5,4,,,101.49,101.19,100.99,100.48,101.25,100.96,100.75,100.25,48300,36491.7,28200,8100,2.4,2,1.7,1,12.9,0,0.1,0,0,1,1,0,,08:05:00,1767629100,8.08,16:34:00,1767659640,16.57,8.48,1,1,7,7,5,5,,,,,,8,6.3,5,2,,,,
2026-01-04,10.4,7.54,7.05,3.7,,,100,86,80,60,8.4,5.2,5.4,2.4,32,16.29,17.5,3,50,23,100.43,99.75,99.8,99.16,100.2,99.52,99.56,98.93,48300,36750,30600,12900,2.8,2,1.9,1,10.9,0,2,0,0,1.8,1.8,0,,08:05:00,1767542700,8.08,16:32:00,1767573120,16.53,8.45,1,1,8,9,4,4,,,,,,8,7.2,7,6,,,,
2026-01-03,9.6,7.38,7.5,5.4,,,100,99.3,97,94,9,7.3,7.2,5.5,16,6.79,8,0,,,100.25,99.66,99.71,99.17,100.02,99.43,99.48,98.94,48300,23816.7,29000,9700,2,1.4,1.5,1,10.5,0,2.5,0.5,0,8.4,8.4,0,,08:05:00,1767456300,8.08,16:31:00,1767486660,16.52,8.43,,,8,9,8,8,,,,,,8,7.8,7,6,,,,
2026-01-02,5.9,5.03,4.7,3.5,,,100,99.7,99,98,5.7,5,4.8,3.8,13,7.58,8.5,4,,,101.22,100.95,100.8,100.37,100.98,100.72,100.56,100.14,32200,18775,18500,4800,2,2,1.8,1.6,13.3,0,0,0,0,2,2,0,,08:05:00,1767369900,8.08,16:30:00,1767400200,16.5,8.42,1,1,7,7,6,6,,,,,,8,7.5,7,6,,,,
2026-01-01,4.9,3.45,3.45,2,,,100,98.9,98.5,97,4.7,3.3,3.4,2,10,7.62,6.5,3,,,101.29,100.99,101.06,100.84,101.05,100.75,100.83,100.6,32200,13566.7,16300,400,3,1.9,2.2,1.5,14.6,0,0,0,0,0,0,0,,08:05:00,1767283500,8.08,16:29:00,1767313740,16.48,8.4,1,1,6,6,3,4,,,,,,8,6.8,4.5,1,,,,
2025-12-31,6,2.55,2.9,-0.2,,,99,97.2,93,87,4,2.2,2.4,0.7,12,7.17,6,0,,,102.26,101.85,101.8,101.33,102.02,101.61,101.55,101.09,48300,23979.2,24350,400,2,1.8,1.7,1.4,15.1,0,0,0,0,0,0,0,,08:05:00,1767197100,8.08,16:28:00,1767227280,16.47,8.38,1,1,8,8,1,1,,,,,,8,4,4,0,,,,
2025-12-30,4.4,2.27,1.8,-0.8,,-2,100,98.9,99,98,3.9,2.1,1.8,-0.3,13,8.46,8.5,4,,,102.96,102.58,102.62,102.29,102.72,102.34,102.39,102.05,32200,19845.8,16500,800,2,1.6,1.5,1,16.2,0,0,0,0,0,0,0,,08:05:00,1767110700,8.08,16:27:00,1767140820,16.45,8.37,1,1,8,8,2,2,,,,,,8,6,4.5,1,,,,
2025-12-29,5.6,2.96,2.8,0,,,99,92.7,88,77,3.4,1.8,2,0.5,14,6.67,7,0,,,103.64,103.39,103.34,103.04,103.4,103.15,103.1,102.8,48300,44945.8,40250,32200,2,1.7,1.5,1,15.2,0,0,0,0,0,0,0,,08:05:00,1767024300,8.08,16:26:00,1767054360,16.43,8.35,1,1,8,8,1,1,,,,,,8,5.9,4.5,1,,,,
2025-12-28,4.4,2.13,1.85,-0.7,,,99,93.2,88.5,78,2.2,1.1,0.6,-0.9,9,5.08,4.5,0,,,103.78,103.69,103.64,103.51,103.53,103.44,103.39,103.26,48300,43604.2,40250,32200,2.1,1.7,1.6,1,16.1,0,0,0,0,0,0,0,,08:05:00,1766937900,8.08,16:25:00,1766967900,16.42,8.33,1,1,5,6,2,3,,,,,,8,7.4,7,6,,,,
2025-12-27,3.9,1.38,0.84,-2.2,,-4,98,79.2,76,54,0.1,-2.2,-2.5,-5.2,19,8.71,9.5,0,,,103.46,102.6,102.38,101.29,103.22,102.36,102.14,101.05,48300,43062.5,33800,19300,2.7,2,1.8,1,17.2,0,0,0,0,0,0,0,,08:05:00,1766851500,8.08,16:25:00,1766881500,16.42,8.33,1,1,4,5,0,0,,,,,,8,5.8,4.5,1,,,,
2025-12-26,7.1,3.83,4.2,1.3,,,100,90.7,82.5,65,5.2,2.3,2.2,-0.7,21,11.21,10.5,0,33,25,101.17,100.35,100.59,100.02,100.93,100.12,100.36,99.79,48300,45616.7,40250,32200,2.9,2.1,2,1,13.8,0,0,0,0,0.5,0.5,0,,08:04:00,1766765040,8.07,16:24:00,1766795040,16.4,8.33,1,1,6,6,1,1,,,,,,8,4.6,4.5,1,,,,
2025-12-25,5.3,3.33,2.75,0.2,,,100,95.5,91.5,83,3.8,2.6,2.5,1.1,18,9,9,0,,,100.6,100.37,100.41,100.22,100.36,100.13,100.17,99.99,48300,42054.2,33800,19300,1.8,1.7,1.4,1,15.2,0,0,0,0,2.8,2.8,0,,08:04:00,1766678640,8.07,16:23:00,1766708580,16.38,8.32,,,5,5,2,3,,,,,,8,6.7,5,2,,,,
2025-12-24,5.2,3.59,2.5,-0.2,,,100,94.8,91.5,83,4.4,2.8,2.5,0.6,24,10,12,0,29,27,100.66,100.06,100.05,99.43,100.42,99.83,99.81,99.2,48300,34745.8,29000,9700,3,1.9,2,1,15.5,0,0,0,0,2.9,2.9,0,,08:04:00,1766592240,8.07,16:23:00,1766622180,16.38,8.32,,,5,5,2,2,,,,,,8,6.6,4.5,1,,,,
2025-12-23,7.3,5.05,4.4,1.5,,,99,87.8,89.5,80,4.6,3.1,3,1.5,19,10.71,11.5,4,41,21,101.04,100.88,100.78,100.51,100.8,100.64,100.54,100.28,48300,39912.5,36200,24100,2.3,2.1,1.6,1,13.6,0,0,0,0,0.7,0.7,0,,08:03:00,1766505780,8.05,16:22:00,1766535720,16.37,8.32,,,8,8,4,4,,,,,,8,7.4,6,4,,,,
2025-12-22,8,5.22,4.8,1.6,,,98,89.2,88.5,79,5.8,3.5,3.2,0.7,28,15.79,16,4,46,14,100.9,100.6,100.54,100.18,100.66,100.37,100.31,99.95,48300,28904.2,28200,8100,2.5,2.2,2.2,1.9,13.2,0,0,0,0,4.7,4.7,0,,08:03:00,1766419380,8.05,16:21:00,1766449260,16.35,8.3,,,8,9,4,4,,,,,,8,5.9,4.5,1,,,,
2025-12-21,8.3,5.9,5.4,2.5,,,100,92.5,90,80,6.5,4.8,4,1.6,26,10.25,13,0,46,26,100.7,100.28,100.37,100.04,100.47,100.05,100.14,99.81,48300,38229.2,36200,24100,2.5,1.9,1.8,1,12.6,0,0.4,0,0,4.7,4.7,0,,08:02:00,1766332920,8.03,16:21:00,1766362860,16.35,8.32,,,8,8,5,5,,,,,,8,6.7,4.5,1,,,,
2025-12-20,6.9,5.42,5.09,3.3,,,98,92.9,91.5,85,5.4,4.3,4,2.6,26,14.92,15.5,5,46,17,101.11,100.98,100.94,100.78,100.87,100.74,100.71,100.54,48300,36554.2,32200,16100,2.4,2.1,1.7,1,12.9,0,0.1,0,0,4.9,4.9,0,,08:02:00,1766246520,8.03,16:20:00,1766276400,16.33,8.3,,,8,8,5,5,,,,,,8,6.7,6,4,,,,
2025-12-19,6.2,3.75,3.35,0.5,,,98,88.9,84,70,3.9,2.1,1.6,-0.6,27,12.38,15,3,54,22,101.01,100.55,100.48,99.94,100.77,100.31,100.24,99.71,48300,42933.3,32200,16100,2.9,2.4,2,1,14.7,0,0,0,0,6.9,6.9,0,,08:01:00,1766160060,8.02,16:20:00,1766190000,16.33,8.32,1,1,8,8,3,5,,,,,,8,5.5,4,0,,,,
2025-12-18,10.7,6.68,8,5.3,,,100,87.7,80.5,61,8.8,4.7,4.6,0.4,39,21.08,21.5,4,63,15,101.29,99.83,100.04,98.79,101.05,99.6,99.81,98.56,48300,38370.8,29800,11300,2.4,2,1.7,1,10,0,3,1,0,5.5,5.5,0,,08:01:00,1766073660,8.02,16:20:00,1766103600,16.33,8.32,,,12,12,4,4,,,,,,8,6.4,4,0,,,,
2025-12-17,9.7,6.74,7.25,4.8,,,97,78.9,79,61,6.1,3.2,3,-0.2,41,19.29,23.5,6,59,28,101.72,101,100.47,99.21,101.48,100.76,100.23,98.98,48300,38304.2,30600,12900,2.7,2.4,1.8,1,10.8,0,2.2,0.2,0,6.6,6.6,0,,08:00:00,1765987200,8,16:19:00,1766017140,16.32,8.32,1,1,9,9,6,6,,,,,,8,5.9,5,2,,,,
2025-12-16,10.1,8.58,7.19,4.3,,,100,96.5,85,70,9.7,8,6.7,3.7,27,15.67,15,3,55,13,101.57,100.55,100.24,98.9,101.34,100.32,100,98.67,32200,17783.3,19300,6400,2.4,2.1,1.7,1,10.8,0,2.2,0.2,0,32.9,32.9,0,,07:59:00,1765900740,7.98,16:19:00,1765930740,16.32,8.33,,,12,12,6,7,,,,,,8,7.8,6.5,5,,,,
2025-12-15,16.8,10.76,10.9,5,,,100,84.9,83,66,12.7,8.2,7.9,3.1,49,23.42,26.5,4,81,20,101.58,100.76,100.91,100.23,101.35,100.53,100.67,100,48300,22854.2,25750,3200,2.4,1.8,1.7,1,7.1,0,5.9,3.9,0.9,15.9,15.9,0,,07:58:00,1765814280,7.97,16:19:00,1765844340,16.32,8.35,1,1,14,17,7,7,,,,,,8,5.8,5,2,,,,
2025-12-14,10.9,9.95,9.15,7.4,,,100,98.7,97.5,95,10.4,9.7,9.2,8.1,26,12.71,13,0,39,16,101.42,101.18,101.14,100.87,101.19,100.95,100.92,100.64,48300,32987.5,33800,19300,1.5,1.3,1.2,1,8.8,0,4.2,2.1,0,7.7,7.7,0,,07:58:00,1765727880,7.97,16:19:00,1765757940,16.32,8.35,,,12,12,11,11,,,,,,8,7.7,7.5,7,,,,
2025-12-13,10.4,8.54,7.8,5.2,,,100,98.8,96.5,93,9.9,8.4,8.1,6.3,15,7.12,7.5,0,,,101.75,101.42,101.35,100.95,101.51,101.18,101.12,100.72,48300,26083.3,24550,800,1.5,1.3,1.2,1,10.2,0,2.8,0.8,0,0,0,0,,07:57:00,1765641420,7.95,16:18:00,1765671480,16.3,8.35,1,1,10,10,7,8,,,,,,8,7.2,5,2,,,,
2025-12-12,9.6,8.14,8.25,6.9,,,100,99.8,99.5,99,9.3,8.1,8.1,6.9,18,8.5,9,0,28,15,102.33,102.01,102.03,101.72,102.09,101.77,101.78,101.48,32200,17633.3,19300,6400,2,1.7,1.5,1,9.8,0,3.2,1.2,0,1.4,1.4,0,,07:56:00,1765554960,7.93,16:18:00,1765585080,16.3,8.37,,,10,10,9,9,,,,,,8,7.5,7,6,,,,
2025-12-11,12,8.85,9.69,7.4,,,100,88.4,84,68,8,7,6.8,5.6,25,8.54,12.5,0,41,28,102.4,102.16,101.98,101.56,102.16,101.92,101.75,101.33,48300,42604.2,28200,8100,3.3,2.5,2.1,1,8.3,0,4.7,2.7,0,3.4,3.4,0,,07:55:00,1765468500,7.92,16:18:00,1765498680,16.3,8.38,1,1,10,10,7,7,,,,,,8,7.5,7,6,,,,
2025-12-10,14.6,10.26,11.2,7.8,,,100,94.3,87.5,75,12.4,9.3,9.8,7.3,38,13.42,19,0,54,28,101.49,101,101.13,100.77,101.26,100.77,100.9,100.54,48300,24820.8,27350,6400,3.1,2.3,2,1,6.8,0,6.2,4.2,1.2,32,32,0,,07:54:00,1765382040,7.9,16:18:00,1765412280,16.3,8.4,,,12,12,8,9,,,,,,8,7.8,7.5,7,,,,
2025-12-09,10.9,9.3,9.19,7.5,,,100,86.2,80,60,9,7,6,3.1,32,15.54,18.5,5,45,25,102.05,101.62,101.51,100.97,101.81,101.38,101.27,100.74,48300,32125,27350,6400,2.9,2.3,2.4,1.9,8.8,0,4.2,2.2,0,9.6,9.6,0,,07:53:00,1765295580,7.88,16:18:00,1765325880,16.3,8.42,1,1,10,10,10,10,,,,,,8,7.9,7.5,7,,,,
2025-12-08,14.6,10.4,11.6,8.6,,,100,91.7,85.5,71,12.1,9,8.8,5.5,35,17.25,19,3,58,22,101.94,101.14,101.25,100.55,101.7,100.91,101.01,100.32,24100,16433.3,16100,8100,2.6,2.1,1.8,1,6.4,0,6.6,4.6,1.6,15.4,15.4,0,,07:52:00,1765209120,7.87,16:19:00,1765239540,16.32,8.45,,,14,15,8,9,,,,,,8,8,8,8,,,,
2025-12-07,12.6,9.76,10.35,8.1,,,100,87.5,82,64,10,7.7,7,4.1,32,13.46,16,0,54,23,102,101.42,101.49,100.98,101.76,101.19,101.26,100.75,48300,33387.5,30600,12900,2.5,1.8,1.8,1,7.7,0,5.3,3.4,0.4,2.5,2.5,0,,07:51:00,1765122660,7.85,16:19:00,1765153140,16.32,8.47,,,11,11,8,9,,,,,,8,6.9,5.5,3,,,,
2025-12-06,12.7,10.16,10.5,8.3,,,97,75.3,79.5,62,8,5.9,6.2,4.4,40,17.17,24.5,9,71,24,101.74,101.31,101.15,100.57,101.5,101.08,100.92,100.34,48300,44945.8,40250,32200,2.4,2.3,1.7,1,7.5,0,5.5,3.5,0.5,0,0,0,,07:50:00,1765036200,7.83,16:19:00,1765066740,16.32,8.48,1,1,11,12,7,7,,,,,,8,5.6,5,2,,,,
2025-12-05,13.2,9.33,10.1,7,,,100,90.7,85.5,71,9.6,7.8,8,6.4,29,11.92,16,3,46,24,102.08,100.87,101.17,100.25,101.84,100.64,100.93,100.02,48300,24516.7,25350,2400,2.3,1.8,1.7,1.1,7.9,0,5.1,3.1,0.1,5.3,5.3,0,,07:49:00,1764949740,7.82,16:19:00,1764980340,16.32,8.5,,,11,11,9,9,,,,,,8,6.6,6.5,5,,,,
2025-12-04,7.4,7.05,6.95,6.5,,,100,99.7,99,98,7.2,7,6.8,6.5,18,9.88,9,0,,,102.56,102.34,102.36,102.15,102.32,102.1,102.12,101.91,16100,9083.3,10450,4800,1.3,1.1,1.1,1,11.1,0,2,0,0,11,11,0,,07:47:00,1764863220,7.78,16:20:00,1764894000,16.33,8.55,,,7,8,7,7,,,,,,8,7.6,6,4,,,,
2025-12-03,6.7,5.65,3.9,1.1,,,100,99.1,99,98,7,5.5,4.8,2.5,13,3.67,6.5,0,,,102.83,102.73,102.72,102.6,102.59,102.49,102.47,102.36,32200,12225,17700,3200,2,1.6,1.6,1.3,14.1,0,0,0,0,1.5,1.5,0,,07:46:00,1764776760,7.77,16:20:00,1764807600,16.33,8.57,1,1,7,7,6,6,,,,,,8,7.9,7.5,7,,,,
2025-12-02,7,5.42,4.59,2.2,,,100,99.1,97.5,95,6.4,5.3,3.8,1.2,9,4.04,4.5,0,,,102.82,102.5,102.47,102.11,102.58,102.26,102.23,101.87,48300,21520.8,26550,4800,2,1.5,1.5,1,13.4,0,0,0,0,1.2,1.2,0,,07:45:00,1764690300,7.75,16:20:00,1764721200,16.33,8.58,1,1,7,8,3,4,,,,,,8,7.4,5,2,,,,
2025-12-01,6.7,5.04,4.4,2.1,,,100,96.3,90,80,5.8,4.5,4.3,2.8,14,7.12,7,0,,,102.72,102.41,102.42,102.11,102.48,102.17,102.18,101.87,48300,22920.8,27350,6400,2.1,1.8,1.6,1,13.6,0,0,0,0,5.1,5.1,0,,07:44:00,1764603840,7.73,16:21:00,1764634860,16.35,8.62,1,1,7,7,4,4,,,,,,8,7.9,7.5,7,,,,
2025-11-30,7.2,3.57,3.75,0.3,,,99,92.8,84,69,4,2.4,2.1,0.2,9,6.35,6,3,,,102.77,102.65,102.6,102.43,102.53,102.41,102.36,102.19,48300,44800,40250,32200,3,1.8,2,1,14.2,0,0,0,0,0,0,0,,07:43:00,1764517380,7.72,16:21:00,1764548460,16.35,8.63,1,1,8,8,2,2,,,,,,8,5.2,4.5,1,,,,
2025-11-29,7.2,4.5,4.5,1.8,,,99,90.6,89,79,4.7,3.1,3,1.3,16,7.67,8,0,,,102.44,102.25,102.26,102.09,102.2,102.01,102.02,101.85,48300,44945.8,40250,32200,2,1.6,1.5,1,13.5,0,0,0,0,0,0,0,,07:41:00,1764430860,7.68,16:22:00,1764462120,16.37,8.68,,,8,8,2,2,,,,,,8,6.6,5.5,3,,,,
2025-11-28,10.4,6.42,6.85,3.3,,,99,85.1,75.5,52,6.6,3.9,3.5,0.5,23,9.79,13,3,32,29,102.65,102.39,102.26,101.88,102.41,102.14,102.03,101.64,48300,48300,48300,48300,2.2,1.8,1.6,1,11.2,0,1.8,0,0,0,0,0,,07:40:00,1764344400,7.67,16:23:00,1764375780,16.38,8.72,1,1,11,11,3,4,,,,,,7,4.5,3.5,0,,,,
2025-11-27,8.1,7.48,7.55,7,,,100,97.5,95.5,91,7.5,7.1,7.1,6.7,22,12.79,13,4,39,2,102.12,101.71,101.82,101.51,101.88,101.47,101.57,101.27,48300,28787.5,27350,6400,1.5,1.4,1.2,1,10.4,0,2.5,0.6,0,15.7,15.7,0,,07:38:00,1764257880,7.63,16:23:00,1764289380,16.38,8.75,,,9,9,5,5,,,,,,8,7.7,7,6,,,,
2025-11-26,8.2,7.34,7.35,6.5,,,100,99.2,98,96,7.9,7.2,7.2,6.5,14,8.58,9.5,5,,,102.54,102.35,102.31,102.08,102.3,102.11,102.07,101.84,48300,19712.5,25750,3200,2,1.6,1.5,1,10.7,0,2.4,0.4,0,2.1,2.1,0,,07:37:00,1764171420,7.62,16:24:00,1764203040,16.4,8.78,,,9,9,7,7,,,,,,8,8,7.5,7,,,,
2025-11-25,6.9,5.8,4.15,1.4,,,100,97.5,96.5,93,6.9,5.4,5.1,3.3,20,12.88,10,0,33,6,102.8,102.28,102.37,101.93,102.56,102.04,102.12,101.69,32200,18295.8,17700,3200,2.2,1.8,1.6,1,13.8,0,0,0,0,14.6,14.6,0,,07:36:00,1764084960,7.6,16:25:00,1764116700,16.42,8.82,,,7,7,5,5,,,,,,8,7.9,7.5,7,,,,
2025-11-24,9.1,4,4.34,-0.4,,,99,93.9,87.5,76,6,3.1,3.3,0.6,16,8.42,8,0,,,102.9,102.58,102.51,102.12,102.66,102.34,102.27,101.88,48300,38237.5,40250,32200,2.9,1.8,2,1,13.7,0,0,0,0,0,0,0,,07:34:00,1763998440,7.57,16:26:00,1764030360,16.43,8.87,,,8,8,3,4,,,,,,8,4.8,4,0,,,,
2025-11-23,10.6,7.43,7.05,3.5,,,100,93.8,86,72,10,6.4,6.1,2.2,16,5.88,8,0,,,102.07,101.77,101.75,101.43,101.83,101.53,101.51,101.2,48300,37495.8,26550,4800,2.2,1.9,1.6,1,10.9,0,2,0,0,7.9,7.9,0,,07:33:00,1763911980,7.55,16:26:00,1763943960,16.43,8.88,1,1,10,10,1,6,,,,,,8,6.6,4,0,,,,
2025-11-22,10.9,10.04,9.9,8.9,,,100,98.1,98.5,97,10.3,9.8,9.5,8.7,30,20.62,21.5,13,41,16,102.03,101.67,101.74,101.44,101.79,101.43,101.5,101.21,48300,42733.3,28200,8100,1.8,1.4,1.4,1,8.1,0,4.9,2.9,0,0,0,0,,07:31:00,1763825460,7.52,16:27:00,1763857620,16.45,8.93,,,10,10,7,9,,,,,,8,7.6,7.5,7,,,,
2025-11-21,9.9,8.38,6.6,3.3,,,100,95.2,94,88,9.6,7.6,6.8,4,30,17.38,15,0,39,15,102.31,102.19,102.2,102.09,102.07,101.95,101.96,101.85,48300,44275,32200,16100,2,1.4,1.5,1,11.4,0,1.6,0,0,0,0,0,,07:30:00,1763739000,7.5,16:28:00,1763771280,16.47,8.97,1,1,9,9,8,9,,,,,,8,7.3,6.5,5,,,,
2025-11-20,10.6,7.89,7.15,3.7,,,99,93.8,90.5,82,8.5,7,6.2,4,21,8.96,10.5,0,35,12,102.24,101.72,101.61,100.98,102,101.48,101.38,100.75,48300,48300,48300,48300,1.8,1.5,1.4,1,10.8,0,2.1,0.2,0,1,1,0,,07:29:00,1763652540,7.48,16:29:00,1763684940,16.48,9,1,1,11,11,6,6,,,,,,8,5.2,4.5,1,,,,
2025-11-19,9.1,5.65,5.8,2.5,,,99,92.5,86.5,74,6,4.5,4.6,3.2,17,8.83,10.5,4,27,4,102.17,101.44,101.55,100.93,101.93,101.2,101.31,100.69,48300,38508.3,24950,1600,2,1.4,1.5,1,12.2,0,0.8,0,0,0,0,0,,07:27:00,1763566020,7.45,16:30:00,1763598600,16.5,9.05,1,1,9,9,7,7,,,,,,8,6,4,0,,,,
2025-11-18,9.6,6.22,6.5,3.4,,,99,93.3,87.5,76,6.2,5.2,4.7,3.2,9,6.08,4.5,0,,,102.26,102.04,101.99,101.71,102.02,101.8,101.74,101.47,48300,39237.5,36200,24100,2,1.5,1.5,1,11.5,0,1.5,0,0,0,0,0,,07:26:00,1763479560,7.43,16:31:00,1763512260,16.52,9.08,,,9,9,3,3,,,,,,8,6.8,6,4,,,,
2025-11-17,10.6,8.21,7.9,5.2,,,99,91.4,89.5,80,8.7,6.9,6.8,4.8,17,7.29,8.5,0,33,24,101.67,101.07,100.97,100.28,101.43,100.84,100.74,100.05,48300,35212.5,36200,24100,2.1,1.9,1.6,1,10.1,0,2.9,0.9,0,0.2,0.2,0,,07:24:00,1763393040,7.4,16:32:00,1763425920,16.53,9.13,1,1,10,12,5,5,,,,,,8,7.2,5.5,3,,,,
2025-11-16,11,9.8,9.35,7.7,,,100,98.2,89,78,10.5,9.5,8.6,6.6,22,6.88,11,0,,,100.56,100.1,100.24,99.91,100.33,99.87,100.01,99.68,48300,18437.5,24950,1600,,,,,8.7,0,4.3,2.4,0,1.2,1.2,0,,07:23:00,1763306580,7.38,16:33:00,1763339580,16.55,9.17,,,11,11,10,10,,,,,,8,7.8,6.5,5,,,,
2025-11-15,9.4,8.38,8.35,7.3,,,100,99.4,99.5,99,9.2,8.3,8.2,7.3,12,6.25,6,0,,,101.61,101.29,101.14,100.66,101.37,101.05,100.9,100.43,48300,12508.3,24650,1000,,,,,9.7,0,3.4,1.4,0,2.4,2.4,0,,07:21:00,1763220060,7.35,16:35:00,1763253300,16.58,9.23,1,1,11,11,9,9,,,,,,8,7.8,6.5,5,,,,
2025-11-14,9.2,7.23,7.1,5,,,100,98,97.5,95,8.3,6.9,6.8,5.3,14,6.62,7,0,,,101.2,100.97,100.93,100.67,100.96,100.73,100.7,100.44,48300,34145.8,26550,4800,1.9,1.4,1.4,1,10.9,0,2.1,0.1,0,1.6,1.6,0,,07:20:00,1763133600,7.33,16:36:00,1763166960,16.6,9.27,1,1,9,9,7,7,,,,,,8,7.6,7,6,,,,
2025-11-13,10.6,8.49,7.8,5,,,100,99,99,98,10.5,8.4,8.2,5.8,13,5.33,6.5,0,28,4,100.71,100.32,100.37,100.03,100.48,100.09,100.14,99.8,48300,28979.2,24950,1600,2.1,1.6,1.6,1.2,10.2,0,2.8,0.8,0,11.2,11.2,0,,07:18:00,1763047080,7.3,16:37:00,1763080620,16.62,9.32,,,11,12,6,6,,,,,,8,7.5,6.5,5,,,,
2025-11-12,9.2,7.06,6.15,3.1,,,99,93.7,90,81,8.1,6.1,5.7,3.3,9,5.71,4.5,0,,,101.37,100.99,100.97,100.57,101.13,100.75,100.73,100.34,48300,43604.2,40250,32200,2.1,1.6,1.6,1,11.8,0,1.1,0,0,0.2,0.2,0,,07:16:00,1762960560,7.27,16:38:00,1762994280,16.63,9.37,1,1,9,9,9,9,,,,,,8,7.1,5,2,,,,
2025-11-11,10.9,7.02,6.4,1.9,,,98,88,86.5,75,7.2,5.1,4.4,1.6,12,6.96,6,0,,,102.5,102.07,101.96,101.42,102.26,101.83,101.72,101.18,48300,40920.8,40250,32200,2.2,1.9,1.6,1,11.6,0,1.4,0,0,0,0,0,,07:15:00,1762874100,7.25,16:39:00,1762907940,16.65,9.4,2,2,11,11,5,7,,,,,,8,5.6,4,0,,,,
2025-11-10,14.7,11.28,12.1,9.5,,,100,80,79.5,59,12.2,7.7,7.7,3.2,33,16.75,18.5,4,45,27,102.49,102.22,102.25,102.01,102.25,101.98,102.01,101.77,32200,27233.3,18500,4800,2.5,1.9,1.8,1,5.9,0,7.1,5.1,2.1,2.5,2.5,0,,07:13:00,1762787580,7.22,16:41:00,1762821660,16.68,9.47,1,1,14,15,4,6,,,,,,8,6.8,6,4,,,,
2025-11-09,13.8,9.07,9,4.2,,,100,86.4,79,58,10.3,6.8,7.2,4.2,14,7.88,7,0,,,102.15,102,101.98,101.81,101.91,101.77,101.74,101.57,48300,38641.7,28200,8100,2.1,1.6,1.6,1,9,0,4,2,0,0,0,0,,07:12:00,1762701120,7.2,16:42:00,1762735320,16.7,9.5,2,2,14,14,10,10,,,,,,8,6.3,4.5,1,,,,
2025-11-08,11.7,7.83,7.55,3.4,,,98,85.2,81.5,65,6.4,5.4,5.3,4.3,13,8.17,6.5,0,27,5,102.53,102.27,102.28,102.04,102.29,102.03,102.05,101.8,48300,44945.8,40250,32200,2.2,1.6,1.6,1,10.4,0,2.5,0.6,0,0,0,0,,07:10:00,1762614600,7.17,16:44:00,1762649040,16.73,9.57,2,2,10,11,6,7,,,,,,8,6.4,6,4,,,,
2025-11-07,13.1,8.85,9.05,5,,,98,78.5,79,60,6.9,5.2,5.4,3.9,23,14.42,13,3,48,22,102.52,102.04,101.81,101.11,102.28,101.8,101.58,100.88,48300,47629.2,40250,32200,3,2.5,2,1,8.9,0,4,2,0,0.6,0.6,0,,07:09:00,1762528140,7.15,16:45:00,1762562700,16.75,9.6,1,1,12,12,7,7,,,,,,8,5.7,5.5,3,,,,
2025-11-06,12.2,10.57,10.64,9.1,,,100,89.5,85,70,11.2,8.8,8.3,5.4,43,20.75,23.5,4,63,21,101.14,100.74,100.68,100.22,100.91,100.51,100.45,99.99,48300,38437.5,29000,9700,2.5,2,1.8,1,7.4,0,5.6,3.6,0.6,16.8,16.8,0,,07:07:00,1762441620,7.12,16:46:00,1762476360,16.77,9.65,1,1,12,12,8,9,,,,,,8,7.1,6,4,,,,
2025-11-05,13.8,10.81,10.45,7.1,,,100,93.3,88.5,77,11.8,9.7,8.9,6,39,15.83,19.5,0,59,15,100.62,99.96,100.1,99.58,100.39,99.73,99.87,99.35,48300,40041.7,32200,16100,2.3,1.8,1.6,1,7.5,0,5.5,3.5,0.4,5.9,5.9,0,,07:06:00,1762355160,7.1,16:48:00,1762390080,16.8,9.7,,,14,14,10,10,,,,,,8,7.8,7,6,,,,
2025-11-04,10.6,7.05,6.2,1.8,,,99,87.7,83.5,68,7.4,5.1,4.5,1.5,23,9.04,13.5,4,32,5,101.71,101.23,101,100.29,101.47,101,100.76,100.06,48300,42695.7,36200,24100,1.7,1.4,1.4,1,11.8,0,1.2,0,0,0.2,0.2,0,,07:04:00,1762268640,7.07,16:49:00,1762303740,16.82,9.75,2,2,11,11,8,10,,,,,,8,6.3,4.5,1,,,,
2025-11-03,10.9,6.46,6.75,2.6,,,99,91.2,86,73,8.2,5,5,1.8,15,8.88,7.5,0,,,102.24,101.53,101.75,101.27,102,101.29,101.51,101.03,48300,38908.3,40250,32200,2,1.5,1.5,1,11.2,0,1.8,0,0,0,0,0,,07:02:00,1762182120,7.03,16:51:00,1762217460,16.85,9.82,1,1,11,11,3,4,,,,,,8,5.6,4,0,,,,
2025-11-02,12,7.11,7.55,3.1,,,98,92.9,86,74,9,6,5.4,1.8,17,7.16,8.5,0,33,20,102.94,102.63,102.51,102.09,102.7,102.39,102.27,101.85,48300,42176,36200,24100,2.2,2,1.8,1.4,10.4,0,2.5,0.6,0,3.6,3.6,0,,07:01:00,1762095660,7.02,16:53:00,1762131180,16.88,9.87,2,2,11,11,6,7,,,,,,8,6.4,4.5,1,,,,
2025-11-01,15.2,10.53,11.45,7.7,,,100,87.5,78.5,57,12,8.3,8.4,4.9,27,12.12,13.5,0,42,25,102.04,101.08,101.15,100.27,101.8,100.85,100.92,100.04,48300,29520.8,26550,4800,2.3,1.9,1.8,1.2,6.5,0,6.5,4.5,1.4,24.2,24.2,0,,07:59:00,1762009140,7.98,17:54:00,1762044840,17.9,9.92,1,2,13,13,6,7,,,,,,8,6.3,5.5,3,,,,
2025-10-31,10.9,8.2,7.45,4,,,100,98.2,97.5,95,10.9,7.9,7.7,4.5,27,9.25,13.5,0,35,16,101.8,101.35,101.41,101.01,101.56,101.11,101.16,100.77,48300,36158.3,26550,4800,2,1.5,1.5,1,10.6,0,2.5,0.4,0,17.4,17.4,0,,07:58:00,1761922680,7.97,17:56:00,1761958560,17.93,9.97,1,1,12,12,9,9,,,,,,8,7,5.5,3,,,,
2025-10-30,13.3,7.64,8.9,4.5,,,99,91.3,81,63,8.5,6.2,5.5,2.5,17,7.83,8.5,0,,,103.09,102.4,102.43,101.78,102.85,102.16,102.19,101.54,48300,48300,48300,48300,1.7,1.4,1.4,1,9.1,0,3.9,1.9,0,0,0,0,,07:56:00,1761836160,7.93,17:57:00,1761872220,17.95,10.02,2,2,12,13,7,8,,,,,,8,4.8,4.5,1,,,,
2025-10-29,17.5,10.78,11.45,5.4,,,97,79.1,74,51,8.9,7,6.6,4.3,25,12,12.5,0,48,20,103.25,102.77,102.53,101.81,103.01,102.53,102.29,101.57,48300,42929.2,36200,24100,2.4,2.1,1.7,1,6.5,0,6.5,4.5,1.4,2,2,0,,07:55:00,1761749700,7.92,17:59:00,1761785940,17.98,10.07,2,2,13,16,7,7,,,,,,8,4.1,4.5,1,,,,
2025-10-28,12.1,8.4,7.44,2.8,,,99,88.9,83.5,68,10.2,6.6,6.5,2.7,39,14.62,21,3,55,13,102.76,101.95,101.94,101.13,102.52,101.71,101.71,100.9,48300,35608.3,32200,16100,2,1.7,1.5,1,10.6,0,2.4,0.4,0,9.3,9.3,0,,07:53:00,1761663180,7.88,18:01:00,1761699660,18.02,10.13,1,1,12,12,8,10,,,,,,8,7.8,7,6,,,,
2025-10-27,12.8,6.33,7.4,2,,,99,91.4,86.5,74,9.7,5,5.8,1.9,21,8.42,10.5,0,32,14,102.82,102.47,102.32,101.82,102.58,102.23,102.08,101.58,48300,31987.5,33800,19300,,,,,10.6,0,2.4,0.4,0,1.2,1.2,0,,07:51:00,1761576660,7.85,18:02:00,1761613320,18.03,10.18,2,2,12,12,6,6,,,,,,8,3.9,4.5,1,,,,
2025-10-26,9.9,7.2,6.85,3.8,,,99,90.8,84,69,8,5.7,5,1.9,36,12.08,18,0,58,22,101.75,100.99,100.93,100.11,101.51,100.75,100.69,99.88,48300,38025,33800,19300,,,,,11.2,0,1.8,0,0,6.7,6.7,0,,07:50:00,1761490200,7.83,18:04:00,1761527040,18.07,10.23,1,1,10,10,6,7,,,,,,8,5.5,4,0,,,,
2025-10-25,12.3,9.75,10.25,8.2,,,97,86.1,84.5,72,8.4,7.5,7,5.6,35,21.25,21,7,46,15,100.85,99.84,100.05,99.25,100.62,99.61,99.82,99.02,48300,43595.8,36200,24100,,,,,7.8,0,5.2,3.2,0.2,2.1,2.1,0,,07:48:00,1761403680,7.8,18:06:00,1761440760,18.1,10.3,1,1,12,12,8,8,,,,,,8,7.3,7,6,,,,
2025-10-24,12.8,11.01,10.7,8.6,,,99,88,85,71,11.2,9.1,8.1,4.9,27,15.92,16,5,45,14,100.98,100.45,100.55,100.12,100.75,100.22,100.32,99.89,48300,43870.8,32200,16100,,,,,7.3,0,5.7,3.7,0.7,5.6,5.6,0,,07:47:00,1761317220,7.78,18:08:00,1761354480,18.13,10.35,1,1,12,12,8,8,,,,,,8,6.6,4.5,1,,,,
2025-10-23,14.5,11.69,11.7,8.9,,,99,91.6,90,81,11.6,10.4,10.3,9.1,17,8.83,8.5,0,,,101.84,101.59,101.44,101.04,101.6,101.36,101.2,100.81,48300,48300,48300,48300,,,,,6.3,0,6.7,4.7,1.7,0,0,0,,07:45:00,1761230700,7.75,18:10:00,1761268200,18.17,10.42,2,2,14,14,10,11,,,,,,8,6.6,5.5,3,,,,
2025-10-22,15.6,9.47,10.19,4.8,,,99,91.5,82.5,66,10,8.1,7.6,5.2,21,10.38,12,3,37,21,101.8,101.43,101.44,101.08,101.56,101.2,101.2,100.84,48300,42262.5,40250,32200,,,,,7.8,0,5.2,3.2,0.2,0.5,0.5,0,,07:44:00,1761144240,7.73,18:11:00,1761181860,18.18,10.45,1,1,12,12,9,9,,,,,,8,5.2,4,0,,,,
2025-10-21,13.6,9.99,10.4,7.2,,,100,95.2,90.5,81,10.7,9.2,9.1,7.4,18,8.42,9,0,,,102.43,102.12,102.03,101.63,102.19,101.88,101.79,101.39,48300,35345.8,29800,11300,,,,,7.6,0,5.4,3.4,0.4,0,0,0,,07:42:00,1761057720,7.7,18:13:00,1761095580,18.22,10.52,2,3,13,13,6,7,,,,,,8,4.7,4,0,,,,
2025-10-20,12.8,9.19,8.35,3.9,,,99,92,88.5,78,9.8,7.9,7,4.2,22,9.83,11,0,33,16,102.77,102.58,102.52,102.27,102.53,102.34,102.28,102.03,48300,34212.5,30600,12900,,,,,9.7,0,3.4,1.4,0,0,0,0,,07:41:00,1760971260,7.68,18:15:00,1761009300,18.25,10.57,3,3,12,12,7,7,,,,,,8,5.7,4,0,,,,
2025-10-19,16.6,10.55,11.3,6,,,99,89.8,78.5,58,10.9,8.7,8.6,6.3,30,15.79,16.5,3,48,22,102.18,100.98,101.3,100.42,101.94,100.75,101.07,100.19,48300,35475,29800,11300,,,,,6.7,0,6.3,4.3,1.3,10.9,10.9,0,,07:39:00,1760884740,7.65,18:17:00,1760923020,18.28,10.63,1,2,14,15,6,7,,,,,,8,4.7,4,0,,,,
2025-10-18,10,8.74,7.7,5.4,,,99,95.6,94,89,9.5,8.1,7.2,4.9,29,10.54,14.5,0,61,14,102.17,101.5,101.3,100.43,101.93,101.27,101.06,100.2,48300,30525,29000,9700,,,,,10.3,0,2.7,0.7,0,17.4,17.4,0,,07:38:00,1760798280,7.63,18:19:00,1760836740,18.32,10.68,1,1,10,10,10,10,,,,,,8,7.4,6,4,,,,
2025-10-17,15.4,11,10.35,5.3,,,98,80.2,80,62,10.3,7.6,7.5,4.7,23,10.33,11.5,0,,,102.17,101.92,101.93,101.7,101.93,101.68,101.69,101.46,48300,48300,48300,48300,,,,,7.7,0,5.3,3.4,0.4,0,0,0,,07:36:00,1760711760,7.6,18:21:00,1760750460,18.35,10.75,3,3,15,15,7,7,,,,,,7,3.5,3.5,0,,,,
2025-10-16,12.7,8.67,7.65,2.6,,,99,92.7,90.5,82,10.4,7.5,6.8,3.2,17,8.04,8.5,0,37,16,102.2,102.07,102.03,101.86,101.96,101.83,101.79,101.62,48300,48300,48300,48300,,,,,10.3,0,2.6,0.6,0,0,0,0,,07:35:00,1760625300,7.58,18:23:00,1760664180,18.38,10.8,3,3,13,14,8,8,,,,,,8,6,4,0,,,,
2025-10-15,14.2,7.92,8.19,2.2,,,95,75.6,70,45,6.1,3.5,3.6,1.2,11,6.33,5.5,0,,,102.09,101.96,101.98,101.88,101.85,101.72,101.74,101.64,48300,48300,48300,48300,,,,,9.8,0,3.2,1.2,0,0,0,0,,07:33:00,1760538780,7.55,18:25:00,1760577900,18.42,10.87,3,3,16,16,5,6,,,,,,6,1.2,3,0,,,,
2025-10-14,14.5,7.3,7.6,0.7,,,91,74.3,70,49,6,2.7,2.9,-0.2,13,7.5,8.5,4,,,101.97,101.89,101.89,101.81,101.73,101.65,101.65,101.57,48300,44275,40250,32200,,,,,10.4,0,2.6,0.6,0,0,0,0,,07:32:00,1760452320,7.53,18:26:00,1760491560,18.43,10.9,3,3,16,16,5,5,,,,,,0,0,0,0,,,,
2025-10-13,14.7,9.86,9.35,4,,,81,54.9,56.5,32,4.2,0.6,0.9,-2.4,20,12.83,12,4,37,36,101.79,101.52,101.46,101.12,101.55,101.28,101.22,100.89,48300,44945.8,40250,32200,,,,,8.7,0,4.3,2.4,0,0,0,0,,07:30:00,1760365800,7.5,18:28:00,1760405280,18.47,10.97,3,3,16,16,6,6,,,,,,7,0.9,3.5,0,,,,
2025-10-12,10.4,9.24,9.19,8,,,99,87.4,84,69,9.6,7.2,6.8,4,21,8.92,10.5,0,29,33,101.07,100.98,100.97,100.87,100.84,100.75,100.74,100.64,48300,40245.8,36200,24100,,,,,8.8,0,4.2,2.2,0,5.7,5.7,0,,07:29:00,1760279340,7.48,18:30:00,1760319000,18.5,11.02,1,1,11,12,7,7,,,,,,8,7.6,7.5,7,,,,
2025-10-11,12.8,9.81,9.5,6.2,,,99,98.1,97,95,12.1,9.6,9.1,6,13,5.54,6.5,0,,,101.07,101.02,101.02,100.97,100.84,100.79,100.79,100.74,48300,34904.2,24550,800,,,,,8.5,0,4.5,2.5,0,5.8,5.8,0,,07:27:00,1760192820,7.45,18:32:00,1760232720,18.53,11.08,1,1,13,13,8,8,,,,,,8,6.4,5.5,3,,,,
2025-10-10,14,10.4,10.9,7.8,,,99,97.2,96,93,12,10,9.8,7.6,17,7.33,8.5,0,,,101.21,101.04,101.08,100.96,100.98,100.81,100.86,100.73,48300,43637.5,24550,800,,,,,7.1,0,5.9,3.9,0.9,1.8,,,0,07:26:00,1760106360,7.43,18:34:00,1760146440,18.57,11.13,1,1,13,14,9,10,,,,,,8,6.4,5,2,,,,
2025-10-09,14.9,11.53,12.25,9.6,,,97,88.5,85,73,10.8,9.7,9.2,7.5,16,7.92,9.5,3,,,101.75,101.47,101.43,101.11,101.52,101.24,101.2,100.88,48300,48300,48300,48300,,,,,5.8,0,7.2,5.2,2.2,1.7,1.7,0,,07:24:00,1760019840,7.4,18:36:00,1760060160,18.6,11.2,2,3,15,15,8,10,,,,,,8,6.9,5,2,,,,
2025-10-08,14.8,11.2,11.05,7.3,,,99,76.4,76.5,54,9.2,6.9,6.8,4.5,14,6.83,8.5,3,,,101.08,101.01,101.01,100.94,100.85,100.78,100.78,100.71,48300,44275,40250,32200,,,,,7,0,6,4,1.1,0,0,0,,07:23:00,1759933380,7.38,18:38:00,1759973880,18.63,11.25,3,3,12,13,10,10,,,,,,8,5.9,4,0,,,,
2025-10-07,17.9,12.16,12.6,7.3,,,99,86.3,77.5,56,12,9.7,9.6,7.2,16,7.17,8,0,,,101.86,101.33,101.42,100.98,101.63,101.1,101.19,100.75,48300,44275,40250,32200,,,,,5.4,0,7.6,5.6,2.6,0,0,0,,07:21:00,1759846860,7.35,18:40:00,1759887600,18.67,11.32,3,4,17,18,10,10,,,,,,7,4.2,3.5,0,,,,
2025-10-06,17.9,11.68,11.95,6,,,98,81.2,77,56,10,8.3,8.2,6.3,12,6.58,6,0,,,102.35,102.18,102.12,101.9,102.11,101.95,101.89,101.67,48300,44945.8,40250,32200,,,,,6,0,7,5,2,0,0,0,,07:20:00,1759760400,7.33,18:42:00,1759801320,18.7,11.37,4,4,19,19,8,8,,,,,,4,0.9,2,0,,,,
2025-10-05,18.6,12.49,13.25,7.9,,,96,74.6,68,40,9.5,7.5,7.2,4.9,18,9.29,9,0,,,102.46,102.3,102.3,102.14,102.22,102.06,102.06,101.9,48300,44275,40250,32200,,,,,4.8,0,8.2,6.2,3.2,0,0,0,,07:18:00,1759673880,7.3,18:44:00,1759715040,18.73,11.43,4,4,18,18,7,7,,,,,,6,1.7,3,0,,,,
2025-10-04,16.3,12.46,12.15,8,,,99,92.1,88.5,78,12.3,11.2,10,7.7,10,5.17,5,0,,,102.21,102.05,102.08,101.94,101.97,101.82,101.84,101.71,48300,36762.5,26550,4800,,,,,5.8,0,7.2,5.2,2.1,0,0,0,,07:17:00,1759587420,7.28,18:46:00,1759628760,18.77,11.48,4,4,15,15,10,10,,,,,,8,6,4.5,1,,,,
2025-10-03,15.4,12.06,11.8,8.2,,,99,94.3,90.5,82,12.2,11.1,10.7,9.1,12,5.83,6,0,,,102.16,102.06,102.05,101.93,101.92,101.83,101.81,101.7,48300,44608.3,36200,24100,,,,,6.2,0,6.8,4.8,1.8,0,0,0,,07:15:00,1759500900,7.25,18:49:00,1759542540,18.82,11.57,4,4,15,16,10,10,,,,,,8,5.7,4,0,,,,
2025-10-02,17.4,13.71,14.7,12,,,99,92.8,87,75,13.9,12.5,12.8,11.8,15,8.42,9,3,,,101.93,101.56,101.51,101.1,101.7,101.33,101.28,100.87,48300,47629.2,40250,32200,,,,,3.3,0,9.7,7.7,4.7,3.6,3.6,0,,07:14:00,1759414440,7.23,18:51:00,1759456260,18.85,11.62,1,3,15,15,10,10,,,,,,8,5.6,4,0,,,,
2025-10-01,17.1,13.26,13.45,9.8,,,99,91.4,87.5,76,13.4,11.9,11.9,10.4,22,13.33,11,0,39,13,101.07,100.81,100.83,100.58,100.84,100.58,100.59,100.35,48300,43604.2,40250,32200,1.9,1.4,1.4,1,4.5,0,8.4,6.5,3.5,0.6,0.6,0,,07:13:00,1759327980,7.22,18:53:00,1759369980,18.88,11.67,2,4,17,17,11,12,,,,,,8,7.2,4.5,1,,,,
2025-09-30,16.2,13.59,13.85,11.5,,,99,86,79.5,60,12.7,11.1,10.5,8.3,33,12.88,16.5,0,61,15,100.83,100.51,100.51,100.2,100.6,100.28,100.28,99.97,48300,32104.2,24550,800,2.2,1.7,1.6,1,4.2,0,8.8,6.8,3.8,0.2,0.2,0,,07:11:00,1759241460,7.18,18:55:00,1759283700,18.92,11.73,4,4,15,15,11,11,,,,,,8,7.3,6,4,,,,
2025-09-29,15.2,13.57,13.8,12.4,,,99,98.7,97.5,96,14.4,13.4,13.4,12.5,14,7.33,7,0,,,100.8,100.68,100.66,100.51,100.57,100.45,100.42,100.28,48300,18475,25350,2400,2.9,2.1,2,1,4.2,0,8.8,6.8,3.8,20.3,20.3,0,,07:10:00,1759155000,7.17,18:57:00,1759197420,18.95,11.78,1,3,15,16,11,11,,,,,,8,8,7.5,7,,,,
2025-09-28,16.3,13.53,13.1,9.9,,,97,87.1,85,73,12.9,11.4,11.2,9.5,13,6.58,6.5,0,,,100.96,100.74,100.78,100.6,100.73,100.51,100.55,100.37,48300,42933.3,40250,32200,3.1,2.2,2,1,4.9,0,8.1,6.1,3.1,0,0,0,,07:08:00,1759068480,7.13,18:59:00,1759111140,18.98,11.85,4,4,16,16,11,11,,,,,,8,7,6,4,,,,
2025-09-27,19.5,14.83,15.9,12.3,,,98,81.7,77.5,57,12.5,11.6,11.2,9.9,17,8.5,8.5,0,,,101.54,101.14,101.26,100.97,101.31,100.91,101.02,100.74,48300,44945.8,40250,32200,2.5,2.2,2.2,1.9,2.1,0,10.9,8.9,5.9,0.5,0.5,0,,07:07:00,1758982020,7.12,19:01:00,1759024860,19.02,11.9,4,5,18,18,11,11,,,,,,8,7,6.5,5,,,,
2025-09-26,16.6,13.75,13.65,10.7,,,98,85,84,70,12.1,11.2,10.8,9.6,27,14.88,16,5,42,13,102.18,101.96,101.88,101.59,101.94,101.73,101.65,101.36,48300,46958.3,40250,32200,2.6,1.9,1.8,1,4.3,0,8.7,6.7,3.6,0.2,0.2,0,,07:06:00,1758895560,7.1,19:03:00,1758938580,19.05,11.95,5,5,15,16,12,12,,,,,,8,7,5.5,3,,,,
2025-09-25,16.7,12.02,11.6,6.5,,,99,80.5,80,61,10.3,8.5,8.7,7,14,7.58,7,0,,,102.12,101.99,101.98,101.84,101.88,101.75,101.74,101.61,48300,48300,48300,48300,2.1,1.7,1.6,1,6.4,0,6.6,4.6,1.6,0,0,0,,07:04:00,1758809040,7.07,19:05:00,1758852300,19.08,12.02,5,5,16,16,10,10,,,,,,8,3.2,4,0,,,,
2025-09-24,20.2,14.63,15,9.8,,,99,77,74.5,50,12.3,10.2,10.5,8.7,16,6.25,8,0,,,102.01,101.87,101.89,101.77,101.78,101.64,101.66,101.54,48300,48300,48300,48300,3.2,2.1,2.1,1,3,0,10,8,5,0,0,0,,07:03:00,1758722580,7.05,19:07:00,1758766020,19.12,12.07,5,5,19,19,10,10,,,,,,5,0.6,2.5,0,,,,
2025-09-23,22.2,15.35,15.89,9.6,,,98,74,73,48,10.8,10.2,10.1,9.3,12,7.38,6,0,,,102.03,101.89,101.88,101.72,101.8,101.66,101.64,101.49,48300,44275,40250,32200,3.1,1.9,2,1,2.1,0,10.9,8.9,5.9,0,0,0,,07:01:00,1758636060,7.02,19:09:00,1758679740,19.15,12.13,5,5,21,22,11,11,,,,,,3,0.8,1.5,0,,,,
2025-09-22,19.1,13.9,14.2,9.3,,,99,80.9,79,59,12.3,10.5,10.9,9.5,22,8.92,11,0,,,102.26,102.1,102.11,101.96,102.03,101.87,101.88,101.73,48300,44945.8,40250,32200,2.5,1.8,1.8,1,3.8,0,9.2,7.2,4.2,0,0,0,,07:00:00,1758549600,7,19:12:00,1758593520,19.2,12.2,6,6,18,18,10,10,,,,,,6,1.8,3,0,,,,
2025-09-21,20.7,15.51,15.89,11.1,,,99,79.1,76.5,54,13.4,11.6,11.4,9.4,22,12.96,12.5,3,27,12,101.99,101.4,101.45,100.92,101.76,101.17,101.23,100.69,48300,36829.2,24950,1600,2.1,1.8,1.6,1,2.1,0,10.9,8.9,5.9,5.1,5.1,0,,06:58:00,1758463080,6.97,19:14:00,1758507240,19.23,12.27,5,5,20,20,9,9,,,,,,8,3.8,4,0,,,,
2025-09-20,19.7,14.39,14.3,8.9,,,99,83.6,81.5,64,14.3,11.5,11.4,8.5,17,8.92,8.5,0,,,101.42,101.26,101.18,100.94,101.19,101.03,100.95,100.71,48300,39975,33800,19300,2.3,1.9,1.6,1,3.7,0,9.3,7.3,4.3,1.6,1.6,0,,06:57:00,1758376620,6.95,19:16:00,1758420960,19.27,12.32,6,6,21,21,12,12,,,,,,8,4.7,4,0,,,,
2025-09-19,21.6,14.65,14.55,7.5,,,98,74,73.5,49,10.7,9.5,9.2,7.8,10,7,5,0,,,101.67,101.5,101.49,101.3,101.44,101.27,101.26,101.07,48300,48300,48300,48300,3,1.9,2,1,3.5,0,9.6,7.5,4.5,0,0,0,,06:56:00,1758290160,6.93,19:18:00,1758334680,19.3,12.37,5,5,22,23,11,12,,,,,,4,1.9,2,0,,,,
2025-09-18,19.7,15.01,14.95,10.2,,,98,78,76.5,55,12.1,10.8,10.4,8.8,15,6.39,7.5,0,,,101.98,101.83,101.81,101.64,101.75,101.6,101.58,101.41,48300,48300,48300,48300,3.1,2.2,2,1,3,0,9.9,8,5,,,,,06:54:00,1758203640,6.9,19:20:00,1758248400,19.33,12.43,5,5,21,22,10,10,,,,,,3,1.1,1.5,0,,,,
2025-09-17,25.2,17.73,18.45,11.7,25,,98,72,70,42,14.1,12.2,12.2,10.3,17,7.62,8.5,0,,,101.97,101.78,101.72,101.47,101.74,101.55,101.49,101.24,48300,44275,40250,32200,3.3,2.6,2.1,1,0,0.4,13.4,11.4,8.4,0,0,0,,06:53:00,1758117180,6.88,19:22:00,1758162120,19.37,12.48,6,6,20,21,12,12,,,,,,8,5.5,4.5,1,,,,
2025-09-16,26.4,18.27,19.04,11.7,29,,96,72.5,70,44,14.3,12.7,12.7,11.1,14,7.71,7,0,,,102.03,101.62,101.65,101.28,101.8,101.39,101.43,101.05,48300,42933.3,40250,32200,3.6,2.1,2.5,1.3,0,1,14,12,9,0,0,0,,06:51:00,1758030660,6.85,19:24:00,1758075840,19.4,12.55,6,6,23,24,11,11,,,,,,8,1.5,4,0,,,,
2025-09-15,20,16.26,16.14,12.3,,,92,70.2,74,56,12.3,10.7,10.5,8.7,17,9.83,10.5,4,,,102.31,102.13,102.11,101.92,102.08,101.9,101.89,101.69,48300,45616.7,40250,32200,2.5,1.9,1.8,1,1.9,0,11.1,9.1,6.1,0,0,0,,06:50:00,1757944200,6.83,19:26:00,1757989560,19.43,12.6,5,6,17,19,11,11,,,,,,8,3.7,4,0,,,,
2025-09-14,21.3,15.42,16.75,12.2,,,99,81.7,79,59,15.6,12,11.6,7.5,23,10.17,11.5,0,27,27,101.87,101.21,101.34,100.81,101.64,100.98,101.11,100.58,48300,37770.8,29800,11300,1.9,1.6,1.4,1,1.2,0,11.8,9.8,6.8,5.6,5.6,0,,06:49:00,1757857740,6.82,19:28:00,1757903280,19.47,12.65,2,4,17,19,11,11,,,,,,8,6.9,6,4,,,,
2025-09-13,20.2,14.46,15.25,10.3,,,99,89,82.5,66,14.8,12.5,12.6,10.3,16,8.42,8,0,,,101.38,101.13,101.12,100.86,101.15,100.9,100.89,100.63,48300,27391.7,24150,0,2.2,1.5,1.6,1,2.8,0,10.2,8.2,5.2,0,0,0,,06:47:00,1757771220,6.78,19:30:00,1757817000,19.5,12.72,3,6,18,18,12,12,,,,,,8,5.2,5,2,,,,
2025-09-12,18.6,13.55,14.25,9.9,,,99,92.2,87.5,76,14,12.2,12,10,17,7.58,8.5,0,,,101.87,101.68,101.64,101.41,101.64,101.45,101.41,101.18,48300,40741.7,24250,200,1.4,1.2,1.2,1,3.8,0,9.2,7.2,4.2,0,0,0,,06:46:00,1757684760,6.77,19:33:00,1757730780,19.55,12.78,6,6,19,19,12,12,,,,,,6,3.6,3,0,,,,
2025-09-11,18.5,14.28,14.6,10.7,,,98,86.7,85,72,13.1,12,11.9,10.7,26,7.29,13,0,35,13,101.69,101.55,101.53,101.38,101.46,101.32,101.31,101.15,48300,48300,48300,48300,2.1,1.7,1.6,1,3.4,0,9.6,7.6,4.6,0,0,0,,06:45:00,1757598300,6.75,19:35:00,1757644500,19.58,12.83,6,6,20,20,13,13,,,,,,3,1.5,1.5,0,,,,
2025-09-10,21.5,15.85,16.3,11.1,,,98,82.6,79.5,61,14.1,12.7,12.4,10.8,17,6.75,8.5,0,,,101.45,101.34,101.31,101.18,101.22,101.11,101.08,100.95,48300,48300,48300,48300,2.4,1.8,1.7,1,1.7,0,11.3,9.3,6.3,0,0,0,,06:43:00,1757511780,6.72,19:37:00,1757558220,19.62,12.9,5,5,20,20,13,13,,,,,,3,1.4,1.5,0,,,,
2025-09-09,21.7,17.04,17.39,13.1,25,,92,79,77,62,14.2,13.2,13.1,11.9,14,6.04,7,0,,,101.48,101.38,101.35,101.21,101.25,101.15,101.12,100.98,48300,43604.2,40250,32200,2.5,2,1.8,1,0.6,0,12.4,10.4,7.4,0,0,0,,06:42:00,1757425320,6.7,19:39:00,1757471940,19.65,12.95,6,6,20,20,12,13,,,,,,8,4.8,4,0,,,,
2025-09-08,22.1,16.42,17.5,12.9,,,95,79.1,74.5,54,13.3,12.5,12.7,12,13,6.33,8,3,,,101.77,101.6,101.57,101.37,101.54,101.37,101.34,101.14,48300,42262.5,40250,32200,2.2,1.8,1.6,1,0.5,0,12.5,10.5,7.5,0,0,0,,06:40:00,1757338800,6.67,19:41:00,1757385660,19.68,13.02,5,5,19,19,12,12,,,,,,8,5.6,4.5,1,,,,
2025-09-07,18.8,14.29,14.7,10.6,,,98,88.6,86,74,13.2,12.4,12.1,11,21,7.88,10.5,0,32,14,101.8,101.69,101.64,101.48,101.57,101.46,101.41,101.25,48300,43604.2,40250,32200,2.2,1.6,1.6,1,3.3,0,9.7,7.7,4.7,0,0,0,,06:39:00,1757252340,6.65,19:43:00,1757299380,19.72,13.07,4,5,19,19,13,13,,,,,,8,5.3,4.5,1,,,,
2025-09-06,16.5,14.3,14.6,12.7,,,97,90.9,89.5,82,13.9,12.8,13.1,12.2,19,8.96,9.5,0,37,13,101.47,101.26,101.27,101.07,101.24,101.03,101.04,100.84,48300,40250,40250,32200,1.8,1.4,1.4,1,3.4,0,9.6,7.6,4.6,0,0,0,,06:38:00,1757165880,6.63,19:45:00,1757213100,19.75,13.12,5,6,21,21,14,14,,,,,,8,6.1,5,2,,,,
2025-09-05,20.9,15.67,16,11.1,,,99,86,83.5,68,14.7,13.2,13,11.3,16,6.88,8,0,,,101.12,101.02,101.01,100.89,100.89,100.79,100.78,100.66,48300,40920.8,40250,32200,2.5,1.6,1.8,1,2,0,11,9,6,0,0,0,,06:36:00,1757079360,6.6,19:47:00,1757126820,19.78,13.18,7,7,21,21,14,14,,,,,,8,5.3,5.5,3,,,,
2025-09-04,21.1,15.96,17,12.9,,,98,86.4,84,70,14.6,13.6,13.7,12.7,18,8,9,0,,,101.5,101.26,101.24,100.97,101.27,101.03,101,100.74,48300,44275,40250,32200,2.5,1.7,1.8,1,1,0,12,10,7,0,0,0,,06:35:00,1756992900,6.58,19:49:00,1757040540,19.82,13.23,7,7,24,24,12,13,,,,,,7,5.8,4.5,2,,,,
2025-09-03,25.5,18.6,19.2,12.9,30,,98,80.4,79,60,16.8,14.9,15,13.2,13,7.5,6.5,0,,,101.82,101.64,101.61,101.39,101.59,101.41,101.38,101.16,48300,48300,48300,48300,3.1,2.3,2.2,1.4,0,1.2,14.2,12.2,9.2,0,0,0,,06:33:00,1756906380,6.55,19:51:00,1756954260,19.85,13.3,7,7,26,26,15,15,,,,,,6,2.1,3,0,,,,
2025-09-02,23,16.7,17.05,11.1,27,,99,84.5,81.5,64,15.7,13.9,13.4,11.1,16,5.92,8,0,,,101.96,101.77,101.76,101.56,101.73,101.54,101.53,101.33,48300,37370.8,24350,400,3,2,2,1.1,0.9,0,12.1,10.1,7,0,0,0,,06:32:00,1756819920,6.53,19:53:00,1756867980,19.88,13.35,7,7,24,24,14,14,,,,,,6,1.3,3,0,,,,
2025-09-01,19.4,14.72,15.2,11,,,98,90.1,85.5,73,14.3,13.1,12.6,10.9,24,9.54,12,0,35,15,101.82,101.72,101.71,101.6,101.59,101.49,101.48,101.37,48300,29779.2,30600,12900,1.9,1.7,1.7,1.5,2.8,0,10.2,8.2,5.2,0,0,0,,06:31:00,1756733460,6.52,19:55:00,1756781700,19.92,13.4,6,6,21,21,13,13,,,,,,7,2.3,3.5,0,,,,
2025-08-31,23,16.68,17.5,12,26,,98,86.2,82,66,15.8,14.2,13.8,11.7,21,8.71,10.5,0,,,101.78,101.62,101.61,101.44,101.55,101.39,101.38,101.21,48300,42258.3,36200,24100,2.7,2,2,1.2,0.5,0,12.5,10.5,7.5,0,0,0,,06:29:00,1756646940,6.48,19:57:00,1756695420,19.95,13.47,6,6,23,23,13,13,,,,,,7,4.8,3.5,0,,,,
2025-08-30,20,15.36,15.75,11.5,,,98,86.1,82,66,14.5,12.9,13.2,11.9,15,6.5,7.5,0,32,14,102.02,101.87,101.88,101.73,101.79,101.64,101.64,101.5,48300,42262.5,40250,32200,2.5,2,2.1,1.7,2.2,0,10.8,8.8,5.8,0,0,0,,06:28:00,1756560480,6.47,19:59:00,1756609140,19.98,13.52,7,7,22,22,14,14,,,,,,8,4,4,0,,,,
2025-08-29,23.4,16.99,17.89,12.4,27,,98,83.2,80.5,63,15.8,14,14.2,12.5,22,9.29,11,0,,,101.83,101.7,101.71,101.58,101.6,101.47,101.47,101.35,48300,47629.2,40250,32200,2,1.7,1.6,1.1,0.1,0,12.9,10.9,7.9,0,0,0,,06:26:00,1756473960,6.43,20:01:00,1756522860,20.02,13.58,7,7,24,24,12,12,,,,,,5,2.8,2.5,0,,,,
2025-08-28,20.8,16.68,17.3,13.8,,,94,85,83.5,73,15.2,14.1,14.1,13,14,6.71,7,0,,,101.82,101.7,101.7,101.59,101.59,101.47,101.47,101.36,48300,48300,48300,48300,2.8,1.8,2,1.1,0.7,0,12.3,10.3,7.3,0,0,0,,06:25:00,1756387500,6.42,20:03:00,1756436580,20.05,13.63,6,6,22,22,13,14,,,,,,8,7.6,6,4,,,,
2025-08-27,21.9,15.66,17.14,12.4,,,94,81.6,78,62,13.3,12.4,12.4,11.5,25,10.58,12.5,0,33,14,101.58,101.42,101.4,101.22,101.35,101.19,101.17,100.99,48300,48300,48300,48300,3.1,1.9,2.2,1.4,0.9,0,12.1,10.1,7.1,0,0,0,,06:24:00,1756301040,6.4,20:05:00,1756350300,20.08,13.68,7,7,24,24,14,15,,,,,,8,3.8,4,0,,,,
2025-08-26,27,18.57,19.35,11.7,30,,94,72.8,71.5,49,15.1,13.1,13.3,11.6,13,6.92,6.5,0,,,101.47,101.3,101.26,101.05,101.24,101.07,101.03,100.82,48300,44945.8,40250,32200,3.2,2.2,2.2,1.3,0,1.4,14.3,12.3,9.3,0,0,0,,06:22:00,1756214520,6.37,20:07:00,1756264020,20.12,13.75,7,7,25,25,15,15,,,,,,2,1,1,0,,,,
2025-08-25,26.9,19.8,20.04,13.2,30,,91,66.6,67.5,44,14.8,12.9,13.1,11.3,13,6.38,6.5,0,,,101.47,101.36,101.35,101.22,101.24,101.13,101.11,100.99,48300,46287.5,40250,32200,3.6,3.1,3,2.4,0,2,15,13,10,0,0,0,,06:21:00,1756128060,6.35,20:09:00,1756177740,20.15,13.8,7,7,25,25,14,15,,,,,,1,0.7,0.5,0,,,,
2025-08-24,28.8,21.1,21.7,14.6,31,,83,58,60,37,13.4,12,12.1,10.8,12,7.29,6,0,,,101.46,101.32,101.33,101.19,101.23,101.09,101.1,100.96,48300,44945.8,40250,32200,3.2,2.5,2.6,2,0,3.7,16.7,14.7,11.7,0,0,0,,06:19:00,1756041540,6.32,20:11:00,1756091460,20.18,13.87,7,7,28,28,14,14,,,,,,2,0.7,1,0,,,,
2025-08-23,29.9,21.88,21.35,12.8,31,,81,53.5,56.5,32,14.8,11.2,12.3,9.9,13,7.04,6.5,0,,,101.62,101.44,101.41,101.2,101.39,101.21,101.18,100.97,48300,45616.7,40250,32200,3.9,2.2,2.6,1.3,0,3.4,16.4,14.3,11.3,0,0,0,,06:18:00,1755955080,6.3,20:13:00,1756005180,20.22,13.92,8,8,28,28,15,15,,,,,,3,1.1,1.5,0,,,,
2025-08-22,29.8,20.75,21.05,12.3,30,,91,56.5,58.5,26,12.5,10.4,10.2,8,13,8.5,6.5,0,,,101.94,101.73,101.69,101.43,101.71,101.5,101.45,101.2,48300,48300,48300,48300,3.8,2.2,2.6,1.5,0,3,16.1,14.1,11.1,0,0,0,,06:17:00,1755868620,6.28,20:15:00,1755918900,20.25,13.97,7,7,27,27,14,14,,,,,,0,0,0,0,,,,
2025-08-21,22.8,16.96,16.8,10.8,,,94,69.5,70.5,47,11.6,10.8,10.3,9.1,14,7.21,7,0,,,102.55,102.29,102.25,101.94,102.32,102.06,102.01,101.71,48300,48300,48300,48300,3.5,2.1,2.3,1.1,1.2,0,11.8,9.8,6.8,0,0,0,,06:15:00,1755782100,6.25,20:17:00,1755832620,20.28,14.03,7,7,24,24,12,13,,,,,,7,3.1,3.5,0,,,,
2025-08-20,21.4,16.45,16.64,11.9,,,92,70.2,69.5,47,12,10.6,10.6,9.2,18,10.46,9,0,,,102.55,102.43,102.37,102.19,102.32,102.2,102.14,101.96,48300,46287.5,40250,32200,2.5,1.8,1.9,1.3,1.4,0,11.6,9.6,6.6,0,0,0,,06:14:00,1755695640,6.23,20:19:00,1755746340,20.32,14.08,6,6,21,21,10,10,,,,,,5,2,2.5,0,,,,
2025-08-19,21.4,16.77,17.1,12.8,,,95,75.6,75.5,56,14.6,12.2,13,11.4,21,8.71,10.5,0,32,14,102.18,102.03,102.01,101.83,101.95,101.8,101.77,101.6,48300,44945.8,40250,32200,2.1,1.5,1.6,1,0.9,0,12.1,10.1,7.1,0,0,0,,06:13:00,1755609180,6.22,20:21:00,1755660060,20.35,14.13,6,6,20,20,12,13,,,,,,8,6.5,4,0,,,,
2025-08-18,22.6,17.1,18.39,14.2,,,87,71.9,67.5,48,12.9,11.8,11.7,10.5,20,10.88,12,4,,,101.81,101.61,101.6,101.39,101.58,101.38,101.37,101.16,48300,45616.7,40250,32200,2,1.4,1.5,1,0,0.4,13.4,11.4,8.4,0,0,0,,06:11:00,1755522660,6.18,20:22:00,1755573720,20.37,14.18,6,6,20,20,13,13,,,,,,8,7.2,6,4,,,,
2025-08-17,19.9,16.01,16.39,12.9,,,97,80.2,79.5,62,13.4,12.5,12.3,11.3,20,8.79,10,0,32,14,101.73,101.61,101.58,101.42,101.5,101.38,101.35,101.19,48300,43604.2,40250,32200,2.6,1.8,2,1.3,1.6,0,11.4,9.4,6.4,0,0,0,,06:10:00,1755436200,6.17,20:24:00,1755487440,20.4,14.23,6,6,19,19,13,13,,,,,,8,7.2,7,6,,,,
2025-08-16,23.5,18.08,18.45,13.4,26,,97,73.5,76,55,14.8,13.2,13.2,11.7,29,16.58,17,5,58,25,101.58,101.34,101.21,100.83,101.35,101.11,100.97,100.6,48300,39037.5,29800,11300,1.8,1.2,1.4,1,0,0.4,13.4,11.4,8.4,0,0,0,,06:08:00,1755349680,6.13,20:26:00,1755401160,20.43,14.3,6,6,20,20,13,13,,,,,,8,5.9,5.5,3,,,,
2025-08-15,18.9,15.57,16.35,13.8,,,99,95.9,86,73,17.3,14.9,15.1,12.9,22,12.5,13,4,33,14,101.17,100.86,100.92,100.67,100.94,100.63,100.69,100.44,32200,16075,16600,1000,1.6,1.2,1.3,1,1.6,0,11.3,9.3,6.3,9.8,9.8,0,,06:07:00,1755263220,6.12,20:28:00,1755314880,20.47,14.35,2,3,17,17,14,14,,,,,,8,7.6,6,4,,,,
2025-08-14,21.1,16.06,16.89,12.7,,,98,78.2,75.5,53,14.1,12.1,12.2,10.3,35,15.29,20,5,52,14,101.56,101.4,101.38,101.21,101.33,101.17,101.16,100.98,48300,40383.3,32200,16100,2.4,1.6,1.8,1.2,1.1,0,11.9,9.9,6.9,12,12,0,,06:06:00,1755176760,6.1,20:30:00,1755228600,20.5,14.4,7,7,21,22,13,13,,,,,,8,6.2,5,2,,,,
2025-08-13,24.1,17.87,18.2,12.3,27,,95,72.2,73.5,52,13.8,12.6,12.7,11.5,20,11.17,12,4,,,101.3,101.13,101.11,100.92,101.07,100.9,100.88,100.69,48300,48300,48300,48300,2,1.4,1.6,1.2,0,0.2,13.2,11.2,8.2,0,0,0,,06:04:00,1755090240,6.07,20:31:00,1755142260,20.52,14.45,7,7,26,26,13,13,,,,,,7,3.3,4,1,,,,
2025-08-12,29.6,22.61,23.15,16.7,33,,87,57.9,63,39,15.1,13.6,13.6,12,16,9.54,8,0,,,101.38,101.21,101.16,100.94,101.15,100.98,100.93,100.71,48300,44945.8,40250,32200,2.8,2.3,2.2,1.7,0,5.2,18.1,16.1,13.2,0,0,0,,06:03:00,1755003780,6.05,20:33:00,1755055980,20.55,14.5,8,8,28,31,13,13,,,,,,5,1.8,2.5,0,,,,
