date,max_temperature,avg_hourly_temperature,avg_temperature,min_temperature,max_humidex,min_windchill,max_relative_humidity,avg_hourly_relative_humidity,avg_relative_humidity,min_relative_humidity,max_dew_point,avg_hourly_dew_point,avg_dew_point,min_dew_point,max_wind_speed,avg_hourly_wind_speed,avg_wind_speed,min_wind_speed,max_wind_gust,wind_gust_dir_10s,max_pressure_sea,avg_hourly_pressure_sea,avg_pressure_sea,min_pressure_sea,max_pressure_station,avg_hourly_pressure_station,avg_pressure_station,min_pressure_station,max_visibility,avg_hourly_visibility,avg_visibility,min_visibility,max_health_index,avg_hourly_health_index,avg_health_index,min_health_index,heatdegdays,cooldegdays,growdegdays_5,growdegdays_7,growdegdays_10,precipitation,rain,snow,snow_on_ground,sunrise_hhmm,sunrise_unixtime,sunrise_f,sunset_hhmm,sunset_unixtime,sunset_f,daylight,min_uv_forecast,max_uv_forecast,min_high_temperature_forecast,max_high_temperature_forecast,min_low_temperature_forecast,max_low_temperature_forecast,solar_radiation,max_cloud_cover_4,avg_hourly_cloud_cover_4,avg_cloud_cover_4,min_cloud_cover_4,max_cloud_cover_8,avg_hourly_cloud_cover_8,avg_cloud_cover_8,min_cloud_cover_8,max_cloud_cover_10,avg_hourly_cloud_cover_10,avg_cloud_cover_10,min_cloud_cover_10
2026-08-11,26.8,21.72,22.25,17.7,31,,96,74.1,72,48,17.9,16.6,15.8,13.6,28,14.08,17,6,50,32,101.04,100.88,100.9,100.77,100.6,100.44,100.47,100.33,24100,23633.3,18500,12900,,,,,0,4.2,17.2,15.2,12.2,8.4,8.4,0,,05:50:00,1786441800,5.83,20:08:00,1786493280,20.13,14.3,5,7,27,28,15,15,22413,,,,,8,5.2,4.5,1,,,,
2026-08-10,26.1,22.39,22.5,18.9,31,,92,76.5,72.5,53,19.1,17.9,17.3,15.5,22,10.83,13,4,33,23,101.52,101.22,101.2,100.89,101.08,100.78,100.76,100.45,48300,27533.3,33800,19300,,,,,0,4.5,17.5,15.5,12.5,2.6,2.6,0,,05:48:00,1786355280,5.8,20:10:00,1786407000,20.17,14.37,6,8,26,27,18,19,12359,,,,,8,7.6,6,4,,,,
2026-08-09,27.4,23.62,23.79,20.2,33,,96,72.4,74,52,20.9,18.1,17.6,14.3,30,15.54,17,4,45,25,101.44,101.22,101.22,101,101,100.78,100.78,100.56,24100,22862.5,14050,4000,,,,,0,5.8,18.8,16.8,13.8,3.6,3.6,0,,05:47:00,1786268820,5.78,20:11:00,1786320660,20.18,14.4,7,7,28,28,21,22,19225,,,,,8,6.5,5,2,,,,
2026-08-08,29.3,24.4,24.8,20.3,37,,99,82.2,80,61,21.9,21.1,20.4,18.9,31,11.08,15.5,0,54,21,101.55,101.26,101.28,101.02,101.11,100.82,100.85,100.58,24100,23295.8,14450,4800,,,,,0,6.8,19.8,17.8,14.8,3.3,3.3,0,,05:46:00,1786182360,5.77,20:13:00,1786234380,20.22,14.45,7,8,26,29,21,22,19712,,,,,8,5.7,4.5,1,,,,
2026-08-07,29,25.3,25,21,36,,92,75,74.5,57,22.5,20.4,20.8,19,16,9.88,10,4,,,102,101.78,101.79,101.58,101.56,101.34,101.35,101.14,24100,24100,24100,24100,,,,,0,7,20,18,15,0,0,0,,05:45:00,1786095900,5.75,20:14:00,1786148040,20.23,14.48,8,8,30,30,21,21,20451,,,,,8,6.1,4.5,1,,,,
2026-08-06,29.1,24.95,24.65,20.2,38,,92,76,77.5,63,23.1,20.4,20.1,17.1,15,8.83,7.5,0,,,101.78,101.73,101.73,101.68,101.34,101.29,101.29,101.24,48300,26116.7,36200,24100,,,,,0,6.7,19.6,17.6,14.7,1.6,1.6,0,,05:44:00,1786009440,5.73,20:16:00,1786061760,20.27,14.53,8,8,29,29,19,19,17789,,,,,8,4.8,4.5,1,,,,
2026-08-05,29.9,24.38,23.7,17.5,34,,84,60.1,61,38,17.9,15.8,16,14.1,19,10.46,9.5,0,,,101.94,101.82,101.82,101.7,101.5,101.38,101.38,101.26,48300,36200,36200,24100,,,,,0,5.7,18.7,16.7,13.7,0,0,0,,05:42:00,1785922920,5.7,20:17:00,1785975420,20.28,14.58,8,8,30,30,20,21,27588,,,,,3,1.1,1.5,0,,,,
2026-08-04,28.3,22.8,22.15,16,33,,86,62.3,63.5,41,17.1,14.9,15.3,13.6,26,15.08,17,8,39,22,101.82,101.58,101.49,101.16,101.38,101.14,101.05,100.72,48300,37208.3,36200,24100,,,,,0,4.2,17.1,15.2,12.2,0,0,0,,05:41:00,1785836460,5.68,20:19:00,1785889140,20.32,14.63,8,8,28,28,17,17,26940,,,,,2,0.6,1,0,,,,
2026-08-03,23.4,21.32,21.1,18.8,32,,96,84.2,80.5,65,21.6,18.5,18.4,15.1,31,15.42,19,7,50,34,101.08,100.49,100.55,100.01,100.64,100.05,100.11,99.57,48300,21829.2,25750,3200,,,,,0,3.1,16.1,14.1,11.1,21.5,21.5,0,,05:40:00,1785750000,5.67,20:20:00,1785802800,20.33,14.67,3,3,23,24,16,16,8613,,,,,8,6.3,4.5,1,,,,
2026-08-02,27.5,23.4,24.15,20.8,34,,93,82,78,63,21.9,20.1,20.2,18.5,18,8.12,9,0,42,18,101.19,101.02,100.96,100.73,100.75,100.58,100.53,100.3,24100,20566.7,16900,9700,,,,,0,6.2,19.1,17.1,14.2,12.7,12.7,0,,05:39:00,1785663540,5.65,20:21:00,1785716460,20.35,14.7,6,6,27,27,20,21,7736,,,,,8,7.9,7.5,7,,,,
2026-08-01,27.7,24.57,23.45,19.2,33,,90,66.4,71,52,19.6,17.7,17.9,16.2,18,7.96,9,0,32,22,101.29,101.21,101.21,101.12,100.85,100.77,100.76,100.68,48300,31158.3,36200,24100,,,,,0,5.5,18.4,16.4,13.4,0,0,0,,05:38:00,1785577080,5.63,20:23:00,1785630180,20.38,14.75,7,8,26,27,20,21,17903,,,,,8,6.8,5,2,,,,
2026-07-31,27.2,22.95,22.54,17.9,33,,96,75.5,73.5,51,19.4,18.2,17.5,15.6,17,7.96,10,3,,,101.43,101.3,101.32,101.21,100.99,100.86,100.88,100.77,48300,27370.8,26150,4000,,,,,0,4.5,17.5,15.5,12.5,0,0,0,,05:37:00,1785490620,5.62,20:24:00,1785543840,20.4,14.78,8,8,27,27,19,20,18562,,,,,8,5.8,5,2,,,,
2026-07-30,26.6,22.43,22.9,19.2,31,,91,74.1,72,53,20.1,17.5,17.9,15.7,17,9.5,10.5,4,,,101.28,101.08,101.08,100.88,100.84,100.64,100.64,100.44,48300,31158.3,36200,24100,,,,,0,4.9,17.9,15.9,12.9,0.4,0.4,0,,05:35:00,1785404100,5.58,20:25:00,1785457500,20.42,14.83,8,8,25,25,18,18,17264,,,,,8,7.1,6.5,5,,,,
2026-07-29,27,22.85,23.5,20,33,,96,77,77.5,59,20,18.4,17.8,15.6,25,13,14.5,4,41,15,100.87,100.53,100.58,100.29,100.43,100.09,100.14,99.85,48300,28416.7,29000,9700,,,,,0,5.5,18.5,16.5,13.5,10.2,10.2,0,,05:34:00,1785317640,5.57,20:26:00,1785371160,20.43,14.87,3,6,22,24,18,18,18485,,,,,8,7.8,7.5,7,,,,
2026-07-28,23.6,21.3,21.2,18.8,30,,95,87,84.5,74,20.2,19,18.6,17.1,14,8.79,8.5,3,,,100.57,100.38,100.42,100.26,100.14,99.94,99.98,99.82,24100,21695.8,15250,6400,,,,,0,3.2,16.2,14.2,11.2,19.8,19.8,0,,05:33:00,1785231180,5.55,20:28:00,1785284880,20.47,14.92,3,3,28,28,19,20,7804,,,,,8,7.3,5,2,,,,
2026-07-27,29.8,23.75,24.85,19.9,36,,83,69.7,66,49,19.1,17.8,17.9,16.8,22,10.62,12.5,3,48,35,100.95,100.79,100.78,100.61,100.51,100.35,100.35,100.18,48300,27125,36200,24100,,,,,0,6.8,19.9,17.9,14.8,0,0,0,,05:32:00,1785144720,5.53,20:29:00,1785198540,20.48,14.95,8,8,29,29,19,19,24534,,,,,8,5.6,5,2,,,,
2026-07-26,29.8,24.62,24.05,18.3,34,,88,59.4,64,40,18.1,15.8,15.7,13.2,14,9.25,8.5,3,,,101.29,101.09,101.07,100.85,100.85,100.65,100.63,100.41,48300,36200,36200,24100,,,,,0,6,19.1,17.1,14.1,0,0,0,,05:31:00,1785058260,5.52,20:30:00,1785112200,20.5,14.98,8,8,30,30,19,19,23974,,,,,8,5.5,5,2,,,,
2026-07-25,29.5,23.87,22.45,15.4,33,,85,55,59.5,34,15.8,13.5,13.3,10.8,13,6.96,6.5,0,,,102.04,101.73,101.68,101.32,101.6,101.29,101.24,100.88,48300,37208.3,36200,24100,,,,,0,4.5,17.4,15.4,12.4,0,0,0,,05:30:00,1784971800,5.5,20:31:00,1785025860,20.52,15.02,8,8,29,29,18,18,27872,,,,,8,3.2,4,0,,,,
2026-07-24,26.8,21.77,21.2,15.6,30,,75,57,58.5,42,16,12.8,13.1,10.1,26,14.58,16.5,7,35,22,102.25,102.12,102.11,101.97,101.8,101.67,101.67,101.53,48300,38216.7,36200,24100,,,,,0,3.2,16.2,14.2,11.2,0,0,0,,05:29:00,1784885340,5.48,20:32:00,1784939520,20.53,15.05,7,7,27,27,19,19,25434,,,,,8,3.2,4,0,,,,
2026-07-23,25.7,19,18.95,12.2,27,,78,60.4,57.5,37,14.3,10.8,11.2,8.2,28,20,17.5,7,46,27,102.04,101.69,101.68,101.32,101.59,101.25,101.23,100.88,48300,39225,36200,24100,,,,,0,0.9,13.9,11.9,8.9,0,0,0,,05:28:00,1784798880,5.47,20:33:00,1784853180,20.55,15.08,7,7,25,25,17,17,25761,,,,,8,4.3,4,0,,,,
2026-07-22,22.6,18.97,17.8,13,28,,91,76.2,73.5,56,19.5,14.6,14.2,9,36,24.42,25,14,52,23,101.29,100.4,100.56,99.84,100.85,99.96,100.13,99.41,24100,23433.3,20100,16100,,,,,0.2,0,12.8,10.8,7.8,1.5,1.5,0,,05:27:00,1784712420,5.45,20:34:00,1784766840,20.57,15.12,6,6,18,21,13,14,16433,,,,,8,6.6,5,2,,,,
2026-07-21,27.1,22.7,23.45,19.8,32,,92,68.3,73,54,19.4,16.4,16.3,13.2,37,22.25,23.5,10,58,17,101.02,100.45,100.47,99.93,100.58,100.01,100.04,99.5,24100,23100,20100,16100,,,,,0,5.5,18.4,16.4,13.4,8.2,8.2,0,,05:26:00,1784625960,5.43,20:35:00,1784680500,20.58,15.15,7,8,27,28,19,19,16836,,,,,8,7.8,7,6,,,,
2026-07-20,26.4,21.43,20.9,15.4,29,,75,57.6,58.5,42,14.4,12.5,12.6,10.8,30,15.25,18.5,7,41,24,101.31,101.18,101.17,101.04,100.87,100.74,100.74,100.6,48300,38216.7,36200,24100,,,,,0,2.9,15.9,13.9,10.9,0,0,0,,05:25:00,1784539500,5.42,20:36:00,1784594160,20.6,15.18,8,8,27,27,18,18,25963,,,,,8,5.8,5,2,,,,
2026-07-19,24.4,19.62,19.95,15.5,,,80,55.5,57,34,12.3,9.9,9.9,7.5,32,18.88,19.5,7,52,33,101.14,100.81,100.65,100.17,100.7,100.36,100.22,99.73,24100,24100,24100,24100,,,,,0,2,14.9,12.9,9.9,0,0,0,,05:24:00,1784453040,5.4,20:37:00,1784507820,20.62,15.22,7,7,24,24,14,14,28450,,,,,8,4.1,4.5,1,,,,
2026-07-18,22.2,19.36,19.2,16.2,29,,92,75.4,73,54,20,14.8,15.4,10.8,32,14.75,17.5,3,41,16,101.46,100.56,100.61,99.77,101.02,100.12,100.17,99.33,24100,20095.8,13650,3200,,,,,0,1.2,14.2,12.2,9.2,5.9,5.9,0,,05:23:00,1784366580,5.38,20:38:00,1784421480,20.63,15.25,3,3,22,22,14,18,5725,,,,,8,7.6,5.5,3,,,,
2026-07-17,26.1,20.72,20.55,15,26,,62,46.5,48,34,12.9,8.7,10.1,7.3,25,15.04,16.5,8,41,26,101.72,101.53,101.5,101.28,101.28,101.09,101.06,100.84,48300,34183.3,36200,24100,,,,,0,2.5,15.6,13.6,10.6,0,0,0,,05:22:00,1784280120,5.37,20:39:00,1784335140,20.65,15.28,7,7,25,25,18,18,28959,,,,,8,3.8,4,0,,,,
2026-07-16,25.6,21.5,22.05,18.5,27,,83,56.2,56.5,30,16.3,11.8,11.2,6,32,17.42,16,0,58,34,101.27,100.93,101,100.74,100.83,100.49,100.57,100.3,24100,24100,24100,24100,,,,,0,4,17.1,15.1,12.1,2.3,2.3,0,,05:21:00,1784193660,5.35,20:39:00,1784248740,20.65,15.3,3,7,25,25,15,16,23854,,,,,8,4,4,0,,,,
2026-07-15,28.8,24.82,24.1,19.4,33,,72,58.9,53.5,35,20.3,15.9,15.8,11.2,34,19.29,21,8,48,29,100.91,100.79,100.74,100.56,100.47,100.36,100.3,100.13,24100,21500,18500,12900,,,,,0,6.1,19.1,17.1,14.1,0,0,0,,05:20:00,1784107200,5.33,20:40:00,1784162400,20.67,15.33,8,8,28,28,19,19,23595,,,,,8,5.6,4,0,,,,
2026-07-14,30.4,25.98,26.1,21.8,41,,83,69,69.5,56,24.5,19.9,19.4,14.2,30,18.25,20,10,45,24,101.44,100.93,101.03,100.62,101,100.5,100.6,100.19,24100,22233.3,17700,11300,,,,,0,8.1,21.1,19.1,16.1,0.6,0.6,0,,05:19:00,1784020740,5.32,20:41:00,1784076060,20.68,15.37,8,9,31,33,20,20,13744,,,,,8,7.4,5,2,,,,
2026-07-13,28.4,24.15,23.5,18.6,32,,71,57.5,57,43,17.1,15.2,15.4,13.7,26,15.38,16.5,7,42,25,101.98,101.71,101.67,101.36,101.54,101.27,101.23,100.92,24100,24100,24100,24100,,,,,0,5.5,18.5,16.5,13.5,0,0,0,,05:18:00,1783934280,5.3,20:42:00,1783989720,20.7,15.4,7,7,29,29,23,24,19520,,,,,8,5.6,4,0,,,,
2026-07-12,28.6,23.54,22.45,16.3,30,,86,56.8,59.5,33,17,13.8,13.8,10.7,18,9.25,9,0,,,102.27,102.11,102.13,102,101.83,101.67,101.69,101.56,48300,28133.3,36200,24100,,,,,0,4.5,17.4,15.4,12.4,0,0,0,,05:17:00,1783847820,5.28,20:42:00,1783903320,20.7,15.42,7,7,29,29,18,19,28531,,,,,8,3.7,4,0,,,,
2026-07-11,27.3,22.21,21.25,15.2,29,,71,50,53.5,36,13.7,11,11.3,8.9,16,7.54,8,0,32,2,101.97,101.71,101.67,101.38,101.53,101.27,101.24,100.94,48300,35191.7,36200,24100,,,,,0,3.2,16.2,14.2,11.2,0,0,0,,05:16:00,1783761360,5.27,20:43:00,1783816980,20.72,15.45,7,7,27,27,17,17,28661,,,,,8,2.8,4,0,,,,
2026-07-10,28,22.88,22.85,17.7,30,,95,60.9,64.5,34,18.7,14,14.3,9.9,24,11.04,12,0,35,27,101.36,101.06,101.06,100.76,100.92,100.62,100.62,100.32,48300,26116.7,36200,24100,,,,,0,4.8,17.9,15.8,12.8,0,0,0,,05:15:00,1783674900,5.25,20:43:00,1783730580,20.72,15.47,8,8,27,27,15,15,28643,,,,,8,3.5,4,0,,,,
2026-07-09,23.6,21.98,21.5,19.4,30,,97,83.1,84.5,72,20,18.9,19,18,15,8.29,9,3,,,101.08,100.94,100.91,100.73,100.64,100.5,100.47,100.29,24100,21700,16100,8100,,,,,0,3.5,16.5,14.5,11.5,25.2,25.2,0,,05:15:00,1783588500,5.25,20:44:00,1783644240,20.73,15.48,4,6,26,26,19,19,6509,,,,,8,7.3,5,2,,,,
2026-07-08,30.6,25.5,25,19.4,37,,84,62.4,66.5,49,19.7,17.7,16.6,13.5,26,16.38,16,6,37,22,101.64,101.36,101.31,100.99,101.2,100.92,100.88,100.56,48300,37208.3,36200,24100,,,,,0,7,20,18,15,0,0,0,,05:14:00,1783502040,5.23,20:44:00,1783557840,20.73,15.5,9,9,33,33,21,23,26916,,,,,6,2.2,3,0,,,,
2026-07-07,29.7,25.2,25.29,20.9,33,,64,48.5,50,36,15,13.4,13.3,11.7,22,12.75,13.5,5,35,15,102.01,101.85,101.82,101.63,101.57,101.41,101.38,101.19,48300,33175,36200,24100,,,,,0,7.3,20.3,18.3,15.3,0,0,0,,05:13:00,1783415580,5.22,20:45:00,1783471500,20.75,15.53,8,8,29,29,19,19,29750,,,,,5,1.5,2.5,0,,,,
2026-07-06,30.5,24.52,23.95,17.4,34,,84,55.1,60,36,16.8,14.5,14.4,12.1,20,13.58,13.5,7,,,102.07,101.96,101.96,101.85,101.63,101.52,101.52,101.41,48300,25108.3,36200,24100,,,,,0,6,18.9,16.9,13.9,0,0,0,,05:12:00,1783329120,5.2,20:45:00,1783385100,20.75,15.55,8,8,30,30,20,20,27145,,,,,8,4.8,4.5,1,,,,
2026-07-05,28.3,23.28,22.15,16,29,,82,49,55.5,29,14,11.1,11.1,8.2,17,7.08,8.5,0,,,101.8,101.59,101.59,101.38,101.36,101.15,101.15,100.94,48300,25108.3,36200,24100,,,,,0,4.2,17.1,15.2,12.2,0,0,0,,05:12:00,1783242720,5.2,20:46:00,1783298760,20.77,15.57,8,8,29,29,18,18,30274,,,,,7,2.8,3.5,0,,,,
2026-07-04,27.3,24.57,22.95,18.6,31,,81,55.2,56,31,20,14.4,13.8,7.7,22,11.96,13.5,5,33,28,101.35,101.13,101.15,100.95,100.91,100.69,100.72,100.52,24100,24100,24100,24100,,,,,0,5,17.9,15.9,12.9,0,0,0,,05:11:00,1783156260,5.18,20:46:00,1783212360,20.77,15.58,9,9,28,29,17,17,22974,,,,,8,4.7,4,0,,,,
2026-07-03,31.2,26.57,27,22.8,38,,88,66.5,67.5,47,21.9,19.7,20,18.1,33,19,20.5,8,50,27,101.21,101.07,101.08,100.95,100.77,100.64,100.64,100.52,24100,24100,24100,24100,,,,,0,9,22,20,17,0,0,0,,05:10:00,1783069800,5.17,20:46:00,1783125960,20.77,15.6,9,9,32,32,21,21,28273,,,,,8,2.7,4,0,,,,
2026-07-02,32.5,25.97,26.95,21.4,42,,91,77.7,74,57,23.2,21.6,21.8,20.3,35,15.96,21,7,96,30,101.25,101.09,101.08,100.9,100.81,100.65,100.64,100.47,48300,27195.8,24950,1600,,,,,0,8.9,21.9,19.9,16.9,23.5,23.5,0,,05:10:00,1782983400,5.17,20:46:00,1783039560,20.77,15.6,10,10,32,33,22,24,24481,,,,,8,5.1,4,0,,,,
2026-07-01,32.3,25.64,27.35,22.4,44,,91,79.6,77,63,25.3,21.8,22.8,20.3,37,17.92,20.5,4,61,24,101.21,101.08,101.04,100.88,100.77,100.64,100.61,100.44,48300,29141.7,36200,24100,,,,,0,9.3,22.4,20.4,17.4,1.3,1.3,0,,05:09:00,1782896940,5.15,20:47:00,1782953220,20.78,15.63,9,9,32,33,24,25,17794,,,,,8,7,5,2,,,,
2026-06-30,29.1,24.4,23.85,18.6,35,,87,64.1,66,45,20.9,16.9,17.4,13.8,17,9.33,8.5,0,,,101.82,101.48,101.44,101.07,101.38,101.04,101,100.63,48300,28133.3,36200,24100,,,,,0,5.8,18.9,16.9,13.8,0,0,0,,05:09:00,1782810540,5.15,20:47:00,1782866820,20.78,15.63,7,7,30,30,22,24,16692,,,,,8,6.5,5.5,3,,,,
2026-06-29,29.4,23.72,22.6,15.8,31,,84,54.3,57,30,15.7,13.1,12.7,9.6,16,8.58,8,0,,,102.06,101.89,101.88,101.7,101.62,101.45,101.44,101.26,48300,36000,33800,19300,,,,,0,4.6,17.6,15.6,12.6,0,0,0,,05:08:00,1782724080,5.13,20:47:00,1782780420,20.78,15.65,8,8,30,30,20,20,29901,,,,,8,1.9,4,0,,,,
2026-06-28,28.3,22.68,22.3,16.3,31,,91,63.1,61.5,32,17.3,14.7,13.8,10.3,17,6.67,8.5,0,,,101.68,101.59,101.59,101.5,101.24,101.15,101.15,101.06,48300,38216.7,36200,24100,,,,,0,4.3,17.3,15.3,12.3,0,0,0,,05:08:00,1782637680,5.13,20:47:00,1782694020,20.78,15.65,8,8,27,27,16,17,26794,,,,,8,2.5,4,0,,,,
2026-06-27,26.8,21.23,21.05,15.3,30,,95,69.8,68.5,42,16.8,15,14.5,12.2,17,5.42,8.5,0,32,15,101.86,101.69,101.7,101.54,101.42,101.25,101.26,101.1,48300,34183.3,36200,24100,,,,,0,3,16.1,14.1,11.1,0,0,0,,05:07:00,1782551220,5.12,20:47:00,1782607620,20.78,15.67,8,8,26,26,17,17,30103,,,,,7,4,4,1,,,,
2026-06-26,22.8,19.22,19.55,16.3,27,,93,79.9,78.5,64,17.2,15.6,15.8,14.4,13,7.71,6.5,0,,,101.73,101.59,101.62,101.52,101.29,101.15,101.19,101.08,48300,26125,29000,9700,,,,,0,1.6,14.6,12.6,9.6,3.7,3.7,0,,05:07:00,1782464820,5.12,20:47:00,1782521220,20.78,15.67,5,5,22,22,17,17,14101,,,,,8,6.3,4.5,1,,,,
2026-06-25,26.8,21.12,21.55,16.3,28,,87,62.4,62.5,38,16.2,13.3,13.6,10.9,21,10.38,10.5,0,35,23,101.72,101.57,101.53,101.35,101.28,101.13,101.1,100.91,48300,33983.3,33800,19300,,,,,0,3.5,16.6,14.6,11.6,0.4,0.4,0,,05:06:00,1782378360,5.1,20:47:00,1782434820,20.78,15.68,7,7,27,27,16,17,27091,,,,,8,6.7,5,2,,,,
2026-06-24,25.4,20.48,20.6,15.8,27,,74,60.2,58.5,43,14,12.3,12.7,11.3,29,15.04,16,3,45,27,101.36,101.23,101.24,101.13,100.92,100.79,100.81,100.69,48300,35191.7,36200,24100,,,,,0,2.6,15.6,13.6,10.6,0,0,0,,05:06:00,1782291960,5.1,20:47:00,1782348420,20.78,15.68,7,7,26,26,17,17,25478,,,,,8,5.4,5,2,,,,
2026-06-23,26.1,21.14,21.55,17,28,,86,63.6,65.5,45,16.1,13.6,13.8,11.5,24,9.62,13.5,3,32,25,101.39,101.23,101.24,101.1,100.95,100.79,100.81,100.66,48300,36200,36200,24100,,,,,0,3.5,16.6,14.6,11.6,0,0,0,,05:06:00,1782205560,5.1,20:47:00,1782262020,20.78,15.68,8,8,24,24,15,16,22369,,,,,8,5.6,4.5,1,,,,
2026-06-22,24.1,19.49,19.3,14.5,28,,90,72.9,73.5,57,16.1,14.4,14.8,13.6,18,8.83,10.5,3,35,19,101.59,101.47,101.46,101.34,101.15,101.03,101.03,100.9,48300,36200,36200,24100,,,,,0,1.3,14.3,12.3,9.3,0,0,0,,05:06:00,1782119160,5.1,20:47:00,1782175620,20.78,15.68,8,8,24,25,16,17,19203,,,,,8,6.2,4,0,,,,
2026-06-21,23.8,18.8,19.2,14.6,27,,95,79.2,76,57,16.8,15,15.2,13.6,25,11.5,14.5,4,46,32,101.31,100.97,101,100.69,100.87,100.53,100.56,100.25,48300,29141.7,36200,24100,,,,,0,1.2,14.2,12.2,9.2,2.4,2.4,0,,05:05:00,1782032700,5.08,20:47:00,1782089220,20.78,15.7,7,7,21,22,15,15,20534,,,,,8,5.7,5.5,3,,,,
2026-06-20,22.3,17.3,18.64,15,26,,95,85.6,79.5,64,15.9,14.8,14.8,13.6,30,17.71,17.5,5,50,14,100.72,100.38,100.39,100.05,100.28,99.94,99.94,99.61,24100,21262.5,14050,4000,,,,,0,0.6,13.6,11.6,8.6,52.4,52.4,0,,05:05:00,1781946300,5.08,20:46:00,1782002760,20.77,15.68,3,7,21,21,15,15,14447,,,,,8,7.8,7.5,7,,,,
2026-06-19,19.9,17.07,17.45,15,,,93,84.4,83.5,74,15.4,14.4,14.4,13.5,35,23.12,24,13,59,28,100.12,99.8,99.77,99.42,99.68,99.36,99.33,98.98,24100,23233.3,20100,16100,,,,,0.6,0,12.4,10.4,7.5,6.6,6.6,0,,05:05:00,1781859900,5.08,20:46:00,1781916360,20.77,15.68,3,7,18,18,14,15,9103,,,,,8,7.9,7,6,,,,
2026-06-18,21.3,18.12,18.7,16.1,27,,97,88.3,84.5,72,18.4,16.1,15.8,13.3,40,22.17,24,8,54,12,100.49,99.53,99.68,98.87,100.05,99.1,99.25,98.44,24100,21766.7,16900,9700,,,,,0,0.7,13.7,11.7,8.7,20.7,20.7,0,,05:05:00,1781773500,5.08,20:46:00,1781829960,20.77,15.68,3,3,20,20,15,15,7415,,,,,8,7.6,6.5,5,,,,
2026-06-17,25.4,19.22,19.85,14.3,26,,75,60.8,58,41,13.1,11.3,11.1,9,35,12.67,17.5,0,58,22,100.82,100.69,100.67,100.53,100.38,100.25,100.23,100.09,48300,34391.7,30600,12900,,,,,0,1.8,14.8,12.8,9.8,3.6,3.6,0,,05:05:00,1781687100,5.08,20:45:00,1781743500,20.75,15.67,7,7,24,25,16,17,19376,,,,,8,4.8,4,0,,,,
2026-06-16,23.9,18.16,17.85,11.8,,,88,60.9,64,40,11.4,10.1,9.8,8.3,23,13.67,14.5,6,35,22,100.89,100.76,100.72,100.56,100.45,100.32,100.28,100.12,48300,34183.3,36200,24100,,,,,0.1,0,12.8,10.8,7.8,0,0,0,,05:05:00,1781600700,5.08,20:45:00,1781657100,20.75,15.67,7,7,24,24,14,15,28041,,,,,7,3.2,4,1,,,,
2026-06-15,21.1,17.6,17.14,13.2,,,92,69.8,71,50,15.4,11.7,12.1,8.7,34,21.38,21,8,46,29,100.82,100.45,100.47,100.13,100.38,100.01,100.03,99.69,48300,27125,36200,24100,,,,,0.9,0,12.1,10.1,7.1,0,0,0,,05:05:00,1781514300,5.08,20:45:00,1781570700,20.75,15.67,7,7,21,21,13,13,23600,,,,,8,5.7,4.5,1,,,,
2026-06-14,21.1,18.65,18.8,16.5,,,96,87,79.5,63,18.3,16.4,15.8,13.4,23,13.42,11.5,0,39,20,100.72,100.51,100.41,100.1,100.28,100.07,99.97,99.66,24100,18229.2,14450,4800,,,,,0,0.8,13.8,11.8,8.8,18.6,18.6,0,,05:05:00,1781427900,5.08,20:44:00,1781484240,20.73,15.65,3,3,18,21,15,16,5230,,,,,8,7.8,5.5,3,,,,
2026-06-13,28.1,22.79,22.95,17.8,31,,73,57.5,58.5,44,15.2,13.9,13.2,11.1,28,19.33,20,12,65,26,100.96,100.83,100.83,100.7,100.52,100.39,100.39,100.27,48300,38216.7,36200,24100,,,,,0,5,17.9,15.9,12.9,0,0,0,,05:05:00,1781341500,5.08,20:44:00,1781397840,20.73,15.65,8,8,28,29,18,19,25873,,,,,8,4.4,4.5,1,,,,
2026-06-12,31.3,25.75,26,20.7,40,,91,70.9,69,47,22.2,19.8,17.7,13.2,33,16.54,16.5,0,52,24,100.64,100.32,100.36,100.09,100.21,99.89,99.94,99.66,48300,25108.3,36200,24100,,,,,0,8,21,19,16,0,0,0,,05:05:00,1781255100,5.08,20:43:00,1781311380,20.72,15.63,9,9,31,31,18,19,25507,,,,,8,6.2,5,2,,,,
2026-06-11,29,24.39,25.2,21.4,37,,96,81.8,79.5,63,22.1,21,21,19.9,15,11.33,9.5,4,32,30,100.55,100.45,100.45,100.35,100.12,100.02,100.02,99.91,24100,24100,24100,24100,,,,,0,7.2,20.2,18.2,15.2,0,0,0,,05:05:00,1781168700,5.08,20:43:00,1781224980,20.72,15.63,9,9,27,29,21,21,16736,,,,,8,7.5,5.5,3,,,,
2026-06-10,28.1,23.14,22.5,16.9,35,,96,73.5,77.5,59,21.9,18,18.1,14.4,14,7.29,7,0,32,20,101.28,100.86,100.89,100.5,100.84,100.42,100.45,100.07,24100,23262.5,14050,4000,,,,,0,4.5,17.5,15.5,12.5,11.8,11.8,0,,05:05:00,1781082300,5.08,20:42:00,1781138520,20.7,15.62,4,4,25,25,20,21,15332,,,,,8,6.7,4.5,1,,,,
2026-06-09,28.4,22.15,21.4,14.4,31,,87,58.2,61.5,36,15,13,13,11,18,10.17,9,0,,,102.06,101.72,101.67,101.28,101.62,101.28,101.23,100.84,48300,36200,36200,24100,,,,,0,3.4,16.4,14.4,11.4,0,0,0,,05:06:00,1780995960,5.1,20:41:00,1781052060,20.68,15.58,8,8,29,29,17,19,31469,,,,,8,4,4,0,,,,
2026-06-08,26.2,20.2,19.5,12.8,28,,94,64.2,64,34,15.2,12.5,12.1,8.9,19,9.42,9.5,0,35,19,102.47,102.25,102.26,102.05,102.02,101.8,101.81,101.6,48300,41241.7,36200,24100,,,,,0,1.5,14.5,12.5,9.5,0,0,0,,05:06:00,1780909560,5.1,20:41:00,1780965660,20.68,15.58,8,8,26,26,15,15,31156,,,,,8,2.8,4,0,,,,
2026-06-07,20.2,17.66,17.3,14.4,,,96,82.5,77,58,17.4,14.5,14.4,11.5,30,19.46,17,4,50,29,101.97,100.99,100.98,99.98,101.52,100.55,100.54,99.57,48300,18804.2,25550,2800,,,,,0.7,0,12.3,10.3,7.3,7.9,7.9,0,,05:06:00,1780823160,5.1,20:40:00,1780879200,20.67,15.57,5,5,22,23,15,15,9864,,,,,8,6.1,4,0,,,,
2026-06-06,24.2,19.86,21.04,17.9,29,,96,82.4,74.5,53,18.7,16.6,15.6,12.4,27,17.29,15,3,46,23,101.02,100.48,100.45,99.89,100.58,100.04,100.01,99.45,24100,15858.3,13650,3200,,,,,0,3,16,14,11,22.8,22.8,0,,05:07:00,1780736820,5.12,20:39:00,1780792740,20.65,15.53,3,3,22,22,16,16,5741,,,,,8,7.8,7.5,7,,,,
2026-06-05,27,21.62,21.4,15.8,29,,67,52.4,51.5,36,13.1,11.3,11.7,10.2,14,9.96,9.5,5,,,101.45,101.3,101.26,101.08,101.01,100.86,100.83,100.64,48300,39225,36200,24100,,,,,0,3.4,16.4,14.4,11.4,0,0,0,,05:07:00,1780650420,5.12,20:39:00,1780706340,20.65,15.53,8,8,29,29,21,21,19506,,,,,8,7.4,4.5,1,,,,
2026-06-04,28.8,21.82,22.2,15.6,30,,54,44.4,44,34,11.7,9.1,8.8,5.9,31,17.88,20,9,42,28,101.9,101.63,101.63,101.36,101.46,101.19,101.19,100.92,48300,38216.7,36200,24100,,,,,0,4.2,17.2,15.2,12.2,0,0,0,,05:07:00,1780564020,5.12,20:38:00,1780619880,20.63,15.52,8,8,29,30,18,18,27043,,,,,8,5.5,4,0,,,,
2026-06-03,29.4,21.4,21,12.6,29,,70,44,46.5,23,10.2,7.7,7.8,5.5,25,13.25,12.5,0,41,27,102.29,102.03,102.04,101.79,101.84,101.59,101.59,101.35,48300,41241.7,36200,24100,,,,,0,3,16,14,11,0,0,0,,05:08:00,1780477680,5.13,20:37:00,1780533420,20.62,15.48,8,8,29,29,16,16,30491,,,,,7,2.6,3.5,0,,,,
2026-06-02,25.5,18.66,17.7,9.9,,,80,44.9,50.5,21,8.4,4.7,4.2,0.1,22,10.88,11,0,32,32,102.23,102.07,102.09,101.94,101.78,101.62,101.63,101.49,48300,39225,36200,24100,,,,,0.3,0,12.7,10.7,7.7,0,0,0,,05:08:00,1780391280,5.13,20:36:00,1780446960,20.6,15.47,7,7,25,25,12,12,29128,,,,,8,4.9,4,0,,,,
2026-06-01,21.4,15.16,14.64,7.9,,,94,59.5,59.5,25,9.4,6,4.3,-0.7,16,11.33,9.5,3,37,3,102.05,101.85,101.75,101.44,101.6,101.4,101.29,100.99,48300,40233.3,36200,24100,,,,,3.4,0,9.6,7.6,4.6,0,0,0,,05:09:00,1780304940,5.15,20:35:00,1780360500,20.58,15.43,6,6,21,21,11,11,29107,,,,,7,2.8,3.5,0,,,,
2026-05-31,21,13.99,15.4,9.8,,,80,66.6,59.5,39,9.9,7.7,7.6,5.3,40,16.46,23.5,7,68,5,101.73,101.3,101.28,100.82,101.28,100.85,100.83,100.38,48300,28133.3,36200,24100,,,,,2.6,0,10.4,8.4,5.4,0,0,0,,05:10:00,1780218600,5.17,20:35:00,1780274100,20.58,15.42,5,6,17,18,9,9,15554,,,,,8,6.9,5.5,3,,,,
2026-05-30,18.2,13.08,13.55,8.9,,,91,61.8,64,37,8.1,5.3,5.3,2.5,45,23.96,26,7,67,5,102.06,101.73,101.44,100.83,101.61,101.28,100.99,100.38,48300,33458.3,28200,8100,,,,,4.5,0,8.6,6.5,3.5,1.9,1.9,0,,05:10:00,1780132200,5.17,20:34:00,1780187640,20.57,15.4,6,6,18,18,10,11,30728,,,,,8,4.4,5,2,,,,
2026-05-29,18,13.5,13.05,8.1,,,94,70.3,73,52,11,8,8.2,5.3,53,15.04,26.5,0,78,31,101.44,100.84,100.82,100.2,100.99,100.4,100.38,99.76,48300,29020.8,25750,3200,,,,,5,0,8.1,6,3,20.4,20.4,0,,05:11:00,1780045860,5.18,20:33:00,1780101180,20.55,15.37,1,2,18,18,7,8,7913,,,,,8,7.7,6.5,5,,,,
2026-05-28,19.5,16.07,16.1,12.7,,,63,54.3,52,41,9.8,6.8,7.4,5,23,15,16,9,33,36,101.49,101.38,101.31,101.13,101.04,100.93,100.87,100.69,48300,40233.3,36200,24100,,,,,1.9,0,11.1,9.1,6.1,0,0,0,,05:12:00,1779959520,5.2,20:32:00,1780014720,20.53,15.33,4,6,21,21,12,12,15777,,,,,8,6.6,5.5,3,,,,
2026-05-27,22.9,19.58,19.1,15.3,,,67,51.1,53.5,40,11.6,9.2,9.7,7.7,22,12.58,11,0,32,2,101.14,101,100.97,100.81,100.7,100.56,100.53,100.37,48300,34183.3,36200,24100,,,,,0,1.1,14.1,12.1,9.1,0,0,0,,05:12:00,1779873120,5.2,20:31:00,1779928260,20.52,15.32,8,8,24,24,13,13,19216,,,,,8,7.1,6,4,,,,
2026-05-26,27.9,20.88,20.54,13.2,30,,89,57.4,59.5,30,14,11.2,10.8,7.5,40,22.29,25,10,68,24,101.7,101.25,101.22,100.74,101.25,100.81,100.78,100.3,24100,24100,24100,24100,,,,,0,2.5,15.5,13.5,10.5,0,0,0,,05:13:00,1779786780,5.22,20:30:00,1779841800,20.5,15.28,7,7,29,29,17,17,29335,,,,,7,2.5,3.5,0,,,,
2026-05-25,20.9,15.4,16.2,11.5,,,96,81,77,58,13.8,11.9,11.8,9.9,25,13.96,15.5,6,37,28,101.98,101.7,101.75,101.52,101.53,101.25,101.3,101.07,48300,23595.8,25750,3200,,,,,1.8,0,11.2,9.2,6.2,11.5,11.5,0,,05:14:00,1779700440,5.23,20:29:00,1779755340,20.48,15.25,5,5,20,22,12,14,15346,,,,,8,6.3,5,2,,,,
2026-05-24,15.2,12.33,13,10.8,,,90,77.8,71,52,9.3,8.5,7.6,5.9,34,21.12,22.5,11,54,17,103,102.66,102.51,102.02,102.55,102.21,102.06,101.57,24100,23233.3,20100,16100,,,,,5,0,8,6,3,9,9,0,,05:15:00,1779614100,5.25,20:28:00,1779668880,20.47,15.22,6,6,11,12,12,12,7137,,,,,8,7.9,7.5,7,,,,
2026-05-23,20.7,16.07,14.14,7.6,,,72,44,50.5,29,5.2,3.2,3.5,1.7,17,12.42,8.5,0,,,103.29,103.1,103.12,102.94,102.84,102.65,102.66,102.49,48300,27125,36200,24100,,,,,3.9,0,9.1,7.1,4.1,0,0,0,,05:16:00,1779527760,5.27,20:27:00,1779582420,20.45,15.18,7,7,21,21,12,12,17602,,,,,8,6.2,4,0,,,,
2026-05-22,19.9,13.65,12.3,4.7,,,68,39,46,24,3.2,-0.6,0.1,-3,17,9.54,8.5,0,,,103.2,102.95,102.97,102.73,102.74,102.5,102.51,102.28,48300,38216.7,36200,24100,,,,,5.7,0,7.3,5.3,2.3,0,0,0,,05:17:00,1779441420,5.28,20:26:00,1779495960,20.43,15.15,7,7,20,20,7,7,30632,,,,,6,1.4,3,0,,,,
2026-05-21,16.2,10.55,11.2,6.2,,,53,41.6,39.5,26,-0.4,-2.2,-2.2,-4.1,21,13.96,12.5,4,32,1,102.85,102.61,102.5,102.15,102.39,102.16,102.04,101.7,48300,39225,36200,24100,,,,,6.8,0,6.2,4.2,1.2,0,0,0,,05:17:00,1779355020,5.28,20:25:00,1779409500,20.42,15.13,8,8,17,17,3,7,30719,,,,,7,2.4,3.5,0,,,,
2026-05-20,24.4,20.14,16.79,9.2,29,,84,54.6,56.5,29,18.4,9.9,9.1,-0.2,41,25.58,28.5,16,59,29,102.07,101.22,101.42,100.78,101.62,100.78,100.98,100.34,48300,29141.7,36200,24100,,,,,1.2,0,11.8,9.8,6.8,0,0,0,,05:18:00,1779268680,5.3,20:24:00,1779323040,20.4,15.1,8,8,24,25,6,6,27619,,,,,8,5.9,5.5,3,,,,
2026-05-19,28.3,22.78,21.5,14.7,34,,88,66.5,68.5,49,18.2,16.1,15.7,13.1,31,18.79,17,3,45,24,101.27,101.09,101.02,100.77,100.83,100.65,100.58,100.33,48300,28133.3,36200,24100,,,,,0,3.5,16.5,14.5,11.5,0,0,0,,05:20:00,1779182400,5.33,20:22:00,1779236520,20.37,15.03,8,8,29,29,20,20,22493,,,,,8,6,4.5,1,,,,
2026-05-18,21.6,15.64,15.5,9.4,25,,87,63.1,64,41,14.3,8.3,7.4,0.5,22,13.25,13,4,33,5,102.21,101.81,101.76,101.32,101.76,101.36,101.32,100.87,24100,22291.7,15250,6400,,,,,2.5,0,10.5,8.5,5.5,2.6,2.6,0,,05:21:00,1779096060,5.35,20:21:00,1779150060,20.35,15,5,6,23,23,19,20,17818,,,,,8,6,4.5,1,,,,
2026-05-17,24.1,18.63,18.95,13.8,,,89,53.3,59.5,30,13.1,7.8,8.3,3.5,23,16.96,16,9,42,29,102.1,101.47,101.46,100.82,101.65,101.03,101.01,100.38,48300,34183.3,36200,24100,,,,,0,0.9,13.9,11.9,8.9,0,0,0,,05:22:00,1779009720,5.37,20:20:00,1779063600,20.33,14.97,7,7,23,23,11,11,27294,,,,,8,3.9,4,0,,,,
2026-05-16,23.4,16.99,17.2,11,,,89,58,61,33,13.2,7.9,8.8,4.4,37,20.25,22.5,8,55,26,101.47,101.08,101.05,100.62,101.02,100.63,100.6,100.18,48300,37208.3,36200,24100,,,,,0.8,0,12.2,10.2,7.2,0,0,0,,05:23:00,1778923380,5.38,20:19:00,1778977140,20.32,14.93,8,8,23,24,14,14,22611,,,,,8,5.4,4.5,1,,,,
2026-05-15,19.3,14.21,15,10.7,,,94,79.6,76,58,11.4,10.6,10.5,9.6,30,16.25,16.5,3,41,5,101.39,101.2,101.17,100.96,100.94,100.75,100.73,100.51,24100,20179.2,13850,3600,,,,,3,0,10,8,5,0.3,0.3,0,,05:24:00,1778837040,5.4,20:18:00,1778890680,20.3,14.9,6,6,19,20,11,11,16419,,,,,8,7,5,2,,,,
2026-05-14,13,10.28,10.45,7.9,,,96,87.6,85.5,75,10,8.3,8.6,7.2,22,12.83,13.5,5,32,3,101.08,100.95,100.91,100.74,100.63,100.5,100.46,100.29,24100,19766.7,16900,9700,,,,,7.5,0,5.5,3.5,0.4,8,8,0,,05:25:00,1778750700,5.42,20:17:00,1778804220,20.28,14.87,2,4,12,13,11,11,8144,,,,,8,8,8,8,,,,
2026-05-13,10.6,8.81,9.3,8,,,94,69.2,69.5,45,7.3,2.9,2.5,-2.2,24,16.17,14.5,5,39,13,101.75,101.21,101.28,100.82,101.3,100.76,100.84,100.37,48300,26058.3,32200,16100,,,,,8.7,0,4.3,2.3,0,5.2,5.2,0,,05:26:00,1778664360,5.43,20:16:00,1778717760,20.27,14.83,1,6,11,12,10,11,4396,,,,,8,8,8,8,,,,
2026-05-12,13.7,9.91,9.89,6.1,,,52,40.2,42,32,-1.2,-3.1,-2.9,-4.6,21,13.46,14,7,35,21,102.31,102.05,102.04,101.77,101.86,101.6,101.59,101.32,48300,39225,36200,24100,,,,,8.1,0,4.9,2.9,0,0,0,0,,05:27:00,1778578020,5.45,20:14:00,1778631240,20.23,14.78,6,6,15,16,7,7,25208,,,,,8,6.3,5,2,,,,
2026-05-11,13.6,9.42,9.6,5.6,,,75,55.1,57.5,40,2.9,0.6,-0.3,-3.5,18,9.83,9,0,37,20,102.06,101.91,101.9,101.74,101.61,101.46,101.45,101.29,48300,33175,36200,24100,,,,,8.4,0,4.6,2.6,0,0,0,0,,05:29:00,1778491740,5.48,20:13:00,1778544780,20.22,14.73,5,5,14,14,3,3,19341,,,,,8,6.1,5,2,,,,
2026-05-10,15.9,12.03,12.05,8.2,,,90,60.4,64,38,9.2,4,4.8,0.4,32,20.92,18,4,50,29,101.73,101.06,101.11,100.48,101.28,100.61,100.66,100.04,48300,33850,32200,16100,,,,,6,0,7,5,2,0,0,0,,05:30:00,1778405400,5.5,20:12:00,1778458320,20.2,14.7,6,6,17,17,5,5,20169,,,,,8,6,5,2,,,,
2026-05-09,18.7,11.83,11.39,4.1,,,81,51.3,50,19,7.8,1.1,1,-5.9,35,21.04,20,5,52,15,101.15,100.84,100.81,100.47,100.7,100.4,100.36,100.03,48300,36200,36200,24100,,,,,6.6,0,6.4,4.4,1.4,1.8,1.8,0,,05:31:00,1778319060,5.52,20:11:00,1778371860,20.18,14.67,6,6,18,18,11,11,28710,,,,,8,3.8,4.5,1,,,,
2026-05-08,12.9,9.2,9.75,6.6,,,64,50.8,51,38,1.1,-0.6,-0.6,-2.2,25,13.96,12.5,0,41,25,101.05,100.89,100.92,100.78,100.6,100.44,100.47,100.33,48300,37208.3,36200,24100,,,,,8.2,0,4.8,2.8,0,0,0,0,,05:33:00,1778232780,5.55,20:09:00,1778285340,20.15,14.6,6,6,14,15,5,6,15529,,,,,8,7,5,2,,,,
2026-05-07,12,9.09,9.1,6.2,,,86,54.5,60.5,35,5.2,-0.3,0.8,-3.6,41,23.08,22.5,4,59,27,100.83,100.73,100.75,100.66,100.38,100.28,100.29,100.21,48300,37208.3,36200,24100,,,,,8.9,0,4.1,2.1,0,0,0,0,,05:34:00,1778146440,5.57,20:08:00,1778198880,20.13,14.57,5,5,13,13,4,4,22841,,,,,8,6.5,5,2,,,,
2026-05-06,9.6,7.8,7.65,5.7,,,86,79.2,79.5,73,6.4,4.4,4.6,2.8,24,11,13.5,3,37,23,101.04,100.91,100.92,100.81,100.59,100.46,100.47,100.36,24100,23300,18500,12900,,,,,10.3,0,2.6,0.6,0,8,8,0,,05:35:00,1778060100,5.58,20:07:00,1778112420,20.12,14.53,2,3,8,8,6,6,7297,,,,,8,7.8,7,6,,,,
2026-05-05,21.3,16.13,15.45,9.6,,,81,60.6,64.5,48,12.5,8.4,8.6,4.6,39,24.04,26,13,65,22,100.77,100.17,100.36,99.94,100.33,99.73,99.92,99.5,48300,29950,33800,19300,,,,,2.5,0,10.4,8.4,5.5,1.2,1.2,0,,05:37:00,1777973820,5.62,20:06:00,1778025960,20.1,14.48,5,5,19,20,7,8,9961,,,,,8,7,5,2,,,,
2026-05-04,19,12.44,13.35,7.7,,,89,65.3,67,45,7.8,5.8,4.2,0.6,28,14.83,18,8,35,26,100.59,100.38,100.39,100.2,100.14,99.94,99.95,99.76,24100,24100,24100,24100,,,,,4.7,0,8.3,6.3,3.4,2.8,2.8,0,,05:38:00,1777887480,5.63,20:04:00,1777939440,20.07,14.43,4,5,16,16,10,11,13697,,,,,8,7,4.5,1,,,,
2026-05-03,13.5,8.37,8.69,3.9,,,81,53.1,54,27,1.8,-1.5,-1.9,-5.6,27,13.21,13.5,0,45,27,101.16,100.9,100.89,100.61,100.71,100.45,100.44,100.16,48300,39225,36200,24100,,,,,9.3,0,3.7,1.7,0,0,0,0,,05:40:00,1777801200,5.67,20:03:00,1777852980,20.05,14.38,6,6,13,13,6,6,20698,,,,,8,6.3,4.5,1,,,,
2026-05-02,10.1,7.21,7.25,4.4,,,87,67.9,70,53,3.7,1.5,1.6,-0.6,20,8.46,10,0,,,101.28,101.19,101.2,101.12,100.83,100.74,100.75,100.67,24100,22766.7,20100,16100,,,,,10.8,0,2.2,0.2,0,5.1,5.1,0,,05:41:00,1777714860,5.68,20:02:00,1777766520,20.03,14.35,6,6,13,13,0,0,11905,,,,,8,7.7,7.5,7,,,,
2026-05-01,13,7.71,7.8,2.6,,,77,53.2,54,31,0.6,-1.7,-1.6,-3.8,26,14.08,15,4,48,28,101.23,101.12,101.13,101.03,100.78,100.67,100.68,100.58,48300,37208.3,36200,24100,,,,,10.2,0,2.8,0.8,0,0,0,0,,05:43:00,1777628580,5.72,20:01:00,1777680060,20.02,14.3,5,5,13,13,2,3,25247,,,,,8,4,4.5,1,,,,
2026-04-30,12.2,9.38,8.35,4.5,,,94,79.3,79,64,11.1,5.9,6,1,30,22.08,20.5,11,45,18,101.03,100.61,100.63,100.24,100.58,100.16,100.19,99.8,24100,19354.2,14450,4800,,,,,9.7,0,3.4,1.4,0,5.1,5.1,0,,05:44:00,1777542240,5.73,19:59:00,1777593540,19.98,14.25,3,4,11,11,0,1,8281,,,,,8,7.6,5,2,,,,
2026-04-29,17.2,14.3,14.64,12.1,,,95,64,71.5,48,11.8,7.3,7.3,2.8,20,12.46,10,0,30,3,101.3,101,100.91,100.51,100.86,100.56,100.47,100.07,48300,30025,26550,4800,,,,,3.4,0,9.6,7.6,4.6,9.8,9.8,0,,05:46:00,1777455960,5.77,19:58:00,1777507080,19.97,14.2,5,6,18,18,8,8,7409,,,,,8,8,7.5,7,,,,
2026-04-28,23.9,18.19,17.14,10.4,,,61,37.8,42.5,24,4.3,3.1,3.1,1.9,41,18.58,23,5,58,17,101.94,101.54,101.56,101.18,101.49,101.1,101.11,100.74,48300,37208.3,36200,24100,,,,,0.9,0,12.1,10.1,7.1,0,0,0,,05:47:00,1777369620,5.78,19:57:00,1777420620,19.95,14.17,7,7,23,23,12,13,18944,,,,,8,5.5,4,0,,,,
2026-04-27,23.2,15.72,14.5,5.8,,,74,43.3,47,20,4.4,2.1,1.6,-1.1,11,6.33,5.5,0,,,102.54,102.3,102.28,102.01,102.09,101.85,101.82,101.56,48300,36200,36200,24100,,,,,3.5,0,9.5,7.5,4.5,0,0,0,,05:49:00,1777283340,5.82,19:56:00,1777334160,19.93,14.12,6,6,23,23,8,8,26531,,,,,3,1,1.5,0,,,,
2026-04-26,19,12.32,12.25,5.5,,,68,46.7,48,28,2.6,0.6,1.1,-0.5,19,10.08,9.5,0,,,102.24,102.07,102.02,101.8,101.79,101.62,101.57,101.35,48300,38216.7,36200,24100,,,,,5.8,0,7.2,5.2,2.2,0,0,0,,05:51:00,1777197060,5.85,19:54:00,1777247640,19.9,14.05,6,6,18,18,5,5,25794,,,,,7,3.6,3.5,0,,,,
2026-04-25,15.1,8.93,8.05,1,,,74,47,53.5,33,0.8,-2.3,-2.4,-5.5,25,14.75,14.5,4,39,10,101.94,101.78,101.77,101.6,101.49,101.33,101.32,101.15,48300,38216.7,36200,24100,,,,,9.9,0,3,1.1,0,0,0,0,,05:52:00,1777110720,5.87,19:53:00,1777161180,19.88,14.02,6,6,14,14,3,4,25711,,,,,8,3.4,4,0,,,,
2026-04-24,13.2,6.68,6.8,0.4,,,61,42.8,42.5,24,-2.8,-5.5,-5.7,-8.5,29,15.12,17.5,6,48,9,101.76,101.47,101.51,101.25,101.31,101.02,101.06,100.8,48300,37208.3,36200,24100,,,,,11.2,0,1.8,0,0,0,0,0,,05:54:00,1777024440,5.9,19:52:00,1777074720,19.87,13.97,5,5,11,12,1,1,26966,,,,,2,0.9,1,0,,,,
2026-04-23,14.8,9.4,8.45,2.1,,,73,40.5,46,19,4,-4.3,-2.3,-8.6,30,17.67,18.5,7,46,5,101.65,101.42,101.43,101.21,101.2,100.97,100.98,100.76,48300,37879.2,36200,24100,,,,,9.6,0,3.5,1.4,0,0,0,0,,05:55:00,1776938100,5.92,19:50:00,1776988200,19.83,13.92,5,5,13,13,-1,-1,26867,,,,,6,2.3,3,0,,,,
2026-04-22,15.8,10.4,10.65,5.5,,,69,44.3,51.5,34,4.2,-1.4,-0.4,-5.1,14,8.08,8.5,3,,,101.88,101.51,101.58,101.28,101.42,101.06,101.12,100.83,48300,31158.3,36200,24100,,,,,7.3,0,5.7,3.6,0.6,0,0,0,,05:57:00,1776851820,5.95,19:49:00,1776901740,19.82,13.87,5,5,13,13,2,3,20530,,,,,8,7,5.5,3,,,,
2026-04-21,9.3,4.12,3.65,-2,,-4,66,44.9,48.5,31,-5,-7.2,-8.7,-12.3,21,10.83,12,3,29,21,102.73,102.39,102.31,101.89,102.27,101.93,101.85,101.43,48300,38216.7,36200,24100,,,,,14.3,0,0,0,0,0,0,0,,05:59:00,1776765540,5.98,19:48:00,1776815280,19.8,13.82,5,5,9,9,3,4,22651,,,,,8,4.9,4,0,,,,
2026-04-20,5,1.8,1.3,-2.4,,-7,76,41.8,51.5,27,-3.7,-10.4,-8.9,-14.2,28,17.08,16,4,48,29,102.63,102.14,102,101.38,102.17,101.68,101.54,100.92,48300,36200,36200,24100,,,,,16.7,0,0,0,0,0.6,0,0.6,,06:01:00,1776679260,6.02,19:47:00,1776728820,19.78,13.77,4,4,4,4,-4,-4,26831,,,,,8,3.6,4,0,,,,
2026-04-19,14.1,5.73,7.85,1.6,,,93,70.4,71,49,12.2,0.6,3.5,-5.2,37,20.54,20.5,4,58,26,101.34,101,100.87,100.4,100.88,100.55,100.42,99.96,24100,20108.3,13850,3600,,,,,10.2,0,2.8,0.8,0,2.3,2.3,0,,06:02:00,1776592920,6.03,19:45:00,1776642300,19.75,13.72,4,5,5,8,-3,-1,7415,,,,,8,7.2,5,2,,,,
2026-04-18,23.7,15.53,14.7,5.7,,,84,58.2,61,38,10.1,6.8,6.5,2.9,49,27.83,28,7,68,15,101.76,101.03,101.06,100.35,101.31,100.59,100.61,99.91,48300,36875,32200,16100,,,,,3.3,0,9.7,7.7,4.7,5.7,5.7,0,,06:04:00,1776506640,6.07,19:44:00,1776555840,19.73,13.67,7,7,21,22,3,3,19013,,,,,8,5.8,4,0,,,,
2026-04-17,19.1,12.84,12.5,5.9,,,98,69.7,70.5,43,8,6.9,6.8,5.5,16,9.83,10,4,,,101.76,101.52,101.37,100.97,101.31,101.06,100.91,100.52,48300,30958.3,24750,1200,,,,,5.5,0,7.5,5.5,2.5,0,0,0,,06:06:00,1776420360,6.1,19:43:00,1776469380,19.72,13.62,6,7,17,17,6,6,24156,,,,,8,3.5,4,0,,,,
2026-04-16,15,9.24,10.5,6,,,98,94.6,91,84,13.1,8.4,9.3,5.6,19,9.21,9.5,0,,,101.24,100.9,100.86,100.47,100.79,100.45,100.4,100.02,16100,6133.3,8850,1600,,,,,7.5,0,5.5,3.5,0.5,7.3,7.3,0,,06:07:00,1776334020,6.12,19:41:00,1776382860,19.68,13.57,6,6,12,12,8,9,6779,,,,,8,8,8,8,,,,
2026-04-15,9.5,7.12,7.35,5.2,,,98,93.4,91,84,8,6.1,6.3,4.7,23,11.25,11.5,0,,,101.52,101.34,101.35,101.18,101.07,100.89,100.9,100.73,24100,13108.3,13250,2400,,,,,10.7,0,2.4,0.4,0,0.8,0.8,0,,06:09:00,1776247740,6.15,19:40:00,1776296400,19.67,13.52,5,5,9,9,8,9,7051,,,,,8,8,8,8,,,,
2026-04-14,9.5,7.05,7.4,5.3,,,95,85.2,81.5,68,7.1,4.7,4.5,2,34,17.04,19.5,5,48,4,101.69,101.32,101.28,100.88,101.24,100.87,100.83,100.43,24100,19270.8,13050,2000,,,,,10.6,0,2.4,0.4,0,14.8,14.8,0,,06:11:00,1776161460,6.18,19:39:00,1776209940,19.65,13.47,1,4,10,10,6,6,4379,,,,,8,7.6,5,2,,,,
2026-04-13,15.2,10.62,10.5,5.8,,,96,88.8,88,80,13.4,8.8,8.7,4,27,15.83,16,5,46,25,101.55,100.91,101.01,100.47,101.1,100.46,100.56,100.02,48300,19766.7,27350,6400,,,,,7.5,0,5.5,3.5,0.5,9.5,9.5,0,,06:13:00,1776075180,6.22,19:38:00,1776123480,19.63,13.42,3,3,15,15,6,6,3701,,,,,8,7.6,5,2,,,,
2026-04-12,8.7,4.28,3.09,-2.5,,-3,91,64.9,63,35,3.9,-2.5,-1.2,-6.2,28,11.62,14,0,39,15,103.23,102.78,102.47,101.7,102.77,102.32,102.01,101.25,48300,28620.8,26550,4800,,,,,14.9,0,0,0,0,8.2,8.2,0,,06:15:00,1775988900,6.25,19:36:00,1776036960,19.6,13.35,5,5,9,10,4,5,12003,,,,,8,5.8,4,0,,,,
2026-04-11,8.5,4.81,4,-0.5,,,89,60,62.5,36,1.7,-3,-2.8,-7.3,29,17.04,14.5,0,48,31,103.01,102.54,102.56,102.11,102.55,102.08,102.1,101.65,48300,34183.3,36200,24100,,,,,14,0,0,0,0,0,0,0,,06:16:00,1775902560,6.27,19:35:00,1775950500,19.58,13.32,5,5,8,9,0,0,17780,,,,,8,5.2,4,0,,,,
2026-04-10,11.1,7.58,7.15,3.2,,,93,76,65.5,38,5.8,3.3,1.8,-2.2,18,9.5,9,0,,,102.19,102.04,102.03,101.87,101.74,101.59,101.58,101.42,48300,21304.2,27350,6400,,,,,10.8,0,2.1,0.2,0,7.4,7.4,0,,06:18:00,1775816280,6.3,19:34:00,1775864040,19.57,13.27,1,2,8,8,1,1,4238,,,,,8,7.8,5.5,3,,,,
2026-04-09,16.4,9.31,8.85,1.3,,,60,42.4,44.5,29,-0.2,-3.2,-3.2,-6.3,33,18.04,20.5,8,46,16,103.04,102.38,102.44,101.84,102.58,101.92,101.99,101.39,48300,33175,36200,24100,,,,,9.2,0,3.8,1.8,0,0,0,0,,06:20:00,1775730000,6.33,19:32:00,1775777520,19.53,13.2,5,5,15,15,9,9,19792,,,,,8,5.9,5,2,,,,
2026-04-08,5.8,0.33,0.19,-5.4,,-9,74,52.9,54,34,-6.1,-8.7,-8.8,-11.4,17,10,10.5,4,33,21,103.72,103.44,103.4,103.09,103.25,102.97,102.94,102.63,48300,36200,36200,24100,,,,,17.8,0,0,0,0,0,0,0,,06:22:00,1775643720,6.37,19:31:00,1775691060,19.52,13.15,5,5,6,6,-1,-1,24285,,,,,6,1.4,3,0,,,,
2026-04-07,-0.7,-3.11,-3.1,-5.5,,-13,86,63.6,68.5,51,-4.6,-9.2,-8.8,-13.1,34,20.62,17,0,45,5,103.26,102.47,102.57,101.88,102.79,102,102.11,101.42,48300,21987.5,24750,1200,,,,,21.1,0,0,0,0,1.2,0,0.6,0,06:24:00,1775557440,6.4,19:30:00,1775604600,19.5,13.1,2,2,0,0,-8,-8,10596,,,,,8,5,4,0,,,,
2026-04-06,4.4,1.43,0.4,-3.6,,-7,87,63.1,65,43,-1,-5.2,-4.5,-8,37,23.12,18.5,0,48,28,101.86,101.35,101.32,100.78,101.4,100.9,100.87,100.33,24100,22762.5,15250,6400,,,,,17.6,0,0,0,0,0.2,0,0.2,0,06:26:00,1775471160,6.43,19:29:00,1775518140,19.48,13.05,3,3,5,5,-6,-6,14886,,,,,8,6.8,5,2,,,,
2026-04-05,9.1,6.31,5.09,1.1,,,96,81.3,79,62,6.3,3.2,1.8,-2.7,43,25.58,25.5,8,58,16,100.75,100.54,100.58,100.4,100.3,100.09,100.12,99.95,24100,16287.5,13250,2400,,,,,12.9,0,0.1,0,0,20.5,20.5,0,1,06:28:00,1775384880,6.47,19:27:00,1775431620,19.45,12.98,4,6,8,9,-1,0,5496,,,,,8,7.9,7.5,7,,,,
2026-04-04,8.2,3.53,4.69,1.2,,,90,74,76,62,2.8,-0.7,-0.2,-3.3,31,22.62,20.5,10,59,15,102.98,102.35,102,101.02,102.52,101.89,101.54,100.57,24100,22500,16900,9700,,,,,13.3,0,0,0,0,2.8,2.8,0,1,06:29:00,1775298540,6.48,19:26:00,1775345160,19.43,12.95,5,5,9,9,5,6,8980,,,,,8,6.5,4.5,1,,,,
2026-04-03,14.9,8.21,9,3.1,,,92,83,79,66,11.1,5.4,6.2,1.4,38,19.33,23.5,9,54,32,102.33,101.42,101.59,100.85,101.87,100.97,101.14,100.4,24100,21033.3,16900,9700,,,,,9,0,4,2,0,3.5,3.5,0,1,06:31:00,1775212260,6.52,19:25:00,1775258700,19.42,12.9,2,4,17,17,0,1,7940,,,,,8,6.8,5,2,,,,
2026-04-02,6.3,2.32,1.95,-2.4,,-7,91,73.3,75,59,2.2,-2.1,-1.6,-5.5,27,19.58,18.5,10,39,13,103.48,103.18,103.01,102.54,103.01,102.72,102.55,102.08,48300,24450,29000,9700,,,,,16.1,0,0,0,0,3.9,3.9,0,1,06:33:00,1775125980,6.55,19:23:00,1775172180,19.38,12.83,5,5,8,8,3,3,14708,,,,,8,6.8,5,2,,,,
2026-04-01,4.4,2.14,1.9,-0.6,,,95,77.2,76.5,58,0.9,-1.7,-1.9,-4.7,22,14.92,14,6,29,0,103.22,102.24,102.13,101.04,102.76,101.78,101.67,100.58,24100,23766.7,20100,16100,,,,,16.1,0,0,0,0,0.4,0.4,0,1,06:35:00,1775039700,6.58,19:22:00,1775085720,19.37,12.78,5,5,7,7,-4,-4,7758,,,,,8,7.8,7.5,7,,,,
2026-03-31,4.4,1.55,2.25,0.1,,,95,85.1,78,61,0.1,-0.8,-1.4,-2.8,32,23.92,25.5,19,45,2,101.72,101.4,101.34,100.96,101.27,100.94,100.88,100.5,24100,18700,16100,8100,,,,,15.8,0,0,0,0,7,7,0,1,06:37:00,1774953420,6.62,19:21:00,1774999260,19.35,12.73,2,4,3,3,0,0,2712,,,,,8,8,8,8,,,,
2026-03-30,15.2,8.34,8.35,1.5,,,72,51.7,54.5,37,1.2,-1.3,-1.3,-3.8,33,15.08,16.5,0,50,27,102.06,101.41,101.52,100.99,101.6,100.96,101.07,100.54,48300,35862.5,36200,24100,,,,,9.7,0,3.4,1.4,0,0,0,0,0,06:39:00,1774867140,6.65,19:20:00,1774912800,19.33,12.68,4,4,14,14,0,1,15626,,,,,8,7.4,6,4,,,,
2026-03-29,6.9,1.73,1.85,-3.2,,-9,86,61.7,67,48,-2.2,-5.1,-7,-11.7,22,14.62,15.5,9,39,26,102.96,102.66,102.55,102.14,102.49,102.2,102.08,101.68,48300,26791.7,32200,16100,,,,,16.1,0,0,0,0,0,0,0,0,06:41:00,1774780860,6.68,19:18:00,1774826280,19.3,12.62,3,3,7,7,3,4,15148,,,,,8,5.1,4,0,,,,
2026-03-28,-0.3,-4.19,-4.85,-9.4,,-16,64,50.5,52,40,-7.6,-13.1,-13.4,-19.2,26,17.29,17.5,9,45,26,103.02,102.84,102.86,102.69,102.55,102.37,102.39,102.22,48300,29141.7,36200,24100,,,,,22.9,0,0,0,0,0,0,0,0,06:43:00,1774694580,6.72,19:17:00,1774739820,19.28,12.57,3,3,0,0,-6,-6,17850,,,,,8,4,4.5,1,,,,
2026-03-27,0,-4.35,-3.9,-7.8,,-15,76,46.9,54.5,33,-2.4,-14.4,-10.2,-18,31,19.04,20,9,42,2,102.69,102.17,101.8,100.9,102.22,101.71,101.33,100.45,48300,36200,36200,24100,,,,,21.9,0,0,0,0,0,0,0,0,06:45:00,1774608300,6.75,19:16:00,1774653360,19.27,12.52,5,5,-2,-1,-10,-10,22460,,,,,8,3.3,4.5,1,,,,
2026-03-26,2.9,-0.38,-0.9,-4.7,,-10,94,89.4,85.5,77,1.6,-1.9,-2.1,-5.8,19,10.42,11.5,4,42,1,101.55,100.83,101.07,100.58,101.09,100.37,100.61,100.12,24100,21329.2,13250,2400,,,,,18.9,0,0,0,0,4,3.6,0.2,3,06:46:00,1774521960,6.77,19:14:00,1774566840,19.23,12.47,1,5,6,6,-8,-6,8161,,,,,8,7.7,5.5,3,,,,
2026-03-25,0.9,-2.26,-2.34,-5.6,,-11,91,52.5,58.5,26,-4.6,-11.3,-11.8,-18.9,27,14.67,15,3,39,26,103.01,102.44,102.35,101.69,102.54,101.98,101.89,101.23,48300,26529.2,25350,2400,,,,,20.3,0,0,0,0,2.8,0,2.8,0,06:48:00,1774435680,6.8,19:13:00,1774480380,19.22,12.42,3,3,2,2,-1,0,18589,,,,,8,6.1,4.5,1,,,,
2026-03-24,1.8,-1.62,-2.65,-7.1,,-10,77,57.5,58.5,40,-5.6,-9.3,-9.1,-12.6,35,17.96,20.5,6,52,27,102.87,102.54,102.59,102.31,102.4,102.08,102.12,101.85,48300,34183.3,36200,24100,,,,,20.6,0,0,0,0,0,0,0,1,06:50:00,1774349400,6.83,19:12:00,1774393920,19.2,12.37,4,4,2,3,-4,-4,17706,,,,,8,3.9,4,0,,,,
2026-03-23,0.4,-2.37,-2.95,-6.3,,-12,85,76.4,75,65,-3.2,-6,-5.8,-8.4,25,13.12,12.5,0,32,4,102.34,101.8,101.93,101.53,101.88,101.34,101.47,101.07,24100,23033.3,20100,16100,,,,,20.9,0,0,0,0,0,0,0,5,06:52:00,1774263120,6.87,19:10:00,1774307400,19.17,12.3,4,4,2,2,-8,-8,10762,,,,,8,6.7,4.5,1,,,,
2026-03-22,0.7,-1.93,-3.05,-6.8,,-11,93,83,82.5,72,-1.6,-4.5,-4.8,-8.1,34,22.21,20,6,48,3,101.56,101.1,101.09,100.63,101.1,100.64,100.63,100.17,24100,13033.3,12550,1000,,,,,21.1,0,0,0,0,10,0,8.8,5,06:54:00,1774176840,6.9,19:09:00,1774220940,19.15,12.25,1,2,-2,0,-5,-4,5590,,,,,8,6.6,5,2,,,,
2026-03-21,4.8,-0.37,-1.5,-7.8,,-9,94,70.8,70,46,-3.8,-5.4,-5.9,-8,21,8.5,10.5,0,,,101.68,101.51,101.44,101.2,101.22,101.05,100.98,100.74,24100,22762.5,15250,6400,,,,,19.5,0,0,0,0,0,0,0,5,06:56:00,1774090560,6.93,19:08:00,1774134480,19.13,12.2,4,4,4,4,-4,-2,16324,,,,,8,6.8,6,4,,,,
2026-03-20,-1.8,-2.93,-3.7,-5.6,,-9,91,79.9,81,71,-4.4,-5.9,-6.2,-8,24,13.79,14,4,33,5,102.01,101.47,101.5,100.98,101.55,101.01,101.03,100.52,48300,21845.8,24650,1000,,,,,21.7,0,0,0,0,3.2,0,3.6,1,06:58:00,1774004280,6.97,19:07:00,1774048020,19.12,12.15,1,2,-2,-2,-5,-5,6034,,,,,8,6.7,4.5,1,,,,
2026-03-19,1.1,-1.77,-2.25,-5.6,,-10,96,78.3,77.5,59,-0.3,-5.2,-6.5,-12.7,18,12.38,12,6,,,102.66,102.09,102.21,101.75,102.19,101.62,101.74,101.29,24100,14679.2,12850,1600,,,,,20.2,0,0,0,0,1.8,0,1.8,0,07:00:00,1773918000,7,19:05:00,1773961500,19.08,12.08,1,1,1,1,-6,-5,7366,,,,,8,7.1,4.5,1,,,,
2026-03-18,-3.8,-7.93,-8.1,-12.4,,-19,64,54,52.5,41,-12.5,-15.8,-15.9,-19.4,18,11.33,11,4,,,103.08,102.77,102.6,102.12,102.61,102.3,102.13,101.65,48300,36200,36200,24100,,,,,26.1,0,0,0,0,0,0,0,0,07:02:00,1773831720,7.03,19:04:00,1773875040,19.07,12.03,4,4,-3,-3,-6,-4,19199,,,,,8,4.8,4,0,,,,
2026-03-17,1.6,-5.49,-4.5,-10.6,,-20,94,66.9,72.5,51,0.7,-10.9,-8.3,-17.4,60,39.5,37.5,15,94,24,102.03,100.4,100.32,98.61,101.56,99.94,99.86,98.17,24100,19737.5,13050,2000,,,,,22.5,0,0,0,0,1.2,0,0.6,0,07:04:00,1773745440,7.07,19:03:00,1773788580,19.05,11.98,3,3,-5,-4,-12,-12,13035,,,,,8,6.2,4.5,1,,,,
2026-03-16,13.8,8.02,7.2,0.6,,,93,77.8,70,47,11,4.2,2.5,-6,35,27.88,26.5,18,68,25,101.33,99.89,99.99,98.64,100.87,99.44,99.53,98.2,24100,22833.3,16100,8100,,,,,10.8,0,2.2,0.2,0,5.4,5.4,0,2,07:06:00,1773659160,7.1,19:01:00,1773702060,19.02,11.92,4,4,13,13,-7,-6,7634,,,,,8,7.9,7.5,7,,,,
2026-03-15,4.3,-4.15,-4.05,-12.4,,-13,90,73.7,72,54,-4.3,-8.4,-9.1,-13.9,29,16.08,14.5,0,48,15,103.31,102.77,102.39,101.48,102.84,102.3,101.93,101.02,48300,29195.8,24750,1200,,,,,22.1,0,0,0,0,0.6,0,0.8,12,07:07:00,1773572820,7.12,19:00:00,1773615600,19,11.88,3,4,0,0,0,0,9272,,,,,8,5.7,4,0,,,,
2026-03-14,0.7,-0.83,-2.75,-6.2,,-9,96,85.5,81.5,67,-1,-3,-4.4,-7.8,26,16.71,17,8,37,27,102.65,101.08,101.39,100.14,102.18,100.62,100.94,99.69,24100,10004.2,12650,1200,,,,,20.8,0,0,0,0,6.2,0,6.8,12,07:09:00,1773486540,7.15,18:59:00,1773529140,18.98,11.83,1,1,0,2,-8,-8,8187,,,,,8,6,4,0,,,,
2026-03-13,-0.5,-3.13,-3.45,-6.4,,-11,93,74.6,78,63,-2.6,-7.1,-6.2,-9.8,29,15,18,7,45,9,101.71,101.33,101.14,100.57,101.25,100.87,100.68,100.11,48300,31808.3,24650,1000,,,,,21.4,0,0,0,0,5.4,0,7.6,0,07:11:00,1773400260,7.18,18:57:00,1773442620,18.95,11.77,3,3,0,0,-1,0,13084,,,,,8,6.7,5,2,,,,
2026-03-12,1.7,-2.29,-1.4,-4.5,,-13,97,76.9,81,65,0.4,-5.9,-4.7,-9.7,45,27.25,26.5,8,67,28,101.52,100.66,100.57,99.62,101.06,100.2,100.11,99.17,24100,19362.5,13650,3200,,,,,19.4,0,0,0,0,2.2,2.2,0,0,07:13:00,1773313980,7.22,18:56:00,1773356160,18.93,11.72,3,3,-3,1,-9,-8,8433,,,,,8,7.9,7.5,7,,,,
2026-03-11,0.4,-1.35,-1.1,-2.6,,-11,96,83.5,79.5,63,-1.6,-3.9,-4.5,-7.3,48,30.71,28,8,63,4,102.22,100.96,100.97,99.72,101.76,100.5,100.51,99.27,24100,18150,14450,4800,,,,,19.1,0,0,0,0,9.4,9.4,0,1,07:15:00,1773227700,7.25,18:55:00,1773269700,18.92,11.67,1,1,-1,-1,-1,-1,2168,,,,,8,8,8,8,,,,
2026-03-10,11.5,7.19,5.95,0.4,,,76,58.2,62,48,1.6,-0.6,-1.2,-4,28,15.54,14,0,48,5,102.24,101.48,101.64,101.04,101.78,101.03,101.18,100.59,48300,29141.7,36200,24100,,,,,12.1,0,1,0,0,0,0,0,1,07:17:00,1773141420,7.28,18:53:00,1773183180,18.88,11.6,4,4,10,11,-2,-2,10714,,,,,8,5.7,4.5,1,,,,
2026-03-09,15.2,9.47,8.85,2.5,,,77,53.4,57,37,0.8,0,0,-0.9,24,15.33,15,6,41,24,100.96,100.78,100.74,100.53,100.51,100.34,100.3,100.08,48300,36200,36200,24100,,,,,9.2,0,3.8,1.8,0,0,0,0,0,07:19:00,1773055140,7.32,18:52:00,1773096720,18.87,11.55,4,4,14,15,7,7,12069,,,,,8,5.2,4,0,,,,
2026-03-08,10.6,6.16,7.19,3.8,,,97,79.1,81.5,66,8.7,2.7,3.8,-1,45,27.26,28,11,54,24,100.8,100.36,100.29,99.78,100.35,99.91,99.85,99.35,48300,26326.1,26150,4000,,,,,10.8,0,2.2,0.2,0,0,,,0,07:21:00,1772968860,7.35,18:51:00,1773010260,18.85,11.5,1,3,6,6,3,3,11248,,,,,8,6,5,2,,,,
2026-03-07,10.2,4.64,6.19,2.2,,,98,90.2,87.5,77,7.4,3.1,3.8,0.1,28,12.12,15.5,3,46,16,102.02,100.73,100.95,99.89,101.56,100.28,100.5,99.44,24100,12029.2,12250,400,,,,,11.8,0,1.2,0,0,18.3,18.3,0,4,06:22:00,1772882520,6.37,17:49:00,1772923740,17.82,11.45,2,5,7,10,5,5,5500,,,,,8,7.8,6,4,,,,
2026-03-06,3.1,-3.11,-3.3,-9.7,,-18,82,67,70.5,59,0,-8.4,-7.5,-15,26,17.67,17,8,37,5,103.13,102.82,102.6,102.07,102.66,102.36,102.14,101.61,48300,31158.3,36200,24100,,,,,21.3,0,0,0,0,0,0,0,5,06:24:00,1772796240,6.4,17:48:00,1772837280,17.8,11.4,4,4,3,4,4,4,14580,,,,,8,6.3,4,0,,,,
2026-03-05,0.8,-5.81,-4.3,-9.4,,-17,81,66.4,69,57,-3,-11.1,-8.8,-14.6,41,29.21,20.5,0,52,5,103.22,102.98,102.78,102.35,102.75,102.52,102.32,101.89,48300,28133.3,36200,24100,,,,,22.3,0,0,0,0,0,0,0,6,06:26:00,1772709960,6.43,17:46:00,1772750760,17.77,11.33,2,3,-2,-1,-9,-6,11877,,,,,8,5.8,4.5,1,,,,
2026-03-04,6.5,2.21,1.1,-4.3,,-8,86,70,70,54,-1.4,-2.9,-4.1,-6.8,36,17.54,18,0,46,24,102.41,102.2,102.23,102.04,101.95,101.74,101.76,101.58,48300,31158.3,36200,24100,,,,,16.9,0,0,0,0,0,0,0,7,06:28:00,1772623680,6.47,17:45:00,1772664300,17.75,11.28,3,3,5,6,-4,-4,14941,,,,,8,6.3,5,2,,,,
2026-03-03,1.9,-3.65,-5.15,-12.2,,-15,77,56.8,57.5,38,-4,-11.3,-11.4,-18.9,13,6.71,6.5,0,,,103.35,102.75,102.72,102.08,102.87,102.28,102.25,101.62,48300,32166.7,36200,24100,,,,,23.1,0,0,0,0,0,0,0,8,06:30:00,1772537400,6.5,17:44:00,1772577840,17.73,11.23,3,3,-1,1,-5,-3,13120,,,,,8,7.2,5,2,,,,
2026-03-02,-7.4,-12.37,-13.2,-19,,-24,67,50,51,35,-18.7,-21.1,-21.2,-23.7,22,11.46,11,0,33,22,103.97,103.72,103.69,103.4,103.49,103.24,103.2,102.92,48300,35191.7,36200,24100,,,,,31.2,0,0,0,0,0,0,0,8,06:31:00,1772451060,6.52,17:42:00,1772491320,17.7,11.18,2,2,-7,-7,-13,-12,17071,,,,,8,1.6,4,0,,,,
2026-03-01,-5.8,-10.08,-10.85,-15.9,,-21,80,49,56,32,-11.7,-19.3,-18.4,-25.1,28,16.04,14,0,41,30,103.6,102.94,102.92,102.23,103.12,102.47,102.44,101.77,48300,33991.7,29000,9700,,,,,28.9,0,0,0,0,0,0,0,12,06:33:00,1772364780,6.55,17:41:00,1772404860,17.68,11.13,2,2,-8,-8,-19,-13,15990,,,,,8,3,4,0,,,,
2026-02-28,7.2,2.28,0.7,-5.8,,-11,80,58.7,58.5,37,1.5,-5.3,-6.3,-14.2,39,23.12,26,13,52,28,102.17,101.22,101.42,100.67,101.71,100.76,100.96,100.21,48300,27666.7,30600,12900,,,,,17.3,0,0,0,0,0.7,0.7,0,13,06:35:00,1772278500,6.58,17:40:00,1772318400,17.67,11.08,2,2,7,7,-13,-9,8687,,,,,8,6.7,5,2,,,,
2026-02-27,0.4,-4.64,-5.35,-11.1,,-14,79,66,67.5,56,-7.2,-10.2,-10.7,-14.1,17,8.83,8.5,0,,,101.74,101.62,101.52,101.31,101.27,101.15,101.06,100.85,24100,24100,24100,24100,,,,,23.4,0,0,0,0,0,0,0,20,06:37:00,1772192220,6.62,17:38:00,1772231880,17.63,11.02,2,2,-1,-1,-1,0,10646,,,,,8,5,4.5,1,,,,
2026-02-26,-3.4,-6.54,-7.75,-12.1,,-15,89,65.3,69,49,-6.1,-12.2,-11.2,-16.3,34,19.21,18.5,3,50,28,101.6,101.11,100.92,100.25,101.13,100.65,100.46,99.79,48300,24712.5,26550,4800,,,,,25.8,0,0,0,0,0.2,0,0.2,20,06:38:00,1772105880,6.63,17:37:00,1772145420,17.62,10.98,2,2,-4,-4,-11,-11,11253,,,,,8,6,4.5,1,,,,
2026-02-25,-1.7,-6.83,-6.75,-11.8,,-19,92,82.6,79,66,-4.7,-9.4,-10.7,-16.6,18,10.21,11.5,5,29,12,100.9,100.11,100.33,99.75,100.43,99.65,99.86,99.29,24100,9887.5,12550,1000,,,,,24.8,0,0,0,0,10.6,0,11.2,12,06:40:00,1772019600,6.67,17:35:00,1772058900,17.58,10.92,1,1,-2,-1,-8,-6,5968,,,,,8,7.2,6.5,5,,,,
2026-02-24,-6.4,-11.43,-10.1,-13.8,,-24,73,62.9,64.5,56,-13.6,-17.2,-16.4,-19.1,32,20.21,18,4,42,27,101.33,101.11,101.1,100.87,100.86,100.65,100.64,100.41,48300,26116.7,36200,24100,,,,,28.1,0,0,0,0,0,0,0,12,06:42:00,1771933320,6.7,17:34:00,1771972440,17.57,10.87,2,2,-9,-9,-15,-15,14236,,,,,8,5,4,0,,,,
2026-02-23,-0.4,-4.19,-4,-7.6,,-15,78,63.4,61,44,-8.8,-10.4,-11.2,-13.7,33,19.62,18.5,4,42,4,101.59,101.15,101.21,100.84,101.13,100.69,100.75,100.38,24100,24100,24100,24100,,,,,22,0,0,0,0,0,0,0,13,06:44:00,1771847040,6.73,17:33:00,1771885980,17.55,10.82,2,2,-1,0,-14,-14,10129,,,,,8,6.9,5.5,3,,,,
2026-02-22,-0.6,-5.35,-5.85,-11.1,,-18,83,71.8,72.5,62,-6.5,-9.8,-9.9,-13.3,23,19.17,18.5,14,37,2,102.25,102.04,101.94,101.62,101.78,101.57,101.47,101.16,48300,26116.7,36200,24100,,,,,23.9,0,0,0,0,0,0,0,14,06:45:00,1771760700,6.75,17:31:00,1771799460,17.52,10.77,2,2,-1,-1,-8,-7,9144,,,,,8,5,4,0,,,,
2026-02-21,-4.2,-7.41,-7.65,-11.1,,-19,84,65.2,66,48,-9.1,-13,-11.7,-14.3,44,24.83,23.5,3,55,4,102.24,101.72,101.52,100.81,101.77,101.26,101.06,100.35,48300,26604.2,26150,4000,,,,,25.6,0,0,0,0,0.6,0,0.6,15,06:47:00,1771674420,6.78,17:30:00,1771713000,17.5,10.72,2,2,-5,-5,-9,-8,12380,,,,,8,3.8,4,0,,,,
2026-02-20,-2,-5.82,-5.65,-9.3,,-17,88,71,74.5,61,-7.9,-10.4,-10.5,-13.1,41,27.21,26.5,12,54,6,101.7,101.14,101.16,100.62,101.24,100.68,100.7,100.16,48300,20512.5,24650,1000,,,,,23.6,0,0,0,0,5.4,0,5.4,8,06:49:00,1771588140,6.82,17:28:00,1771626480,17.47,10.65,2,2,-2,-2,-10,-10,5671,,,,,8,5.3,4,0,,,,
2026-02-19,-1,-6.12,-6.4,-11.8,,-18,86,66.5,67.5,49,-10.1,-11.6,-11.7,-13.3,18,11.21,9,0,,,102.14,101.9,101.94,101.75,101.67,101.43,101.47,101.28,48300,34183.3,36200,24100,,,,,24.4,0,0,0,0,0,0,0,8,06:50:00,1771501800,6.83,17:27:00,1771540020,17.45,10.62,2,2,-1,-1,-10,-10,13544,,,,,8,2.9,4,0,,,,
2026-02-18,0,-3.66,-4.75,-9.5,,-11,97,66.5,72,47,-1.4,-9.3,-7,-12.5,17,9.42,8.5,0,,,101.74,101.56,101.56,101.38,101.28,101.1,101.1,100.92,48300,31166.7,33800,19300,,,,,22.8,0,0,0,0,0,0,0,8,06:52:00,1771415520,6.87,17:25:00,1771453500,17.42,10.55,2,2,-1,-1,-10,-10,12387,,,,,7,4,3.5,0,,,,
2026-02-17,2.4,0.68,0.6,-1.2,,-4,96,86,84,72,0.8,-1.4,-1.8,-4.4,24,9.46,12,0,35,27,101.72,101.62,101.61,101.5,101.26,101.16,101.15,101.04,24100,14829.2,12650,1200,,,,,17.4,0,0,0,0,0.8,0.2,0.4,11,06:53:00,1771329180,6.88,17:24:00,1771367040,17.4,10.52,1,1,5,5,-7,-6,2921,,,,,8,7.6,5.5,3,,,,
2026-02-16,1.7,-4.08,-4.8,-11.3,,-19,75,61.6,60.5,46,-6.1,-10.6,-10.5,-14.9,21,12.08,12,3,,,102.09,101.9,101.91,101.73,101.62,101.43,101.44,101.27,48300,30150,36200,24100,,,,,22.8,0,0,0,0,0,0,0,14,06:55:00,1771242900,6.92,17:23:00,1771280580,17.38,10.47,2,2,2,2,0,0,11197,,,,,8,5.8,4.5,1,,,,
2026-02-15,-5.8,-9.07,-10.8,-15.8,,-21,69,57.8,57,45,-13.7,-16.1,-16.6,-19.4,23,14.54,15,7,33,4,102.45,102.17,102.19,101.94,101.98,101.7,101.73,101.47,48300,33175,36200,24100,,,,,28.8,0,0,0,0,0,0,0,14,06:57:00,1771156620,6.95,17:21:00,1771194060,17.35,10.4,2,2,-6,-6,-9,-8,12647,,,,,8,3.5,4,0,,,,
2026-02-14,0.7,-3.93,-4.55,-9.8,,-14,90,67,65.5,41,-5.6,-9.6,-10.4,-15.2,27,12.25,15.5,4,39,27,101.86,101.57,101.65,101.44,101.39,101.11,101.19,100.98,24100,19416.7,14450,4800,,,,,22.6,0,0,0,0,0.6,0,1.2,15,06:58:00,1771070280,6.97,17:20:00,1771107600,17.33,10.37,1,1,0,0,-14,-14,12143,,,,,8,4.4,4.5,1,,,,
2026-02-13,-4.8,-9.81,-10.45,-16.1,,-21,83,72.2,71,59,-10.4,-14,-14.7,-19,26,14.08,15,4,37,26,102.15,101.93,101.9,101.65,101.68,101.46,101.43,101.18,48300,35191.7,36200,24100,,,,,28.4,0,0,0,0,0,0,0,14,07:00:00,1770984000,7,17:18:00,1771021080,17.3,10.3,1,2,-5,-4,-8,-8,12069,,,,,7,3,3.5,0,,,,
2026-02-12,-4.3,-7.5,-9.3,-14.3,,-18,84,67.9,68,52,-9.1,-12.6,-13.1,-17.1,22,11.96,11,0,27,26,101.99,101.62,101.55,101.11,101.52,101.16,101.08,100.65,48300,34183.3,36200,24100,,,,,27.3,0,0,0,0,0,0,0,14,07:01:00,1770897660,7.02,17:17:00,1770934620,17.28,10.27,2,2,-3,-3,-13,-13,12259,,,,,8,4.2,4,0,,,,
2026-02-11,-3,-5.6,-5.6,-8.2,,-15,91,81.8,81,71,-6.4,-8.3,-8.2,-9.9,22,14.25,15.5,9,,,101.05,100.59,100.72,100.39,100.59,100.14,100.26,99.93,24100,15200,13450,2800,,,,,23.6,0,0,0,0,1.4,0,1.4,13,07:03:00,1770811380,7.05,17:15:00,1770848100,17.25,10.2,1,1,-4,-4,-8,-6,8511,,,,,8,8,8,8,,,,
2026-02-10,-5.3,-9.24,-10.3,-15.3,,-18,90,67.5,68,46,-8.9,-14.5,-14.2,-19.6,23,12.25,11.5,0,33,6,102.29,101.46,101.38,100.46,101.82,100.99,100.91,100,24100,18179.2,12650,1200,,,,,28.3,0,0,0,0,7,0,7,6,07:04:00,1770725040,7.07,17:14:00,1770761640,17.23,10.17,2,2,-8,-8,-8,-7,5620,,,,,8,6.7,5,2,,,,
2026-02-09,-9.7,-14.69,-14.85,-20,,-28,73,60.8,61,49,-18.4,-20.9,-21,-23.6,21,14.71,14,7,,,102.9,102.61,102.6,102.3,102.42,102.13,102.12,101.83,48300,34183.3,36200,24100,,,,,32.9,0,0,0,0,0,0,0,7,07:05:00,1770638700,7.08,17:12:00,1770675120,17.2,10.12,2,2,-9,-9,-14,-13,12356,,,,,8,3.8,4,0,,,,
2026-02-08,-15.3,-18.57,-18.39,-21.5,,-31,72,62.9,64,56,-22.3,-24.1,-23.9,-25.6,33,19.75,22,11,46,26,102.82,102.58,102.51,102.21,102.34,102.1,102.03,101.73,48300,33175,36200,24100,,,,,36.4,0,0,0,0,0,0,0,7,07:07:00,1770552420,7.12,17:11:00,1770588660,17.18,10.07,1,1,-13,-11,-19,-17,11748,,,,,8,3.6,4,0,,,,
2026-02-07,-9,-14.81,-14.15,-19.3,,-28,87,73.2,75,63,-10.9,-18.6,-17.1,-23.2,34,21.5,22,10,48,28,102.17,101.16,101.12,100.07,101.69,100.69,100.65,99.61,24100,10170.8,12850,1600,,,,,32.1,0,0,0,0,1.8,0,2.2,4,07:08:00,1770466080,7.13,17:09:00,1770502140,17.15,10.02,1,1,-13,-12,-18,-17,8006,,,,,8,6.7,6,4,,,,
2026-02-06,-9.3,-11.87,-13.5,-17.7,,-24,85,76,76.5,68,-12.1,-15.3,-15.2,-18.3,19,13.33,11.5,4,,,101.39,100.66,100.73,100.07,100.92,100.19,100.26,99.61,48300,24916.7,26550,4800,,,,,31.5,0,0,0,0,0.2,0,0.2,3,07:10:00,1770379800,7.17,17:08:00,1770415680,17.13,9.97,1,1,-9,-9,-12,-11,9558,,,,,8,6.5,4,0,,,,
2026-02-05,-7.6,-10.66,-11.39,-15.2,,-20,80,69.3,67,54,-12.7,-15.3,-15.2,-17.7,22,10.96,11,0,31,26,102.06,101.84,101.76,101.47,101.59,101.37,101.29,101,48300,34183.3,36200,24100,,,,,29.4,0,0,0,0,0,0,0,13,07:11:00,1770293460,7.18,17:06:00,1770329160,17.1,9.92,1,2,-9,-8,-15,-15,11547,,,,,8,3.9,4,0,,,,
2026-02-04,-4.8,-7.36,-7.94,-11.1,,-18,87,77.9,79.5,72,-7.2,-10.6,-10.1,-13,28,18.83,18.5,9,42,27,102.18,102.06,101.99,101.79,101.71,101.59,101.51,101.32,48300,26658.3,30600,12900,,,,,25.9,0,0,0,0,0,0,0,14,07:12:00,1770207120,7.2,17:05:00,1770242700,17.08,9.88,1,1,-5,-5,-12,-12,9225,,,,,8,5.3,4.5,1,,,,
2026-02-03,-3.8,-7.78,-8.8,-13.8,,-18,91,78.5,76.5,62,-6.8,-11,-11,-15.2,16,7.21,9.5,3,,,102.03,101.93,101.91,101.79,101.56,101.46,101.44,101.32,24100,19779.2,12850,1600,,,,,26.8,0,0,0,0,1.6,0,1.6,14,07:13:00,1770120780,7.22,17:04:00,1770156240,17.07,9.85,1,2,-6,-5,-8,-8,8020,,,,,8,5.9,4,0,,,,
2026-02-02,-6.9,-11.91,-12.5,-18.1,,-25,80,67.4,67.5,55,-14.4,-16.9,-17.2,-20.1,20,11.75,13.5,7,,,101.92,101.8,101.76,101.61,101.45,101.33,101.29,101.14,48300,35191.7,36200,24100,,,,,30.5,0,0,0,0,0,0,0,14,07:15:00,1770034500,7.25,17:02:00,1770069720,17.03,9.78,1,1,-6,-6,-11,-11,11275,,,,,1,0.5,0.5,0,,,,
2026-02-01,-10.4,-13.28,-13.45,-16.5,,-22,78,65,65,52,-15.7,-18.6,-17.8,-19.9,16,10.33,8,0,,,102.17,101.84,101.86,101.56,101.7,101.37,101.39,101.09,48300,34183.3,36200,24100,,,,,31.4,0,0,0,0,0,0,0,14,07:16:00,1769948160,7.27,17:01:00,1769983260,17.02,9.75,1,1,-10,-10,-17,-17,11114,,,,,8,2.8,4,0,,,,
2026-01-31,-12.5,-13.7,-13.9,-15.3,,-24,79,74.1,73,67,-15.7,-17.4,-17.5,-19.3,18,13.58,11.5,5,,,102.41,102.29,102.31,102.2,101.93,101.81,101.83,101.72,24100,19954.2,14050,4000,,,,,31.9,0,0,0,0,0,0,0,14,07:17:00,1769861820,7.28,16:59:00,1769896740,16.98,9.7,1,1,-11,-11,-19,-18,5626,,,,,8,8,8,8,,,,
2026-01-30,-15.3,-18.15,-18.6,-21.9,,-33,71,65.3,64.5,58,-19.6,-23.2,-22.8,-25.9,32,24.17,23.5,15,45,27,102.26,102.04,102.05,101.84,101.78,101.56,101.57,101.36,48300,31158.3,36200,24100,,,,,36.6,0,0,0,0,0,0,0,14,07:18:00,1769775480,7.3,16:58:00,1769810280,16.97,9.67,1,1,-14,-14,-17,-16,8899,,,,,8,6.2,4.5,1,,,,
2026-01-29,-10.1,-13.99,-14.6,-19.1,,-30,89,73,73,57,-14.7,-18,-19.3,-23.9,34,17.62,19,4,45,28,101.87,101.68,101.71,101.54,101.39,101.21,101.23,101.07,24100,20095.8,13650,3200,,,,,32.6,0,0,0,0,0,0,0,15,07:19:00,1769689140,7.32,16:56:00,1769723760,16.93,9.62,1,1,-11,-11,-19,-18,8900,,,,,8,5.6,4.5,1,,,,
2026-01-28,-11.4,-14.4,-15.7,-20,,-25,87,79.8,79,71,-14.9,-17.2,-17.4,-20,22,9.5,11,0,,,101.73,101.58,101.55,101.36,101.26,101.11,101.08,100.89,24100,22695.8,14450,4800,,,,,33.7,0,0,0,0,0.2,0,0.2,15,07:20:00,1769602800,7.33,16:55:00,1769637300,16.92,9.58,1,1,-11,-11,-13,-12,8966,,,,,8,5.4,4.5,1,,,,
2026-01-27,-9.9,-14.12,-14.7,-19.5,,-28,87,81.1,80.5,74,-12.2,-16.7,-17,-21.8,23,9.25,11.5,0,,,101.48,101.25,101.26,101.04,101.01,100.78,100.79,100.57,24100,13141.7,12850,1600,,,,,32.7,0,0,0,0,2.8,0,3,12,07:21:00,1769516460,7.35,16:53:00,1769550780,16.88,9.53,1,1,-11,-11,-18,-18,5914,,,,,8,5.9,4.5,1,,,,
2026-01-26,-12.1,-14.01,-14.7,-17.3,,-29,84,80.6,81,78,-14.8,-16.7,-17.4,-19.9,28,19.83,18.5,9,35,5,101.74,101.18,101.31,100.87,101.26,100.71,100.83,100.4,24100,4650,12650,1200,,,,,32.7,0,0,0,0,7,0,10.6,12,07:22:00,1769430120,7.37,16:52:00,1769464320,16.87,9.5,,,-13,-13,-18,-16,4411,,,,,8,5.2,5,2,,,,
2026-01-25,-16.8,-18.87,-20.05,-23.3,,-30,80,67.6,66,52,-20,-23.6,-24,-28,32,16.29,16,0,42,5,104.06,103.24,103.01,101.96,103.57,102.76,102.53,101.48,24100,16162.5,12850,1600,,,,,38,0,0,0,0,6.4,0,6,7,07:23:00,1769343780,7.38,16:51:00,1769377860,16.85,9.47,1,1,-16,-16,-17,-16,4341,,,,,8,7.5,6,4,,,,
2026-01-24,-20.4,-22.36,-22.75,-25.1,,-37,62,56.4,56,50,-27.3,-28.9,-28.9,-30.4,31,19.29,19,7,46,29,104.08,103.85,103.63,103.18,103.59,103.36,103.14,102.7,48300,35191.7,36200,24100,,,,,40.8,0,0,0,0,0,0,0,7,07:24:00,1769257440,7.4,16:49:00,1769291340,16.82,9.42,1,2,-18,-18,-22,-22,10143,,,,,2,0.7,1,0,,,,
2026-01-23,-8.4,-12.25,-14.89,-21.4,,-32,75,60.2,58,41,-14,-18.7,-20.4,-26.9,36,23.83,23,10,54,28,103.11,101.98,102.26,101.4,102.63,101.51,101.78,100.94,24100,21191.7,14050,4000,,,,,32.9,0,0,0,0,0,0,0,8,07:25:00,1769171100,7.42,16:48:00,1769204880,16.8,9.38,1,1,-9,-9,-24,-24,8596,,,,,8,6.2,4.5,1,,,,
2026-01-22,-0.4,-3.57,-4.45,-8.5,,-17,90,76.2,74,58,-2.6,-7.2,-7.8,-12.9,40,25.33,26.5,13,52,25,101.44,101.03,101.1,100.76,100.98,100.57,100.64,100.3,24100,18316.7,12850,1600,,,,,22.4,0,0,0,0,1,0,1,9,07:26:00,1769084760,7.43,16:46:00,1769118360,16.77,9.33,1,1,-2,-1,-12,-12,6159,,,,,8,7.2,5.5,3,,,,
2026-01-21,-4.3,-8.17,-8.35,-12.4,,-22,87,69.5,71.5,56,-8.5,-12.9,-13.4,-18.4,29,20,20,11,39,16,102.64,102.16,101.88,101.13,102.17,101.69,101.42,100.67,48300,18462.5,24950,1600,,,,,26.4,0,0,0,0,3,0,3,7,07:27:00,1768998420,7.45,16:45:00,1769031900,16.75,9.3,1,1,-6,-5,-7,-6,6464,,,,,8,7,6.5,5,,,,
2026-01-20,-9.1,-12.05,-12.1,-15.1,,-26,72,59.6,61,50,-14.1,-18.5,-17.7,-21.3,36,24,24,12,54,27,102.52,101.93,101.79,101.06,102.04,101.46,101.32,100.6,48300,26116.7,36200,24100,,,,,30.1,0,0,0,0,0,0,0,7,07:28:00,1768912080,7.47,16:44:00,1768945440,16.73,9.27,1,1,-10,-9,-14,-13,8353,,,,,8,4.5,4.5,1,,,,
2026-01-19,-4.2,-6.55,-7.05,-9.9,,-18,88,78.1,73.5,59,-7.3,-9.8,-10.9,-14.6,45,18.08,22.5,0,63,25,101.06,100.83,100.84,100.62,100.6,100.38,100.38,100.16,24100,15762.5,13050,2000,,,,,25.1,0,0,0,0,0.8,0,0.8,6,07:28:00,1768825680,7.47,16:42:00,1768858920,16.7,9.23,,,-5,-5,-12,-12,5209,,,,,8,7,4.5,1,,,,
2026-01-18,-0.1,-4.54,-5.9,-11.7,,-12,86,66,71,56,-4.3,-10.1,-8.6,-12.8,39,19.08,19.5,0,68,24,101.64,101.42,101.38,101.13,101.18,100.95,100.92,100.67,48300,27266.7,32200,16100,,,,,23.9,0,0,0,0,0,0,0,7,07:29:00,1768739340,7.48,16:41:00,1768772460,16.68,9.2,1,1,-4,-3,-13,-10,8689,,,,,8,4.4,4.5,1,,,,
2026-01-17,-0.3,-9.07,-6.25,-12.2,,-21,90,84.8,85,80,-3.2,-11.2,-8.8,-14.5,20,13.88,11.5,3,39,23,101.65,101.47,101.49,101.32,101.18,101,101.01,100.85,24100,11320.8,12650,1200,,,,,24.2,0,0,0,0,3.4,0,4.4,7,07:30:00,1768653000,7.5,16:40:00,1768686000,16.67,9.17,,,-4,-3,-7,-4,3774,,,,,8,7.7,6,4,,,,
2026-01-16,-11.5,-14.75,-14.05,-16.6,,-29,80,70.5,69,58,-14.9,-19.1,-17.9,-20.8,41,22.04,22,3,52,26,101.69,100.9,100.83,99.96,101.22,100.43,100.36,99.5,48300,25704.2,25350,2400,,,,,32,0,0,0,0,0.4,0,0.4,6,07:30:00,1768566600,7.5,16:38:00,1768599480,16.63,9.13,1,1,-12,-11,-12,-11,8962,,,,,8,5.8,4.5,1,,,,
2026-01-15,2.1,-6.71,-6.8,-15.7,,-25,97,85.7,86,75,1.3,-8.7,-8.6,-18.4,40,22.67,22.5,5,52,3,99.97,99.65,99.66,99.35,99.51,99.19,99.21,98.9,24100,9316.7,12650,1200,,,,,24.8,0,0,0,0,8.4,2.2,6.2,4,07:31:00,1768480260,7.52,16:37:00,1768513020,16.62,9.1,,,-6,-4,-12,-11,2981,,,,,8,6.6,5,2,,,,
2026-01-14,5.4,3.45,3.5,1.6,,,96,84.2,84.5,73,1.9,1,0.5,-0.9,30,14.25,17.5,5,42,23,100.01,99.8,99.76,99.5,99.56,99.35,99.31,99.05,24100,22500,18500,12900,,,,,14.5,0,0,0,0,1.2,1.2,0,6,07:31:00,1768393860,7.52,16:36:00,1768426560,16.6,9.08,1,1,5,5,-3,-2,1914,,,,,8,8,7.5,7,,,,
2026-01-13,3.1,1.05,1.2,-0.7,,-7,91,84.3,82,73,0,-1.3,-1.1,-2.2,28,18.58,19.5,11,35,15,101.3,100.71,100.45,99.6,100.84,100.26,99.99,99.15,24100,18458.3,14050,4000,,,,,16.8,0,0,0,0,2.6,2.4,0.2,9,07:32:00,1768307520,7.53,16:34:00,1768340040,16.57,9.03,1,1,3,3,2,3,3100,,,,,8,8,7.5,7,,,,
2026-01-12,0.4,-4.52,-4.64,-9.7,,-19,93,82.6,79.5,66,-1.6,-7.1,-8.1,-14.6,37,22.21,23,9,58,27,101.54,101.34,101.35,101.16,101.08,100.89,100.89,100.7,24100,9413.6,12650,1200,,,,,22.6,0,0,0,0,6.4,0,6,6,07:32:00,1768221120,7.53,16:33:00,1768253580,16.55,9.02,1,1,-1,-1,-1,-1,3734,,,,,8,6.2,6,4,,,,
2026-01-11,2.3,-0.3,-2.6,-7.5,,-15,97,76.3,75.5,54,1.8,-4.2,-5.2,-12.2,39,25.83,25.5,12,58,25,101.07,100.53,100.67,100.28,100.61,100.08,100.22,99.83,48300,24254.2,24950,1600,,,,,20.6,0,0,0,0,2.4,0.6,1.8,6,07:33:00,1768134780,7.55,16:32:00,1768167120,16.53,8.98,1,1,1,1,-10,-9,5298,,,,,8,7,5,2,,,,
2026-01-10,3.4,0.5,1.2,-1,,-7,95,79,81.5,68,-0.6,-2.8,-2.4,-4.2,37,18.29,18.5,0,54,26,102.42,101.91,101.62,100.82,101.96,101.45,101.16,100.36,48300,26382.6,24650,1000,,,,,16.8,0,0,0,0,7.8,0,7.8,1,07:33:00,1768048380,7.55,16:31:00,1768080660,16.52,8.97,1,1,2,2,-2,-1,4935,,,,,8,6,4.5,1,,,,
2026-01-09,9.1,3.05,3.84,-1.4,,-5,96,84,83,70,3.4,0.5,0.8,-1.7,54,25.33,31.5,9,87,25,102.22,101.18,101.24,100.25,101.76,100.72,100.78,99.8,24100,19833.3,13450,2800,,,,,14.2,0,0,0,0,15.5,15.5,0,9,07:34:00,1767962040,7.57,16:30:00,1767994200,16.5,8.93,1,1,6,6,-1,1,1381,,,,,8,7.1,4.5,1,,,,
2026-01-08,2.5,0.74,0.75,-1,,-5,94,88.5,87.5,81,-0.1,-1,-1,-2,15,8.96,9.5,4,,,102.41,102.08,101.95,101.48,101.95,101.62,101.48,101.02,24100,20695.8,15250,6400,,,,,17.2,0,0,0,0,0,0,0,9,07:34:00,1767875640,7.57,16:29:00,1767907740,16.48,8.92,1,1,2,2,-1,-1,2730,,,,,8,7.4,4.5,1,,,,
2026-01-07,-0.6,-2.92,-3.4,-6.2,,-13,91,87.7,85.5,80,-2.4,-4.7,-5,-7.5,28,18.38,18,8,33,5,101.42,100.82,100.89,100.37,100.96,100.36,100.44,99.91,24100,13441.7,12650,1200,,,,,21.4,0,0,0,0,4.4,0,4.4,10,07:34:00,1767789240,7.57,16:27:00,1767821220,16.45,8.88,,,-2,-2,-2,-2,3161,,,,,8,7.7,6.5,5,,,,
2026-01-06,-6.1,-10.5,-9.69,-13.3,,-21,89,82.5,84,79,-8,-12.9,-11.8,-15.6,26,17.25,18,10,35,5,101.74,101.37,101.18,100.63,101.27,100.91,100.72,100.17,24100,20962.5,12850,1600,,,,,27.7,0,0,0,0,2.4,0,2.4,10,07:34:00,1767702840,7.57,16:26:00,1767734760,16.43,8.87,1,1,-7,-7,-6,-6,3547,,,,,8,7.7,7,6,,,,
2026-01-05,-10.9,-13.7,-15.14,-19.4,,-22,84,75.5,74,64,-14,-17.2,-17.8,-21.6,23,11.67,11.5,0,32,5,102.43,102.07,102.05,101.67,101.95,101.59,101.57,101.2,24100,17008.3,13050,2000,,,,,33.1,0,0,0,0,1.8,0,1.8,9,07:34:00,1767616440,7.57,16:25:00,1767648300,16.42,8.85,1,1,-13,-12,-12,-12,4056,,,,,8,7.2,4.5,1,,,,
2026-01-04,-11.7,-14.47,-15.25,-18.8,,-23,82,66.6,68,54,-18.5,-19.5,-20.1,-21.8,18,9.29,9,0,,,102.37,101.99,102.03,101.68,101.89,101.52,101.55,101.21,48300,30150,36200,24100,,,,,33.2,0,0,0,0,0,0,0,9,07:35:00,1767530100,7.58,16:24:00,1767561840,16.4,8.82,1,1,-13,-12,-22,-20,6734,,,,,8,4.3,4,0,,,,
2026-01-03,-12.1,-13.59,-14.35,-16.6,,-22,77,63.6,64.5,52,-17.1,-19.2,-18.6,-20.1,20,9.62,10,0,,,101.66,101.28,101.24,100.82,101.19,100.81,100.77,100.35,24100,21941.7,13450,2800,,,,,32.4,0,0,0,0,0.2,0,0.2,10,07:35:00,1767443700,7.58,16:23:00,1767475380,16.38,8.8,1,1,-11,-11,-20,-19,6096,,,,,8,6.9,5,2,,,,
2026-01-02,-10.8,-16.08,-17.8,-24.8,,-29,82,71.9,71,60,-15.9,-20.1,-20.9,-25.9,25,9.38,12.5,0,37,27,100.82,100.59,100.62,100.43,100.35,100.12,100.15,99.96,24100,23500,16900,9700,,,,,35.8,0,0,0,0,0,0,0,10,07:35:00,1767357300,7.58,16:22:00,1767388920,16.37,8.78,1,1,-13,-13,-19,-19,6955,,,,,8,5.3,4.5,1,,,,
2026-01-01,-9.6,-13.92,-16.05,-22.5,,-26,87,73.1,72.5,58,-11.4,-17.8,-16.6,-21.9,39,20.79,21,3,46,28,100.82,100.44,100.25,99.68,100.35,99.98,99.78,99.22,24100,17812.5,12550,1000,,,,,34,0,0,0,0,3,0,5.6,11,07:35:00,1767270900,7.58,16:21:00,1767302460,16.35,8.77,1,1,-13,-13,-23,-20,7660,,,,,8,3.7,4,0,,,,
2025-12-31,-7.8,-10.61,-11.25,-14.7,,-27,89,64.1,70.5,52,-9.9,-16.4,-14.9,-20,41,21.79,20.5,0,58,26,100.28,100.12,100.02,99.77,99.81,99.66,99.56,99.31,48300,28320.8,24650,1000,,,,,29.2,0,0,0,0,4.2,0,4.2,4,07:34:00,1767184440,7.57,16:20:00,1767216000,16.33,8.77,1,1,-10,-10,-13,-11,6193,,,,,8,6.2,5,2,,,,
2025-12-30,-7.9,-12.44,-11.4,-14.9,,-27,73,62.8,64.5,56,-12.3,-18.2,-16.4,-20.4,50,38.67,38,26,74,27,100.08,99.74,99.56,99.03,99.61,99.28,99.1,98.58,24100,24100,24100,24100,,,,,29.4,0,0,0,0,0,0,0,4,07:34:00,1767098040,7.57,16:19:00,1767129540,16.32,8.75,1,1,-13,-10,-14,-12,4331,,,,,8,7.1,5,2,,,,
2025-12-29,4.2,-1.05,-1.85,-7.9,,-15,95,82,80.5,66,1.4,-3.9,-4.8,-11.1,51,29.58,28,5,72,25,100.11,99.02,99.33,98.55,99.65,98.56,98.88,98.1,24100,19391.7,13650,3200,,,,,19.9,0,0,0,0,10.6,10.6,0,6,07:34:00,1767011640,7.57,16:19:00,1767043140,16.32,8.75,,,1,3,-12,-10,2124,,,,,8,7.6,7,6,,,,
2025-12-28,-6.4,-10.22,-11.5,-16.6,,-19,86,75,74,62,-10.8,-13.9,-14.4,-18.1,32,14.88,16,0,39,5,102.51,101.72,101.42,100.33,102.03,101.25,100.95,99.87,48300,30150,36200,24100,,,,,29.5,0,0,0,0,0.2,0.2,0,8,07:34:00,1766925240,7.57,16:18:00,1766956680,16.3,8.73,1,1,-9,-9,-10,-10,6829,,,,,8,4.8,4,0,,,,
2025-12-27,-8.9,-11.98,-12.15,-15.4,,-23,79,67.5,69,59,-15.2,-16.9,-16.9,-18.6,28,13.17,14,0,41,5,102.6,102.35,102.24,101.89,102.12,101.87,101.77,101.42,48300,31362.5,26550,4800,,,,,30.1,0,0,0,0,0,0,0,8,07:34:00,1766838840,7.57,16:17:00,1766870220,16.28,8.72,1,1,-9,-9,-16,-15,7371,,,,,8,3.1,4,0,,,,
2025-12-26,-13,-16.27,-17.5,-22,,-26,80,67.6,69.5,59,-18.9,-21,-21.6,-24.3,29,12.67,14.5,0,45,5,102.96,102.5,102.43,101.9,102.48,102.02,101.96,101.43,48300,29141.7,36200,24100,,,,,35.5,0,0,0,0,0,0,0,8,07:33:00,1766752380,7.55,16:16:00,1766783760,16.27,8.72,1,1,-13,-13,-14,-14,4988,,,,,8,5.5,4,0,,,,
2025-12-25,-4.2,-7.83,-10.65,-17.1,,-21,93,71.4,73.5,54,-6,-12.3,-12.9,-19.8,29,15.58,18,7,42,35,102.88,101.98,102.09,101.3,102.41,101.51,101.62,100.84,48300,19850,24750,1200,,,,,28.6,0,0,0,0,3,0,5,9,07:33:00,1766665980,7.55,16:16:00,1766697360,16.27,8.72,1,1,-4,-4,-18,-18,4547,,,,,8,5.2,4.5,1,,,,
2025-12-24,-3.4,-5.45,-5.5,-7.6,,-13,88,77.2,76,64,-8,-8.9,-8.8,-9.5,20,13.5,12.5,5,,,102.62,102.05,101.7,100.78,102.15,101.58,101.24,100.32,48300,20858.3,24950,1600,,,,,23.5,0,0,0,0,1.2,0,1.6,8,07:33:00,1766579580,7.55,16:15:00,1766610900,16.25,8.7,1,1,-2,-1,-8,-7,5363,,,,,8,7,5,2,,,,
2025-12-23,-6.2,-7.37,-7.35,-8.5,,-16,90,86,84,78,-8.4,-9.3,-9.4,-10.4,27,17.08,13.5,0,33,3,102.63,101.89,101.72,100.81,102.16,101.42,101.26,100.35,24100,13920.8,12650,1200,,,,,25.4,0,0,0,0,8.6,0,9.6,1,07:32:00,1766493120,7.53,16:14:00,1766524440,16.23,8.7,1,1,-6,-5,-6,-6,1931,,,,,8,8,8,8,,,,
2025-12-22,-7,-9.43,-9.75,-12.5,,-21,88,76.4,76.5,65,-9,-12.9,-12.6,-16.2,22,11.96,11,0,33,28,103.2,102.91,102.89,102.59,102.72,102.43,102.42,102.12,64400,25766.7,33800,3200,,,,,27.8,0,0,0,0,1.4,0,1.4,0,07:32:00,1766406720,7.53,16:14:00,1766438040,16.23,8.7,1,1,-7,-7,-10,-7,3419,,,,,8,6.7,4.5,1,,,,
2025-12-21,3.4,-2.98,-3.7,-10.8,,-18,70,59.1,61,52,-3.3,-9.9,-9.6,-15.9,52,29.58,31,10,76,28,102.75,101.44,101.51,100.27,102.28,100.97,101.05,99.82,48300,27800,32200,16100,,,,,21.7,0,0,0,0,0.8,0,0.8,1,07:31:00,1766320260,7.52,16:13:00,1766351580,16.22,8.7,1,1,-3,-2,-12,-11,4513,,,,,8,6.1,4,0,,,,
2025-12-20,1.7,-4.93,-3.6,-8.9,,-18,70,61.5,61.5,53,-5.3,-11.2,-10.1,-14.9,46,22.25,25,4,78,28,101.99,101.3,101.2,100.42,101.52,100.83,100.74,99.96,48300,30150,36200,24100,,,,,21.6,0,0,0,0,0,0,0,0,07:31:00,1766233860,7.52,16:13:00,1766265180,16.22,8.7,1,1,-4,-4,-2,-1,4386,,,,,8,6.2,4.5,1,,,,
2025-12-19,12.7,4.26,3.99,-4.7,,-12,94,82.8,76.5,59,8.1,1.5,-1,-10.1,48,33.92,35,22,84,22,100.52,99.35,99.52,98.53,100.07,98.9,99.08,98.09,48300,20275,26150,4000,,,,,14,0,0,0,0,11.4,11.4,0,0,07:30:00,1766147400,7.5,16:12:00,1766178720,16.2,8.7,,,8,8,-7,-7,1188,,,,,8,8,7.5,7,,,,
2025-12-18,5.8,0.9,-0.55,-6.9,,-8,90,71.5,73,56,-0.6,-3.8,-4.3,-8.1,33,13.62,16.5,0,42,16,102.4,101.65,101.49,100.59,101.94,101.19,101.04,100.14,48300,33175,36200,24100,,,,,18.6,0,0,0,0,0.6,0.6,0,3,07:30:00,1766061000,7.5,16:12:00,1766092320,16.2,8.7,1,1,5,5,5,6,5470,,,,,8,5.5,4,0,,,,
2025-12-17,3.5,0.55,0.35,-2.8,,-8,89,77,78.5,68,0.7,-3.1,-3.4,-7.4,36,22.75,25,14,48,24,102.03,100.76,101.1,100.16,101.57,100.31,100.64,99.71,24100,22900,18500,12900,,,,,17.6,0,0,0,0,0.4,0.4,0,10,07:29:00,1765974540,7.48,16:12:00,1766005920,16.2,8.72,1,1,3,3,-7,-6,1270,,,,,8,7.5,5,2,,,,
2025-12-16,-1.1,-3.5,-3.4,-5.7,,-11,82,73.4,73.5,65,-6.3,-7.7,-7.4,-8.5,27,17.83,18.5,10,45,22,102.02,101.62,101.47,100.91,101.55,101.15,101,100.45,24100,22629.2,14450,4800,,,,,21.4,0,0,0,0,0,0,0,14,07:28:00,1765888080,7.47,16:11:00,1765919460,16.18,8.72,1,1,-4,-3,-4,-3,4930,,,,,8,7.7,6,4,,,,
2025-12-15,-4.9,-10.51,-10.35,-15.8,,-25,87,73,74.5,62,-7.6,-14.5,-13.1,-18.6,24,16.46,15.5,7,33,26,102.21,101.96,101.9,101.6,101.74,101.49,101.43,101.13,32200,23108.3,24150,16100,,,,,28.4,0,0,0,0,0,0,0,14,07:27:00,1765801620,7.45,16:11:00,1765833060,16.18,8.73,1,1,-8,-8,-9,-7,5774,,,,,8,6.8,5,2,,,,
2025-12-14,-6.5,-9.48,-10.45,-14.4,,-21,83,66.5,64,45,-11.2,-14.8,-14.7,-18.2,22,12.96,13.5,5,33,32,102.06,101.79,101.75,101.45,101.59,101.33,101.29,100.99,24100,24100,24100,24100,,,,,28.4,0,0,0,0,0,0,0,14,07:27:00,1765715220,7.45,16:11:00,1765746660,16.18,8.73,1,1,-6,-6,-13,-11,6223,,,,,8,5.2,4.5,1,,,,
2025-12-13,-1.4,-6.8,-8.1,-14.8,,-19,92,83.9,79.5,67,-3.7,-9.1,-9.6,-15.5,34,11.71,17,0,55,23,101.68,101.36,101.37,101.06,101.21,100.9,100.9,100.6,24100,15829.2,12450,800,,,,,26.1,0,0,0,0,5.6,0,9,7,07:26:00,1765628760,7.43,16:11:00,1765660260,16.18,8.75,1,1,-4,-3,-10,-9,3458,,,,,8,5,4,0,,,,
2025-12-12,-5.6,-8.56,-9.14,-12.7,,-22,85,74.2,76.5,68,-10.8,-12.4,-12.6,-14.4,44,27.21,26,8,58,26,101.63,101,101.04,100.46,101.16,100.53,100.58,100,24100,24100,24100,24100,,,,,27.1,0,0,0,0,0,0,0,8,07:25:00,1765542300,7.42,16:11:00,1765573860,16.18,8.77,1,1,-5,-5,-11,-9,6539,,,,,8,4.9,4,0,,,,
2025-12-11,-4.5,-8.38,-7.5,-10.5,,-21,89,80.6,80.5,72,-6.3,-11.2,-9.9,-13.6,40,30.58,25,10,58,27,100.42,99.76,99.7,98.99,99.96,99.31,99.25,98.54,24100,9816.7,12650,1200,,,,,25.5,0,0,0,0,2.2,0,2.2,14,07:24:00,1765455840,7.4,16:11:00,1765487460,16.18,8.78,,,-9,-8,-11,-11,4159,,,,,8,7.4,5.5,3,,,,
2025-12-10,-4.5,-5.76,-6.25,-8,,-13,92,89.4,89,86,-5.7,-7.2,-7.7,-9.6,26,15.79,16,6,32,2,100.49,99.66,99.72,98.94,100.03,99.21,99.26,98.49,12900,4254.2,6950,1000,,,,,24.2,0,0,0,0,10,0,11,7,07:23:00,1765369380,7.38,16:11:00,1765401060,16.18,8.8,,,-3,-3,-6,-5,2043,,,,,8,7.8,7,6,,,,
2025-12-09,-6.1,-11.5,-13.2,-20.3,,-25,88,76,72.5,57,-8.7,-15,-15.3,-22,16,9.12,8,0,37,14,102.55,101.71,101.57,100.59,102.07,101.23,101.1,100.13,48300,25666.7,25750,3200,,,,,31.2,0,0,0,0,1.8,0,1.8,5,07:22:00,1765282920,7.37,16:11:00,1765314660,16.18,8.82,1,1,-8,-8,-8,-7,4753,,,,,8,6,4,0,,,,
2025-12-08,-11.7,-15.11,-15.15,-18.6,,-27,85,67.7,70.5,56,-14.4,-19.9,-19.2,-24,34,14.96,21,8,46,33,102.89,102.6,102.42,101.94,102.41,102.12,101.94,101.47,48300,33175,36200,24100,,,,,33.1,0,0,0,0,0,0,0,7,07:21:00,1765196460,7.35,16:11:00,1765228260,16.18,8.83,1,1,-13,-12,-16,-13,7933,,,,,8,2,4.5,1,,,,
2025-12-07,-8,-11.22,-12.45,-16.9,,-20,88,73.3,72,56,-12.7,-15.3,-15.4,-18.1,16,9.38,8,0,,,102.09,101.85,101.87,101.65,101.62,101.38,101.41,101.19,80500,21479.2,41050,1600,,,,,30.4,0,0,0,0,1.4,0,1.4,5,07:20:00,1765110000,7.33,16:11:00,1765141860,16.18,8.85,1,1,-9,-9,-14,-14,4074,,,,,8,5.7,4,0,,,,
2025-12-06,0.5,-3.21,-4,-8.5,,-12,92,74.5,74,56,-2.2,-7.3,-7.9,-13.6,29,17.29,18,7,48,32,101.52,100.96,101.08,100.65,101.06,100.5,100.62,100.19,24100,14641.7,12450,800,,,,,22,0,0,0,0,3.2,0,5,0,07:19:00,1765023540,7.32,16:11:00,1765055460,16.18,8.87,,,-1,-1,-11,-10,3221,,,,,8,7.1,4.5,1,,,,
2025-12-05,-5.9,-10.9,-11.6,-17.3,,-24,71,56.3,56.5,42,-13.4,-18.2,-17.5,-21.6,16,10.88,10.5,5,,,102.77,102.1,102.05,101.34,102.29,101.62,101.58,100.87,48300,33175,36200,24100,,,,,29.6,0,0,0,0,0,0,0,1,07:18:00,1764937080,7.3,16:11:00,1764969060,16.18,8.88,1,1,-7,-7,-9,-9,6003,,,,,8,5.4,4,0,,,,
2025-12-04,0.8,-8.26,-7.6,-16,,-24,90,58.6,64.5,39,-1.5,-15.3,-12.3,-23.1,50,26,33.5,17,63,28,102.77,101.72,101.84,100.91,102.29,101.26,101.37,100.45,24100,20291.7,14450,4800,,,,,25.6,0,0,0,0,0.6,0,0.6,1,07:17:00,1764850620,7.28,16:11:00,1764882660,16.18,8.9,1,1,-8,-5,-15,-14,4990,,,,,8,5.2,4,0,,,,
2025-12-03,0.9,-5.29,-5.65,-12.2,,-15,91,83.5,83,75,-1.1,-7.7,-7,-12.8,31,13.58,15.5,0,41,23,101.69,101.38,101.32,100.95,101.22,100.92,100.86,100.49,48300,23787.5,26550,4800,,,,,23.6,0,0,0,0,0.8,0,0.8,0,07:16:00,1764764160,7.27,16:12:00,1764796320,16.2,8.93,1,1,-2,-2,-5,-3,3454,,,,,8,5.7,4,0,,,,
2025-12-02,-5.3,-7.19,-7.9,-10.5,,-16,89,82.6,79.5,70,-7.4,-9.7,-9.7,-11.9,20,13.38,14,8,,,102.46,101.8,101.94,101.42,101.99,101.33,101.47,100.95,24100,19083.3,13250,2400,,,,,25.9,0,0,0,0,0.8,0,0.4,0,07:15:00,1764677700,7.25,16:12:00,1764709920,16.2,8.95,,,-6,-6,-10,-8,2601,,,,,8,6.3,4.5,1,,,,
2025-12-01,1.7,-5.39,-3.55,-8.8,,-15,91,69.9,76,61,0,-10.1,-6.7,-13.3,34,18.46,17,0,54,32,102.94,102.51,102.06,101.18,102.47,102.04,101.6,100.72,48300,27200,29000,9700,,,,,21.6,0,0,0,0,0,0,0,0,07:14:00,1764591240,7.23,16:12:00,1764623520,16.2,8.97,1,1,-6,-3,-9,-8,5431,,,,,8,5.6,4.5,1,,,,
2025-11-30,3.2,-0.31,-0.34,-3.9,,-8,95,81.5,77.5,60,0.2,-3.1,-3.9,-8,32,18.96,19.5,7,48,14,103.08,101.86,102.1,101.11,102.61,101.4,101.63,100.65,24100,17391.7,13050,2000,,,,,18.3,0,0,0,0,2.6,0.2,2.8,0,07:13:00,1764504780,7.22,16:13:00,1764537180,16.22,9,,,2,2,-6,-5,1550,,,,,8,7.5,6,4,,,,
2025-11-29,0.5,-1.98,-2.8,-6.1,,-10,80,65.5,67.5,55,-6.8,-7.7,-7.7,-8.5,32,21,16,0,54,28,103.19,102.64,102.37,101.55,102.72,102.17,101.9,101.09,48300,30150,36200,24100,,,,,20.8,0,0,0,0,0,0,0,0,07:11:00,1764418260,7.18,16:13:00,1764450780,16.22,9.03,1,1,0,1,-5,-4,7849,,,,,8,4.4,4.5,1,,,,
2025-11-28,1.2,-1.23,-0.6,-2.4,,-10,86,75.4,76,66,-2.9,-5.1,-4.8,-6.8,36,28.17,28.5,21,55,27,101.44,100.57,100.82,100.2,100.98,100.12,100.37,99.75,24100,18345.8,13250,2400,,,,,18.6,0,0,0,0,0.4,0,0.4,0,07:10:00,1764331800,7.17,16:14:00,1764364440,16.23,9.07,1,1,0,0,-4,-2,3519,,,,,8,7.4,7,6,,,,
2025-11-27,4.8,2.79,3,1.2,,,85,75,70.5,56,-0.2,-1.3,-1.9,-3.5,42,29.42,29.5,17,58,24,100.41,100.34,100.32,100.23,99.96,99.89,99.87,99.78,24100,24100,24100,24100,,,,,15,0,0,0,0,0,0,0,,07:09:00,1764245340,7.15,16:14:00,1764278040,16.23,9.08,1,1,3,3,-1,0,2481,,,,,8,6.2,4.5,1,,,,
2025-11-26,5.2,3.15,3.65,2.1,,,98,94.5,86.5,75,3.5,2.3,2,0.5,41,17.46,26,11,58,26,101.1,100.58,100.61,100.13,100.65,100.13,100.17,99.68,24100,10237.5,12450,800,,,,,14.3,0,0,0,0,9.5,9.5,0,0,07:08:00,1764158880,7.13,16:15:00,1764191700,16.25,9.12,,,6,6,1,1,1674,,,,,8,7,5.5,3,,,,
2025-11-25,8.2,4.44,4.3,0.4,,,92,74.8,76.5,61,1.8,0.3,0.2,-1.5,13,8.67,6.5,0,,,101.99,101.7,101.59,101.2,101.53,101.24,101.14,100.75,48300,32166.7,36200,24100,,,,,13.7,0,0,0,0,0.8,0.8,0,0,07:06:00,1764072360,7.1,16:16:00,1764105360,16.27,9.17,1,1,6,6,3,3,4078,,,,,8,7.4,6,4,,,,
2025-11-24,3.4,1.28,1.29,-0.8,,-4,96,84.4,84.5,73,0.6,-1.1,-0.8,-2.2,23,12.12,13.5,4,33,26,102.29,102,101.84,101.39,101.83,101.55,101.38,100.93,24100,17937.5,14450,4800,,,,,16.7,0,0,0,0,0,0,0,0,07:05:00,1763985900,7.08,16:16:00,1764018960,16.27,9.18,1,1,3,3,1,1,4169,,,,,8,7.3,5.5,3,,,,
2025-11-23,0.9,-0.88,-2.15,-5.2,,-8,96,90.2,87,78,0,-2.3,-3.2,-6.3,14,6.88,7,0,,,101.53,101.29,101.33,101.13,101.07,100.83,100.87,100.67,48300,13304.2,25350,2400,,,,,20.1,0,0,0,0,1.4,0,1.4,0,07:04:00,1763899440,7.07,16:17:00,1763932620,16.28,9.22,,,0,0,-1,-1,3086,,,,,8,6.9,4,0,,,,
2025-11-22,4.3,0.59,0.1,-4.1,,-7,97,79.8,75,53,0.2,-2.7,-2.9,-6,23,10.71,11.5,0,35,31,101.57,101.3,101.33,101.08,101.11,100.84,100.87,100.62,48300,24337.5,26550,4800,,,,,17.9,0,0,0,0,0,0,0,0,07:02:00,1763812920,7.03,16:18:00,1763846280,16.3,9.27,1,1,2,3,-4,-4,7617,,,,,8,3.8,4,0,,,,
2025-11-21,2.9,0.43,-0.1,-3.1,,-7,97,93.6,90.5,84,2.4,-0.5,-0.8,-4.1,15,8.54,9.5,4,,,101.83,101.23,101.39,100.94,101.37,100.77,100.93,100.48,24100,10108.3,13450,2800,,,,,18.1,0,0,0,0,2.4,2.2,0.2,0,07:01:00,1763726460,7.02,16:19:00,1763759940,16.32,9.3,,,5,5,-2,-1,1465,,,,,8,7.1,4.5,1,,,,
2025-11-20,-1.3,-2.92,-3.5,-5.7,,-9,96,92.5,91.5,87,-3.1,-4,-4.5,-5.9,12,6,6,0,,,102.66,102.39,102.29,101.92,102.19,101.93,101.83,101.46,24100,9612.5,12150,200,,,,,21.5,0,0,0,0,0,0,0,0,07:00:00,1763640000,7,16:19:00,1763673540,16.32,9.32,1,2,0,0,-5,-3,3404,,,,,8,7,5,2,,,,
2025-11-19,-0.6,-2.93,-2.95,-5.3,,-9,93,88.2,87.5,82,-3.5,-4.6,-4.8,-6,19,10.54,11,3,,,102.63,102.37,102.32,102.01,102.16,101.91,101.86,101.55,48300,26458.3,30600,12900,,,,,20.9,0,0,0,0,0,0,0,0,06:59:00,1763553540,6.98,16:20:00,1763587200,16.33,9.35,1,2,1,1,-4,-4,7618,,,,,8,3.7,4.5,1,,,,
2025-11-18,0.9,-0.75,-1.5,-3.9,,-7,89,77.9,80.5,72,-3.3,-4.2,-4.2,-5.1,32,21.62,20,8,48,28,102.01,101.69,101.57,101.12,101.55,101.23,101.11,100.66,24100,24100,24100,24100,,,,,19.5,0,0,0,0,0,0,0,4,06:57:00,1763467020,6.95,16:21:00,1763500860,16.35,9.4,1,1,1,1,-5,-4,4234,,,,,8,5.8,4,0,,,,
2025-11-17,0.6,-0.61,-0.7,-2,,-9,88,76.5,77.5,67,-3.5,-4.3,-4.5,-5.4,38,27.21,28.5,19,55,29,101.05,100.27,100.25,99.44,100.59,99.82,99.79,98.99,24100,14858.3,12650,1200,,,,,18.7,0,0,0,0,2.8,0,3.6,3,06:56:00,1763380560,6.93,16:22:00,1763414520,16.37,9.43,1,1,1,1,-1,-1,5081,,,,,8,7.8,7.5,7,,,,
2025-11-16,3,0.2,0.65,-1.7,,-8,95,84.1,81,67,-0.6,-2.2,-2.2,-3.8,34,20.92,18.5,3,50,30,99.41,98.88,98.93,98.44,98.96,98.43,98.47,97.99,24100,13012.5,12550,1000,,,,,17.4,0,0,0,0,4.6,1,3.6,3,06:54:00,1763294040,6.9,16:23:00,1763328180,16.38,9.48,1,1,1,2,-1,-1,6272,,,,,8,7.6,6,4,,,,
2025-11-15,1.3,-0.37,-1.14,-3.6,,-6,91,81.2,80.5,70,-1.1,-3.3,-3,-4.8,19,9.88,11,3,,,101.4,100.42,100.06,98.71,100.94,99.97,99.6,98.26,48300,28887.5,26550,4800,,,,,19.1,0,0,0,0,9.6,8.6,1,0,06:53:00,1763207580,6.88,16:24:00,1763241840,16.4,9.52,1,2,0,2,0,0,6061,,,,,8,6,4.5,1,,,,
2025-11-14,2.4,0.86,0.29,-1.8,,-5,93,87.2,86.5,80,0.1,-1,-1.5,-3.1,20,9.25,11.5,3,,,101.65,101.5,101.52,101.39,101.19,101.04,101.06,100.93,24100,22391.7,13650,3200,,,,,17.7,0,0,0,0,0.4,0,0.4,0,06:52:00,1763121120,6.87,16:25:00,1763155500,16.42,9.55,1,2,3,3,-4,-4,3485,,,,,8,6.5,4.5,1,,,,
2025-11-13,2.8,1.72,1.7,0.6,,,96,89.4,86.5,77,1.4,0.1,0,-1.3,17,9.79,8.5,0,,,101.37,100.89,100.9,100.43,100.91,100.43,100.45,99.98,24100,18312.5,13250,2400,,,,,16.3,0,0,0,0,2.2,1.6,0.6,4,06:50:00,1763034600,6.83,16:26:00,1763069160,16.43,9.6,1,1,2,2,-1,-1,2841,,,,,8,7.6,6,4,,,,
2025-11-12,2.3,0.52,-0.65,-3.6,,-7,97,90.6,88,79,0.6,-0.9,-1.9,-4.5,23,10.88,11.5,0,30,26,100.43,100.26,100.24,100.05,99.97,99.81,99.78,99.6,24100,15337.5,13650,3200,,,,,18.6,0,0,0,0,4.2,1.6,2.6,8,06:49:00,1762948140,6.82,16:27:00,1762982820,16.45,9.63,1,1,2,2,1,2,2942,,,,,8,7,4.5,1,,,,
2025-11-11,0.4,-1.63,-1.1,-2.6,,-10,92,83.3,80,68,-3.2,-4.2,-5.2,-7.1,31,26.83,26,21,50,29,100.39,100,100.08,99.76,99.93,99.54,99.62,99.31,24100,17395.8,12850,1600,,,,,19.1,0,0,0,0,1.2,0,1.2,7,06:47:00,1762861620,6.78,16:28:00,1762896480,16.47,9.68,1,1,-2,-2,-1,0,3565,,,,,8,7.4,6.5,5,,,,
2025-11-10,0.7,-0.18,-0.8,-2.3,,-9,97,95.4,95,93,0,-0.8,-1.6,-3.3,29,14.79,16.5,4,42,26,100.99,100.65,100.49,99.98,100.53,100.19,100.03,99.53,24100,5925,12350,600,,,,,18.8,0,0,0,0,10.9,2.5,8.4,1,06:46:00,1762775160,6.77,16:30:00,1762810200,16.5,9.73,1,1,1,1,-2,-2,1869,,,,,8,7.7,6.5,5,,,,
2025-11-09,0.5,-0.84,-0.8,-2.1,,-8,96,78.8,80,64,-0.2,-4.2,-3.7,-7.2,38,24.29,25,12,59,6,101.82,101.49,101.36,100.9,101.36,101.03,100.9,100.44,24100,16141.7,13650,3200,,,,,18.8,0,0,0,0,9.4,7.6,1.6,0,06:45:00,1762688700,6.75,16:31:00,1762723860,16.52,9.77,,,-1,-1,0,2,1932,,,,,8,7.5,7,6,,,,
2025-11-08,10.6,4.45,4.09,-2.4,,-6,89,72.1,75,61,8.2,-0.2,1.4,-5.5,31,20.08,17.5,4,58,25,101.69,100.73,100.62,99.55,101.23,100.28,100.17,99.11,48300,32908.3,33800,19300,,,,,13.9,0,0,0,0,1.2,1.2,0,,06:43:00,1762602180,6.72,16:32:00,1762637520,16.53,9.82,1,2,6,6,-3,-1,7182,,,,,8,5.8,4.5,1,,,,
2025-11-07,10,3.38,3.6,-2.8,,-6,89,77.5,74,59,8,-0.3,1.3,-5.4,30,14.42,15,0,54,15,101.77,100.71,100.67,99.58,101.31,100.26,100.22,99.14,48300,27012.5,27350,6400,,,,,14.4,0,0,0,0,2.9,2.9,0,,06:42:00,1762515720,6.7,16:33:00,1762551180,16.55,9.85,1,1,3,5,6,6,3916,,,,,8,6.9,4.5,1,,,,
2025-11-06,6.3,2.93,1.79,-2.7,,-7,87,70.4,70.5,54,2,-2.1,-1.9,-5.9,28,19.67,18,8,48,29,101.83,101.35,101.16,100.49,101.37,100.9,100.71,100.05,48300,25108.3,36200,24100,,,,,16.2,0,0,0,0,0,0,0,,06:40:00,1762429200,6.67,16:35:00,1762464900,16.58,9.92,1,1,4,5,-2,-2,7940,,,,,8,5.7,4.5,1,,,,
2025-11-05,7,4.7,4.55,2.1,,,93,82.6,77,61,4.7,1.9,1.6,-1.6,21,12.92,14,7,33,29,101.61,100.88,100.88,100.15,101.17,100.44,100.44,99.71,48300,23975,30600,12900,,,,,13.4,0,0,0,0,11.8,11.8,0,,06:39:00,1762342740,6.65,16:36:00,1762378560,16.6,9.95,2,2,7,7,2,3,2189,,,,,8,7,4.5,1,,,,
2025-11-04,11.6,7.67,7.5,3.4,,,82,61.3,61,40,3.9,0.4,0.9,-2.1,35,24.5,22.5,10,54,27,101.62,101.16,100.99,100.36,101.18,100.72,100.55,99.92,48300,32166.7,36200,24100,,,,,10.5,0,2.5,0.5,0,0,0,0,,06:38:00,1762256280,6.63,16:37:00,1762292220,16.62,9.98,1,2,8,12,3,3,10287,,,,,8,5,4.5,1,,,,
2025-11-03,12.9,7.86,8.44,4,,,90,74.8,73.5,57,6.7,3.5,3,-0.6,36,21.71,20.5,5,55,28,102.09,101.03,101.2,100.31,101.64,100.59,100.76,99.87,48300,26687.5,26550,4800,,,,,9.6,0,3.4,1.4,0,7.3,7.3,0,,06:36:00,1762169760,6.6,16:39:00,1762205940,16.65,10.05,1,2,12,12,5,5,2970,,,,,8,7.5,4.5,1,,,,
2025-11-02,7.2,4.98,4.7,2.2,,,74,63.3,62,50,0.3,-1.5,-1.8,-3.9,24,12.8,14,4,33,26,102.49,102.27,102.18,101.88,102.04,101.82,101.74,101.43,48300,33780,36200,24100,,,,,13.3,0,0,0,0,0,0,0,,06:35:00,1762083300,6.58,16:40:00,1762119600,16.67,10.08,2,2,6,6,2,4,4495,,,,,8,5.8,4,0,,,,
2025-11-01,7.2,5.74,4.7,2.2,,,84,69.2,69,54,4.6,0.4,1.1,-2.3,34,23.29,22.5,11,52,27,101.82,100.78,100.57,99.32,101.37,100.34,100.13,98.89,48300,26116.7,36200,24100,,,,,13.3,0,0,0,0,0,0,0,,07:33:00,1761996780,7.55,17:42:00,1762033320,17.7,10.15,2,2,6,6,3,3,3800,,,,,8,6.8,4.5,1,,,,
2025-10-31,9.3,7.63,6.9,4.5,,,96,93.8,90.5,85,8.6,6.7,6.2,3.7,42,29.21,29,16,59,26,99.73,98.67,98.94,98.15,99.29,98.24,98.51,97.72,24100,10208.3,13650,3200,,,,,11.1,0,1.9,0,0,39.3,39.3,0,,07:32:00,1761910320,7.53,17:43:00,1761946980,17.72,10.18,1,1,9,10,3,3,1458,,,,,8,8,8,8,,,,
2025-10-30,8.3,4.97,5,1.7,,,94,91,89,84,7,3.6,3.8,0.7,29,18.58,18,7,45,7,102.04,101.27,100.98,99.92,101.59,100.82,100.53,99.48,24100,13450,14050,4000,,,,,13,0,0,0,0,24.3,24.3,0,,07:31:00,1761823860,7.52,17:45:00,1761860700,17.75,10.23,1,1,6,6,6,7,1601,,,,,8,6.5,4,0,,,,
2025-10-29,12,6.54,6.75,1.5,,,87,71.5,67,47,2.6,1.5,1.5,0.4,24,16.08,16,8,39,5,102.73,102.39,102.41,102.09,102.28,101.94,101.96,101.64,48300,32166.7,36200,24100,,,,,11.2,0,1.8,0,0,0,0,0,,07:29:00,1761737340,7.48,17:46:00,1761774360,17.77,10.28,3,3,10,10,1,3,11684,,,,,8,3.5,4,0,,,,
2025-10-28,12,7.62,7.25,2.5,,,90,68,69,48,3.3,1.9,1.7,0.1,22,15.79,16,10,32,2,103.34,103.1,103.04,102.74,102.89,102.65,102.59,102.29,48300,27125,36200,24100,,,,,10.8,0,2.2,0.2,0,0,0,0,,07:28:00,1761650880,7.47,17:48:00,1761688080,17.8,10.33,2,2,11,11,2,3,11839,,,,,7,1.9,3.5,0,,,,
2025-10-27,11.6,7.28,7.1,2.6,,,86,69.1,70.5,55,2.8,1.8,1.8,0.7,21,9.42,10.5,0,,,103.2,103.11,103.11,103.01,102.75,102.66,102.65,102.56,48300,26116.7,36200,24100,,,,,10.9,0,2.1,0.1,0,0,0,0,,07:27:00,1761564420,7.45,17:49:00,1761601740,17.82,10.37,2,2,10,11,2,3,10892,,,,,8,6,4.5,1,,,,
2025-10-26,9.3,6.72,6.2,3.1,,,83,70.4,69,55,2.2,1.6,1.4,0.5,13,8.88,8.5,4,,,103.16,103.03,103.01,102.86,102.71,102.58,102.56,102.41,48300,34183.3,36200,24100,,,,,11.8,0,1.2,0,0,0,0,0,,07:25:00,1761477900,7.42,17:51:00,1761515460,17.85,10.43,2,2,10,10,2,2,7930,,,,,8,7,5.5,3,,,,
2025-10-25,10.8,7.45,8.19,5.6,,,86,71.1,71,56,4,2.5,2.4,0.8,27,13.42,15.5,4,35,27,102.87,102.65,102.57,102.27,102.42,102.2,102.12,101.82,48300,33175,36200,24100,,,,,9.8,0,3.2,1.2,0,0,0,0,,07:24:00,1761391440,7.4,17:52:00,1761429120,17.87,10.47,2,2,10,10,2,2,8321,,,,,8,7.7,7.5,7,,,,
2025-10-24,10.6,7.75,7.75,4.9,,,94,74.3,77,60,5.5,3.3,3.6,1.7,17,9.33,10.5,4,33,29,102.26,101.78,101.8,101.34,101.81,101.34,101.36,100.9,48300,26116.7,36200,24100,,,,,10.2,0,2.8,0.8,0,0,0,0,,07:22:00,1761304920,7.37,17:54:00,1761342840,17.9,10.53,2,2,9,9,2,3,7491,,,,,8,6.9,4,0,,,,
2025-10-23,13,9.5,8.55,4.1,,,93,81.3,78,63,7.5,6.4,5.9,4.3,27,15.83,15.5,4,37,21,101.3,100.74,100.84,100.37,100.86,100.3,100.39,99.93,48300,26116.7,36200,24100,,,,,9.4,0,3.5,1.6,0,1.8,1.8,0,,07:21:00,1761218460,7.35,17:55:00,1761256500,17.92,10.57,2,2,10,11,5,5,7132,,,,,8,6.8,4.5,1,,,,
2025-10-22,12.8,10.5,10.3,7.8,,,95,81.2,81.5,68,9.7,7.4,7.6,5.5,30,17.46,17.5,5,42,22,100.67,100.33,100.38,100.09,100.23,99.89,99.95,99.66,24100,23233.3,20100,16100,,,,,7.7,0,5.3,3.3,0.3,3.6,3.6,0,,07:20:00,1761132000,7.33,17:57:00,1761170220,17.95,10.62,1,1,12,12,8,8,4227,,,,,8,6.7,5,2,,,,
2025-10-21,13.9,11.48,11.15,8.4,,,95,79.6,76,57,10.8,7.9,8.2,5.6,25,13.17,14.5,4,39,24,100.77,100.63,100.52,100.28,100.33,100.19,100.09,99.85,48300,28550,30600,12900,,,,,6.8,0,6.2,4.2,1.1,0.6,0.6,0,,07:18:00,1761045480,7.3,17:59:00,1761083940,17.98,10.68,2,3,15,15,10,10,6625,,,,,8,7.3,6.5,5,,,,
2025-10-20,19.8,16.74,15.75,11.7,,,96,79.9,76,56,15.6,13,12.6,9.6,40,20.5,22,4,50,4,100.47,100.25,100.28,100.09,100.04,99.82,99.85,99.66,24100,17041.7,13250,2400,,,,,2.2,0,10.8,8.8,5.8,37.8,37.8,0,,07:17:00,1760959020,7.28,18:00:00,1760997600,18,10.72,1,1,18,19,11,12,1721,,,,,8,8,7.5,7,,,,
2025-10-19,22.3,15.65,14.45,6.6,,,92,62.9,66,40,10.9,8,8.1,5.3,43,22.54,25.5,8,63,17,101.25,100.79,100.8,100.35,100.81,100.35,100.36,99.92,48300,34183.3,36200,24100,,,,,3.5,0,9.4,7.5,4.5,0,0,0,,07:16:00,1760872560,7.27,18:02:00,1760911320,18.03,10.77,3,3,21,21,15,15,19,,,,,7,4.9,4,1,,,,
2025-10-18,15.2,10.4,9.94,4.7,,,82,63.9,65,48,5.5,3.7,2.8,0.2,16,8.17,8,0,,,101.6,101.44,101.4,101.21,101.16,101,100.97,100.77,48300,35191.7,36200,24100,,,,,8.1,0,4.9,2.9,0,0,0,0,,07:14:00,1760786040,7.23,18:04:00,1760825040,18.07,10.83,3,3,14,15,9,9,9,,,,,8,6.9,5.5,3,,,,
2025-10-17,13.1,7.12,6.8,0.5,,,77,58.5,59,41,1.4,-0.8,-0.6,-2.7,15,8.08,7.5,0,,,101.9,101.71,101.71,101.52,101.46,101.27,101.27,101.08,48300,36200,36200,24100,,,,,11.2,0,1.8,0,0,0,0,0,,07:13:00,1760699580,7.22,18:06:00,1760738760,18.1,10.88,3,3,13,13,6,6,21,,,,,6,2.9,3,0,,,,
2025-10-16,14.2,8.03,8.5,2.8,,,70,49.7,48.5,27,-0.9,-2.6,-3,-5.2,21,14.21,14.5,8,33,3,101.84,101.74,101.71,101.58,101.4,101.3,101.27,101.14,48300,35191.7,36200,24100,,,,,9.5,0,3.5,1.5,0,0,0,0,,07:12:00,1760613120,7.2,18:07:00,1760652420,18.12,10.92,3,3,13,13,0,1,21,,,,,2,1,1,0,,,,
2025-10-15,13.7,9.99,9.5,5.3,,,91,55.2,66,41,9.9,1.2,4.6,-0.7,25,13.67,14.5,4,41,1,102.11,101.85,101.9,101.7,101.67,101.41,101.47,101.26,48300,36200,36200,24100,,,,,8.5,0,4.5,2.5,0,0,0,0,,07:10:00,1760526600,7.17,18:09:00,1760566140,18.15,10.98,3,3,14,14,2,2,18,,,,,8,4.6,4,0,,,,
2025-10-14,17,12.52,13.4,9.8,,,94,82.2,77.5,61,10.8,9.4,9.8,8.8,25,10.12,12.5,0,32,26,102.34,102.06,102.05,101.77,101.9,101.62,101.62,101.33,48300,27475,29800,11300,,,,,4.6,0,8.4,6.4,3.4,0.8,0.8,0,,07:09:00,1760440140,7.15,18:11:00,1760479860,18.18,11.03,2,3,18,18,6,6,18,,,,,8,5.5,4.5,1,,,,
2025-10-13,15.7,11.38,11.35,7,,,89,67.5,68.5,48,8.7,5.4,6.1,3.5,24,18.25,18.5,13,35,7,102.62,102.44,102.46,102.3,102.18,102,102.02,101.86,48300,30491.7,32200,16100,,,,,6.7,0,6.3,4.3,1.4,2.2,2.2,0,,07:08:00,1760353680,7.13,18:13:00,1760393580,18.22,11.08,3,3,16,16,10,10,12,,,,,8,6.7,4.5,1,,,,
2025-10-12,20.2,12.66,13.55,6.9,,,90,67.6,63.5,37,7.4,6.3,6.3,5.2,29,18.62,19,9,39,5,102.68,102.51,102.53,102.39,102.24,102.07,102.09,101.95,48300,35191.7,36200,24100,,,,,4.5,0,8.6,6.5,3.5,0,0,0,,07:06:00,1760267160,7.1,18:14:00,1760307240,18.23,11.13,3,3,19,19,9,9,22,,,,,2,1.4,1,0,,,,
2025-10-11,18.9,12.11,12.14,5.4,,,85,62.7,65,45,6.9,5,4.5,2.2,14,7.29,7,0,,,102.5,102.34,102.33,102.17,102.06,101.9,101.89,101.73,48300,35191.7,36200,24100,,,,,5.9,0,7.1,5.1,2.1,0,0,0,,07:05:00,1760180700,7.08,18:16:00,1760220960,18.27,11.18,3,3,18,19,7,7,23,,,,,7,2.7,3.5,0,,,,
2025-10-10,15,8.94,8.44,1.9,,,85,59.4,60,35,4.1,0.8,1.2,-1.6,15,6.88,7.5,0,,,103.3,102.8,102.77,102.23,102.85,102.35,102.32,101.79,48300,35191.7,36200,24100,,,,,9.6,0,3.4,1.4,0,0,0,0,,07:04:00,1760094240,7.07,18:18:00,1760134680,18.3,11.23,4,4,16,16,4,4,844,,,,,8,4.7,4,0,,,,
2025-10-09,11.9,6.88,7.1,2.3,,,74,55.8,56,38,-0.5,-1.6,-1.6,-2.8,17,11.5,10.5,4,,,103.43,103.21,103.12,102.82,102.98,102.76,102.68,102.37,48300,35191.7,36200,24100,,,,,10.9,0,2.1,0.1,0,0,0,0,,07:02:00,1760007720,7.03,18:20:00,1760048400,18.33,11.3,4,4,12,12,1,4,15507,,,,,3,0.7,1.5,0,,,,
2025-10-08,16.3,12.26,10.7,5.1,,,93,65.5,67.5,42,11.7,5.6,4.9,-1.9,25,14.79,16,7,42,1,102.78,101.98,102.08,101.37,102.33,101.54,101.63,100.93,48300,30150,36200,24100,,,,,7.3,0,5.7,3.7,0.7,0.2,0.2,0,,07:01:00,1759921260,7.02,18:22:00,1759962120,18.37,11.35,4,4,17,17,3,3,10971,,,,,8,5.3,4,0,,,,
2025-10-07,22.8,18.33,18.1,13.4,26,,93,77.7,73,53,18,14.3,14.7,11.3,25,12.42,12.5,0,42,30,101.66,101.35,101.38,101.09,101.23,100.92,100.95,100.66,48300,26058.3,29000,9700,,,,,0,0.1,13.1,11.1,8.1,19.2,19.2,0,,07:00:00,1759834800,7,18:24:00,1759875840,18.4,11.4,2,4,23,23,11,12,3818,,,,,8,5.6,4.5,1,,,,
2025-10-06,29,21.25,21.3,13.6,30,,84,56.5,56.5,29,13.4,11.5,11.4,9.4,27,12.5,15,3,39,25,102.18,101.94,101.94,101.69,101.74,101.51,101.5,101.26,48300,27125,36200,24100,,,,,0,3.3,16.3,14.3,11.3,0,0,0,,06:58:00,1759748280,6.97,18:26:00,1759789560,18.43,11.47,5,5,28,28,19,19,15572,,,,,7,3.9,3.5,0,,,,
2025-10-05,29.9,21.93,22.2,14.5,32,,86,58.8,59,32,13.9,12.7,12.4,10.9,20,11.42,10,0,,,102.41,102.19,102.22,102.02,101.97,101.76,101.78,101.59,48300,29141.7,36200,24100,,,,,0,4.2,17.2,15.2,12.2,0,0,0,,06:57:00,1759661820,6.95,18:27:00,1759703220,18.45,11.5,5,5,29,30,16,17,15220,,,,,2,0.9,1,0,,,,
2025-10-04,25.9,19.4,20,14.1,28,,76,62.5,61,46,14.1,11.9,11.7,9.2,15,8.88,9.5,4,,,102.22,102.09,102.08,101.95,101.78,101.65,101.64,101.51,48300,35191.7,36200,24100,,,,,0,2,15,13,10,0,0,0,,06:56:00,1759575360,6.93,18:29:00,1759616940,18.48,11.55,5,5,26,26,15,15,15397,,,,,6,3.2,3.5,1,,,,
2025-10-03,22.6,15.78,15.25,7.9,,,81,59.9,61,41,10.6,7.6,7.2,3.9,21,11.75,10.5,0,32,23,102.69,102.31,102.35,102,102.25,101.87,101.9,101.56,48300,35529.2,36200,24100,,,,,2.8,0,10.2,8.2,5.2,0,0,0,,06:55:00,1759488900,6.92,18:31:00,1759530660,18.52,11.6,5,5,23,23,14,14,15945,,,,,6,3.2,3.5,1,,,,
2025-10-02,18.3,11.53,11.1,3.9,,,78,54.4,54.5,31,3.8,1.9,2,0.3,12,6.92,6,0,,,103.35,103.06,103.04,102.73,102.9,102.61,102.6,102.29,48300,36200,36200,24100,,,,,6.9,0,6.1,4.1,1.1,0,0,0,,06:53:00,1759402380,6.88,18:33:00,1759444380,18.55,11.67,5,5,18,18,9,9,16353,,,,,6,2.1,3,0,,,,
2025-10-01,16.6,11.21,10.8,5,,,70,51.9,50.5,31,3.2,1.2,1.2,-0.8,23,16.29,16.5,10,37,5,103.05,102.8,102.85,102.65,102.6,102.35,102.4,102.21,48300,36200,36200,24100,,,,,7.2,0,5.8,3.8,0.8,0,0,0,,06:52:00,1759315920,6.87,18:35:00,1759358100,18.58,11.72,5,5,17,17,4,5,17202,,,,,2,0.6,1,0,,,,
2025-09-30,19.7,15.25,14.55,9.4,,,74,53.4,53.5,33,9.5,5.4,5.7,1.8,25,14.42,14.5,4,37,3,102.63,102.43,102.33,102.03,102.19,101.99,101.89,101.59,48300,35191.7,36200,24100,,,,,3.5,0,9.6,7.5,4.5,0,0,0,,06:51:00,1759229460,6.85,18:37:00,1759271820,18.62,11.77,5,5,20,20,8,8,17387,,,,,6,0.9,3,0,,,,
2025-09-29,24.8,18.7,18.3,11.8,26,,81,57.6,61,41,11.8,9.9,9.7,7.6,27,17.58,18,9,41,23,102.3,102.07,102.11,101.91,101.86,101.63,101.67,101.47,48300,36200,36200,24100,,,,,0,0.3,13.3,11.3,8.3,0,0,0,,06:50:00,1759143000,6.83,18:39:00,1759185540,18.65,11.82,5,5,25,25,13,13,16686,,,,,1,0.3,0.5,0,,,,
2025-09-28,24.9,19.48,19.2,13.5,25,,88,61,58,28,15.8,10.8,10.2,4.5,26,15.17,15.5,5,48,27,102.04,101.53,101.58,101.12,101.6,101.09,101.14,100.69,48300,31158.3,36200,24100,,,,,0,1.2,14.2,12.2,9.2,0,0,0,,06:48:00,1759056480,6.8,18:41:00,1759099260,18.68,11.88,5,5,25,25,12,13,16149,,,,,8,2.3,4,0,,,,
2025-09-27,21.3,16,15.25,9.2,,,86,67.1,64,42,14.4,9.4,10.4,6.4,15,7.21,7.5,0,,,101.69,101.42,101.46,101.22,101.25,100.98,101.02,100.79,48300,33175,36200,24100,,,,,2.8,0,10.2,8.2,5.2,0,0,0,,06:47:00,1758970020,6.78,18:43:00,1759012980,18.72,11.93,5,5,21,22,16,16,15308,,,,,8,4.3,4.5,1,,,,
2025-09-26,21.4,17.4,15.89,10.4,26,,95,84,83.5,72,17.1,14.6,13.7,10.2,24,15.08,14,4,33,27,101.28,100.82,100.89,100.5,100.84,100.39,100.45,100.07,48300,26725,33800,19300,,,,,2.1,0,10.9,8.9,5.9,1,1,0,,06:46:00,1758883560,6.77,18:45:00,1758926700,18.75,11.98,5,5,22,22,10,10,7555,,,,,8,6,5,2,,,,
2025-09-25,18.2,17.18,16.89,15.6,,,97,90.2,86.5,76,17.2,15.5,15.1,13,18,13,12.5,7,,,101.79,101.03,101.1,100.41,101.35,100.6,100.67,99.98,24100,20162.5,13650,3200,,,,,1.1,0,11.9,9.9,6.9,4.8,4.8,0,,06:45:00,1758797100,6.75,18:46:00,1758840360,18.77,12.02,2,2,19,19,16,16,2785,,,,,8,8,7.5,7,,,,
2025-09-24,22.4,17.13,18,13.6,25,,96,80.6,77,58,14.9,13.5,13.3,11.7,21,15.62,13,5,33,5,102.13,101.95,101.96,101.79,101.69,101.51,101.52,101.35,48300,24295.8,26150,4000,,,,,0,0,13,11,8,0,0,0,,06:43:00,1758710580,6.72,18:48:00,1758754080,18.8,12.08,5,5,21,23,16,16,10988,,,,,8,7.1,5,2,,,,
2025-09-23,21.6,18.37,18.39,15.2,26,,97,88,85.5,74,17.1,16.3,15.9,14.8,14,5.62,7,0,,,101.76,101.48,101.53,101.3,101.32,101.04,101.1,100.87,24100,17366.7,13050,2000,,,,,0,0.4,13.4,11.4,8.4,4.6,4.6,0,,06:42:00,1758624120,6.7,18:50:00,1758667800,18.83,12.13,4,4,21,21,16,16,6559,,,,,8,7,5,2,,,,
2025-09-22,21.4,17.4,17.45,13.5,,,94,71.3,75,56,16.1,12,12.2,8.3,17,8.96,8.5,0,27,15,101.86,101.55,101.58,101.29,101.42,101.11,101.14,100.86,48300,34725,30600,12900,,,,,0.6,0,12.4,10.4,7.5,1.2,1.2,0,,06:41:00,1758537660,6.68,18:52:00,1758581520,18.87,12.18,4,5,20,21,17,17,7041,,,,,8,6.5,4,0,,,,
2025-09-21,23.2,14.8,13.8,4.4,,,83,58,58.5,34,10.1,6,5.8,1.6,19,10,11,3,,,102.72,102.36,102.27,101.82,102.28,101.92,101.83,101.38,48300,38216.7,36200,24100,,,,,4.2,0,8.8,6.8,3.8,0,0,0,,06:40:00,1758451200,6.67,18:54:00,1758495240,18.9,12.23,6,6,22,22,13,13,18816,,,,,8,2.7,4,0,,,,
2025-09-20,17.4,11.83,11.35,5.3,,,77,49.5,54.5,32,2.8,1.1,0.6,-1.6,17,7.58,8.5,0,,,102.87,102.71,102.69,102.5,102.43,102.27,102.24,102.06,48300,35191.7,36200,24100,,,,,6.7,0,6.3,4.3,1.4,0,0,0,,06:38:00,1758364680,6.63,18:56:00,1758408960,18.93,12.3,6,6,18,18,4,7,19677,,,,,1,0.7,0.5,0,,,,
2025-09-19,20.6,15.25,14.15,7.7,,,76,52.7,53,30,9.3,5.2,5.2,1.2,27,15.04,15,3,41,29,102.42,101.85,101.93,101.44,101.98,101.41,101.5,101.01,48300,35191.7,36200,24100,,,,,3.8,0,9.2,7.2,4.2,0,0,0,,06:37:00,1758278220,6.62,18:58:00,1758322680,18.97,12.35,6,6,20,20,6,6,18769,,,,,7,2,3.5,0,,,,
2025-09-18,26.9,20.11,20.35,13.8,30,,88,67.6,67,46,16,13.7,13.6,11.1,28,14.12,14,0,42,1,101.53,101.28,101.29,101.05,101.1,100.85,100.86,100.62,48300,34116.7,35400,22500,,,,,0,2.4,15.3,13.3,10.3,0,0,0,,06:36:00,1758191760,6.6,19:00:00,1758236400,19,12.4,6,6,25,25,12,12,17124,,,,,8,4.7,4.5,1,,,,
2025-09-17,24.7,18.9,18.55,12.4,27,,88,64.6,62,36,13.5,11.6,10.1,6.7,18,8.75,9,0,,,102.24,101.95,101.9,101.56,101.8,101.51,101.47,101.13,48300,26116.7,36200,24100,,,,,0,0.6,13.6,11.6,8.6,0,0,0,,06:35:00,1758105300,6.58,19:02:00,1758150120,19.03,12.45,6,6,26,26,15,16,15206,,,,,8,6.2,4.5,1,,,,
2025-09-16,25,18.06,17.8,10.6,26,,89,66.1,65,41,12.7,11.1,10.7,8.6,13,7.79,6.5,0,,,102.69,102.5,102.49,102.28,102.25,102.06,102.04,101.84,48300,37208.3,36200,24100,,,,,0.2,0,12.8,10.8,7.8,0,0,0,,06:34:00,1758018840,6.57,19:04:00,1758063840,19.07,12.5,6,6,25,25,13,13,19045,,,,,4,1.5,2,0,,,,
2025-09-15,22.9,17.32,17.04,11.2,,,83,61.8,62,41,11.1,9.6,9.8,8.5,21,9.92,10.5,0,,,102.74,102.57,102.56,102.38,102.3,102.14,102.12,101.94,48300,37208.3,36200,24100,,,,,1,0,12,10,7,0,0,0,,06:32:00,1757932320,6.53,19:06:00,1757977560,19.1,12.57,6,6,24,24,12,12,19897,,,,,5,1.8,3,1,,,,
2025-09-14,24,18.98,19,14,26,,93,67.7,70,47,15,12.5,12.9,10.8,20,11.08,10,0,32,7,102.34,101.83,101.93,101.52,101.9,101.39,101.49,101.09,24100,24100,24100,24100,,,,,0,1,14,12,9,0,0,0,,06:31:00,1757845860,6.52,19:08:00,1757891280,19.13,12.62,6,6,24,24,11,12,17270,,,,,7,3.8,4,1,,,,
2025-09-13,22.4,17.59,17.5,12.6,25,,78,62.9,62.5,47,13.6,10.4,10.6,7.5,15,8.04,7.5,0,,,102.16,101.82,101.86,101.56,101.72,101.38,101.42,101.12,40200,24770.8,32150,24100,,,,,0.5,0,12.5,10.5,7.5,0,0,0,,06:30:00,1757759400,6.5,19:10:00,1757805000,19.17,12.67,6,6,25,25,14,15,14196,,,,,8,6.1,5,2,,,,
2025-09-12,20.3,15.27,14.4,8.5,,,83,58,60.5,38,9.2,6.6,7.2,5.1,13,8.08,8,3,,,102.6,102.39,102.38,102.16,102.16,101.95,101.94,101.72,48300,37208.3,36200,24100,,,,,3.6,0,9.4,7.4,4.4,0,0,0,,06:29:00,1757672940,6.48,19:12:00,1757718720,19.2,12.72,6,6,22,22,14,14,20228,,,,,7,2.8,3.5,0,,,,
2025-09-11,23.9,17.31,17.54,11.2,26,,93,64.5,64.5,36,12.2,10,9.3,6.5,20,10.17,10,0,32,32,102.34,102.11,102.14,101.95,101.9,101.67,101.71,101.51,48300,34183.3,36200,24100,,,,,0.5,0,12.5,10.5,7.5,0,0,0,,06:27:00,1757586420,6.45,19:14:00,1757632440,19.23,12.78,6,6,23,23,10,10,17497,,,,,7,3.4,4,1,,,,
2025-09-10,23.4,17.1,16.79,10.2,25,,91,65.6,67,43,11.7,10.2,10.4,9.1,13,5,6.5,0,,,102.55,102.3,102.28,102,102.11,101.86,101.83,101.56,48300,35191.7,36200,24100,,,,,1.2,0,11.8,9.8,6.8,0,0,0,,06:26:00,1757499960,6.43,19:15:00,1757546100,19.25,12.82,6,6,25,25,14,14,19751,,,,,7,3.5,3.5,0,,,,
2025-09-09,20.9,14.8,14.55,8.2,,,90,66.5,64.5,39,10.2,8.2,8.2,6.1,13,5.17,6.5,0,,,102.87,102.68,102.67,102.47,102.43,102.24,102.23,102.03,48300,35191.7,36200,24100,,,,,3.5,0,9.6,7.5,4.5,0,0,0,,06:25:00,1757413500,6.42,19:17:00,1757459820,19.28,12.87,6,6,23,23,11,11,19785,,,,,7,2.5,3.5,0,,,,
2025-09-08,19.6,14.73,14.3,9,,,84,62.9,63,42,9,7.4,7.4,5.8,30,14.33,15,0,37,22,102.67,102.4,102.33,101.98,102.23,101.96,101.89,101.54,48300,34183.3,36200,24100,,,,,3.7,0,9.3,7.3,4.3,0,0,0,,06:24:00,1757327040,6.4,19:19:00,1757373540,19.32,12.92,6,6,20,20,11,11,20375,,,,,8,2.8,4.5,1,,,,
2025-09-07,19.5,15.95,15.95,12.4,,,83,66.8,62.5,42,11.9,9.6,8.3,4.7,34,15.33,17,0,52,23,101.93,101.56,101.69,101.44,101.49,101.12,101.24,101,48300,30150,36200,24100,,,,,2,0,10.9,8.9,6,0,0,0,,06:23:00,1757240580,6.38,19:21:00,1757287260,19.35,12.97,6,6,20,20,10,11,17021,,,,,8,5.8,4,0,,,,
2025-09-06,17.5,15.52,15.2,12.9,,,89,76.7,79,69,13.3,11.5,11.3,9.3,25,14.21,14.5,4,35,22,101.52,101.37,101.26,101.01,101.08,100.94,100.83,100.58,48300,24716.7,29000,9700,,,,,2.8,0,10.2,8.2,5.2,3.4,3.4,0,,06:21:00,1757154060,6.35,19:23:00,1757200980,19.38,13.03,3,3,18,18,12,13,5324,,,,,8,6.3,5,2,,,,
2025-09-05,25.1,18.7,17.95,10.8,27,,94,64.8,68,42,14.6,11.4,11.6,8.5,23,13.71,11.5,0,48,24,101.2,100.9,100.88,100.57,100.77,100.47,100.45,100.14,48300,37208.3,36200,24100,,,,,0.1,0,12.9,10.9,8,0.2,0.2,0,,06:20:00,1757067600,6.33,19:25:00,1757114700,19.42,13.08,6,6,23,23,18,18,21465,,,,,8,4,4,0,,,,
2025-09-04,28.8,20.66,21.65,14.5,31,,94,67.2,66,38,17.5,13.7,14.2,10.8,40,19.04,23.5,7,63,29,100.85,100.65,100.54,100.23,100.42,100.22,100.11,99.8,48300,33116.7,32200,16100,,,,,0,3.6,16.6,14.7,11.7,17.8,17.8,0,,06:19:00,1756981140,6.32,19:27:00,1757028420,19.45,13.13,6,6,29,29,13,14,19523,,,,,8,4.6,4,0,,,,
2025-09-03,26.4,20.95,20.5,14.6,28,,92,60,65,38,14.4,12.3,12.5,10.6,14,7.33,7,0,,,101.48,101.15,101.16,100.84,101.05,100.72,100.73,100.41,48300,36200,36200,24100,,,,,0,2.5,15.5,13.5,10.5,0,0,0,,06:18:00,1756894680,6.3,19:29:00,1756942140,19.48,13.18,6,6,27,27,15,17,22035,,,,,6,3.3,3,0,,,,
2025-09-02,26.1,20.53,20.65,15.2,28,,88,62.6,62,36,15.2,12.8,12.6,9.9,25,8,12.5,0,37,20,102.3,101.96,101.91,101.52,101.86,101.52,101.47,101.09,48300,36200,36200,24100,,,,,0,2.6,15.7,13.7,10.7,0,0,0,,06:16:00,1756808160,6.27,19:31:00,1756855860,19.52,13.25,6,6,28,28,15,15,21158,,,,,7,4.7,4,1,,,,
2025-09-01,26.5,20.01,19.39,12.3,28,,88,64.5,62.5,37,14.2,12.6,12.3,10.4,12,4.92,6,0,,,102.7,102.51,102.51,102.32,102.26,102.07,102.07,101.88,48300,37208.3,36200,24100,,,,,0,1.4,14.4,12.4,9.4,0,0,0,,06:15:00,1756721700,6.25,19:33:00,1756769580,19.55,13.3,6,6,27,27,15,15,21430,,,,,8,3.7,4,0,,,,
2025-08-31,24.4,18.15,17.39,10.4,28,,98,73.5,71.5,45,14.9,12.9,12.3,9.8,16,8.67,8,0,,,102.47,102.26,102.2,101.93,102.03,101.82,101.76,101.49,48300,35862.5,36200,24100,,,,,0.6,0,12.4,10.4,7.4,0,0,0,,06:14:00,1756635240,6.23,19:34:00,1756683240,19.57,13.33,6,6,25,25,13,14,22866,,,,,4,1.4,2,0,,,,
2025-08-30,17.9,14.14,14.85,11.8,,,93,85.3,80,67,13.6,11.7,11.7,9.8,28,14.25,16.5,5,45,23,101.89,101.48,101.59,101.29,101.45,101.04,101.15,100.86,24100,23033.3,16900,9700,,,,,3.1,0,9.8,7.8,4.8,6.6,6.6,0,,06:13:00,1756548780,6.22,19:36:00,1756596960,19.6,13.38,2,2,18,18,12,12,8562,,,,,8,5.1,4,0,,,,
2025-08-29,21,16.55,16.95,12.9,,,95,77.4,73.5,52,14.1,12.3,12.2,10.2,27,16.38,17.5,8,41,27,101.38,101.31,101.31,101.23,100.95,100.87,100.88,100.8,48300,30150,36200,24100,,,,,1.1,0,11.9,9.9,7,14.4,14.4,0,,06:12:00,1756462320,6.2,19:38:00,1756510680,19.63,13.43,5,5,18,18,12,12,17300,,,,,8,5.8,4.5,1,,,,
2025-08-28,24.2,16.96,19.35,14.5,26,,90,76.6,68.5,47,15.6,12.7,13.1,10.5,28,15.29,14,0,39,32,101.65,101.5,101.47,101.28,101.21,101.06,101.03,100.85,48300,30491.7,32200,16100,,,,,0,1.4,14.3,12.3,9.3,7.8,7.8,0,,06:10:00,1756375800,6.17,19:40:00,1756424400,19.67,13.5,5,5,21,22,15,15,9104,,,,,8,6.5,4.5,1,,,,
2025-08-27,21.5,17.08,16.85,12.2,,,87,60.8,62.5,38,11,8.9,8.3,5.7,29,15.33,17,5,45,26,101.75,101.61,101.63,101.51,101.31,101.17,101.19,101.07,48300,34183.3,36200,24100,,,,,1.1,0,11.8,9.8,6.8,0,0,0,,06:09:00,1756289340,6.15,19:42:00,1756338120,19.7,13.55,6,6,22,22,13,14,22253,,,,,7,4.3,4,1,,,,
2025-08-26,20.8,17.77,17.7,14.6,,,77,63,64,51,12.8,10.5,11,9.2,34,21.17,21,8,50,30,101.51,101.21,101.2,100.89,101.07,100.78,100.76,100.46,80500,34516.7,52300,24100,,,,,0.3,0,12.7,10.7,7.7,0,0,0,,06:08:00,1756202880,6.13,19:43:00,1756251780,19.72,13.58,5,6,22,22,13,13,18339,,,,,7,5.7,4,1,,,,
2025-08-25,25.6,21.47,21.25,16.9,28,,84,64.9,62,40,18.4,14.3,14.3,10.2,32,20.58,18,4,52,26,100.87,100.7,100.73,100.58,100.44,100.27,100.3,100.15,48300,32166.7,36200,24100,,,,,0,3.2,16.2,14.2,11.2,0,0,0,,06:07:00,1756116420,6.12,19:45:00,1756165500,19.75,13.63,7,7,23,25,15,15,23111,,,,,8,4.6,5,2,,,,
2025-08-24,26.9,22.47,23.1,19.3,32,,90,75.4,75,60,20.1,17.8,18.1,16,22,16.83,16,10,45,21,100.95,100.86,100.82,100.7,100.52,100.43,100.39,100.27,48300,29150,29000,9700,,,,,0,5.1,18.1,16.1,13.1,8.4,8.4,0,,06:05:00,1756029900,6.08,19:47:00,1756079220,19.78,13.7,3,7,24,25,19,19,14479,,,,,8,7.4,6.5,5,,,,
2025-08-23,29.4,24.33,24.54,19.7,34,,91,56.5,67,43,20.2,14.9,16.4,12.7,23,15.38,15,7,54,27,101.45,101.21,101.17,100.89,101.02,100.78,100.74,100.46,48300,36200,36200,24100,,,,,0,6.5,19.5,17.5,14.5,2.8,2.8,0,,06:04:00,1755943440,6.07,19:49:00,1755992940,19.82,13.75,8,8,28,28,20,20,18084,,,,,8,5.5,4.5,1,,,,
2025-08-22,28.4,22.5,21.25,14.1,31,,87,59.2,62.5,38,15.5,13.7,13.9,12.3,22,11.46,12.5,3,,,101.76,101.57,101.59,101.42,101.33,101.14,101.16,100.99,48300,38216.7,36200,24100,,,,,0,3.2,16.2,14.2,11.2,0,0,0,,06:03:00,1755856980,6.05,19:50:00,1755906600,19.83,13.78,8,8,29,29,18,19,23923,,,,,6,1.5,3,0,,,,
2025-08-21,26.3,20.52,20.14,14,27,,82,58,59.5,37,13.7,11.7,12,10.3,21,8.79,10.5,0,,,102.11,101.87,101.87,101.63,101.67,101.44,101.43,101.2,48300,37208.3,36200,24100,,,,,0,2.1,15.1,13.1,10.1,0,0,0,,06:02:00,1755770520,6.03,19:52:00,1755820320,19.87,13.83,8,8,27,27,15,17,22822,,,,,5,1.6,2.5,0,,,,
2025-08-20,24.8,19.46,19.64,14.5,27,,77,61.5,59.5,42,14,11.7,12.2,10.4,24,14.12,14.5,5,45,12,102.06,101.97,101.99,101.91,101.62,101.54,101.55,101.47,48300,32166.7,36200,24100,,,,,0,1.6,14.6,12.6,9.6,0,0,0,,06:01:00,1755684060,6.02,19:54:00,1755734040,19.9,13.88,8,8,23,24,15,16,20927,,,,,8,5.2,4,0,,,,
2025-08-19,22.6,18.16,17.45,12.3,,,85,57.8,58,31,11.4,9.3,7.9,4.4,18,10.38,9,0,,,102.45,102.24,102.22,101.98,102.01,101.8,101.78,101.54,48300,36200,36200,24100,,,,,0.6,0,12.4,10.4,7.5,0,0,0,,05:59:00,1755597540,5.98,19:56:00,1755647760,19.93,13.95,8,8,23,23,15,16,16892,,,,,8,7.3,7,6,,,,
2025-08-18,20.7,16.05,14.95,9.2,,,79,54.9,59,39,8.4,6.7,6.5,4.6,22,10.83,11,0,32,5,102.59,102.44,102.38,102.18,102.15,102,101.94,101.74,48300,38216.7,36200,24100,,,,,3,0,9.9,8,5,0,0,0,,05:58:00,1755511080,5.97,19:57:00,1755561420,19.95,13.98,8,8,21,21,13,15,24902,,,,,7,4,3.5,0,,,,
2025-08-17,23.8,19.04,17.6,11.4,29,,95,71.3,75,55,16.7,13.6,12.6,8.5,35,16.33,20,5,50,3,102.09,101.48,101.58,101.08,101.65,101.05,101.15,100.65,48300,24483.3,26150,4000,,,,,0.4,0,12.6,10.6,7.6,10.6,10.6,0,,05:57:00,1755424620,5.95,19:59:00,1755475140,19.98,14.03,3,3,17,20,9,12,9297,,,,,8,4.6,4,0,,,,
2025-08-16,30.6,24.18,22.95,15.3,34,,78,53.6,56,34,16,13.7,13.8,11.7,21,10.79,10.5,0,,,102.11,101.76,101.68,101.25,101.68,101.33,101.25,100.82,48300,34183.3,36200,24100,,,,,0,5,17.9,15.9,12.9,0,0,0,,05:56:00,1755338160,5.93,20:01:00,1755388860,20.02,14.08,8,8,31,31,21,21,24447,,,,,6,1.9,3,0,,,,
2025-08-15,27.2,21.37,20.65,14.1,27,,75,49.9,52,29,13,9.8,10,7,14,8.33,7,0,,,102.38,102.21,102.22,102.06,101.94,101.78,101.78,101.63,48300,38216.7,36200,24100,,,,,0,2.6,15.7,13.7,10.7,0,0,0,,05:54:00,1755251640,5.9,20:02:00,1755302520,20.03,14.13,8,8,28,28,15,15,26408,,,,,4,1,2,0,,,,
2025-08-14,27.8,23.02,21.7,15.6,30,,76,60.2,59,42,19.1,14.8,14.2,9.4,25,11.25,12.5,0,35,5,102.04,101.53,101.53,101.02,101.61,101.1,101.1,100.59,24100,24100,24100,24100,,,,,0,3.7,16.7,14.7,11.7,0,0,0,,05:53:00,1755165180,5.88,20:04:00,1755216240,20.07,14.18,7,7,28,28,15,15,19227,,,,,8,4.1,4,0,,,,
2025-08-13,28.5,25.54,25.2,21.9,35,,92,71.2,74.5,57,21.5,19.9,19.9,18.2,39,12.71,22.5,6,65,23,101.12,100.97,100.98,100.84,100.69,100.54,100.55,100.41,24100,23633.3,18500,12900,,,,,0,7.2,20.2,18.2,15.2,19.4,19.4,0,,05:52:00,1755078720,5.87,20:05:00,1755129900,20.08,14.22,3,5,29,30,19,22,9823,,,,,8,7,6,4,,,,
2025-08-12,34.6,28.89,28,21.4,40,,64,47.4,49.5,35,18.6,16.4,16.4,14.2,17,9.5,8.5,0,32,18,101.74,101.44,101.41,101.09,101.31,101.01,100.99,100.66,24100,24100,24100,24100,,,,,0,10,23,21,18,0,0,0,,05:51:00,1754992260,5.85,20:07:00,1755043620,20.12,14.27,8,8,34,34,23,24,25002,,,,,5,2.3,2.5,0,,,,
