date,max_temperature,avg_hourly_temperature,avg_temperature,min_temperature,max_humidex,min_windchill,max_relative_humidity,avg_hourly_relative_humidity,avg_relative_humidity,min_relative_humidity,max_dew_point,avg_hourly_dew_point,avg_dew_point,min_dew_point,max_wind_speed,avg_hourly_wind_speed,avg_wind_speed,min_wind_speed,max_wind_gust,wind_gust_dir_10s,max_pressure_sea,avg_hourly_pressure_sea,avg_pressure_sea,min_pressure_sea,max_pressure_station,avg_hourly_pressure_station,avg_pressure_station,min_pressure_station,max_visibility,avg_hourly_visibility,avg_visibility,min_visibility,max_health_index,avg_hourly_health_index,avg_health_index,min_health_index,heatdegdays,cooldegdays,growdegdays_5,growdegdays_7,growdegdays_10,precipitation,rain,snow,snow_on_ground,sunrise_hhmm,sunrise_unixtime,sunrise_f,sunset_hhmm,sunset_unixtime,sunset_f,daylight,min_uv_forecast,max_uv_forecast,min_high_temperature_forecast,max_high_temperature_forecast,min_low_temperature_forecast,max_low_temperature_forecast,solar_radiation,max_cloud_cover_4,avg_hourly_cloud_cover_4,avg_cloud_cover_4,min_cloud_cover_4,max_cloud_cover_8,avg_hourly_cloud_cover_8,avg_cloud_cover_8,min_cloud_cover_8,max_cloud_cover_10,avg_hourly_cloud_cover_10,avg_cloud_cover_10,min_cloud_cover_10
2026-08-11,26.1,19.62,19.7,13.3,30,,98,79.5,77,56,17.5,15.7,15.2,13,17,7.12,8.5,0,32,30,100.81,100.7,100.69,100.58,99.92,99.8,99.81,99.69,48300,37008.3,25750,3200,,,,,0,1.7,14.7,12.7,9.7,18.1,,,,05:37:00,1786441020,5.62,20:02:00,1786492920,20.03,14.42,7,7,23,23,12,12,15552,,,,,8,6,5.5,3,,,,
2026-08-10,25.7,19.72,20.7,15.7,31,,94,83.3,77.5,61,18,16.7,16.6,15.1,18,10.12,9,0,28,24,101.36,101.2,101.09,100.82,100.46,100.3,100.19,99.93,48300,34837.5,36200,24100,,,,,0,2.7,15.7,13.7,10.7,0,,,,05:36:00,1786354560,5.6,20:04:00,1786406640,20.07,14.47,6,7,26,26,17,18,13932,,,,,8,6.5,5,2,,,,
2026-08-09,27.2,22.01,22.15,17.1,35,,94,82.2,80.5,67,21.2,18.8,18.3,15.4,24,14.54,16,8,34,23,101.26,101.04,101.11,100.95,100.37,100.15,100.22,100.06,48300,35516.7,36200,24100,,,,,0,4.2,17.1,15.2,12.2,6.8,,,,05:34:00,1786268040,5.57,20:06:00,1786320360,20.1,14.53,7,7,27,27,15,15,11791,,,,,8,6.1,5,2,,,,
2026-08-08,29.9,23.19,23.7,17.5,37,,98,82,75.5,53,21.5,19.7,19.7,17.9,21,6,10.5,0,30,17,101.58,101.26,101.28,100.97,100.69,100.36,100.39,100.08,48300,33920.8,29000,9700,,,,,0,5.7,18.7,16.7,13.7,0,,,,05:33:00,1786181580,5.55,20:07:00,1786234020,20.12,14.57,8,8,28,28,19,19,18868,,,,,8,5.9,4.5,1,,,,
2026-08-07,29.8,24.55,24.9,20,38,,98,80.8,77,56,22.1,20.8,20.5,18.9,21,9.67,10.5,0,,,101.9,101.73,101.74,101.59,101,100.83,100.85,100.7,40200,23937.5,24150,8100,,,,,0,6.9,19.9,17.9,14.9,0,,,,05:32:00,1786095120,5.53,20:09:00,1786147740,20.15,14.62,7,7,31,31,18,18,19809,,,,,8,7.3,6.5,5,,,,
2026-08-06,30.5,23.16,22.35,14.2,37,,98,77.7,73.5,49,21.6,18.6,18.1,14.5,19,7.21,9.5,0,,,101.85,101.74,101.74,101.64,100.95,100.84,100.84,100.74,48300,39220.8,36200,24100,,,,,0,4.3,17.4,15.3,12.3,0,,,,05:31:00,1786008660,5.52,20:10:00,1786061400,20.17,14.65,8,8,30,30,18,18,23456,,,,,7,3.7,3.5,0,,,,
2026-08-05,28.6,22.06,22.3,16,35,,93,75.5,72,51,19.4,17.3,17.4,15.5,19,12.33,9.5,0,29,24,101.89,101.79,101.81,101.72,100.99,100.89,100.9,100.82,48300,39558.3,36200,24100,,,,,0,4.3,17.3,15.3,12.3,0,,,,05:29:00,1785922140,5.48,20:12:00,1785975120,20.2,14.72,8,8,29,29,15,17,23300,,,,,3,0.8,1.5,0,,,,
2026-08-04,27.2,20.41,20.55,13.9,31,,97,71.7,71.5,46,16.4,14.6,14.7,12.9,31,19.58,19,7,34,27,101.7,101.27,101.23,100.77,100.8,100.37,100.34,99.87,48300,39895.8,36200,24100,,,,,0,2.5,15.6,13.6,10.6,0,,,,05:28:00,1785835680,5.47,20:13:00,1785888780,20.22,14.75,8,8,26,26,16,16,23748,,,,,6,1.9,3,0,,,,
2026-08-03,23.4,19.73,18.75,14.1,32,,99,93.9,88.5,78,22.2,18.7,17.8,13.4,23,16.33,16,9,34,24,100.99,100.42,100.36,99.74,100.1,99.53,99.48,98.86,32200,13250,17100,2000,,,,,0,0.8,13.8,11.8,8.8,22.1,,,,05:27:00,1785749220,5.45,20:14:00,1785802440,20.23,14.78,6,6,22,23,14,15,5314,,,,,8,7.4,5,2,,,,
2026-08-02,28,21.9,23.45,18.9,36,,98,87.6,81.5,65,22.2,19.6,20.2,18.3,19,6.25,9.5,0,42,26,101.29,101.18,101.15,101.02,100.4,100.28,100.26,100.13,48300,30904.2,26550,4800,,,,,0,5.5,18.4,16.4,13.4,27,,,,05:26:00,1785662760,5.43,20:16:00,1785716160,20.27,14.83,6,7,27,27,19,19,13135,,,,,8,7.6,7,6,,,,
2026-08-01,27,21.02,21.15,15.3,34,,93,80.6,77.5,62,21.4,17.4,17.9,14.4,13,7.25,6.5,0,,,101.42,101.3,101.28,101.14,100.52,100.4,100.38,100.24,48300,37875,36200,24100,,,,,0,3.1,16.1,14.2,11.2,1.4,,,,05:24:00,1785576240,5.4,20:17:00,1785629820,20.28,14.88,7,8,26,26,18,18,15682,,,,,8,6.5,5,2,,,,
2026-07-31,24.8,19.25,20.25,15.7,28,,96,79.4,77,58,16.9,15.5,15.6,14.2,20,12.29,12,4,,,101.49,101.39,101.39,101.29,100.59,100.49,100.49,100.39,48300,34858.3,36200,24100,,,,,0,2.2,15.2,13.2,10.2,0,,,,05:23:00,1785489780,5.38,20:19:00,1785543540,20.32,14.93,7,7,24,24,15,16,18382,,,,,8,6.5,5.5,3,,,,
2026-07-30,22.6,18.54,19.35,16.1,28,,96,87.7,86,76,18.1,16.5,16.7,15.3,16,12.38,8,0,,,101.36,101.21,101.21,101.06,100.46,100.31,100.31,100.16,40200,26137.5,25750,11300,,,,,0,1.4,14.3,12.3,9.3,0,,,,05:22:00,1785403320,5.37,20:20:00,1785457200,20.33,14.97,7,7,22,22,15,15,12233,,,,,8,8,7.5,7,,,,
2026-07-29,21.7,17.82,18.85,16,28,,96,91.7,88.5,81,18.2,16.4,16.8,15.4,26,16.54,17.5,9,31,9,101.1,100.85,100.86,100.61,100.2,99.95,99.96,99.72,40200,23787.5,23300,6400,,,,,0,0.9,13.8,11.8,8.8,2.8,,,,05:21:00,1785316860,5.35,20:21:00,1785370860,20.35,15,6,8,23,23,17,17,8757,,,,,8,8,8,8,,,,
2026-07-28,24.1,19.39,20.55,17,29,,96,88.8,84.5,73,18.2,17.5,17.3,16.4,23,14.21,14,5,31,11,100.73,100.63,100.61,100.49,99.84,99.74,99.72,99.6,48300,29525,25350,2400,,,,,0,2.5,15.6,13.6,10.6,29.5,,,,05:20:00,1785230400,5.33,20:22:00,1785284520,20.37,15.03,7,8,27,27,16,17,10790,,,,,8,7.5,7,6,,,,
2026-07-27,29.6,21.84,23.05,16.5,36,,97,77.5,74,51,19.9,17.4,17.6,15.4,25,9.29,12.5,0,32,10,100.98,100.84,100.81,100.64,100.09,99.94,99.92,99.75,48300,31770.8,27350,6400,,,,,0,5,18.1,16.1,13.1,10.4,,,,05:18:00,1785143880,5.3,20:24:00,1785198240,20.4,15.1,8,8,27,27,18,18,20717,,,,,8,5.8,4.5,1,,,,
2026-07-26,29.4,22.09,22.25,15.1,33,,87,68.8,64,41,18.2,15.6,15.9,13.7,9,5.12,4.5,0,,,101.41,101.16,101.14,100.88,100.51,100.27,100.25,99.99,48300,40233.3,36200,24100,,,,,0,4.2,17.2,15.2,12.2,0,,,,05:17:00,1785057420,5.28,20:25:00,1785111900,20.42,15.13,8,8,28,28,16,16,21196,,,,,8,5.9,4.5,1,,,,
2026-07-25,29.1,21.37,21.35,13.6,33,,98,71.8,69,40,17.3,15.4,15.5,13.7,16,5.58,8,0,,,102.12,101.81,101.78,101.43,101.21,100.91,100.87,100.53,48300,33854.2,36200,24100,,,,,0,3.4,16.4,14.3,11.3,0,,,,05:16:00,1784970960,5.27,20:26:00,1785025560,20.43,15.17,7,7,29,29,14,14,23847,,,,,5,2.2,2.5,0,,,,
2026-07-24,26,18.87,18.1,10.2,29,,98,74.5,75.5,53,16,13.9,13.1,10.2,26,10.79,13,0,32,23,102.16,102.04,102.04,101.92,101.25,101.13,101.13,101.02,48300,41575,36200,24100,,,,,0,0.1,13.1,11.1,8.1,0,,,,05:15:00,1784884500,5.25,20:27:00,1784939220,20.45,15.2,7,7,26,26,15,15,21419,,,,,7,3.4,3.5,0,,,,
2026-07-23,22.7,16.15,17,11.3,25,,83,69.2,67,51,13,10.4,10.4,7.8,29,18.62,17,5,44,27,101.88,101.42,101.36,100.84,100.97,100.51,100.46,99.94,48300,38554.2,36200,24100,,,,,1,0,12,10,7,0,,,,05:14:00,1784798040,5.23,20:28:00,1784852880,20.47,15.23,6,7,22,22,11,12,16379,,,,,8,5,4,0,,,,
2026-07-22,25.5,19.43,19.14,12.8,32,,94,78.2,76.5,59,20.4,15.4,15.5,10.6,35,21.17,19.5,4,49,26,100.79,100.2,100.37,99.95,99.9,99.31,99.48,99.06,48300,38545.8,36200,24100,,,,,0,1.1,14.1,12.1,9.1,2.6,,,,05:13:00,1784711580,5.22,20:29:00,1784766540,20.48,15.27,3,5,23,23,11,12,15617,,,,,8,6.9,6,4,,,,
2026-07-21,28.5,21.62,21.45,14.4,33,,95,68.7,71,47,17,15.2,15.6,14.1,30,13.75,15,0,45,18,101.1,100.72,100.72,100.35,100.2,99.83,99.83,99.46,48300,37608.3,29000,9700,,,,,0,3.5,16.4,14.4,11.4,5.8,,,,05:12:00,1784625120,5.2,20:30:00,1784680200,20.5,15.3,7,8,26,28,16,16,14901,,,,,8,7.8,7.5,7,,,,
2026-07-20,24,17.95,16.55,9.1,27,,94,68.1,68,42,15.1,11.6,11.4,7.8,27,15.5,13.5,0,32,23,101.11,101.05,101,100.89,100.21,100.15,100.1,99.99,48300,41241.7,36200,24100,,,,,1.4,0,11.6,9.6,6.5,0,,,,05:11:00,1784538660,5.18,20:31:00,1784593860,20.52,15.33,7,7,25,25,15,15,24555,,,,,7,4.1,4,1,,,,
2026-07-19,21.9,16.98,16.54,11.2,,,98,67.1,71,44,15.8,10.4,11.8,7.9,23,16.33,16.5,10,40,27,100.91,100.31,100.18,99.44,100.01,99.42,99.28,98.55,48300,38487.5,27350,6400,,,,,1.5,0,11.5,9.5,6.5,0,,,,05:09:00,1784452140,5.15,20:32:00,1784507520,20.53,15.38,4,6,21,21,12,13,18052,,,,,8,5.9,5,2,,,,
2026-07-18,19.1,15.72,15.95,12.8,,,98,85.8,83.5,69,15.4,13.2,12.9,10.5,15,5.25,7.5,0,32,25,101.33,100.61,100.44,99.55,100.43,99.71,99.55,98.66,48300,27312.5,25150,2000,,,,,2,0,10.9,8.9,6,9.4,,,,05:08:00,1784365680,5.13,20:33:00,1784421180,20.55,15.42,3,5,20,20,13,14,3913,,,,,8,7.8,7.5,7,,,,
2026-07-17,24.6,17.75,18.1,11.6,25,,85,59.7,59,33,10.4,9.1,8.8,7.1,25,13.29,12.5,0,32,27,101.4,101.26,101.22,101.04,100.5,100.36,100.32,100.14,48300,41241.7,36200,24100,,,,,0,0.1,13.1,11.1,8.1,0,,,,05:07:00,1784279220,5.12,20:34:00,1784334840,20.57,15.45,7,7,25,25,13,13,25195,,,,,7,4.5,4,1,,,,
2026-07-16,21.6,16.9,17.35,13.1,,,81,61.1,57.5,34,13.3,9,8.9,4.6,24,15.71,17,10,35,27,101.06,100.66,100.74,100.41,100.16,99.76,99.84,99.51,48300,39895.8,36200,24100,,,,,0.6,0,12.3,10.3,7.3,0,,,,05:06:00,1784192760,5.1,20:35:00,1784248500,20.58,15.48,3,6,21,21,12,12,19844,,,,,8,5.5,4.5,1,,,,
2026-07-15,26.1,21.1,20.35,14.6,28,,98,62.7,69.5,41,19.9,13.2,15.4,10.9,26,12.29,13,0,53,30,100.58,100.47,100.47,100.35,99.69,99.58,99.58,99.46,48300,40904.2,36200,24100,,,,,0,2.4,15.3,13.3,10.3,0,,,,05:05:00,1784106300,5.08,20:36:00,1784162160,20.6,15.52,6,6,25,25,16,16,22014,,,,,6,3.7,3.5,1,,,,
2026-07-14,23.8,20.2,20.3,16.8,32,,98,93.2,91.5,85,21.5,19.1,19,16.5,23,11.38,11.5,0,35,18,101.39,100.79,100.87,100.35,100.49,99.9,99.97,99.46,32200,13887.5,18500,4800,,,,,0,2.3,15.3,13.3,10.3,12.5,,,,05:04:00,1784019840,5.07,20:36:00,1784075760,20.6,15.53,3,7,26,28,16,16,6268,,,,,8,6.6,5,2,,,,
2026-07-13,26.6,19.68,21.15,15.7,31,,97,78.7,74,51,18.9,15.7,15.8,12.6,23,12,11.5,0,37,25,101.9,101.65,101.63,101.36,101,100.75,100.73,100.46,48300,31979.2,28200,8100,,,,,0,3.1,16.1,14.2,11.2,,,,,05:03:00,1783933380,5.05,20:37:00,1783989420,20.62,15.57,6,6,27,27,16,18,8327,,,,,8,6,5,2,,,,
2026-07-12,28.5,21.25,20.35,12.2,30,,85,57.3,54.5,24,14.3,11.5,9.7,5,19,7.92,9.5,0,,,102.26,102.08,102.1,101.93,101.35,101.17,101.19,101.03,48300,41241.7,36200,24100,,,,,0,2.4,15.3,13.3,10.3,0,,,,05:03:00,1783846980,5.05,20:38:00,1783903080,20.63,15.58,7,7,28,29,16,18,26624,,,,,7,2.7,3.5,0,,,,
2026-07-11,26.5,19.93,19.2,11.9,27,,82,57,59,36,13.3,10.6,11.2,9.1,16,8.88,10,4,,,101.97,101.64,101.67,101.36,101.07,100.74,100.76,100.46,48300,41241.7,36200,24100,,,,,0,1.2,14.2,12.2,9.2,0,,,,05:02:00,1783760520,5.03,20:38:00,1783816680,20.63,15.6,7,7,27,27,14,14,24150,,,,,6,1.9,3,0,,,,
2026-07-10,26.6,21.23,19.64,12.7,27,,96,59.2,64,32,17.7,11.9,12.9,8.1,18,8.21,10.5,3,32,31,101.34,100.92,100.98,100.63,100.44,100.03,100.09,99.74,48300,40570.8,36200,24100,,,,,0,1.6,14.6,12.6,9.6,0,,,,05:01:00,1783674060,5.02,20:39:00,1783730340,20.65,15.63,8,8,27,27,13,13,23804,,,,,8,4.2,4.5,1,,,,
2026-07-09,26.5,22.28,22.4,18.3,32,,94,76.2,76,58,19,17.8,17.6,16.3,22,12.08,11,0,28,25,101,100.84,100.86,100.72,100.11,99.95,99.97,99.83,48300,40570.8,36200,24100,,,,,0,4.4,17.4,15.4,12.4,0.5,,,,05:00:00,1783587600,5,20:40:00,1783644000,20.67,15.67,6,8,25,25,17,18,17880,,,,,8,7.1,5,2,,,,
2026-07-08,29.5,22.64,21.85,14.2,34,,93,68.8,69,45,17.9,16.2,15.8,13.8,23,10.96,11.5,0,32,23,101.63,101.3,101.21,100.79,100.73,100.4,100.32,99.9,48300,35516.7,36200,24100,,,,,0,3.8,16.9,14.8,11.8,0,,,,04:59:00,1783501140,4.98,20:40:00,1783557600,20.67,15.68,8,8,30,30,19,20,25272,,,,,7,3.5,3.5,0,,,,
2026-07-07,29.6,22.22,22.15,14.7,34,,83,60.9,59.5,36,17.7,14,14.5,11.3,16,7.5,8,0,,,102.13,101.89,101.86,101.6,101.23,101,100.97,100.7,48300,39895.8,36200,24100,,,,,0,4.2,17.1,15.2,12.2,0,,,,04:58:00,1783414680,4.97,20:41:00,1783471260,20.68,15.72,7,7,30,30,15,16,26078,,,,,3,1.1,1.5,0,,,,
2026-07-06,28.2,21,20.55,12.9,30,,87,57.5,59.5,32,13.5,11.5,11.2,8.9,14,6.54,7,0,,,102.34,102.17,102.18,102.03,101.43,101.26,101.28,101.13,48300,40904.2,36200,24100,,,,,0,2.5,15.6,13.6,10.6,0,,,,04:58:00,1783328280,4.97,20:41:00,1783384860,20.68,15.72,7,7,28,28,14,14,26556,,,,,4,1.8,2,0,,,,
2026-07-05,26.3,19.87,19.64,13,29,,88,65.1,68,48,14.6,12.9,12.7,10.8,23,10.92,11.5,0,32,8,102.04,101.64,101.68,101.32,101.13,100.74,100.77,100.42,48300,39891.7,36200,24100,,,,,0,1.6,14.6,12.6,9.6,0,,,,04:57:00,1783241820,4.95,20:41:00,1783298460,20.68,15.73,7,7,24,24,14,14,23200,,,,,7,3.3,4,1,,,,
2026-07-04,26.8,21.88,20.95,15.1,29,,86,63.6,62.5,39,17.6,14.3,14.4,11.3,17,9.54,10,3,34,32,101.28,100.94,101.01,100.73,100.38,100.05,100.11,99.84,48300,41241.7,36200,24100,,,,,0,3,15.9,13.9,10.9,0,,,,04:56:00,1783155360,4.93,20:42:00,1783212120,20.7,15.77,8,8,27,27,13,13,22148,,,,,6,4.3,3.5,1,,,,
2026-07-03,30.4,25.13,25.45,20.5,39,,97,74.4,71.5,46,23.2,19.9,19.1,15,33,16.92,16.5,0,42,25,100.92,100.76,100.74,100.56,100.03,99.87,99.86,99.68,48300,22912.5,27350,6400,,,,,0,7.5,20.4,18.4,15.4,0.5,,,,04:56:00,1783068960,4.93,20:42:00,1783125720,20.7,15.77,9,9,30,30,18,18,22135,,,,,8,5.4,5,2,,,,
2026-07-02,30.5,24.33,25.6,20.7,40,,93,83.2,79.5,66,23.4,21.3,21.4,19.4,21,15.75,15,9,34,25,101.08,100.91,100.92,100.76,100.19,100.02,100.03,99.87,48300,31900,30600,12900,,,,,0,7.6,20.6,18.6,15.6,0,,,,04:55:00,1782982500,4.92,20:42:00,1783039320,20.7,15.78,9,9,31,31,20,21,16592,,,,,8,6.1,4,0,,,,
2026-07-01,30.8,24.93,24.3,17.8,42,,95,82.5,81,67,24.2,21.6,20.8,17.4,28,14.08,14,0,34,24,101.07,100.92,100.88,100.7,100.18,100.03,99.99,99.81,48300,25662.5,29000,9700,,,,,0,6.3,19.3,17.3,14.3,0,,,,04:54:00,1782896040,4.9,20:43:00,1782952980,20.72,15.82,8,9,31,31,22,22,20623,,,,,8,6.3,5.5,3,,,,
2026-06-30,26,19.99,19.55,13.1,32,,97,82.1,80,63,20.1,16.7,16.5,12.9,14,4.12,7,0,,,101.8,101.54,101.44,101.08,100.9,100.64,100.54,100.18,48300,39554.2,36200,24100,,,,,0,1.6,14.6,12.6,9.6,0,,,,04:54:00,1782809640,4.9,20:43:00,1782866580,20.72,15.82,8,8,26,27,19,19,14710,,,,,8,6,5,2,,,,
2026-06-29,27.9,19.49,19.1,10.3,32,,99,75.3,70.5,42,16.7,14.4,14.1,11.4,20,8.46,10,0,,,102,101.85,101.86,101.72,101.09,100.95,100.95,100.81,48300,36537.5,32200,16100,,,,,0,1.1,14.1,12.1,9.1,0,,,,04:53:00,1782723180,4.88,20:43:00,1782780180,20.72,15.83,8,8,27,27,15,15,25746,,,,,8,2.8,4,0,,,,
2026-06-28,25.8,17.79,18.75,11.7,30,,99,82.7,75,51,17.5,14.5,14.9,12.4,11,3.33,5.5,0,36,31,101.74,101.62,101.62,101.5,100.83,100.72,100.72,100.6,48300,37570.8,24450,600,,,,,0,0.8,13.8,11.8,8.8,4,,,,04:53:00,1782636780,4.88,20:43:00,1782693780,20.72,15.83,7,7,25,25,12,13,17411,,,,,8,4.5,4.5,1,,,,
2026-06-27,22.5,18.37,18.5,14.5,26,,98,84.2,81,64,16.7,15.5,15.6,14.5,9,3.33,4.5,0,,,101.85,101.73,101.73,101.61,100.94,100.82,100.83,100.71,48300,38891.7,32200,16100,,,,,0,0.5,13.5,11.5,8.5,0.1,,,,04:52:00,1782550320,4.87,20:43:00,1782607380,20.72,15.85,7,7,20,21,12,12,15462,,,,,8,7.1,6,4,,,,
2026-06-26,17.8,16.25,16.25,14.7,,,98,92.8,89,80,16.4,15.1,15.1,13.8,21,13.25,10.5,0,31,7,101.83,101.71,101.7,101.57,100.93,100.81,100.8,100.66,24100,18150,14450,4800,,,,,1.8,0,11.2,9.2,6.2,18.9,,,,04:52:00,1782463920,4.87,20:43:00,1782520980,20.72,15.85,3,3,18,18,12,12,5442,,,,,8,7.8,7.5,7,,,,
2026-06-25,25.3,18.32,18.5,11.7,28,,98,74,74,50,14.4,13.2,13.1,11.7,22,7.54,11,0,28,1,101.85,101.62,101.53,101.21,100.95,100.71,100.63,100.31,48300,41241.7,36200,24100,,,,,0,0.5,13.5,11.5,8.5,0,,,,04:52:00,1782377520,4.87,20:43:00,1782434580,20.72,15.85,7,7,23,23,14,15,25564,,,,,8,5.6,4.5,1,,,,
2026-06-24,22.4,16.95,17.25,12.1,25,,98,83.8,78.5,59,16,14,14.2,12.4,19,8.62,9.5,0,32,28,101.19,101.02,101.04,100.89,100.29,100.12,100.14,99.99,48300,33258.3,29000,9700,,,,,0.8,0,12.2,10.2,7.2,0,,,,04:51:00,1782291060,4.85,20:43:00,1782348180,20.72,15.87,3,7,22,22,12,13,19425,,,,,8,6.3,5,2,,,,
2026-06-23,22.9,17.82,17.6,12.3,27,,97,84.3,82,67,16.1,15,14.5,12.9,16,5.21,8,0,,,101.48,101.23,101.25,101.01,100.58,100.33,100.35,100.11,48300,32850,32200,16100,,,,,0.4,0,12.6,10.6,7.6,3.7,,,,04:51:00,1782204660,4.85,20:43:00,1782261780,20.72,15.87,6,7,23,23,12,12,14941,,,,,8,5.8,5,2,,,,
2026-06-22,24.4,17.97,18.14,11.9,29,,99,85.6,81.5,64,17.7,15.3,14.8,11.8,12,4.54,6,0,,,101.68,101.51,101.5,101.32,100.77,100.6,100.59,100.42,48300,27112.5,24950,1600,,,,,0,0.1,13.1,11.1,8.1,0,,,,04:51:00,1782118260,4.85,20:43:00,1782175380,20.72,15.87,6,7,23,23,14,15,17233,,,,,8,6.8,5.5,3,,,,
2026-06-21,23.5,16.92,17.7,11.9,27,,99,88.7,83.5,68,16.7,14.9,14.7,12.6,25,10.25,12.5,0,29,22,101.29,100.84,100.87,100.44,100.39,99.94,99.97,99.55,48300,39258.3,24550,800,,,,,0.3,0,12.7,10.7,7.7,2.9,,,,04:50:00,1782031800,4.83,20:43:00,1782088980,20.72,15.88,6,7,21,21,15,15,18416,,,,,8,7.2,7,6,,,,
2026-06-20,22.9,17.26,17.6,12.3,26,,97,75.4,71,45,14.5,12.5,12.4,10.3,24,10.17,12,0,34,24,100.47,100.07,100.03,99.59,99.57,99.18,99.13,98.7,48300,33383.3,33800,19300,,,,,0.4,0,12.6,10.6,7.6,1.6,,,,04:50:00,1781945400,4.83,20:42:00,1782002520,20.7,15.87,7,7,22,22,12,13,18091,,,,,8,6.5,5.5,3,,,,
2026-06-19,19.8,16.35,16.35,12.9,,,98,82.1,80.5,63,14.7,13.1,13.2,11.7,34,19.08,19,4,38,25,99.67,99.34,99.27,98.87,98.78,98.45,98.38,97.98,48300,35820.8,25750,3200,,,,,1.6,0,11.3,9.3,6.3,6.7,,,,04:50:00,1781859000,4.83,20:42:00,1781916120,20.7,15.87,6,7,18,19,13,13,15059,,,,,8,7.7,7.5,7,,,,
2026-06-18,16.6,14.25,14.55,12.5,,,98,90.4,88.5,79,14.6,12.7,12.8,11,37,20.38,20.5,4,39,7,100.75,99.91,99.84,98.93,99.85,99.02,98.94,98.04,48300,21054.2,25350,2400,,,,,3.5,0,9.6,7.5,4.5,57.7,,,,04:50:00,1781772600,4.83,20:42:00,1781829720,20.7,15.87,2,2,16,17,12,13,3011,,,,,8,7.6,6.5,5,,,,
2026-06-17,25.5,16.96,17.89,10.3,27,,98,75.6,69,40,15.5,12,12.7,9.9,17,7.62,8.5,0,32,24,100.94,100.81,100.81,100.67,100.04,99.91,99.9,99.77,48300,42250,36200,24100,,,,,0.1,0,12.9,10.9,7.9,0.3,,,,04:50:00,1781686200,4.83,20:42:00,1781743320,20.7,15.87,7,7,25,25,13,14,24742,,,,,8,3.8,4,0,,,,
2026-06-16,22.8,16.64,16.6,10.4,,,86,66.5,68.5,51,11.8,10.1,9.8,7.9,26,14.58,15,4,36,25,100.85,100.65,100.66,100.47,99.95,99.75,99.76,99.57,48300,40308.3,29000,9700,,,,,1.4,0,11.6,9.6,6.6,1.1,,,,04:50:00,1781599800,4.83,20:41:00,1781656860,20.68,15.85,7,7,22,22,11,12,25844,,,,,8,5.6,5.5,3,,,,
2026-06-15,22.1,16.64,16.85,11.6,25,,98,83,81,64,16,13.6,13,10,24,11.88,13.5,3,33,25,100.59,100.2,100.28,99.97,99.69,99.31,99.39,99.08,48300,28670.8,24950,1600,,,,,1.1,0,11.8,9.8,6.8,2.5,,,,04:50:00,1781513400,4.83,20:41:00,1781570460,20.68,15.85,7,7,21,22,10,10,16891,,,,,8,6.8,6,4,,,,
2026-06-14,23.6,16.69,17.5,11.4,28,,97,86,83.5,70,17.6,14.2,14,10.4,28,13.62,14,0,37,21,100.8,100.53,100.44,100.07,99.9,99.63,99.54,99.18,48300,27154.2,26550,4800,,,,,0.5,0,12.5,10.5,7.5,7.4,,,,04:50:00,1781427000,4.83,20:40:00,1781484000,20.67,15.83,6,6,21,22,15,15,12726,,,,,8,7.8,7.5,7,,,,
2026-06-13,26.6,17.2,19.2,11.8,30,,99,80.5,72.5,46,17.1,13.3,14.1,11,27,15.62,13.5,0,31,26,100.85,100.7,100.7,100.55,99.95,99.81,99.81,99.66,48300,26004.2,24350,400,,,,,0,1.2,14.2,12.2,9.2,0,,,,04:50:00,1781340600,4.83,20:40:00,1781397600,20.67,15.83,6,7,25,26,15,16,19906,,,,,8,6.8,5.5,3,,,,
2026-06-12,20.1,15.54,16.14,12.2,28,,99,87.9,89,79,20.2,13.5,15.4,10.6,27,17.62,13.5,0,34,8,100.57,100.48,100.47,100.36,99.68,99.58,99.58,99.47,24100,14300,16100,8100,,,,,1.9,0,11.1,9.1,6.1,0.3,,,,04:50:00,1781254200,4.83,20:39:00,1781311140,20.65,15.82,9,9,20,22,15,15,9491,,,,,8,7.1,5,2,,,,
2026-06-11,26.8,20.99,21.4,16,35,,94,77.5,78.5,63,21.8,16.9,16.9,11.9,16,9.5,8,0,,,100.65,100.5,100.5,100.35,99.76,99.61,99.61,99.46,48300,40904.2,36200,24100,,,,,0,3.4,16.4,14.4,11.4,0,,,,04:50:00,1781167800,4.83,20:39:00,1781224740,20.65,15.82,7,9,26,30,20,20,14932,,,,,8,7.1,6.5,5,,,,
2026-06-10,29,21.26,20.35,11.7,34,,95,69.8,71.5,48,17.9,15.2,14.5,11.1,23,9.21,11.5,0,29,22,101.2,100.89,100.9,100.6,100.3,100,100.01,99.71,48300,41575,36200,24100,,,,,0,2.4,15.3,13.3,10.3,0,,,,04:51:00,1781081460,4.85,20:38:00,1781138280,20.63,15.78,8,8,28,28,17,19,21498,,,,,8,6.8,5,2,,,,
2026-06-09,27.4,20.54,20.35,13.3,30,,82,61.2,60,38,15,12.3,12.9,10.8,26,16.58,13,0,33,23,101.93,101.6,101.58,101.23,101.03,100.7,100.68,100.33,48300,40904.2,36200,24100,,,,,0,2.4,15.3,13.3,10.3,0,,,,04:51:00,1780995060,4.85,20:37:00,1781051820,20.62,15.77,8,8,27,27,14,14,27944,,,,,8,3.5,4,0,,,,
2026-06-08,26.4,17.66,16.75,7.1,28,,99,70.2,69.5,40,15.2,11.4,11.2,7.1,34,14.21,17,0,36,22,102.43,102.11,102.15,101.87,101.51,101.19,101.24,100.96,48300,41241.7,36200,24100,,,,,1.2,0,11.8,9.8,6.8,0,,,,04:51:00,1780908660,4.85,20:37:00,1780965420,20.62,15.77,8,8,27,27,12,12,26231,,,,,8,3.9,4,0,,,,
2026-06-07,18.9,13.72,13.6,8.3,,,98,82.8,74.5,51,14.4,10.6,11.3,8.2,41,19.33,20.5,0,32,8,101.99,101.03,100.99,100,101.07,100.12,100.08,99.1,48300,30645.8,26550,4800,,,,,4.4,0,8.6,6.6,3.6,1.3,,,,04:52:00,1780822320,4.87,20:36:00,1780878960,20.6,15.73,5,5,19,19,9,14,18435,,,,,8,4.8,4,0,,,,
2026-06-06,17.3,14.8,13.95,10.6,,,98,84.7,79.5,61,16.4,12.1,11.6,6.7,19,12.08,12.5,6,28,6,101.25,100.67,100.63,100.02,100.34,99.77,99.73,99.12,48300,18895.8,24450,600,,,,,4,0,8.9,7,4,22.1,,,,04:52:00,1780735920,4.87,20:35:00,1780792500,20.58,15.72,3,3,18,19,14,14,4812,,,,,8,7,5,2,,,,
2026-06-05,18.5,15.39,14.85,11.2,,,73,61.8,63,53,11.7,8.1,8.7,5.6,34,16.08,19,4,34,9,101.62,101.46,101.45,101.28,100.71,100.55,100.54,100.38,48300,41241.7,36200,24100,,,,,3.1,0,9.8,7.8,4.8,0,,,,04:52:00,1780649520,4.87,20:34:00,1780706040,20.57,15.7,7,7,21,22,13,13,9409,,,,,8,7.4,6,4,,,,
2026-06-04,28.4,20.12,19.7,11,30,,91,58.5,62.5,34,13,11.2,11,9,32,16.58,16,0,36,25,101.71,101.4,101.38,101.06,100.81,100.5,100.49,100.16,48300,40562.5,36200,24100,,,,,0,1.7,14.7,12.7,9.7,0,,,,04:53:00,1780563180,4.88,20:34:00,1780619640,20.57,15.68,8,8,28,29,15,15,24336,,,,,8,5.2,4.5,1,,,,
2026-06-03,27.7,20.09,19.1,10.5,29,,76,52.5,55,34,11.4,9.6,8.5,5.6,34,14.29,17,0,35,22,102.1,101.83,101.84,101.58,101.19,100.92,100.94,100.68,48300,39225,36200,24100,,,,,0,1.1,14.1,12.1,9.1,0,,,,04:53:00,1780476780,4.88,20:33:00,1780533180,20.55,15.67,7,7,28,28,10,12,26836,,,,,8,3.7,4,0,,,,
2026-06-02,24.7,16.19,15.95,7.2,,,94,54.3,56,18,8.9,4.8,3.5,-1.8,17,7.54,8.5,0,31,34,102,101.88,101.88,101.76,101.09,100.97,100.97,100.85,48300,41241.7,36200,24100,,,,,2,0,10.9,8.9,6,0,,,,04:54:00,1780390440,4.9,20:32:00,1780446720,20.53,15.63,6,7,22,22,8,8,20777,,,,,8,6.1,5,2,,,,
2026-06-01,19.3,12.5,12.1,4.9,,,93,70.3,67.5,42,9.6,6.9,6.9,4.2,19,9.96,9.5,0,32,16,101.92,101.81,101.74,101.56,101,100.89,100.82,100.64,48300,38545.8,36200,24100,,,,,5.9,0,7.1,5.1,2.1,0.9,,,,04:55:00,1780304100,4.92,20:31:00,1780360260,20.52,15.6,6,6,19,19,8,8,18895,,,,,8,5.8,5,2,,,,
2026-05-31,15.5,10.33,10.85,6.2,,,95,82.2,81.5,68,9.5,7.3,7,4.6,23,7.58,11.5,0,27,18,101.64,101.29,101.36,101.07,100.72,100.38,100.44,100.16,48300,39558.3,36200,24100,,,,,7.2,0,5.8,3.8,0.8,6.8,,,,04:55:00,1780217700,4.92,20:30:00,1780273800,20.5,15.58,2,5,15,15,5,5,15056,,,,,8,6,5,2,,,,
2026-05-30,16.5,11.02,11.2,5.9,,,89,63.8,64,39,6.2,3.8,3.8,1.4,32,16.08,16,0,39,10,102.09,101.83,101.74,101.4,101.17,100.91,100.83,100.49,48300,40233.3,36200,24100,,,,,6.8,0,6.2,4.2,1.2,0,,,,04:56:00,1780131360,4.93,20:29:00,1780187340,20.48,15.55,6,6,17,17,5,5,26698,,,,,8,4.5,5,2,,,,
2026-05-29,13.9,9.36,10.25,6.6,,,96,85,80.5,65,7.7,6.9,6.9,6.1,32,15.79,16,0,39,7,101.39,101.08,101.1,100.81,100.47,100.17,100.19,99.9,48300,29166.7,29000,9700,,,,,7.8,0,5.2,3.2,0.2,6.5,,,,04:57:00,1780045020,4.95,20:28:00,1780100880,20.47,15.52,4,6,13,13,7,7,12021,,,,,8,7.6,7,6,,,,
2026-05-28,11.1,8.34,8.9,6.7,,,93,84.3,82.5,72,7.2,5.8,5.8,4.4,26,16.04,14.5,3,30,8,101.54,101.43,101.37,101.19,100.62,100.51,100.45,100.28,48300,25195.8,27350,6400,,,,,9.1,0,3.9,1.9,0,0.8,,,,04:57:00,1779958620,4.95,20:27:00,1780014420,20.45,15.5,5,5,11,11,6,6,9914,,,,,8,7.8,7,6,,,,
2026-05-27,20.5,14.58,14.4,8.3,,,99,78.7,75,51,15.6,10.6,11.6,7.6,28,12.12,14,0,31,7,101.24,100.92,100.95,100.66,100.33,100.02,100.05,99.76,48300,32579.2,24250,200,,,,,3.6,0,9.4,7.4,4.4,1.1,,,,04:58:00,1779872280,4.97,20:26:00,1779927960,20.43,15.47,7,7,20,21,8,8,17935,,,,,8,6.4,5,2,,,,
2026-05-26,24.6,16.49,16.8,9,29,,99,88.1,79,59,17.6,14.3,13.2,8.8,24,10.58,12,0,32,25,101.6,101.11,101.06,100.53,100.69,100.21,100.16,99.63,48300,26337.5,24350,400,,,,,1.2,0,11.8,9.8,6.8,22.4,,,,04:59:00,1779785940,4.98,20:25:00,1779841500,20.42,15.43,7,7,23,23,14,15,17834,,,,,8,6,5,2,,,,
2026-05-25,15.3,12.12,12.1,8.9,,,98,91,81.5,65,13.4,10.7,9.3,5.3,21,11,10.5,0,,,102.33,101.71,101.87,101.4,101.42,100.8,100.95,100.49,48300,20112.5,26550,4800,,,,,5.9,0,7.1,5.1,2.1,13.8,,,,05:00:00,1779699600,5,20:24:00,1779755040,20.4,15.4,4,5,15,16,8,8,6687,,,,,8,7.4,6,4,,,,
2026-05-24,21,14.06,12.95,4.9,,,72,47.1,47.5,23,6.4,2.3,2.6,-1.2,20,12.12,12.5,5,34,17,103.23,102.91,102.82,102.4,102.3,101.98,101.89,101.49,48300,38887.5,36200,24100,,,,,5,0,8,6,3,0,,,,05:01:00,1779613260,5.02,20:23:00,1779668580,20.38,15.37,5,8,19,20,9,9,17149,,,,,8,7.5,7,6,,,,
2026-05-23,19.5,12.05,11.35,3.2,,,69,41.3,43.5,18,2.4,-2,-1.9,-6.2,27,10.46,13.5,0,36,8,103.58,103.31,103.35,103.12,102.65,102.38,102.42,102.19,48300,40233.3,36200,24100,,,,,6.7,0,6.3,4.3,1.4,0,,,,05:02:00,1779526920,5.03,20:22:00,1779582120,20.37,15.33,7,7,19,19,7,7,26746,,,,,7,3.5,3.5,0,,,,
2026-05-22,19.7,11.14,10.85,2,,,70,43.6,47.5,25,0.5,-1.6,-2.1,-4.7,35,11.08,17.5,0,51,28,103.04,102.83,102.82,102.6,102.11,101.9,101.89,101.68,48300,40233.3,36200,24100,,,,,7.2,0,5.8,3.8,0.8,0,,,,05:03:00,1779440580,5.05,20:21:00,1779495660,20.35,15.3,6,6,18,18,1,3,24221,,,,,6,1.8,3,0,,,,
2026-05-21,13.3,7.92,7.3,1.3,,,58,43.7,44,30,-2.4,-4,-3.7,-5,16,9.25,8,0,34,29,102.81,102.49,102.41,102.02,101.88,101.56,101.49,101.11,48300,39225,36200,24100,,,,,10.7,0,2.3,0.3,0,0,,,,05:04:00,1779354240,5.07,20:20:00,1779409200,20.33,15.27,7,7,14,14,1,1,25207,,,,,7,2.9,3.5,0,,,,
2026-05-20,25,15.51,15.25,5.5,30,,97,62.2,65,33,18.7,7.1,8.3,-2.1,31,13.54,15.5,0,48,27,101.93,100.93,101.17,100.42,101.02,100.03,100.27,99.52,48300,33729.2,30600,12900,,,,,2.8,0,10.2,8.2,5.2,4.4,,,,05:05:00,1779267900,5.08,20:19:00,1779322740,20.32,15.23,7,7,18,22,2,2,24404,,,,,8,5.2,4.5,1,,,,
2026-05-19,13.4,10.93,11.25,9.1,,,95,81.2,77,59,9.5,7.7,6.6,3.7,20,14.79,12.5,5,,,101.35,101.19,101.1,100.85,100.44,100.28,100.19,99.94,48300,37879.2,36200,24100,,,,,6.8,0,6.2,4.2,1.2,1.7,,,,05:06:00,1779181560,5.1,20:17:00,1779236220,20.28,15.18,3,3,15,15,12,13,9836,,,,,8,7.2,6,4,,,,
2026-05-18,16.3,11.22,11.3,6.3,,,60,49.1,49.5,39,4.3,0.9,1,-2.3,20,12.96,12.5,5,,,102.49,102.02,101.91,101.34,101.57,101.1,101,100.43,48300,39225,36200,24100,,,,,6.7,0,6.3,4.3,1.3,0,,,,05:07:00,1779095220,5.12,20:16:00,1779149760,20.27,15.15,6,6,13,13,11,12,9560,,,,,8,6.8,5.5,3,,,,
2026-05-17,19,14.31,13.5,8,,,94,60.1,63,32,12.3,5.8,5.8,-0.8,19,11.54,9.5,0,41,30,102.15,101.34,101.35,100.54,101.23,100.43,100.44,99.64,48300,40570.8,36200,24100,,,,,4.5,0,8.5,6.5,3.5,0,,,,05:08:00,1779008880,5.13,20:15:00,1779063300,20.25,15.12,7,7,17,17,2,3,23149,,,,,8,3.8,5,2,,,,
2026-05-16,23.5,16.57,17.39,11.3,,,95,65.5,63,31,12.5,9,8.6,4.7,33,20.08,16.5,0,40,24,101.31,100.91,100.91,100.51,100.4,100.01,100.01,99.61,48300,34595.8,30600,12900,,,,,0.6,0,12.4,10.4,7.4,2.5,,,,05:09:00,1778922540,5.15,20:14:00,1778976840,20.23,15.08,7,7,19,22,11,12,22492,,,,,8,6.9,5.5,3,,,,
2026-05-15,19.5,12.65,13.2,6.9,,,95,75.4,73.5,52,10.3,8.1,8.1,5.8,26,13.92,15,4,36,7,101.47,101.3,101.32,101.17,100.55,100.38,100.41,100.26,48300,35529.2,32200,16100,,,,,4.8,0,8.2,6.2,3.2,0,,,,05:10:00,1778836200,5.17,20:13:00,1778890380,20.22,15.05,6,6,19,19,8,8,20034,,,,,8,7.3,7,6,,,,
2026-05-14,10.3,8.59,8.8,7.3,,,97,91.3,89.5,82,9.4,7.2,7.3,5.2,30,24.12,21.5,13,40,7,101.32,101.21,101.2,101.09,100.4,100.29,100.29,100.18,48300,20733.3,28200,8100,,,,,9.2,0,3.8,1.8,0,12.6,,,,05:12:00,1778749920,5.2,20:11:00,1778803860,20.18,14.98,2,2,11,12,8,8,4393,,,,,8,8,8,8,,,,
2026-05-13,14.7,7.61,6.8,-1.1,,,84,62.5,57.5,31,5.4,0.1,1.2,-3,22,11.46,11,0,35,17,101.89,101.56,101.57,101.25,100.96,100.64,100.64,100.33,48300,38216.7,36200,24100,,,,,11.2,0,1.8,0,0,0,,,,05:13:00,1778663580,5.22,20:10:00,1778717400,20.17,14.95,5,5,14,14,7,7,17157,,,,,8,6.8,5,2,,,,
2026-05-12,11.9,6.93,5.8,-0.3,,,74,48.7,53.5,33,-1.9,-3.6,-3.5,-5,14,7.33,7,0,44,30,102.09,101.94,101.96,101.83,101.16,101.02,101.04,100.91,48300,39220.8,36200,24100,,,,,12.2,0,0.8,0,0,0,,,,05:14:00,1778577240,5.23,20:09:00,1778630940,20.15,14.92,5,5,13,13,0,0,19081,,,,,8,5.3,4.5,1,,,,
2026-05-11,12.7,7.83,7.19,1.7,,,78,49.1,53.5,29,3,-3,-1.7,-6.4,25,10.12,12.5,0,31,26,101.98,101.79,101.77,101.55,101.05,100.87,100.85,100.64,48300,38887.5,36200,24100,,,,,10.8,0,2.2,0.2,0,0,,,,05:15:00,1778490900,5.25,20:08:00,1778544480,20.13,14.88,5,5,13,13,-1,-1,24629,,,,,7,4.6,4,1,,,,
2026-05-10,18.3,11.5,12.2,6.1,,,93,64.3,59.5,26,8.7,4,3.2,-2.2,44,18.58,22,0,46,25,101.52,100.92,101.09,100.67,100.61,100.02,100.19,99.77,48300,36608.3,29000,9700,,,,,5.8,0,7.2,5.2,2.2,2.1,,,,05:17:00,1778404620,5.28,20:06:00,1778457960,20.1,14.82,5,5,16,16,3,3,20478,,,,,8,6.2,5,2,,,,
2026-05-09,18,10.19,8.94,-0.1,,,95,54,59.5,24,2.8,-0.5,-1,-4.8,22,11.5,11,0,36,16,101.23,101.01,100.99,100.74,100.31,100.09,100.07,99.83,48300,39225,36200,24100,,,,,9.1,0,3.9,1.9,0,0,,,,05:18:00,1778318280,5.3,20:05:00,1778371500,20.08,14.78,5,5,17,17,7,7,25031,,,,,7,5,4.5,2,,,,
2026-05-08,12.7,6.62,6.69,0.7,,,92,71.9,71.5,51,3.4,1.6,1.7,0,34,14.96,17,0,42,25,101.02,100.75,100.82,100.62,100.1,99.84,99.9,99.7,48300,40233.3,36200,24100,,,,,11.3,0,1.7,0,0,0,,,,05:20:00,1778232000,5.33,20:04:00,1778285040,20.07,14.73,2,6,12,12,0,1,14470,,,,,8,6.7,6,4,,,,
2026-05-07,10,6.38,7.15,4.3,,,96,86.4,82,68,6.2,4.2,4.3,2.5,25,12.75,12.5,0,45,27,100.7,100.54,100.54,100.39,99.78,99.63,99.63,99.48,48300,29225,27350,6400,,,,,10.8,0,2.1,0.2,0,2.8,,,,05:21:00,1778145660,5.35,20:02:00,1778198520,20.03,14.68,2,2,9,10,-1,-1,7250,,,,,8,7.5,7,6,,,,
2026-05-06,10.8,7.58,7.4,4,,,96,88,86.5,77,9.2,5.7,6.7,4.1,19,9.92,9.5,0,,,101.04,100.83,100.81,100.57,100.13,99.92,99.9,99.67,48300,27745.8,30600,12900,,,,,10.6,0,2.4,0.4,0,8.2,,,,05:22:00,1778059320,5.37,20:01:00,1778112060,20.02,14.65,1,1,8,8,4,4,4710,,,,,8,7.9,7.5,7,,,,
2026-05-05,21.3,12.09,12.2,3.1,,,96,81.2,74.5,53,15.1,8.8,8.7,2.2,32,11.71,18,4,47,28,100.49,100.15,100.12,99.75,99.59,99.25,99.22,98.85,48300,34658.3,29800,11300,,,,,5.8,0,7.2,5.2,2.2,5.4,,,,05:24:00,1777973040,5.4,20:00:00,1778025600,20,14.6,2,5,16,17,7,7,11499,,,,,8,7.5,6.5,5,,,,
2026-05-04,11.1,4.42,3.95,-3.2,,-3,92,78.4,77,62,4.5,0.9,-0.2,-4.8,17,7.21,8.5,0,,,100.65,100.54,100.57,100.48,99.73,99.62,99.64,99.56,48300,33387.5,28200,8100,,,,,14.1,0,0,0,0,2.3,,,,05:25:00,1777886700,5.42,19:59:00,1777939140,19.98,14.57,2,3,10,11,3,4,10861,,,,,8,5.5,4,0,,,,
2026-05-03,11.6,5.46,4.8,-2,,-2,97,61.2,65.5,34,1.8,-2.6,-1.9,-5.6,19,8.54,11,3,39,27,101.07,100.81,100.84,100.61,100.15,99.89,99.92,99.69,48300,38216.7,36200,24100,,,,,13.2,0,0,0,0,0,,,,05:27:00,1777800420,5.45,19:57:00,1777852620,19.95,14.5,6,6,11,11,-3,-3,19750,,,,,8,4.5,4,0,,,,
2026-05-02,10,4.28,3.4,-3.2,,-4,94,72.5,68,42,2.6,-0.7,-1.4,-5.3,14,4.5,7,0,,,101.36,101.2,101.22,101.09,100.44,100.28,100.31,100.17,48300,36200,36200,24100,,,,,14.6,0,0,0,0,0.1,,,,05:29:00,1777714140,5.48,19:56:00,1777766160,19.93,14.45,5,5,9,9,1,2,14589,,,,,8,5.2,4,0,,,,
2026-05-01,9,5.02,4,-1,,,95,74.4,75.5,56,4,0.6,0.6,-2.9,33,19.29,19.5,6,36,23,101.23,100.91,100.94,100.65,100.3,99.99,100.02,99.74,48300,36141.7,29000,9700,,,,,14,0,0,0,0,0,,,,05:30:00,1777627800,5.5,19:55:00,1777679700,19.92,14.42,5,5,9,9,-3,-3,14742,,,,,8,6.2,4,0,,,,
2026-04-30,11.4,9.35,7.7,4,,,96,88.2,83.5,71,8.8,7.4,6.8,4.9,26,18.04,20,14,35,9,100.87,100.69,100.74,100.61,99.97,99.78,99.83,99.7,32200,11987.5,17700,3200,,,,,10.3,0,2.7,0.7,0,25.9,,,,05:32:00,1777541520,5.53,19:53:00,1777593180,19.88,14.35,1,1,10,10,3,3,2624,,,,,8,8,8,8,,,,
2026-04-29,20.4,14.01,13.7,7,,,67,44.8,49.5,32,6,1.9,1.8,-2.3,23,9.5,11.5,0,35,10,101.47,101.16,101.15,100.84,100.56,100.26,100.24,99.93,48300,38887.5,36200,24100,,,,,4.3,0,8.7,6.7,3.7,0,,,,05:33:00,1777455180,5.55,19:52:00,1777506720,19.87,14.32,5,6,17,19,9,9,15616,,,,,8,5.7,5,2,,,,
2026-04-28,20.6,13.18,12.2,3.8,,,79,53,56,33,5.9,3.3,3.1,0.4,27,15.88,16.5,6,31,8,102.21,101.8,101.79,101.38,101.29,100.89,100.89,100.48,48300,40233.3,36200,24100,,,,,5.8,0,7.2,5.2,2.2,0,,,,05:35:00,1777368900,5.58,19:50:00,1777420200,19.83,14.25,7,7,19,19,6,7,21341,,,,,8,5.9,4,0,,,,
2026-04-27,22.8,13,12.65,2.5,,,78,49.2,49,20,3.2,1,0.4,-2.3,14,8,7,0,,,102.61,102.38,102.4,102.19,101.69,101.46,101.48,101.27,48300,39225,36200,24100,,,,,5.3,0,7.7,5.7,2.6,0.1,,,,05:37:00,1777282620,5.62,19:49:00,1777333740,19.82,14.2,6,6,21,21,4,5,24345,,,,,3,1.4,1.5,0,,,,
2026-04-26,18.4,10.4,10,1.6,,,73,53.2,53,33,2.4,0.6,0.5,-1.4,19,10.42,11.5,4,,,102.33,102.13,102.14,101.95,101.41,101.21,101.22,101.02,48300,40233.3,36200,24100,,,,,8,0,5,3,0,0,,,,05:38:00,1777196280,5.63,19:48:00,1777247280,19.8,14.17,6,6,14,17,1,2,24209,,,,,8,4.6,4.5,1,,,,
2026-04-25,14.6,6.17,5.6,-3.4,,-5,94,63.7,65.5,37,1.4,-0.9,-1.3,-4,22,6.88,11,0,39,14,102.07,101.89,101.88,101.68,101.14,100.96,100.94,100.75,48300,38216.7,36200,24100,,,,,12.4,0,0.6,0,0,0,,,,05:40:00,1777110000,5.67,19:46:00,1777160760,19.77,14.1,5,5,11,12,-1,-1,23147,,,,,8,5,5,2,,,,
2026-04-24,8.2,4,3.14,-1.9,,,75,58.1,57.5,40,-2.1,-3.8,-4.5,-6.9,19,9.04,9.5,0,29,7,101.92,101.45,101.52,101.12,100.99,100.52,100.59,100.19,48300,37208.3,36200,24100,,,,,14.9,0,0,0,0,0,,,,05:42:00,1777023720,5.7,19:45:00,1777074300,19.75,14.05,5,6,9,9,-1,-1,14920,,,,,8,6.3,5,2,,,,
2026-04-23,6.5,3.69,2.6,-1.3,,-2,93,63.4,69.5,46,0.7,-2.9,-2.2,-5.2,18,9.92,10.5,3,31,33,101.47,101.35,101.34,101.21,100.54,100.43,100.42,100.29,48300,37879.2,36200,24100,,,,,15.4,0,0,0,0,0.2,,,,05:43:00,1776937380,5.72,19:44:00,1776987840,19.73,14.02,4,4,9,9,-2,-2,14083,,,,,8,6.9,6,4,,,,
2026-04-22,11.6,5.38,6.8,2,,,74,57,55.5,37,-0.9,-2.7,-4,-7,21,14.79,14,7,32,7,102.19,101.75,101.76,101.34,101.25,100.82,100.83,100.42,48300,38216.7,36200,24100,,,,,11.2,0,1.8,0,0,0,,,,05:45:00,1776851100,5.75,19:42:00,1776901320,19.7,13.95,4,5,11,11,2,2,15747,,,,,8,7.8,7.5,7,,,,
2026-04-21,7.1,0.58,0.14,-6.8,,-11,69,48.1,47,25,-4.6,-9.9,-9.6,-14.5,21,8.92,10.5,0,35,20,102.83,102.5,102.5,102.16,101.88,101.56,101.55,101.22,48300,39225,36200,24100,,,,,17.9,0,0,0,0,0,,,,05:47:00,1776764820,5.78,19:41:00,1776814860,19.68,13.9,4,4,5,5,-1,-1,23197,,,,,8,4.1,4,0,,,,
2026-04-20,2.2,-1.21,-1.6,-5.4,,-8,81,51.2,56,31,-3.9,-10.5,-9,-14.1,32,10.46,16,0,37,27,102.62,102.01,101.92,101.21,101.67,101.07,100.97,100.28,48300,39225,36200,24100,,,,,19.6,0,0,0,0,0,,,,05:49:00,1776678540,5.82,19:40:00,1776728400,19.67,13.85,4,4,2,2,-10,-10,19950,,,,,7,3.9,3.5,0,,,,
2026-04-19,11,5.22,4.5,-2,,-5,98,87,82.5,67,10.5,3.2,3.7,-3.1,39,16.88,21,3,55,28,101.16,100.73,100.74,100.31,100.23,99.81,99.82,99.41,48300,21658.3,26550,4800,,,,,13.5,0,0,0,0,14,,,,05:51:00,1776592260,5.85,19:38:00,1776641880,19.63,13.78,3,3,6,9,-5,-4,3636,,,,,8,7,5,2,,,,
2026-04-18,20.1,10.49,11.2,2.3,,,93,66.7,66,39,7.1,4,4.2,1.4,31,20.54,20.5,10,33,7,102.07,101.47,101.37,100.67,101.15,100.55,100.46,99.76,48300,39225,36200,24100,,,,,6.8,0,6.2,4.2,1.2,0.7,,,,05:52:00,1776505920,5.87,19:37:00,1776555420,19.62,13.75,6,6,19,19,6,6,21102,,,,,8,5.2,4,0,,,,
2026-04-17,17.7,6.9,9.6,1.5,,,100,86,74.5,49,9.6,4.3,5.5,1.3,22,10.79,11,0,,,102.01,101.54,101.51,101,101.08,100.61,100.58,100.07,48300,20091.7,24250,200,,,,,8.4,0,4.6,2.6,0,0,,,,05:54:00,1776419640,5.9,19:36:00,1776468960,19.6,13.7,2,5,11,15,4,4,18316,,,,,6,1.3,3,0,,,,
2026-04-16,3.8,2.59,2.65,1.5,,,98,96,95.5,93,2.9,2,2,1,22,13.62,11,0,28,7,101.48,101.04,101.04,100.6,100.55,100.12,100.12,99.68,19300,6079.2,9950,600,,,,,15.3,0,0,0,0,31.5,,,,05:56:00,1776333360,5.93,19:34:00,1776382440,19.57,13.63,2,6,8,8,3,4,4024,,,,,8,6.8,6,4,,,,
2026-04-15,6.5,3.9,4.25,2,,,98,92.9,91,84,3.9,2.8,2.4,0.9,24,12.46,12,0,27,6,101.65,101.48,101.48,101.3,100.72,100.55,100.55,100.38,48300,17500,24550,800,,,,,13.8,0,0,0,0,0,,,,05:58:00,1776247080,5.97,19:33:00,1776295980,19.55,13.58,4,6,6,9,4,5,7213,,,,,8,7.9,7.5,7,,,,
2026-04-14,8.8,5.51,6.1,3.4,,,96,87.4,80,64,5.1,3.5,3.4,1.6,31,12.62,17,3,27,6,101.68,101.39,101.44,101.19,100.76,100.47,100.51,100.27,48300,30650,29000,9700,,,,,11.9,0,1.1,0,0,5.3,,,0,06:00:00,1776160800,6,19:31:00,1776209460,19.52,13.52,4,4,9,9,4,4,7489,,,,,8,8,8,8,,,,
2026-04-13,9,5.62,5.3,1.6,,,99,95.3,85.5,72,8.4,4.9,3.2,-1.9,21,9.62,10.5,0,,,101.97,100.9,101.14,100.3,101.04,99.98,100.22,99.39,24100,7379.2,12250,400,,,,,12.7,0,0.3,0,0,25.2,,,0,06:02:00,1776074520,6.03,19:30:00,1776123000,19.5,13.47,1,1,13,14,3,3,2177,,,,,8,6.9,5,2,,,,
2026-04-12,8.4,3.24,2.15,-4.1,,-7,75,54.2,52,29,-1.9,-5.6,-5.8,-9.6,21,9.38,10.5,0,,,103.22,102.81,102.65,102.08,102.28,101.87,101.72,101.15,48300,38216.7,36200,24100,,,,,15.8,0,0,0,0,0,,,2,06:04:00,1775988240,6.07,19:29:00,1776036540,19.48,13.42,5,5,10,10,1,3,18709,,,,,8,4.4,4,0,,,,
2026-04-11,7.3,3.89,2.9,-1.5,,,98,52.6,62.5,27,2.1,-6,-4.4,-10.9,21,12.46,13.5,6,50,28,102.78,102.15,102.26,101.73,101.84,101.22,101.32,100.8,48300,37545.8,36200,24100,,,,,15.1,0,0,0,0,0,,,9,06:05:00,1775901900,6.08,19:27:00,1775950020,19.45,13.37,4,4,6,6,-8,-7,20932,,,,,8,4,4,0,,,,
2026-04-10,7.9,4.82,4.9,1.9,,,98,77.3,73,48,3.2,0.9,0.2,-2.9,16,8.71,10,4,,,102.16,101.97,101.96,101.75,101.23,101.04,101.03,100.82,48300,27125,24550,800,,,,,13.1,0,0,0,0,3.8,,,12,06:07:00,1775815620,6.12,19:26:00,1775863560,19.43,13.32,2,5,7,8,-1,-1,5451,,,,,8,7.5,5,2,,,,
2026-04-09,14.2,5.59,6.65,-0.9,,-2,72,52.5,47.5,23,0.7,-4.2,-3.5,-7.6,23,9.12,11.5,0,33,21,103.3,102.53,102.6,101.89,102.35,101.59,101.65,100.96,48300,38150,35400,22500,,,,,11.3,0,1.6,0,0,0,,,16,06:09:00,1775729340,6.15,19:25:00,1775777100,19.42,13.27,5,5,12,12,3,3,18581,,,,,8,7.1,6,4,,,,
2026-04-08,2.3,-3.2,-5.05,-12.4,,-14,76,55.9,58.5,41,-5.1,-11,-11.1,-17.1,34,12.75,17,0,37,25,103.6,103.37,103.37,103.14,102.64,102.41,102.41,102.18,48300,37208.3,36200,24100,,,,,23.1,0,0,0,0,0,,,19,06:11:00,1775643060,6.18,19:23:00,1775690580,19.38,13.2,4,4,4,4,-8,-8,21902,,,,,8,2.7,4,0,,,,
2026-04-07,-1.1,-5.21,-5.6,-10.1,,-13,57,46.3,43,29,-11.9,-15.2,-15,-18.1,28,11.67,14,0,35,21,103.07,102.4,102.46,101.85,102.11,101.45,101.51,100.91,48300,37208.3,36200,24100,,,,,23.6,0,0,0,0,0,,,20,06:13:00,1775556780,6.22,19:22:00,1775604120,19.37,13.15,3,4,-1,-1,-15,-15,18181,,,,,7,3.8,3.5,0,,,,
2026-04-06,1.8,-0.04,-2.1,-6,,-7,85,57.1,62.5,40,-0.2,-7.8,-7.7,-15.1,30,15.71,19,8,41,27,101.78,100.94,100.99,100.19,100.84,100.02,100.05,99.27,48300,37879.2,36200,24100,,,,,20.1,0,0,0,0,0,,,20,06:15:00,1775470500,6.25,19:21:00,1775517660,19.35,13.1,3,3,0,0,-13,-13,13893,,,,,8,6.7,4,0,,,,
2026-04-05,6.4,2.42,3.2,0,,-7,98,89.3,86.5,75,4.1,0.8,1.5,-1.1,36,19.96,18,0,34,26,101.7,100.57,100.88,100.06,100.76,99.65,99.95,99.14,48300,20666.7,24750,1200,,,,,14.8,0,0,0,0,34.3,,,23,06:17:00,1775384220,6.28,19:19:00,1775431140,19.32,13.03,1,1,6,7,-2,-2,5220,,,,,8,7.8,7,6,,,,
2026-04-04,1.1,0.19,0.15,-0.8,,-8,96,75.7,79.5,63,-0.6,-3.8,-3.4,-6.2,39,27.71,22.5,6,50,7,103.28,102.75,102.57,101.86,102.33,101.8,101.62,100.92,48300,34004.2,26550,4800,,,,,17.9,0,0,0,0,5.1,,,24,06:19:00,1775297940,6.32,19:18:00,1775344680,19.3,12.98,5,5,3,3,-3,1,15385,,,,,8,7.5,6,4,,,,
2026-04-03,1.1,0.3,0.25,-0.6,,-7,98,96.8,96.5,95,0.5,-0.2,-0.4,-1.2,37,20.83,23,9,32,9,103.09,101.71,102.04,100.99,102.14,100.78,101.1,100.06,12900,4266.7,7050,1200,,,,,17.8,0,0,0,0,31.5,,,24,06:21:00,1775211660,6.35,19:17:00,1775258220,19.28,12.93,1,1,5,5,-3,-2,2234,,,,,8,7.3,6,4,,,,
2026-04-02,2.6,-0.75,-1.15,-4.9,,-8,92,71.8,76.5,61,-1.8,-5.3,-5,-8.1,28,16.46,16,4,42,7,103.85,103.55,103.53,103.21,102.89,102.6,102.58,102.26,48300,35787.5,24750,1200,,,,,19.1,0,0,0,0,4.3,,,24,06:23:00,1775125380,6.38,19:15:00,1775171700,19.25,12.87,5,5,4,4,-1,0,16238,,,,,8,7.5,6.5,5,,,,
2026-04-01,0,-1.18,-2.35,-4.7,,-8,91,86.4,85.5,80,-1.8,-3.2,-3.5,-5.1,32,12.71,16,0,32,6,103.33,102.21,102.23,101.13,102.37,101.26,101.28,100.2,48300,24262.5,26550,4800,,,,,20.4,0,0,0,0,0,,,25,06:25:00,1775039100,6.42,19:14:00,1775085240,19.23,12.82,3,3,1,1,-5,-1,5863,,,,,8,7.6,7,6,,,,
2026-03-31,1.6,0.01,0.15,-1.3,,-9,95,70.5,76.5,58,-1.8,-4.9,-4.8,-7.9,39,21.79,21,3,44,7,101.99,101.68,101.61,101.22,101.06,100.74,100.67,100.29,48300,32183.3,24550,800,,,,,17.9,0,0,0,0,11,,,18,06:27:00,1774952820,6.45,19:12:00,1774998720,19.2,12.75,1,3,0,0,-1,0,4429,,,,,8,7.7,6.5,5,,,,
2026-03-30,8.2,1.69,1.69,-4.8,,-7,87,70.9,70.5,54,-0.4,-3.2,-3.8,-7.2,19,6.38,9.5,0,45,32,102.13,101.43,101.53,100.93,101.18,100.5,100.59,100,48300,36195.8,36200,24100,,,,,16.3,0,0,0,0,0.2,,,21,06:29:00,1774866540,6.48,19:11:00,1774912260,19.18,12.7,2,2,6,7,-4,-2,7559,,,,,8,7.1,5.5,3,,,,
2026-03-29,1.8,-3.84,-4.8,-11.4,,-17,89,71.9,74,59,-3.8,-8.3,-8.9,-14.1,32,14.79,16,0,35,23,102.83,102.58,102.51,102.2,101.87,101.62,101.56,101.25,48300,35520.8,36200,24100,,,,,22.8,0,0,0,0,0,,,24,06:31:00,1774780260,6.52,19:10:00,1774825800,19.17,12.65,3,3,1,1,-3,-1,15704,,,,,8,5.9,4.5,1,,,,
2026-03-28,-5.1,-10.66,-12.5,-19.9,,-25,80,53,58.5,37,-11.4,-18.7,-18.6,-25.9,30,13.25,16.5,3,32,25,103.05,102.79,102.83,102.6,102.08,101.82,101.86,101.63,48300,38216.7,36200,24100,,,,,30.5,0,0,0,0,0,,,25,06:33:00,1774693980,6.55,19:08:00,1774739280,19.13,12.58,3,3,-4,-4,-15,-13,19178,,,,,8,4.1,4,0,,,,
2026-03-27,-4.7,-8.73,-9.05,-13.4,,-20,74,45.2,53.5,33,-8.4,-19,-16.1,-23.7,23,9.33,11.5,0,37,34,102.72,101.97,101.78,100.84,101.75,101.02,100.83,99.9,48300,37545.8,36200,24100,,,,,27.1,0,0,0,0,0,,,26,06:35:00,1774607700,6.58,19:07:00,1774652820,19.12,12.53,4,4,-4,-4,-17,-17,19653,,,,,7,2.6,4,1,,,,
2026-03-26,-0.8,-3.25,-4.2,-7.6,,-13,95,88.2,75.5,56,-2,-5,-7.5,-12.9,22,11.79,12.5,3,,,101.81,100.89,101.14,100.48,100.86,99.96,100.21,99.55,40200,10173.9,20700,1200,,,,,22.2,0,0,0,0,9,,,24,06:37:00,1774521420,6.62,19:06:00,1774566360,19.1,12.48,1,2,1,1,-11,-9,5046,,,,,8,6.2,5,2,,,,
2026-03-25,-1.3,-6.14,-6.2,-11.1,,-20,81,49.9,58,35,-4.8,-15.3,-13.1,-21.3,31,18.46,15.5,0,46,28,102.83,102.39,102.38,101.93,101.87,101.43,101.43,100.98,48300,35604.2,30600,12900,,,,,24.2,0,0,0,0,0,,,17,06:39:00,1774435140,6.65,19:04:00,1774479840,19.07,12.42,3,3,-2,-2,-8,-6,16360,,,,,8,6.5,4.5,1,,,,
2026-03-24,0.1,-2.26,-4.25,-8.6,,-9,95,68.7,69.5,44,-3.8,-7.8,-7.7,-11.5,33,15.38,16.5,0,32,25,102.6,102.31,102.3,102,101.65,101.36,101.36,101.06,48300,33520.8,25750,3200,,,,,22.2,0,0,0,0,0.6,,,17,06:41:00,1774348860,6.68,19:03:00,1774393380,19.05,12.37,3,3,2,2,-8,-8,17340,,,,,8,5.3,4.5,1,,,,
2026-03-23,-0.5,-2.39,-2.35,-4.2,,-11,77,72,71.5,66,-4.4,-6.8,-6.6,-8.8,35,22.96,20,5,36,7,102.27,101.85,101.94,101.62,101.32,100.9,101,100.68,48300,21241.7,26550,4800,,,,,20.4,0,0,0,0,0,,,18,06:43:00,1774262580,6.72,19:01:00,1774306860,19.02,12.3,1,1,-1,-1,-7,-7,9653,,,,,8,7.9,7.5,7,,,,
2026-03-22,-3.6,-4.62,-4.7,-5.8,,-14,86,66.9,64,42,-5.8,-10.2,-10.8,-15.9,40,22.62,22.5,5,49,6,101.7,101.5,101.46,101.22,100.75,100.56,100.51,100.28,48300,17204.2,25350,2400,,,,,22.7,0,0,0,0,0,,,18,06:45:00,1774176300,6.75,19:00:00,1774220400,19,12.25,1,1,-4,-4,-5,-4,8094,,,,,8,7.3,6,4,,,,
2026-03-21,2.6,-3.45,-4.25,-11.1,,-12,90,61,61.5,33,-6,-10.7,-11.2,-16.4,20,9.12,10,0,38,31,101.62,101.38,101.38,101.13,100.68,100.44,100.44,100.19,48300,34850,36200,24100,,,,,22.2,0,0,0,0,0,,,22,06:47:00,1774090020,6.78,18:59:00,1774133940,18.98,12.2,3,3,2,2,-10,-8,16921,,,,,8,5.3,4.5,1,,,,
2026-03-20,-1.5,-3.69,-5.5,-9.5,,-13,94,78.5,79.5,65,-2.2,-7,-6.5,-10.8,17,9.33,10.5,4,,,101.79,101.47,101.45,101.11,100.84,100.52,100.5,100.17,48300,29129.2,25750,3200,,,,,23.5,0,0,0,0,0,,,24,06:49:00,1774003740,6.82,18:57:00,1774047420,18.95,12.13,2,2,-2,-2,-7,-7,8548,,,,,8,6.8,5,2,,,,
2026-03-19,-1.4,-5.75,-6.65,-11.9,,-17,95,76.4,75.5,56,-3.2,-9.4,-10.2,-17.3,21,11.58,12.5,4,,,102.95,102.27,102.3,101.65,101.98,101.31,101.35,100.71,48300,17170.8,24750,1200,,,,,24.6,0,0,0,0,5.7,,,16,06:50:00,1773917400,6.83,18:56:00,1773960960,18.93,12.1,1,1,0,0,-9,-9,9602,,,,,8,5.9,5,2,,,,
2026-03-18,-7.9,-11.88,-12.25,-16.6,,-25,63,53,51.5,40,-15.9,-19.8,-19.4,-22.8,23,13.42,11.5,0,35,23,103.11,102.72,102.45,101.79,102.14,101.76,101.49,100.83,48300,37879.2,36200,24100,,,,,30.2,0,0,0,0,0,,,16,06:52:00,1773831120,6.87,18:54:00,1773874440,18.9,12.03,3,3,-7,-7,-11,-10,16974,,,,,8,3.8,4.5,1,,,,
2026-03-17,6,-3.97,-3.9,-13.8,,-22,99,70.5,74.5,50,5.3,-8.9,-7.3,-19.9,61,39.62,38,15,79,24,101.62,99.8,99.84,98.06,100.67,98.88,98.92,97.16,48300,30262.5,24350,400,,,,,21.9,0,0,0,0,0.8,,,16,06:54:00,1773744840,6.9,18:53:00,1773787980,18.88,11.98,1,3,-5,-1,-16,0,12812,,,,,8,6.5,4.5,1,,,,
2026-03-16,4.8,0.78,0.79,-3.2,,-12,98,92.2,92.5,87,2.6,-0.4,-1.2,-5.1,44,28.79,31.5,19,35,6,102.35,100.62,100.58,98.81,101.4,99.69,99.65,97.9,48300,20500,24350,400,,,,,17.2,0,0,0,0,12.7,,,22,06:56:00,1773658560,6.93,18:52:00,1773701520,18.87,11.93,1,1,5,5,0,0,3655,,,,,8,7.6,4.5,1,,,,
2026-03-15,-1.9,-5.44,-7.75,-13.6,,-17,79,57.9,55,31,-6.6,-13,-12.2,-17.7,31,11.33,15.5,0,46,8,103.41,103,102.89,102.37,102.45,102.04,101.93,101.42,48300,33770.8,27350,6400,,,,,25.8,0,0,0,0,3.1,,,20,06:58:00,1773572280,6.97,18:50:00,1773615000,18.83,11.87,3,3,1,1,-3,-3,13804,,,,,8,5.6,4,0,,,,
2026-03-14,-2.2,-3.71,-5.09,-8,,-13,93,83.8,84,75,-4.6,-6.1,-7.1,-9.6,35,22.21,19,3,36,9,102.28,101.16,101.5,100.72,101.33,100.22,100.56,99.78,24100,8162.5,12850,1600,,,,,23.1,0,0,0,0,2.2,,,18,07:00:00,1773486000,7,18:49:00,1773528540,18.82,11.82,1,1,-1,0,-11,-10,8296,,,,,8,6.4,5,2,,,,
2026-03-13,-3.1,-5.04,-5,-6.9,,-14,73,65.7,64.5,56,-8.2,-10.5,-10.6,-12.9,27,15.17,15,3,36,23,101.59,101.36,101.36,101.13,100.64,100.42,100.42,100.19,48300,35525,32200,16100,,,,,23,0,0,0,0,0,,,17,07:02:00,1773399720,7.03,18:47:00,1773442020,18.78,11.75,2,3,-1,-1,-6,-6,12562,,,,,8,7.7,7.5,7,,,,
2026-03-12,-0.5,-4.61,-3.55,-6.6,,-14,94,77.2,77,60,-2.1,-8.1,-7.2,-12.2,46,25.62,23,0,40,28,101.09,100.29,100.34,99.6,100.15,99.36,99.41,98.67,32200,15187.5,16700,1200,,,,,21.6,0,0,0,0,9.1,,,17,07:04:00,1773313440,7.07,18:46:00,1773355560,18.77,11.7,1,1,-3,-3,-11,-11,8846,,,,,8,7,6,4,,,,
2026-03-11,-1.8,-4.97,-4.3,-6.8,,-18,88,75.7,75,62,-6.6,-8.7,-9.1,-11.5,63,46.5,44,25,63,8,102.53,101.63,101.33,100.14,101.59,100.69,100.4,99.21,48300,15108.3,25150,2000,,,,,22.3,0,0,0,0,20.6,,,14,07:06:00,1773227160,7.1,18:45:00,1773269100,18.75,11.65,1,1,-7,-3,-4,-1,1338,,,,,8,7.4,6,4,,,,
2026-03-10,8,4.03,3.15,-1.7,,-6,75,63,59,43,-0.3,-2.5,-2.9,-5.4,21,10.38,10.5,0,40,9,102.4,101.52,101.6,100.79,101.46,100.6,100.67,99.87,48300,35321.7,36200,24100,,,,,14.8,0,0,0,0,0,,,16,07:08:00,1773140880,7.13,18:43:00,1773182580,18.72,11.58,4,4,7,7,-5,-4,7018,,,,,8,6.6,6,4,,,,
2026-03-09,11.3,5.36,5.15,-1,,-1,93,69.2,69.5,46,2,-0.3,0.4,-1.1,28,14.83,15.5,3,39,24,100.92,100.63,100.62,100.33,99.99,99.71,99.7,99.42,48300,36533.3,36200,24100,,,,,12.8,0,0.2,0,0,0.5,,,17,07:10:00,1773054600,7.17,18:42:00,1773096120,18.7,11.53,3,3,8,8,-1,0,9116,,,,,8,6.3,5,2,,,,
2026-03-08,5.6,3.97,3.65,1.7,,,100,87.5,86,72,5.2,2,2.1,-1,30,19.74,20,10,35,24,100.56,100.05,100.07,99.58,99.64,99.13,99.15,98.67,48300,20239.1,24350,400,,,,,14.3,0,0,0,0,1.5,,,29,07:12:00,1772968320,7.2,18:40:00,1773009600,18.67,11.47,1,2,3,3,1,1,10858,,,,,8,7.1,6.5,5,,,,
2026-03-07,4.3,0.7,0.29,-3.7,,-7,99,93.4,86.5,74,3.7,-0.3,-1.9,-7.6,19,7.83,9.5,0,,,102.34,100.85,101.01,99.69,101.39,99.92,100.08,98.78,24100,6954.2,12250,400,,,,,17.7,0,0,0,0,16.5,,,36,06:14:00,1772882040,6.23,17:39:00,1772923140,17.65,11.42,1,1,7,7,5,7,2168,,,,,8,6.1,4.5,1,,,,
2026-03-06,-0.9,-5.75,-5.4,-9.9,,-19,76,59.7,62,48,-7.4,-12.5,-13.1,-18.7,32,19.5,20.5,9,40,6,103.44,103.14,102.94,102.43,102.47,102.18,101.98,101.48,48300,36200,36200,24100,,,,,23.4,0,0,0,0,0,,,35,06:16:00,1772795760,6.27,17:38:00,1772836680,17.63,11.37,3,3,-1,0,-5,-5,13937,,,,,8,6.6,4.5,1,,,,
2026-03-05,-3,-9.52,-7.45,-11.9,,-23,84,60.8,62,40,-8.1,-16,-14.4,-20.8,38,29.29,23,8,40,6,103.6,103.35,103.12,102.64,102.63,102.39,102.16,101.69,48300,30020.8,25150,2000,,,,,25.4,0,0,0,0,0.3,,,35,06:18:00,1772709480,6.3,17:36:00,1772750160,17.6,11.3,2,2,-8,-7,-11,-9,9202,,,,,8,6,4.5,1,,,,
2026-03-04,4,0.01,-0.64,-5.3,,-10,89,73.1,74.5,60,-1.9,-4.4,-5.3,-8.7,34,18.29,18.5,3,38,25,102.51,101.98,102.12,101.73,101.57,101.04,101.18,100.79,48300,26929.2,30600,12900,,,,,18.6,0,0,0,0,0,,,37,06:20:00,1772623200,6.33,17:35:00,1772663700,17.58,11.25,2,2,3,3,-10,-9,8927,,,,,8,7.2,5.5,3,,,,
2026-03-03,-0.3,-7.05,-9.5,-18.7,,-23,74,60,60.5,47,-7.4,-13.7,-14.9,-22.4,19,6.54,9.5,0,,,103.36,102.74,102.67,101.97,102.38,101.77,101.7,101.02,48300,36537.5,36200,24100,,,,,27.5,0,0,0,0,0,,,38,06:21:00,1772536860,6.35,17:33:00,1772577180,17.55,11.2,2,3,-1,0,-7,-6,11930,,,,,8,7.4,7,6,,,,
2026-03-02,-10.1,-16.41,-16.85,-23.6,,-33,69,56.3,55,41,-20,-23.4,-24.1,-28.3,30,13.08,15,0,31,24,103.81,103.58,103.61,103.41,102.81,102.58,102.62,102.43,48300,39554.2,36200,24100,,,,,34.9,0,0,0,0,0,,,38,06:23:00,1772450580,6.38,17:32:00,1772490720,17.53,11.15,2,2,-10,-10,-20,-17,14181,,,,,8,1.5,4,0,,,,
2026-03-01,-9.8,-13.26,-15.35,-20.9,,-24,59,48.6,48,37,-17.2,-22.1,-21.6,-26.1,19,10.67,11.5,4,34,28,103.4,102.71,102.75,102.1,102.42,101.74,101.78,101.15,48300,32825,36200,24100,,,,,33.4,0,0,0,0,0,,,38,06:25:00,1772364300,6.42,17:30:00,1772404200,17.5,11.08,2,2,-10,-10,-23,-22,12823,,,,,7,3.2,3.5,0,,,,
2026-02-28,5.4,-2.22,-2.2,-9.8,,-14,92,72.7,70,48,1.4,-6.7,-7.2,-15.8,29,15.21,18.5,8,46,28,102.02,101.2,101.38,100.73,101.07,100.26,100.44,99.8,48300,25316.7,25750,3200,,,,,20.2,0,0,0,0,2.8,,,42,06:27:00,1772278020,6.45,17:29:00,1772317740,17.48,11.03,1,1,4,4,-16,-14,2532,,,,,8,6.5,5,2,,,,
2026-02-27,-4.5,-9.95,-12.1,-19.7,,-22,86,70.3,71.5,57,-9.2,-14.5,-15.2,-21.3,11,4.75,5.5,0,,,101.86,101.72,101.72,101.57,100.9,100.77,100.76,100.61,48300,32295.8,33800,19300,,,,,30.1,0,0,0,0,0,,,42,06:29:00,1772191740,6.48,17:27:00,1772231220,17.45,10.97,1,2,-4,-4,-7,-7,9055,,,,,8,5.9,4,0,,,,
2026-02-26,-3.5,-6.35,-9.65,-15.8,,-20,93,70.8,73,53,-6.3,-11.1,-12.8,-19.3,36,20.5,18,0,42,25,101.54,100.8,100.83,100.12,100.59,99.85,99.88,99.18,48300,25208.3,24750,1200,,,,,27.6,0,0,0,0,1.1,,,39,06:31:00,1772105460,6.52,17:26:00,1772144760,17.43,10.92,1,1,-5,-3,-19,-19,9872,,,,,8,5.9,4.5,1,,,,
2026-02-25,-5.3,-11.08,-13.35,-21.4,,-26,90,83.8,83,76,-7,-13.3,-14.8,-22.7,21,13.12,10.5,0,,,100.96,100.39,100.5,100.04,100,99.44,99.54,99.09,48300,13070.8,24750,1200,,,,,31.4,0,0,0,0,2,,,39,06:32:00,1772019120,6.53,17:24:00,1772058240,17.4,10.87,,,-6,-6,-7,-6,6689,,,,,8,5.7,4,0,,,,
2026-02-24,-7.7,-10.18,-12.6,-17.5,,-24,78,62.8,65,52,-13.6,-16.1,-16.5,-19.4,34,18.71,17,0,40,22,100.96,100.69,100.72,100.48,100.01,99.74,99.78,99.54,48300,35191.7,36200,24100,,,,,30.6,0,0,0,0,0,,,40,06:34:00,1771932840,6.57,17:23:00,1771971780,17.38,10.82,2,2,-7,-6,-18,-18,12213,,,,,8,3.4,4,0,,,,
2026-02-23,-3.4,-6.17,-7.1,-10.8,,-15,83,70.8,73.5,64,-8.2,-10.7,-10.9,-13.7,35,19.46,17.5,0,32,7,101.93,101.24,101.24,100.56,100.98,100.3,100.3,99.62,48300,36200,36200,24100,,,,,25.1,0,0,0,0,0,,,40,06:36:00,1771846560,6.6,17:21:00,1771885260,17.35,10.75,2,2,-3,-2,-13,-12,8615,,,,,8,6.5,4,0,,,,
2026-02-22,-1.4,-7.29,-9.35,-17.3,,-18,89,78.7,77,65,-6.8,-10.5,-12.1,-17.4,25,14.42,12.5,0,28,8,102.54,102.35,102.28,102.01,101.57,101.38,101.31,101.06,48300,32837.5,36200,24100,,,,,27.4,0,0,0,0,0,,,40,06:38:00,1771760280,6.63,17:20:00,1771798800,17.33,10.7,2,2,-2,-2,-9,-9,12278,,,,,2,1.2,1,0,,,,
2026-02-21,-5,-10.07,-10.65,-16.3,,-21,88,71.4,75,62,-10.4,-14.4,-14.6,-18.7,25,10.96,12.5,0,39,7,102.4,101.94,101.89,101.38,101.44,100.98,100.94,100.43,48300,37208.3,36200,24100,,,,,28.6,0,0,0,0,0,,,40,06:40:00,1771674000,6.67,17:18:00,1771712280,17.3,10.63,2,2,-5,-5,-14,-13,12133,,,,,3,1.4,1.5,0,,,,
2026-02-20,-5.1,-8.96,-9.94,-14.8,,-19,80,66.3,63,46,-10.1,-14.4,-13.8,-17.6,43,27.29,23.5,4,48,8,101.88,101.61,101.6,101.32,100.92,100.66,100.64,100.36,48300,36200,36200,24100,,,,,27.9,0,0,0,0,0,,,40,06:41:00,1771587660,6.68,17:17:00,1771625820,17.28,10.6,2,2,-5,-5,-15,-13,11014,,,,,8,3.5,4.5,1,,,,
2026-02-19,-2.6,-9.35,-10,-17.4,,-25,86,67.7,64.5,43,-12,-14.6,-15.6,-19.2,25,7.67,12.5,0,,,102.13,101.89,101.87,101.61,101.17,100.93,100.92,100.66,48300,35525,36200,24100,,,,,28,0,0,0,0,0,,,41,06:43:00,1771501380,6.72,17:15:00,1771539300,17.25,10.53,2,2,-2,-1,-14,-14,12092,,,,,7,2.6,3.5,0,,,,
2026-02-18,-1.1,-3.98,-6.55,-12,,-14,87,65,68.5,50,-4.7,-9.8,-9.5,-14.3,30,11.67,15,0,36,31,101.54,101.3,101.34,101.14,100.59,100.36,100.4,100.21,48300,34725,30600,12900,,,,,24.6,0,0,0,0,0,,,41,06:45:00,1771415100,6.75,17:14:00,1771452840,17.23,10.48,1,2,0,1,-15,-15,12126,,,,,7,3.2,3.5,0,,,,
2026-02-17,-0.1,-1.58,-2,-3.9,,-6,96,87.5,87,78,-0.8,-3.4,-3.5,-6.2,22,5.46,11,0,32,24,101.88,101.55,101.5,101.12,100.94,100.62,100.57,100.19,32200,15591.7,17500,2800,,,,,20,0,0,0,0,2.5,,,40,06:46:00,1771328760,6.77,17:12:00,1771366320,17.2,10.43,1,1,1,1,-10,-9,2340,,,,,8,7.5,6.5,5,,,,
2026-02-16,-1,-6.6,-8.94,-16.9,,-22,89,80.7,77.5,66,-5.4,-9.5,-11.8,-18.3,19,9.83,11.5,4,,,102.32,102.12,102.1,101.88,101.35,101.16,101.14,100.93,48300,35191.7,36200,24100,,,,,26.9,0,0,0,0,0,,,40,06:48:00,1771242480,6.8,17:11:00,1771279860,17.18,10.38,1,1,0,0,-5,-5,10404,,,,,8,5.9,4.5,1,,,,
2026-02-15,-6.2,-12.56,-12,-17.8,,-25,83,66.2,67,51,-14.7,-17.8,-18,-21.3,17,8,8.5,0,,,102.32,102.15,102.06,101.8,101.34,101.18,101.09,100.84,48300,32154.2,36200,24100,,,,,30,0,0,0,0,0,,,41,06:50:00,1771156200,6.83,17:09:00,1771193340,17.15,10.32,1,1,-3,-3,-11,-11,11269,,,,,5,1.8,2.5,0,,,,
2026-02-14,-3.4,-11.13,-12,-20.6,,-19,88,71.4,66.5,45,-9.7,-15.6,-15.8,-21.9,23,8.21,11.5,0,34,28,101.78,101.49,101.51,101.24,100.82,100.53,100.55,100.28,48300,24858.3,24950,1600,,,,,30,0,0,0,0,0.4,,,41,06:51:00,1771069860,6.85,17:08:00,1771106880,17.13,10.28,1,1,-4,-4,-16,-14,7859,,,,,8,6,4.5,1,,,,
2026-02-13,-6.3,-11.45,-12.3,-18.3,,-22,89,76,74.5,60,-12.5,-15,-16.1,-19.7,31,14.46,15.5,0,39,22,101.83,101.68,101.7,101.57,100.87,100.72,100.74,100.61,48300,35191.7,36200,24100,,,,,30.3,0,0,0,0,0,,,41,06:53:00,1770983580,6.88,17:06:00,1771020360,17.1,10.22,1,1,-6,-6,-10,-9,10294,,,,,8,3.8,4,0,,,,
2026-02-12,-0.4,-5.42,-7.45,-14.5,,-17,74,61.9,60.5,47,-9.2,-11.8,-13.5,-17.8,26,8.21,13,0,31,28,101.68,101.22,101.23,100.78,100.73,100.28,100.28,99.84,48300,35191.7,36200,24100,,,,,25.4,0,0,0,0,0,,,41,06:54:00,1770897240,6.9,17:05:00,1770933900,17.08,10.18,1,1,-2,-2,-12,-12,10579,,,,,7,3.4,3.5,0,,,,
2026-02-11,-3.7,-5.12,-5.15,-6.6,,-15,93,86.2,83.5,74,-5.6,-7.1,-7.5,-9.3,30,12.42,15,0,40,6,100.75,100.42,100.51,100.26,99.81,99.48,99.56,99.32,24100,6766.7,13250,2400,,,,,23.1,0,0,0,0,2.7,,,39,06:56:00,1770810960,6.93,17:03:00,1770847380,17.05,10.12,,,-6,-6,-6,-5,5539,,,,,8,7.9,7.5,7,,,,
2026-02-10,-6.3,-12.09,-14.1,-21.9,,-28,89,70.8,68,47,-8.2,-16.6,-16.1,-23.9,25,12.67,12.5,0,40,6,102.16,101.61,101.39,100.62,101.31,100.65,100.49,99.67,48300,30808.7,24950,1600,,,,,32.1,0,0,0,0,1.9,,,37,06:57:00,1770724620,6.95,17:02:00,1770760920,17.03,10.08,1,2,-9,-8,-8,-8,9426,,,,,8,3.9,4,0,,,,
2026-02-09,-6.6,-14.05,-12.39,-18.2,,-29,77,66.1,65.5,54,-15.5,-19.2,-19.1,-22.7,35,26.29,27.5,20,45,25,102.25,102.09,102.06,101.88,101.27,101.12,101.09,100.92,48300,35191.7,36200,24100,,,,,30.4,0,0,0,0,0,,,38,06:59:00,1770638340,6.98,17:00:00,1770674400,17,10.02,1,1,-7,-7,-16,-16,10317,,,,,3,1.4,1.5,0,,,,
2026-02-08,-10.3,-14.95,-14.45,-18.6,,-29,77,62.3,64.5,52,-17.5,-20.7,-20.3,-23.1,35,19.92,21.5,8,36,25,102.24,101.9,101.88,101.51,101.26,100.94,100.91,100.55,48300,34183.3,36200,24100,,,,,32.5,0,0,0,0,0,,,38,07:00:00,1770552000,7,16:59:00,1770587940,16.98,9.98,1,1,-10,-9,-15,-14,8987,,,,,7,3,3.5,0,,,,
2026-02-07,-6.5,-9.65,-10.4,-14.3,,-19,81,68.5,70,59,-10.7,-14.5,-15.3,-19.9,26,13.25,14.5,3,,,101.47,100.71,100.83,100.2,100.51,99.76,99.89,99.26,48300,22379.2,25350,2400,,,,,28.4,0,0,0,0,0,,,38,07:02:00,1770465720,7.03,16:57:00,1770501420,16.95,9.92,1,1,-9,-7,-16,-16,6394,,,,,8,6.7,4.5,1,,,,
2026-02-06,-8.9,-14.6,-16.5,-24.1,,-28,81,72.8,69,57,-13.4,-18.5,-19.6,-25.7,19,10.88,9.5,0,,,101.51,100.85,100.89,100.27,100.55,99.89,99.94,99.32,48300,33175,36200,24100,,,,,34.5,0,0,0,0,0,,,37,07:03:00,1770379380,7.05,16:56:00,1770414960,16.93,9.88,1,1,-10,-10,-12,-10,9027,,,,,8,5.2,4.5,1,,,,
2026-02-05,-8.4,-11.86,-14.64,-20.9,,-24,88,69.6,68,48,-10.9,-16.6,-16.5,-22.1,22,12,12.5,3,29,26,101.72,101.63,101.63,101.54,100.76,100.67,100.67,100.58,48300,32450,27350,6400,,,,,32.6,0,0,0,0,0,,,38,07:05:00,1770293100,7.08,16:54:00,1770328440,16.9,9.82,1,1,-9,-9,-22,-22,9377,,,,,8,2.5,4,0,,,,
2026-02-04,-4.4,-9.25,-10,-15.6,,-17,88,81.7,78,68,-9.1,-11.9,-13.1,-17.1,28,12.88,14,0,33,24,101.87,101.8,101.79,101.71,100.9,100.84,100.83,100.75,32200,16675,17900,3600,,,,,28,0,0,0,0,0.1,,,38,07:06:00,1770206760,7.1,16:53:00,1770241980,16.88,9.78,1,1,-6,-6,-12,-12,8538,,,,,8,5.7,5,2,,,,
2026-02-03,-6.4,-15.17,-14.7,-23,,-19,88,79.5,77,66,-12.2,-18,-18.9,-25.5,21,5.08,10.5,0,,,102.03,101.93,101.92,101.8,101.05,100.96,100.94,100.83,48300,33854.2,32200,16100,,,,,32.7,0,0,0,0,0,,,38,07:07:00,1770120420,7.12,16:51:00,1770155460,16.85,9.73,1,1,-10,-10,-13,-13,9016,,,,,8,3.6,4,0,,,,
2026-02-02,-6.7,-15.82,-16.4,-26.1,,-30,83,71.4,68.5,54,-14.6,-20,-21.4,-28.1,23,11.5,11.5,0,,,101.77,101.55,101.54,101.32,100.8,100.57,100.58,100.35,48300,34512.5,36200,24100,,,,,34.4,0,0,0,0,0,,,39,07:09:00,1770034140,7.15,16:50:00,1770069000,16.83,9.68,1,1,-9,-8,-18,-17,9034,,,,,6,1.5,3,0,,,,
2026-02-01,-10.7,-18.22,-18.1,-25.5,,-32,84,75.2,70.5,57,-17.3,-21.7,-22.6,-27.8,15,5.12,7.5,0,,,102.07,101.67,101.69,101.31,101.1,100.7,100.72,100.34,48300,35191.7,36200,24100,,,,,36.1,0,0,0,0,0,,,39,07:10:00,1769947800,7.17,16:48:00,1769982480,16.8,9.63,1,1,-13,-12,-24,-20,8962,,,,,3,1.5,1.5,0,,,,
2026-01-31,-12.3,-14.57,-16.35,-20.4,,-24,78,67.2,68.5,59,-18.2,-19.4,-19.9,-21.6,26,15,14.5,3,34,23,102.19,102,102,101.81,101.22,101.03,101.03,100.84,48300,34854.2,36200,24100,,,,,34.4,0,0,0,0,0,,,38,07:11:00,1769861460,7.18,16:46:00,1769895960,16.77,9.58,1,1,-11,-10,-21,-20,7085,,,,,8,6.1,4.5,1,,,,
2026-01-30,-14.3,-16.59,-16.55,-18.8,,-31,78,71.3,71.5,65,-18.8,-20.7,-20.9,-22.9,38,27.83,27.5,17,44,26,101.79,101.45,101.44,101.1,100.82,100.48,100.48,100.14,48300,26070.8,25750,3200,,,,,34.5,0,0,0,0,0,,,39,07:12:00,1769775120,7.2,16:45:00,1769809500,16.75,9.55,1,1,-13,-13,-19,-18,7354,,,,,8,7.3,6,4,,,,
2026-01-29,-10.7,-17.68,-18.5,-26.3,,-33,83,70.7,63.5,44,-18.9,-22,-23.9,-28.9,32,18.92,16,0,36,26,101.48,101.29,101.31,101.14,100.51,100.32,100.35,100.18,48300,21354.2,25350,2400,,,,,36.5,0,0,0,0,0.1,,,41,07:13:00,1769688780,7.22,16:43:00,1769722980,16.72,9.5,1,1,-13,-13,-17,-16,8298,,,,,8,4.4,4.5,1,,,,
2026-01-28,-12.7,-18.82,-20.04,-27.4,,-31,84,78.5,76,68,-17.5,-21.7,-23.1,-28.8,24,12.79,12,0,27,23,101.53,101.42,101.35,101.17,100.55,100.45,100.38,100.2,48300,29820.8,29800,11300,,,,,38,0,0,0,0,0,,,41,07:15:00,1769602500,7.25,16:42:00,1769636520,16.7,9.45,1,1,-13,-13,-22,-21,8350,,,,,4,2.4,2.5,1,,,,
2026-01-27,-12.3,-15.86,-16.75,-21.2,,-27,87,79.6,77.5,68,-14.4,-18.7,-18,-21.6,25,14.04,12.5,0,36,24,101.19,101.09,101.03,100.87,100.22,100.13,100.07,99.92,48300,28087.5,25750,3200,,,,,34.8,0,0,0,0,0.3,,,43,07:16:00,1769516160,7.27,16:40:00,1769550000,16.67,9.4,1,1,-14,-14,-21,-21,6130,,,,,8,6.8,6,4,,,,
2026-01-26,-11.1,-12.91,-13.14,-15.2,,-27,85,81.2,81,77,-13.6,-15.5,-15.7,-17.7,46,30.17,25.5,5,50,6,102.2,101.32,101.52,100.85,101.22,100.35,100.56,99.89,8100,3320.8,4650,1200,,,,,31.1,0,0,0,0,4.6,,,38,07:17:00,1769429820,7.28,16:39:00,1769463540,16.65,9.37,,,-12,-12,-20,-18,4095,,,,,8,4.9,4.5,1,,,,
2026-01-25,-15.1,-22.15,-21.75,-28.4,,-40,80,66.5,68.5,57,-18.1,-26.9,-24.6,-31.2,26,15.62,15,4,46,8,103.96,103.4,103.14,102.32,102.94,102.39,102.14,101.34,48300,30408.3,25150,2000,,,,,39.8,0,0,0,0,0.9,,,37,07:18:00,1769343480,7.3,16:38:00,1769377080,16.63,9.33,1,1,-16,-16,-16,-15,5706,,,,,8,5.9,4,0,,,,
2026-01-24,-21.4,-24.35,-24.29,-27.2,,-40,68,58.6,59,50,-28.6,-30.4,-30.4,-32.2,30,23.92,21,12,35,25,103.86,103.39,103.16,102.46,102.85,102.39,102.17,101.48,48300,34858.3,32200,16100,,,,,42.3,0,0,0,0,0,,,40,07:19:00,1769257140,7.32,16:36:00,1769290560,16.6,9.28,1,1,-19,-19,-26,-25,7917,,,,,6,2.5,3.5,1,,,,
2026-01-23,-7.6,-13.6,-14.75,-21.9,,-33,87,60.4,63.5,40,-9.8,-20,-18.8,-27.7,28,20.12,21,14,48,29,102.34,101.57,101.72,101.11,101.36,100.62,100.76,100.17,48300,29375,25950,3600,,,,,32.8,0,0,0,0,0,,,48,07:20:00,1769170800,7.33,16:35:00,1769204100,16.58,9.25,1,1,-11,-11,-23,-23,5689,,,,,8,5.5,4.5,1,,,,
2026-01-22,-1.9,-6.58,-6.4,-10.9,,-16,90,86.5,81,72,-5.5,-8.5,-8.1,-10.6,35,16.29,17.5,0,45,25,101.48,100.93,101.06,100.63,100.53,99.99,100.11,99.69,40200,9495.8,20300,400,,,,,24.4,0,0,0,0,8.4,,,32,07:21:00,1769084460,7.35,16:33:00,1769117580,16.55,9.2,,,-3,-2,-11,-11,2733,,,,,8,6.1,5,2,,,,
2026-01-21,-8.2,-11.59,-12.45,-16.7,,-23,89,77.9,77,65,-10.8,-14.8,-14.8,-18.7,22,13.21,12.5,3,32,24,102.56,102.24,102.09,101.62,101.58,101.27,101.12,100.66,48300,14637.5,24750,1200,,,,,30.4,0,0,0,0,2,,,28,07:21:00,1768998060,7.35,16:32:00,1769031120,16.53,9.18,1,1,-9,-9,-11,-11,3741,,,,,8,6,5,2,,,,
2026-01-20,-6.5,-13.51,-11.9,-17.3,,-28,84,67.8,68,52,-10.6,-18.3,-17,-23.4,39,24.33,25,11,36,24,102.27,101.54,101.42,100.57,101.29,100.58,100.46,99.63,48300,23562.5,24550,800,,,,,29.9,0,0,0,0,0.1,,,30,07:22:00,1768911720,7.37,16:30:00,1768944600,16.5,9.13,1,1,-14,-12,-14,-13,6577,,,,,8,6.6,6,4,,,,
2026-01-19,-6,-9.61,-11.8,-17.6,,-20,92,87.5,85,78,-7.8,-11.3,-12.8,-17.8,31,7.79,15.5,0,61,24,100.99,100.76,100.77,100.55,100.04,99.81,99.83,99.61,40200,9754.2,20500,800,,,,,29.8,0,0,0,0,1.6,,,30,07:23:00,1768825380,7.38,16:29:00,1768858140,16.48,9.1,1,1,-8,-8,-11,-11,2553,,,,,8,5.1,4.5,1,,,,
2026-01-18,-3,-5.64,-8.65,-14.3,,-16,93,77.2,78.5,64,-7.2,-9.2,-10.6,-13.9,36,13.62,18,0,35,26,101.47,101.33,101.28,101.08,100.52,100.39,100.32,100.13,48300,29212.5,25750,3200,,,,,26.6,0,0,0,0,0.7,,,30,07:24:00,1768739040,7.4,16:27:00,1768771620,16.45,9.05,,,-5,-3,-15,-12,5178,,,,,8,6.8,5.5,3,,,,
2026-01-17,-6.5,-10.94,-11.85,-17.2,,-22,89,81.6,80.5,72,-8.7,-13.5,-14.2,-19.8,16,8.62,9.5,3,,,101.95,101.69,101.67,101.4,100.98,100.73,100.72,100.45,48300,21970.8,25750,3200,,,,,29.9,0,0,0,0,0.3,,,32,07:25:00,1768652700,7.42,16:26:00,1768685160,16.43,9.02,1,1,-7,-7,-6,-6,3074,,,,,8,8,7.5,7,,,,
2026-01-16,-11.7,-14.33,-15.55,-19.4,,-26,85,78,76.5,68,-14.1,-17.4,-17.9,-21.8,37,21.12,18.5,0,47,23,101.89,100.48,100.74,99.6,100.92,99.53,99.79,98.67,48300,20808.3,24950,1600,,,,,33.5,0,0,0,0,2.8,,,35,07:25:00,1768566300,7.42,16:25:00,1768598700,16.42,9,,,-11,-11,-15,-14,6780,,,,,8,3.6,4.5,1,,,,
2026-01-15,1.5,-3.05,-5.2,-11.9,,-19,98,93.5,90.5,83,1.1,-3.9,-6.4,-13.9,30,14.75,16.5,3,35,25,99.92,99.47,99.49,99.07,99,98.55,98.58,98.16,9700,2625,5250,800,,,,,23.2,0,0,0,0,10,,,24,07:26:00,1768479960,7.43,16:23:00,1768512180,16.38,8.95,,,-1,-1,-10,-9,1645,,,,,8,6.2,5.5,3,,,,
2026-01-14,3.3,1.2,1.25,-0.8,,-5,98,93,89.5,81,1.2,0.2,0,-1.2,19,7.38,9.5,0,,,100.07,99.84,99.81,99.56,99.15,98.92,98.89,98.64,40200,16162.5,20600,1000,,,,,16.8,0,0,0,0,6.2,,,31,07:27:00,1768393620,7.45,16:22:00,1768425720,16.37,8.92,,,4,4,-1,-1,1353,,,,,8,7.7,6.5,5,,,,
2026-01-13,0.2,-2.6,-4.1,-8.4,,-10,97,92,92.5,88,-1.3,-3.7,-5.5,-9.7,18,8.67,9,0,,,101.15,100.78,100.53,99.92,100.2,99.84,99.6,99,19300,7679.2,10050,800,,,,,22.1,0,0,0,0,7.3,,,23,07:27:00,1768307220,7.45,16:21:00,1768339260,16.35,8.9,1,1,0,0,1,1,1211,,,,,8,7.3,4.5,1,,,,
2026-01-12,-5.4,-9.11,-8.4,-11.4,,-21,89,76.3,79,69,-7.8,-12.6,-11.8,-15.8,38,19.12,19,0,37,28,101.23,101.01,100.71,100.19,100.28,100.06,99.77,99.26,48300,27495.8,28200,8100,,,,,26.4,0,0,0,0,0,,,26,07:28:00,1768220880,7.47,16:19:00,1768252740,16.32,8.85,1,1,-6,-6,-5,-5,4241,,,,,8,7.5,7,6,,,,
2026-01-11,-2.9,-4.25,-4.15,-5.4,,-14,94,88.1,82,70,-5,-5.9,-6.5,-7.9,48,23.33,24,0,37,8,101.44,100.59,100.78,100.11,100.5,99.66,99.84,99.18,48300,12070.8,24450,600,,,,,22.1,0,0,0,0,7.7,,,22,07:28:00,1768134480,7.47,16:18:00,1768166280,16.3,8.83,,,-5,-4,-10,-8,1831,,,,,8,6.9,6,4,,,,
2026-01-10,4.6,-0.68,-0.35,-5.3,,-11,83,70.3,72,61,1.5,-5.5,-3.4,-8.3,45,21.62,22.5,0,58,8,102.32,101.89,101.41,100.5,101.38,100.95,100.48,99.58,48300,32158.3,36200,24100,,,,,18.4,0,0,0,0,0,,,17,07:28:00,1768048080,7.47,16:17:00,1768079820,16.28,8.82,1,1,1,1,-5,-5,5267,,,,,8,5.2,5,2,,,,
2026-01-09,5.1,0.41,1.79,-1.5,,-6,98,91.2,90.5,83,4.4,-0.9,0.8,-2.9,45,14.17,22.5,0,67,25,102.47,101.39,101.28,100.09,101.53,100.46,100.35,99.17,48300,15500,24750,1200,,,,,16.2,0,0,0,0,17.6,,,22,07:29:00,1767961740,7.48,16:16:00,1767993360,16.27,8.78,,,2,2,-2,-2,1765,,,,,8,7.8,7,6,,,,
2026-01-08,0.7,-1.3,-1.14,-3,,-8,93,88.2,86.5,80,-2.2,-3,-3.1,-4,21,11.42,10.5,0,,,102.52,102,101.95,101.38,101.57,101.06,101.01,100.44,48300,19100,26550,4800,,,,,19.1,0,0,0,0,0,,,22,07:29:00,1767875340,7.48,16:15:00,1767906900,16.25,8.77,1,1,-1,0,-5,-4,2191,,,,,8,8,8,8,,,,
2026-01-07,-2.4,-3.86,-5.3,-8.2,,-13,94,88.9,89,84,-4,-5.4,-7,-9.9,31,17.21,15.5,0,33,7,101.34,100.95,101.05,100.76,100.4,100.01,100.11,99.82,22500,11541.7,12450,2400,,,,,23.3,0,0,0,0,0.9,,,22,07:29:00,1767788940,7.48,16:13:00,1767820380,16.22,8.73,,,-4,-3,-5,-4,2555,,,,,8,7.3,7,6,,,,
2026-01-06,-6.1,-10.38,-10.89,-15.7,,-18,88,80,78,68,-8.4,-13.2,-13.2,-17.9,10,4.17,5,0,,,101.81,101.56,101.44,101.08,100.84,100.59,100.48,100.13,32200,18245.8,21750,11300,,,,,28.9,0,0,0,0,2.6,,,22,07:30:00,1767702600,7.5,16:12:00,1767733920,16.2,8.7,1,1,-7,-7,-8,-8,4440,,,,,8,7.4,6,4,,,,
2026-01-05,-14.4,-18.01,-18.39,-22.4,,-32,81,74.9,74.5,68,-17.7,-21.5,-21.4,-25.2,22,10.38,11,0,,,102.36,102.12,102.09,101.82,101.37,101.14,101.11,100.85,48300,23112.5,26550,4800,,,,,36.4,0,0,0,0,0.1,,,22,07:30:00,1767616200,7.5,16:11:00,1767647460,16.18,8.68,1,1,-16,-16,-17,-16,3741,,,,,8,4.5,4,0,,,,
2026-01-04,-14.9,-20,-20.25,-25.6,,-31,81,73.5,72,63,-20.6,-23.6,-24,-27.4,20,10.75,10,0,,,102.08,101.85,101.83,101.57,101.1,100.86,100.84,100.59,48300,34183.3,36200,24100,,,,,38.2,0,0,0,0,0,,,19,07:30:00,1767529800,7.5,16:10:00,1767561000,16.17,8.67,1,1,-18,-15,-27,-25,5034,,,,,8,5.3,4,0,,,,
2026-01-03,-15.4,-18.49,-19.6,-23.8,,-32,74,68.2,64.5,55,-21.5,-23.1,-23.9,-26.2,32,19.62,21,10,34,27,101.58,101.05,101.04,100.5,100.6,100.08,100.07,99.54,40200,27804.2,28150,16100,,,,,37.6,0,0,0,0,0,,,24,07:30:00,1767443400,7.5,16:09:00,1767474540,16.15,8.65,1,1,-15,-15,-26,-25,5167,,,,,8,4.3,4.5,1,,,,
2026-01-02,-16.8,-19.56,-20.45,-24.1,,-36,80,73.3,73.5,67,-21.3,-23.2,-24.1,-27,31,22.33,24,17,32,26,100.42,100.3,100.27,100.12,99.47,99.34,99.32,99.16,48300,33175,36200,24100,,,,,38.5,0,0,0,0,0,,,26,07:30:00,1767357000,7.5,16:08:00,1767388080,16.13,8.63,1,1,-18,-17,-22,-22,6985,,,,,8,4.2,4.5,1,,,,
2026-01-01,-8.1,-12.62,-13.2,-18.3,,-27,87,81.8,80.5,74,-10.2,-15.1,-15.7,-21.1,32,19.58,19.5,7,44,23,100.5,100.17,100.21,99.91,99.55,99.22,99.26,98.96,24100,9550,12350,600,,,,,31.2,0,0,0,0,1.3,,,21,07:30:00,1767270600,7.5,16:07:00,1767301620,16.12,8.62,,,-11,-9,-21,-21,3085,,,,,8,5.7,4.5,1,,,,
2025-12-31,-12.9,-16.02,-16.35,-19.8,,-29,84,77,76.5,69,-16.1,-19.2,-19.4,-22.8,34,15.88,17,0,31,24,100.28,100.02,99.92,99.56,99.32,99.07,98.97,98.61,48300,17995.8,24950,1600,,,,,34.4,0,0,0,0,0.1,,,20,07:30:00,1767184200,7.5,16:06:00,1767215160,16.1,8.6,1,1,-13,-13,-16,-15,3934,,,,,8,6.2,4.5,1,,,,
2025-12-30,-2.2,-11.07,-9.4,-16.6,,-29,89,79.9,82,75,-4.2,-13.9,-11.9,-19.6,44,37.79,34.5,25,55,25,99.44,98.9,98.89,98.35,98.5,97.98,97.97,97.44,24100,6950,12650,1200,,,,,27.4,0,0,0,0,0.9,,,28,07:30:00,1767097800,7.5,16:05:00,1767128700,16.08,8.58,,,-12,-10,-15,-15,2835,,,,,8,5,4.5,1,,,,
2025-12-29,-0.5,-2.95,-4.2,-7.9,,-15,97,83.3,80,63,-1.3,-5.5,-6.5,-11.8,49,28.46,28,7,48,8,100.68,99.29,99.53,98.38,99.73,98.36,98.6,97.47,24100,11770.8,12850,1600,,,,,22.2,0,0,0,0,10.1,,,20,07:30:00,1767011400,7.5,16:04:00,1767042240,16.07,8.57,,,-3,-3,-10,-10,833,,,,,8,7.5,6,4,,,,
2025-12-28,-7.6,-13.18,-16.05,-24.5,,-27,84,72.9,70.5,57,-13.4,-17.2,-18.8,-24.1,26,10.58,13,0,28,6,102.3,101.81,101.6,100.9,101.33,100.85,100.64,99.95,48300,29095.7,32200,16100,,,,,34,0,0,0,0,0,,,20,07:30:00,1766925000,7.5,16:03:00,1766955780,16.05,8.55,1,1,-11,-11,-12,-12,5512,,,,,8,4.1,4,0,,,,
2025-12-27,-9.9,-13.97,-15.89,-21.9,,-22,87,77.4,76,65,-14.6,-17.1,-18.7,-22.8,18,7.75,9,0,,,102.48,102.36,102.35,102.22,101.51,101.39,101.38,101.25,48300,32837.5,36200,24100,,,,,33.9,0,0,0,0,0,,,21,07:29:00,1766838540,7.48,16:03:00,1766869380,16.05,8.57,1,1,-11,-11,-18,-18,4541,,,,,8,4.2,4,0,,,,
2025-12-26,-13.6,-16.46,-16.85,-20.1,,-26,74,60.5,60.5,47,-18.4,-22.5,-21.9,-25.4,15,7.5,7.5,0,,,102.72,102.45,102.47,102.22,101.74,101.47,101.49,101.24,48300,34183.3,36200,24100,,,,,34.9,0,0,0,0,0,,,21,07:29:00,1766752140,7.48,16:02:00,1766782920,16.03,8.55,1,1,-13,-13,-14,-14,5298,,,,,8,4.2,4,0,,,,
2025-12-25,-5.7,-9.72,-12.7,-19.7,,-25,91,69,70.5,50,-7.7,-14.7,-15.7,-23.7,28,15.04,17,6,44,34,102.41,101.63,101.73,101.05,101.44,100.68,100.78,100.11,48300,24858.3,24750,1200,,,,,30.7,0,0,0,0,4.9,,,26,07:29:00,1766665740,7.48,16:01:00,1766696460,16.02,8.53,1,1,-7,-7,-17,-17,3186,,,,,8,4.9,4,0,,,,
2025-12-24,-6.5,-8.07,-8.5,-10.5,,-20,87,82.4,81.5,76,-8.8,-10.6,-10.4,-12,44,19.62,22,0,50,8,102.48,102.05,101.89,101.3,101.52,101.1,100.93,100.35,32200,15441.7,16700,1200,,,,,26.5,0,0,0,0,2.9,,,22,07:28:00,1766579280,7.47,16:01:00,1766610060,16.02,8.55,1,1,-7,-6,-11,-8,3713,,,,,8,6.9,5,2,,,,
2025-12-23,-8.4,-12.59,-14.45,-20.5,,-22,87,76.9,74.5,62,-10.5,-15.9,-16.2,-21.9,35,14.08,17.5,0,50,6,102.72,102.22,102.03,101.34,101.74,101.25,101.06,100.39,48300,28070.8,24550,800,,,,,32.5,0,0,0,0,2.4,,,13,07:28:00,1766492880,7.47,16:00:00,1766523600,16,8.53,1,1,-9,-9,-7,-7,5047,,,,,8,6.7,4.5,1,,,,
2025-12-22,-9.4,-11.05,-13.2,-17,,-19,84,66.4,70.5,57,-14,-16.3,-16.3,-18.6,23,13.62,11.5,0,33,30,102.91,102.69,102.64,102.37,101.94,101.72,101.68,101.41,48300,31837.5,32200,16100,,,,,31.2,0,0,0,0,0,,,13,07:27:00,1766406420,7.45,15:59:00,1766437140,15.98,8.53,1,1,-11,-9,-16,-15,3955,,,,,8,6.4,4.5,1,,,,
2025-12-21,0.2,-4.91,-5.45,-11.1,,-16,94,79.4,78,62,-1.4,-8.1,-8.6,-15.7,37,15.71,18.5,0,37,26,102.26,100.98,101.21,100.16,101.31,100.04,100.27,99.23,24100,13887.5,12650,1200,,,,,23.4,0,0,0,0,1.9,,,13,07:27:00,1766320020,7.45,15:59:00,1766350740,15.98,8.53,,,-1,0,-14,-12,2081,,,,,8,6.5,5,2,,,,
2025-12-20,-4.3,-6.93,-6.3,-8.3,,-17,91,65.9,72,53,-7.8,-12.4,-11.7,-15.6,47,23.54,23.5,0,70,28,101.77,101.05,100.57,99.37,100.82,100.11,99.63,98.45,48300,29200,24650,1000,,,,,24.3,0,0,0,0,4.4,,,9,07:26:00,1766233560,7.43,15:59:00,1766264340,15.98,8.55,1,1,-7,-6,-7,-7,5075,,,,,8,5.8,4.5,1,,,,
2025-12-19,6.7,2.13,0.75,-5.2,,-10,97,89.8,83.5,70,5,0.6,-0.6,-6.3,48,20.96,24,0,71,27,100.86,99.29,99.56,98.25,99.92,98.38,98.63,97.35,40200,17333.3,21700,3200,,,,,17.2,0,0,0,0,20.4,,,15,07:26:00,1766147160,7.43,15:58:00,1766177880,15.97,8.53,,,5,7,-8,-7,614,,,,,8,7.8,6,4,,,,
2025-12-18,-0.5,-5.87,-7.45,-14.4,,-17,91,80,81,71,-4.9,-8.8,-9.2,-13.5,18,7.83,9,0,30,26,102.47,101.86,101.71,100.95,101.51,100.91,100.76,100.01,48300,34183.3,36200,24100,,,,,25.4,0,0,0,0,0.8,,,19,07:25:00,1766060700,7.42,15:58:00,1766091480,15.97,8.55,1,1,-3,-3,-3,-1,3769,,,,,8,6.2,4.5,1,,,,
2025-12-17,0.7,-2.22,-2.54,-5.8,,-13,96,82.3,83,70,-0.3,-4.9,-4.7,-9,28,12.83,14,0,36,26,101.77,100.56,100.88,99.99,100.83,99.63,99.95,99.07,24100,17720.8,12850,1600,,,,,20.5,0,0,0,0,4.2,,,16,07:25:00,1765974300,7.42,15:57:00,1766005020,15.95,8.53,,,0,0,-11,-10,1313,,,,,8,6.8,6,4,,,,
2025-12-16,-3.6,-6.72,-7.4,-11.2,,-17,87,82,78.5,70,-7.1,-9.3,-9.8,-12.5,23,12.75,14,5,28,24,101.85,101.52,101.37,100.89,100.89,100.57,100.42,99.95,24100,14720.8,14050,4000,,,,,25.4,0,0,0,0,0,,,16,07:24:00,1765887840,7.4,15:57:00,1765918620,15.95,8.55,1,1,-7,-7,-6,-5,2399,,,,,8,7.6,6.5,5,,,,
2025-12-15,-6.7,-10.49,-11.35,-16,,-21,87,73.2,73.5,60,-12.6,-14.5,-15.1,-17.6,26,17.67,17,8,38,29,101.57,101.47,101.45,101.34,100.61,100.52,100.49,100.38,48300,32575,26550,4800,,,,,29.4,0,0,0,0,0,,,17,07:23:00,1765801380,7.38,15:57:00,1765832220,15.95,8.57,1,1,-9,-8,-10,-10,3719,,,,,8,6.5,6,4,,,,
2025-12-14,-4.7,-10.36,-10.55,-16.4,,-23,91,79.8,79,67,-6.2,-13.3,-11.9,-17.6,21,15.83,14.5,8,,,101.59,101.48,101.43,101.27,100.64,100.53,100.48,100.32,48300,28308.3,26150,4000,,,,,28.6,0,0,0,0,0.3,,,19,07:22:00,1765714920,7.37,15:57:00,1765745820,15.95,8.58,1,1,-7,-7,-13,-13,4560,,,,,8,3.7,4.5,1,,,,
2025-12-13,-4.8,-8.21,-8.44,-12.1,,-19,93,85.8,85,77,-6.4,-10.2,-9.9,-13.5,19,8.75,9.5,0,,,101.6,101.39,101.38,101.16,100.65,100.44,100.43,100.21,32200,15629.2,16500,800,,,,,26.4,0,0,0,0,3.7,,,14,07:21:00,1765628460,7.35,15:57:00,1765659420,15.95,8.6,1,1,-6,-6,-7,-6,3634,,,,,8,6.7,5,2,,,,
2025-12-12,-3.8,-7.2,-7,-10.2,,-21,82,75.4,73.5,65,-8.3,-10.9,-10.8,-13.4,41,29.83,29,17,38,25,101.28,100.25,100.37,99.46,100.33,99.31,99.43,98.53,48300,27558.3,26550,4800,,,,,25,0,0,0,0,0,,,15,07:21:00,1765542060,7.35,15:56:00,1765572960,15.93,8.58,1,1,-4,-4,-9,-9,2637,,,,,8,7.3,7,6,,,,
2025-12-11,-4.9,-7.03,-7.25,-9.6,,-20,92,86.5,85.5,79,-6.7,-8.9,-9.2,-11.6,35,22,17.5,0,39,26,99.42,99.14,99.18,98.94,98.49,98.22,98.25,98.02,24100,5204.2,12650,1200,,,,,25.2,0,0,0,0,4.3,,,14,07:20:00,1765455600,7.33,15:56:00,1765486560,15.93,8.6,,,-6,-6,-9,-8,2245,,,,,8,5.2,4.5,1,,,,
2025-12-10,-5.5,-8.65,-9.65,-13.8,,-18,90,85,83,76,-7.1,-10.8,-12.1,-17,40,20.17,22.5,5,42,7,100.84,100.04,99.96,99.09,99.88,99.1,99.02,98.16,32200,10304.2,16900,1600,,,,,27.6,0,0,0,0,5.5,,,9,07:19:00,1765369140,7.32,15:56:00,1765400160,15.93,8.62,,,-5,-5,-5,-5,885,,,,,8,7,5.5,3,,,,
2025-12-09,-13.6,-17.31,-17.95,-22.3,,-31,84,77.6,77,70,-18,-20.3,-20.9,-23.8,20,9.58,10,0,,,102.38,101.83,101.63,100.88,101.4,100.86,100.66,99.92,40200,25920.8,22500,4800,,,,,36,0,0,0,0,0,,,9,07:18:00,1765282680,7.3,15:57:00,1765313820,15.95,8.65,1,1,-14,-14,-15,-13,5216,,,,,8,5.2,5,2,,,,
2025-12-08,-13.1,-16.18,-16.7,-20.3,,-29,79,66.9,67.5,56,-19.6,-21.1,-21.4,-23.1,29,16.5,17,5,34,26,102.46,102.23,102.06,101.66,101.48,101.26,101.09,100.7,48300,35191.7,36200,24100,,,,,34.7,0,0,0,0,0,,,11,07:17:00,1765196220,7.28,15:57:00,1765227420,15.95,8.67,1,1,-14,-14,-20,-20,5486,,,,,8,3.5,4.5,1,,,,
2025-12-07,-6.7,-12.57,-13.05,-19.4,,-26,79,67.5,67,55,-13,-17.5,-16.8,-20.6,24,11.04,13.5,3,31,29,101.96,101.73,101.6,101.23,101.18,100.77,100.73,100.28,48300,31543.5,27350,6400,,,,,31.1,0,0,0,0,0,,,11,07:16:00,1765109760,7.27,15:57:00,1765141020,15.95,8.68,1,1,-11,-10,-18,-17,5636,,,,,8,3.8,4,0,,,,
2025-12-06,-3.1,-8.29,-9.2,-15.3,,-21,91,72.6,76,61,-4.8,-12.5,-12.1,-19.3,21,8.25,10.5,0,36,27,101.54,101.02,101.12,100.7,100.57,100.07,100.16,99.75,48300,24975,24550,800,,,,,27.2,0,0,0,0,1,,,9,07:15:00,1765023300,7.25,15:57:00,1765054620,15.95,8.7,,,-6,-6,-15,-15,2848,,,,,8,7.3,4.5,1,,,,
2025-12-05,-13,-17.08,-17.7,-22.4,,-31,77,67.8,66,55,-19.4,-21.8,-22.6,-25.7,22,8.92,11,0,,,102.51,102.14,102.05,101.58,101.53,101.16,101.07,100.61,48300,32241.7,29000,9700,,,,,35.7,0,0,0,0,0,,,9,07:14:00,1764936840,7.23,15:57:00,1764968220,15.95,8.72,1,1,-14,-14,-15,-13,5094,,,,,8,4.2,4.5,1,,,,
2025-12-04,-1.7,-10.4,-10.8,-19.9,,-31,94,63.8,66.5,39,-2.6,-16.4,-14.2,-25.9,35,19.79,17.5,0,49,27,102.36,101.29,101.48,100.6,101.39,100.34,100.53,99.66,48300,25545.8,24750,1200,,,,,28.8,0,0,0,0,1.4,,,15,07:12:00,1764850320,7.2,15:57:00,1764881820,15.95,8.75,1,1,-9,-7,-20,-19,4245,,,,,8,4.8,4.5,1,,,,
2025-12-03,-6.3,-9.92,-11.8,-17.3,,-20,90,81.5,81.5,73,-8,-12.5,-13.7,-19.4,16,5.79,8,0,,,101.63,101.39,101.27,100.92,100.67,100.43,100.33,99.98,48300,21441.7,25350,2400,,,,,29.8,0,0,0,0,1.1,,,12,07:11:00,1764763860,7.18,15:58:00,1764795480,15.97,8.78,1,1,-8,-8,-8,-7,4596,,,,,8,5.7,4.5,1,,,,
2025-12-02,-7.4,-10.29,-10,-12.6,,-17,89,81,82,75,-10.9,-12.9,-13.1,-15.3,11,6.29,5.5,0,,,102.54,101.93,101.97,101.4,101.58,100.97,101.01,100.45,40200,22091.7,21100,2000,,,,,28,0,0,0,0,0.3,,,15,07:10:00,1764677400,7.17,15:58:00,1764709080,15.97,8.8,,,-7,-7,-13,-12,2603,,,,,8,6.3,4.5,1,,,,
2025-12-01,1,-5.75,-5.8,-12.6,,-15,96,73.5,78.5,61,0,-9.8,-7.2,-14.4,21,11.75,12,3,42,33,102.78,102.18,101.88,100.97,101.82,101.23,100.93,100.04,48300,29691.7,25350,2400,,,,,23.8,0,0,0,0,1.1,,,19,07:09:00,1764590940,7.15,15:59:00,1764622740,15.98,8.83,1,1,-6,-6,-14,-13,4761,,,,,8,6,4.5,1,,,,
2025-11-30,0.8,-3.03,-2.25,-5.3,,-9,97,87.7,85,73,-1.2,-4.8,-4.8,-8.3,21,10.92,10.5,0,,,103.2,102.13,102.11,101.01,102.24,101.18,101.16,100.08,48300,13491.7,24550,800,,,,,20.2,0,0,0,0,13.9,,,1,07:08:00,1764504480,7.13,15:59:00,1764536340,15.98,8.85,,,-1,-1,-3,-3,1611,,,,,8,6.1,5,2,,,,
2025-11-29,-0.6,-2.49,-2.4,-4.2,,-12,83,70.4,71.5,60,-5.7,-7.2,-7,-8.3,30,19.04,17,4,40,26,103.17,102.24,102.06,100.96,102.21,101.29,101.12,100.03,48300,32304.2,29800,11300,,,,,20.4,0,0,0,0,0,,,2,07:06:00,1764417960,7.1,16:00:00,1764450000,16,8.9,1,1,0,0,-7,-6,4672,,,,,8,7.1,6,4,,,,
2025-11-28,0.8,-1.36,-1.5,-3.8,,-10,93,85.7,85.5,78,-1.6,-3.5,-3.6,-5.7,32,21.04,21,10,37,25,100.85,100.24,100.44,100.03,99.92,99.31,99.51,99.11,24100,14775,12450,800,,,,,19.5,0,0,0,0,3.1,,,,07:05:00,1764331500,7.08,16:00:00,1764363600,16,8.92,,,-1,-1,-4,-3,3328,,,,,8,6.7,4.5,1,,,,
2025-11-27,2.8,1.48,1.45,0.1,,,98,86.2,87,76,0.9,-0.6,-0.6,-2.1,30,17.62,15,0,44,23,100.32,100.23,100.22,100.11,99.47,99.31,99.33,99.19,48300,25313,27350,6400,,,,,16.6,0,0,0,0,4.3,,,,07:04:00,1764245040,7.07,16:01:00,1764277260,16.02,8.95,1,1,1,2,-1,-1,1893,,,,,8,7.7,7.5,7,,,,
2025-11-26,2.8,2.02,1.95,1.1,,,93,89.1,88.5,84,1.4,0.4,0.6,-0.2,38,24.54,22,6,46,9,101.41,100.87,100.77,100.12,100.48,99.95,99.84,99.2,40200,24129.2,24150,8100,,,,,16.1,0,0,0,0,10,,,4,07:03:00,1764158580,7.05,16:01:00,1764190860,16.02,8.97,1,1,2,4,0,0,2295,,,,,8,7.9,7,6,,,,
2025-11-25,2.7,1.26,1.25,-0.2,,-3,90,86.6,85.5,81,-0.1,-0.7,-1,-2,17,9.25,10,3,,,102,101.82,101.74,101.48,101.06,100.88,100.81,100.55,40200,26791.7,32150,24100,,,,,16.8,0,0,0,0,0,,,7,07:01:00,1764072060,7.02,16:02:00,1764104520,16.03,9.02,1,1,4,4,-1,-1,2471,,,,,8,7.8,7,6,,,,
2025-11-24,1.5,-2.67,-3.75,-9,,-13,93,84.1,79.5,66,-1.8,-5.1,-5.8,-9.8,22,11.04,12.5,3,32,24,102.17,101.87,101.75,101.34,101.22,100.92,100.81,100.4,48300,32233.3,29000,9700,,,,,21.8,0,0,0,0,0,,,8,07:00:00,1763985600,7,16:03:00,1764018180,16.05,9.05,1,1,0,0,0,0,4216,,,,,8,7.3,6.5,5,,,,
2025-11-23,-1.4,-3.85,-4.3,-7.2,,-12,94,84.1,84.5,75,-5.2,-6.2,-6.5,-7.7,20,9.88,10,0,,,101.38,101.31,101.29,101.2,100.44,100.37,100.35,100.26,48300,35191.7,36200,24100,,,,,22.3,0,0,0,0,0,,,8,06:59:00,1763899140,6.98,16:04:00,1763931840,16.07,9.08,1,1,-3,-2,-6,-5,4868,,,,,8,7.1,6.5,5,,,,
2025-11-22,0.6,-1.5,-1.35,-3.3,,-8,96,86.2,84.5,73,-1.8,-3.5,-4,-6.2,22,16.21,16,10,31,27,101.35,101.1,101.14,100.93,100.41,100.17,100.21,100,48300,22870.8,27350,6400,,,,,19.4,0,0,0,0,0,,,9,06:57:00,1763812620,6.95,16:04:00,1763845440,16.07,9.12,,,1,1,-7,-7,4055,,,,,8,6,5,2,,,,
2025-11-21,0.7,-0.94,-1.54,-3.8,,-5,98,91.2,89,80,0.2,-2.2,-2.2,-4.6,20,7.58,10,0,29,24,101.95,101.24,101.39,100.84,101.01,100.3,100.46,99.91,24100,9104.2,12450,800,,,,,19.5,0,0,0,0,4.9,,,5,06:56:00,1763726160,6.93,16:05:00,1763759100,16.08,9.15,,,-1,-1,-4,-4,1346,,,,,8,6.9,6,4,,,,
2025-11-20,0,-2.11,-2.6,-5.2,,-9,92,83.4,84,76,-3.4,-4.6,-5.3,-7.3,16,8.17,8,0,,,102.57,102.37,102.28,102,101.62,101.42,101.34,101.06,32200,19904.2,20950,9700,,,,,20.6,0,0,0,0,0,,,6,06:54:00,1763639640,6.9,16:06:00,1763672760,16.1,9.2,1,1,-1,-1,-5,-4,4702,,,,,8,6.9,5.5,3,,,,
2025-11-19,2,-0.21,-0.8,-3.6,,-7,87,75.9,74.5,62,-2.8,-4,-4.8,-6.8,24,15.5,14,4,31,22,102.45,102.15,102.08,101.71,101.51,101.21,101.14,100.77,48300,33170.8,36200,24100,,,,,18.8,0,0,0,0,0,,,7,06:53:00,1763553180,6.88,16:07:00,1763586420,16.12,9.23,1,1,0,0,-3,-3,6097,,,,,8,7.2,6.5,5,,,,
2025-11-18,2.3,-0.04,0.39,-1.5,,-8,83,75,75.5,68,-3.1,-4,-4,-5,35,26.71,27,19,38,26,101.7,101.14,101.04,100.39,100.76,100.21,100.11,99.46,48300,34183.3,36200,24100,,,,,17.6,0,0,0,0,0,,,9,06:52:00,1763466720,6.87,16:08:00,1763500080,16.13,9.27,1,1,2,2,-3,-3,5925,,,,,8,7.5,7,6,,,,
2025-11-17,1.6,-0.65,-0.75,-3.1,,-7,89,79.5,80,71,-2.2,-3.8,-3.6,-5.1,29,19.12,19,9,36,25,100.37,99.6,99.64,98.91,99.44,98.68,98.72,97.99,48300,26341.7,25750,3200,,,,,18.8,0,0,0,0,1.1,,,13,06:50:00,1763380200,6.83,16:09:00,1763413740,16.15,9.32,1,1,2,2,-1,-1,3873,,,,,8,6.6,5,2,,,,
2025-11-16,-2,-3.18,-3.2,-4.4,,-10,93,88.9,85.5,78,-3.4,-4.8,-5,-6.6,25,13.12,14.5,4,,,99.02,98.73,98.77,98.52,98.1,97.81,97.86,97.61,24100,7012.5,12450,800,,,,,21.2,0,0,0,0,10.1,,,4,06:49:00,1763293740,6.82,16:10:00,1763327400,16.17,9.35,,,-1,-1,-3,-3,1672,,,,,8,5,4.5,1,,,,
2025-11-15,-0.4,-1.67,-1.9,-3.4,,-8,81,73,74,67,-4.5,-5.9,-5.6,-6.7,23,10.12,13,3,33,27,101.16,100.39,100.16,99.15,100.23,99.47,99.23,98.23,48300,31483.3,36200,24100,,,,,19.9,0,0,0,0,0,,,1,06:47:00,1763207220,6.78,16:11:00,1763241060,16.18,9.4,1,1,0,0,-4,-4,5019,,,,,8,6.9,6,4,,,,
2025-11-14,1.3,0.13,0.15,-1,,-3,98,88.1,84.5,71,-0.1,-1.7,-2.6,-5.2,11,4.04,5.5,0,,,101.41,101.29,101.3,101.18,100.48,100.36,100.37,100.25,24100,14337.5,13250,2400,,,,,17.9,0,0,0,0,0.5,,,,06:46:00,1763120760,6.77,16:12:00,1763154720,16.2,9.43,1,1,3,3,-7,-5,2272,,,,,8,7.8,7,6,,,,
2025-11-13,0.9,-0.38,-0.95,-2.8,,-4,98,95.6,93.5,89,0.1,-1,-1.6,-3.4,7,2.71,3.5,0,,,101.26,100.86,100.81,100.36,100.33,99.93,99.88,99.43,40200,16862.5,20900,1600,,,,,18.9,0,0,0,0,1.5,,,2,06:44:00,1763034240,6.73,16:13:00,1763068380,16.22,9.48,1,1,2,2,-3,-1,2389,,,,,8,7.5,5.5,3,,,,
2025-11-12,0.3,-0.73,-0.9,-2.1,,-9,98,91.1,90.5,83,-0.1,-2,-2,-4,29,12.79,14.5,0,33,25,100.32,100.17,100.08,99.83,99.4,99.25,99.16,98.91,48300,21733.3,25150,2000,,,,,18.9,0,0,0,0,1.5,,,2,06:43:00,1762947780,6.72,16:15:00,1762982100,16.25,9.53,1,1,1,1,-3,-2,3769,,,,,8,7.5,7,6,,,,
2025-11-11,0.2,-1.08,-1.4,-3,,-10,98,90.7,90.5,83,-0.2,-2.4,-2.7,-5.2,32,24,23.5,15,43,25,99.79,99.41,99.5,99.21,98.87,98.5,98.59,98.3,24100,8883.3,12850,1600,,,,,19.4,0,0,0,0,4.7,,,,06:42:00,1762861320,6.7,16:16:00,1762895760,16.27,9.57,,,0,0,-2,-2,1624,,,,,8,7.8,6.5,5,,,,
2025-11-10,2.8,1.33,1.4,0,,-8,98,92.9,93.5,89,1.5,0.3,0.2,-1.1,42,23.46,21,0,32,6,101.3,100.64,100.39,99.49,100.37,99.71,99.48,98.58,32200,13787.5,17700,3200,,,,,16.6,0,0,0,0,34.1,,,1,06:40:00,1762774800,6.67,16:17:00,1762809420,16.28,9.62,,,3,3,0,0,1696,,,,,8,7.9,7,6,,,,
2025-11-09,1.2,-0.93,-1.69,-4.6,,-9,92,70.3,71.5,51,-1.2,-5.9,-5,-8.7,47,18.42,23.5,0,54,7,102.03,101.83,101.72,101.41,101.09,100.89,100.78,100.48,48300,29366.7,24950,1600,,,,,19.7,0,0,0,0,7.8,,,,06:39:00,1762688340,6.65,16:18:00,1762723080,16.3,9.65,1,1,0,0,0,1,4639,,,,,8,7.4,5,2,,,,
2025-11-08,6.3,1.87,1.45,-3.4,,-4,98,75.8,77.5,57,3.4,-2.2,-2.5,-8.4,28,14.79,16,4,43,26,101.58,100.54,100.57,99.56,100.65,99.62,99.64,98.64,48300,26945.8,25750,3200,,,,,16.6,0,0,0,0,6.2,,,0,06:37:00,1762601820,6.62,16:20:00,1762636800,16.33,9.72,1,1,1,5,-6,-5,6675,,,,,8,6.5,6,4,,,,
2025-11-07,0.8,-0.6,-1.29,-3.4,,-9,97,72.5,76,55,-0.3,-5.2,-4.2,-8,31,15.21,15.5,0,33,6,101.56,101,100.74,99.91,100.62,100.07,99.81,98.99,48300,29262.5,25150,2000,,,,,19.3,0,0,0,0,5.9,,,,06:36:00,1762515360,6.6,16:21:00,1762550460,16.35,9.75,1,1,0,1,0,0,3472,,,,,8,7,4.5,1,,,,
2025-11-06,6.2,3.05,3,-0.2,,-6,94,66,72,50,1.8,-3,-2.5,-6.8,26,16.21,15,4,33,25,101.48,100.87,100.78,100.07,100.55,99.95,99.86,99.16,48300,35191.7,36200,24100,,,,,15,0,0,0,0,0,,,,06:34:00,1762428840,6.57,16:22:00,1762464120,16.37,9.8,1,1,5,5,-5,-4,5982,,,,,8,6,6,4,,,,
2025-11-05,6.4,3.33,3,-0.4,,,96,83.3,83.5,71,2.9,0.7,0.6,-1.6,26,12.04,15,4,,,101.39,100.79,100.72,100.04,100.57,99.87,99.85,99.13,48300,29952.2,28200,8100,,,,,15,0,0,0,0,1.9,,,,06:33:00,1762342380,6.55,16:24:00,1762377840,16.4,9.85,1,2,5,6,0,1,3337,,,,,8,7,5,2,,,,
2025-11-04,8.8,5.01,4.85,0.9,,,95,80.6,75,55,5,1.8,2,-0.9,28,17.75,18.5,9,37,28,101.33,100.66,100.65,99.97,100.41,99.75,99.74,99.06,48300,30029.2,28200,8100,,,,,13.2,0,0,0,0,1.6,,,,06:31:00,1762255860,6.52,16:25:00,1762291500,16.42,9.9,1,1,7,8,0,0,5069,,,,,8,6.6,5,2,,,,
2025-11-03,7.2,3.69,2.29,-2.6,,-5,97,87.5,83,69,6.1,1.8,1.4,-3.4,23,7.83,11.5,0,,,102.2,101.08,101.1,100,101.26,100.16,100.17,99.09,48300,25812.5,27350,6400,,,,,15.7,0,0,0,0,12.5,,,,06:30:00,1762169400,6.5,16:27:00,1762205220,16.45,9.95,1,1,10,10,4,4,2140,,,,,8,7.2,4.5,1,,,,
2025-11-02,5.1,3.32,2.09,-0.9,,,85,67.2,70,55,-0.6,-2.3,-2.3,-4,26,11.56,15,4,31,23,102.32,102.12,101.98,101.64,101.38,101.19,101.04,100.71,48300,35716,36200,24100,,,,,15.9,0,0,0,0,0,,,,06:28:00,1762082880,6.47,16:28:00,1762118880,16.47,10,1,2,6,6,-1,-1,2930,,,,,8,7.4,4.5,1,,,,
2025-11-01,8.2,5.74,4.69,1.2,,,84,73,73,62,3.9,1.2,0.6,-2.8,34,23.38,21,8,39,26,101.57,100.09,99.97,98.38,100.64,99.18,99.06,97.49,48300,35191.7,36200,24100,,,,,13.3,0,0,0,0,0,,,,07:27:00,1761996420,7.45,17:30:00,1762032600,17.5,10.05,1,2,7,7,-3,-3,5683,,,,,8,6,5,2,,,,
2025-10-31,10.8,8.58,8.69,6.6,,,98,91.9,88.5,79,8.8,7.3,6.7,4.6,46,28.83,25,4,40,6,100.45,98.56,99.03,97.61,99.54,97.67,98.14,96.73,48300,14887.5,25350,2400,,,,,9.3,0,3.7,1.7,0,38.9,,,,07:25:00,1761909900,7.42,17:31:00,1761946260,17.52,10.1,,,9,10,4,4,2331,,,,,8,7.8,7,6,,,,
2025-10-30,8.2,5.1,3.7,-0.8,,,97,87.7,86,75,5.2,3.2,2.5,-0.2,41,17.21,22,3,59,8,102.27,101.69,101.45,100.63,101.34,100.77,100.53,99.72,48300,34516.7,36200,24100,,,,,14.3,0,0,0,0,3.2,,,,07:24:00,1761823440,7.4,17:33:00,1761859980,17.55,10.15,3,3,9,9,7,7,2775,,,,,8,6.5,4.5,1,,,,
2025-10-29,11.1,4.24,4.89,-1.3,,-3,95,80.2,75,55,3.7,1,0.6,-2.4,21,11.04,10.5,0,30,6,102.85,102.57,102.56,102.28,101.91,101.63,101.63,101.35,48300,33845.8,36200,24100,,,,,13.1,0,0,0,0,0,,,,07:22:00,1761736920,7.37,17:34:00,1761773640,17.57,10.2,2,2,9,9,0,0,7295,,,,,8,4.9,4.5,1,,,,
2025-10-28,11.5,4.57,4.65,-2.2,,-3,98,77.7,73.5,49,2.5,0.6,0.3,-1.9,15,7.08,7.5,0,,,103.44,103.19,103.16,102.88,102.5,102.25,102.22,101.94,48300,33508.3,36200,24100,,,,,13.3,0,0,0,0,0,,,,07:21:00,1761650460,7.35,17:36:00,1761687360,17.6,10.25,2,2,10,10,-1,-1,10293,,,,,4,1.6,2,0,,,,
2025-10-27,10,6.58,5.9,1.8,,,94,80.6,83,72,5.9,3.4,3.8,1.6,15,5.88,7.5,0,,,103.26,103.09,103.1,102.94,102.32,102.16,102.17,102.01,48300,34183.3,36200,24100,,,,,12.1,0,0.9,0,0,0.6,,,,07:19:00,1761563940,7.32,17:37:00,1761601020,17.62,10.3,2,2,10,10,0,0,3724,,,,,8,7.1,6,4,,,,
2025-10-26,9,6.82,6.75,4.5,,,81,71.4,72,63,4.1,2,2.4,0.7,14,5,7,0,,,102.93,102.83,102.8,102.66,102,101.89,101.87,101.73,48300,34858.3,32200,16100,,,,,11.2,0,1.8,0,0,0,,,,07:18:00,1761477480,7.3,17:39:00,1761514740,17.65,10.35,2,2,8,9,3,3,4216,,,,,8,7.8,7.5,7,,,,
2025-10-25,9.1,6.4,6.55,4,,,93,79.9,79.5,66,3.9,3.1,2.9,1.9,20,10.21,10,0,,,102.71,102.46,102.4,102.09,101.78,101.53,101.47,101.16,48300,36200,36200,24100,,,,,11.4,0,1.6,0,0,0,,,,07:17:00,1761391020,7.28,17:41:00,1761428460,17.68,10.4,2,2,8,8,3,3,4435,,,,,8,7.8,7,6,,,,
2025-10-24,10.7,6.71,6.4,2.1,,,95,78.5,74,53,6.8,3,3.7,0.6,22,10.83,11,0,,,102.07,101.66,101.58,101.1,101.14,100.74,100.67,100.19,48300,32291.7,33800,19300,,,,,11.6,0,1.4,0,0,0,,,,07:15:00,1761304500,7.25,17:42:00,1761342120,17.7,10.45,2,2,7,9,0,0,7436,,,,,8,6.3,5,2,,,,
2025-10-23,11.4,8.21,9,6.6,,,95,87.6,85.5,76,7.5,6.3,6.2,4.9,29,12.04,14.5,0,31,26,101.08,100.68,100.69,100.31,100.26,99.78,99.83,99.4,48300,31608.7,32200,16100,,,,,9,0,4,2,0,1.1,,,,07:14:00,1761218040,7.23,17:44:00,1761255840,17.73,10.5,1,2,9,10,2,4,5156,,,,,8,7.1,7,6,,,,
2025-10-22,10.4,9.14,8.4,6.4,,,97,94.2,93,89,9.6,8.2,8.2,6.7,27,15.96,15.5,4,37,22,100.91,100.46,100.49,100.07,100,99.55,99.58,99.16,32200,17495.8,17700,3200,,,,,9.6,0,3.4,1.4,0,12.9,,,,07:12:00,1761131520,7.2,17:46:00,1761169560,17.77,10.57,1,1,10,10,7,7,1592,,,,,8,7.8,7,6,,,,
2025-10-21,12.8,10.93,9.9,7,,,98,91,92.5,87,10.7,9.5,9.1,7.4,32,14.54,16,0,33,5,100.98,100.73,100.77,100.56,100.07,99.83,99.87,99.66,48300,25125,25750,3200,,,,,8.1,0,4.9,2.9,0,0.6,,,,07:11:00,1761045060,7.18,17:48:00,1761083280,17.8,10.62,2,2,14,14,7,7,3940,,,,,8,7.4,6.5,5,,,,
2025-10-20,13.7,12.22,11.89,10.1,,,96,87,85.5,75,11.8,10.1,10,8.2,35,23.38,24.5,14,51,7,101.1,100.91,100.86,100.62,100.19,100,99.96,99.72,48300,20804.2,26150,4000,,,,,6.1,0,6.9,4.9,1.9,23.2,,,,07:09:00,1760958540,7.15,17:49:00,1760996940,17.82,10.67,1,2,15,15,11,11,1120,,,,,8,6.9,4.5,1,,,,
2025-10-19,17.3,11.21,11.75,6.2,,,94,78.7,74.5,55,8.9,7.4,7,5,26,16.75,15.5,5,32,5,101.62,101.27,101.3,100.97,100.7,100.36,100.38,100.06,48300,34862.5,28200,8100,,,,,6.2,0,6.8,4.8,1.8,0,,,,07:08:00,1760872080,7.13,17:51:00,1760910660,17.85,10.72,3,3,17,17,10,11,9491,,,,,8,6.8,6,4,,,,
2025-10-18,12.8,6.39,5.8,-1.2,,,93,74.5,71,49,3.8,1.9,1.4,-0.9,13,6,6.5,0,,,101.72,101.59,101.6,101.48,100.79,100.67,100.67,100.56,48300,35321.7,36200,24100,,,,,12.2,0,0.8,0,0,1,,,,07:07:00,1760785620,7.12,17:53:00,1760824380,17.88,10.77,3,3,12,13,6,8,6874,,,,,8,5,4,0,,,,
2025-10-17,13.2,5.56,5.8,-1.6,,-3,96,77.2,72.5,49,5.1,1.5,1.4,-2.4,17,7.54,8.5,0,,,101.77,101.6,101.57,101.38,100.84,100.67,100.65,100.46,48300,36200,36200,24100,,,,,12.2,0,0.8,0,0,0,,,,07:05:00,1760699100,7.08,17:55:00,1760738100,17.92,10.83,3,3,14,14,0,0,11950,,,,,3,1.3,1.5,0,,,,
2025-10-16,9,6.81,4.59,0.2,,,72,57.8,61,50,0.1,-1,-1.1,-2.3,19,8.5,9.5,0,33,35,101.74,101.52,101.54,101.35,100.82,100.6,100.62,100.43,48300,36200,36200,24100,,,,,13.4,0,0,0,0,0,,,,07:04:00,1760612640,7.07,17:56:00,1760651760,17.93,10.87,3,3,11,11,0,1,4282,,,,,8,6.1,4.5,1,,,,
2025-10-15,11.6,8.55,8.25,4.9,,,83,57.6,63.5,44,8.7,0.6,4,-0.8,17,8.67,8.5,0,41,33,101.77,101.62,101.6,101.43,100.85,100.7,100.68,100.51,48300,36200,36200,24100,,,,,9.8,0,3.2,1.2,0,0,,,,07:02:00,1760526120,7.03,17:58:00,1760565480,17.97,10.93,3,3,11,11,2,3,7939,,,,,8,5.5,4.5,1,,,,
2025-10-14,19.3,10.65,11.7,4.1,,,91,68,68,45,9.7,4.7,5,0.2,24,12.67,13.5,3,30,24,102.48,102.03,102.07,101.65,101.55,101.11,101.14,100.74,48300,35200,28200,8100,,,,,6.3,0,6.7,4.7,1.7,0,,,,07:01:00,1760439660,7.02,18:00:00,1760479200,18,10.98,3,3,15,15,4,4,9102,,,,,8,5.2,5,2,,,,
2025-10-13,15.2,9,10.1,5,,,90,70.2,66,42,4.9,3.5,3.1,1.3,31,17.25,17,3,34,11,103.03,102.78,102.76,102.5,102.1,101.85,101.83,101.57,48300,36200,36200,24100,,,,,7.9,0,5.1,3.1,0.1,0,,,,07:00:00,1760353200,7,18:02:00,1760392920,18.03,11.03,3,3,15,16,5,5,10817,,,,,8,6.3,4.5,1,,,,
2025-10-12,15.4,9.66,9.5,3.6,,,88,71.1,72,56,7.3,4.5,4.5,1.6,27,17.54,15,3,38,7,103.09,102.93,102.94,102.8,102.16,102,102.02,101.87,48300,35862.5,36200,24100,,,,,8.5,0,4.5,2.5,0,0,,,,06:58:00,1760266680,6.97,18:04:00,1760306640,18.07,11.1,3,3,17,17,3,3,12950,,,,,3,1,1.5,0,,,,
2025-10-11,17.1,8.01,7.15,-2.8,,-3,94,72.1,70,46,5.5,2.8,1.8,-1.8,20,8.67,10,0,28,23,102.77,102.42,102.51,102.25,101.84,101.5,101.58,101.32,48300,35673.9,36200,24100,,,,,10.8,0,2.1,0.2,0,0,,,,06:57:00,1760180220,6.95,18:06:00,1760220360,18.1,11.15,3,3,16,16,4,4,12687,,,,,5,1.4,2.5,0,,,,
2025-10-10,12.7,4.41,4.39,-3.9,,-4,95,73.2,69,43,1.7,-0.6,-1,-3.8,25,8.54,12.5,0,33,27,103.22,102.81,102.76,102.29,102.28,101.87,101.82,101.36,48300,37208.3,36200,24100,,,,,13.6,0,0,0,0,0,,,,06:55:00,1760093700,6.92,18:08:00,1760134080,18.13,11.22,3,3,12,12,2,2,12692,,,,,8,4.2,4,0,,,,
2025-10-09,11.5,5.67,4.7,-2.1,,,84,60.1,60,36,-0.3,-2,-1.9,-3.5,14,7.75,7,0,36,31,103.17,102.94,102.83,102.48,102.23,102,101.89,101.55,48300,35862.5,36200,24100,,,,,13.3,0,0,0,0,0,,,,06:54:00,1760007240,6.9,18:10:00,1760047800,18.17,11.27,3,3,12,12,-2,-1,13185,,,,,6,2.1,3,0,,,,
2025-10-08,14.2,9.87,7.75,1.3,,,95,70,70.5,46,11.5,4.4,4.7,-2.1,15,6.38,7.5,0,35,35,102.47,101.8,101.82,101.17,101.54,100.88,100.9,100.27,48300,35600,33800,19300,,,,,10.2,0,2.8,0.8,0,0.9,,,,06:53:00,1759920780,6.88,18:11:00,1759961460,18.18,11.3,4,4,15,15,2,2,11355,,,,,8,5.2,4.5,1,,,,
2025-10-07,25.1,17.21,18.7,12.3,28,,96,80.7,73,50,17.1,13.7,13.9,10.7,36,9.75,18,0,44,26,101.55,101.29,101.26,100.96,100.65,100.39,100.36,100.06,48300,26541.7,26550,4800,,,,,0,0.7,13.7,11.7,8.7,15.9,,,,06:51:00,1759834260,6.85,18:13:00,1759875180,18.22,11.37,4,4,26,26,11,11,6375,,,,,8,6,4.5,1,,,,
2025-10-06,27.1,18.02,17.64,8.2,30,,98,70.7,69.5,41,14.2,12,11.9,9.6,26,9.96,13,0,40,24,102.12,101.87,101.84,101.56,101.21,100.96,100.94,100.66,48300,35183.3,36200,24100,,,,,0.4,0,12.6,10.6,7.6,0,,,,06:50:00,1759747800,6.83,18:15:00,1759788900,18.25,11.42,4,4,26,26,15,15,12881,,,,,7,4,3.5,0,,,,
2025-10-05,26.7,16.75,17.85,9,30,,89,71.2,68.5,48,15.7,11.3,11.1,6.4,20,8.92,10,0,31,26,102.36,102.17,102.17,101.97,101.44,101.26,101.25,101.06,48300,32166.7,36200,24100,,,,,0.1,0,12.8,10.8,7.8,0,,,,06:49:00,1759661340,6.82,18:17:00,1759702620,18.28,11.47,4,4,26,26,12,13,11967,,,,,8,3,4,0,,,,
2025-10-04,23.1,15.23,15.8,8.5,25,,94,69.2,67,40,13.2,9.2,10.1,6.9,19,6.88,9.5,0,,,102.33,102.09,102.1,101.87,101.41,101.17,101.19,100.96,48300,35525,36200,24100,,,,,2.2,0,10.8,8.8,5.8,0,,,,06:47:00,1759574820,6.78,18:19:00,1759616340,18.32,11.53,4,4,23,23,8,8,12602,,,,,8,4.3,5,2,,,,
2025-10-03,19.9,11.49,10.95,2,,,96,71.8,71.5,47,9.5,6.1,5.9,2.3,24,10.96,12,0,33,25,102.69,102.24,102.29,101.89,101.76,101.31,101.37,100.98,48300,36200,36200,24100,,,,,7,0,6,4,0.9,0,,,,06:46:00,1759488360,6.77,18:21:00,1759530060,18.35,11.58,5,5,19,19,8,8,12948,,,,,8,5.4,4,0,,,,
2025-10-02,15.9,8.22,8.6,1.3,,,91,68,67.5,44,4.3,2.2,2.2,0.1,20,8,10,0,27,23,103.39,103.08,103.06,102.72,102.45,102.15,102.12,101.79,48300,37208.3,36200,24100,,,,,9.4,0,3.6,1.6,0,0,,,,06:45:00,1759401900,6.75,18:23:00,1759443780,18.38,11.63,5,5,16,16,4,4,14329,,,,,8,2.6,4,0,,,,
2025-10-01,14.8,9.2,8.9,3,,,85,65.3,66,47,4,2.8,2.6,1.2,14,6.88,7,0,,,103.12,102.77,102.84,102.56,102.19,101.84,101.92,101.64,48300,36200,36200,24100,,,,,9.1,0,3.9,1.9,0,0,,,,06:43:00,1759315380,6.72,18:25:00,1759357500,18.42,11.7,5,5,15,15,1,2,14008,,,,,5,1.6,2.5,0,,,,
2025-09-30,16.1,10.87,9.75,3.4,,,91,68.5,67,43,10.4,4.8,6.5,2.7,16,8.08,8,0,34,33,102.61,102.4,102.33,102.06,101.69,101.48,101.42,101.15,48300,37208.3,36200,24100,,,,,8.2,0,4.8,2.8,0,0,,,,06:42:00,1759228920,6.7,18:27:00,1759271220,18.45,11.75,4,4,18,18,4,4,15100,,,,,4,1.5,2,0,,,,
2025-09-29,22.7,16.34,15.64,8.6,25,,79,62.4,62.5,46,11.9,9,8.6,5.3,26,17.96,16.5,7,33,24,102.12,101.88,101.89,101.66,101.2,100.98,100.97,100.75,48300,35673.9,36200,24100,,,,,2.4,0,10.6,8.6,5.6,0,,,,06:41:00,1759142460,6.68,18:29:00,1759184940,18.48,11.8,5,5,22,22,8,10,14005,,,,,8,3,4,0,,,,
2025-09-28,23.1,15.17,16.35,9.6,,,88,65.5,61,34,14,8.1,9.8,5.5,32,14.12,16,0,35,28,101.8,101.35,101.44,101.07,100.89,100.44,100.53,100.16,48300,32500,32200,16100,,,,,1.6,0,11.3,9.3,6.3,0,,,,06:39:00,1759055940,6.65,18:31:00,1759098660,18.52,11.87,4,5,23,23,8,10,12855,,,,,8,4.2,4,0,,,,
2025-09-27,17.7,11.17,11,4.3,,,94,74.8,71,48,7.4,6.5,6.1,4.8,26,13.92,13,0,34,21,101.6,101.38,101.33,101.07,100.69,100.48,100.43,100.16,48300,37078.3,36200,24100,,,,,7,0,6,4,1,0,,,,06:38:00,1758969480,6.63,18:33:00,1759012380,18.55,11.92,5,5,18,18,8,9,16191,,,,,6,1.9,3,0,,,,
2025-09-26,19.8,14.82,13.7,7.6,,,99,86.5,81.5,64,15.5,12.5,11.4,7.3,27,13.79,13.5,0,33,25,101.05,100.59,100.64,100.23,100.14,99.69,99.74,99.33,48300,32033.3,26550,4800,,,,,4.3,0,8.7,6.7,3.7,1.5,,,,06:37:00,1758883020,6.62,18:35:00,1758926100,18.58,11.97,4,5,18,18,5,5,8818,,,,,8,4.4,4,0,,,,
2025-09-25,15,13.9,14,13,,,98,91.5,88.5,79,14.5,12.5,11.9,9.4,23,16,15,7,32,8,102.08,101.33,101.19,100.31,101.17,100.42,100.29,99.41,40200,15004.2,21300,2400,,,,,4,0,9,7,4,25.5,,,,06:35:00,1758796500,6.58,18:37:00,1758839820,18.62,12.03,2,3,17,18,15,15,1650,,,,,8,7.8,7.5,7,,,,
2025-09-24,19.8,14.45,15.25,10.7,,,97,78,75,53,11.4,10.4,10.3,9.2,30,17,18.5,7,33,7,102.36,102.19,102.17,101.98,101.44,101.28,101.26,101.07,48300,35533.3,32200,16100,,,,,2.8,0,10.2,8.2,5.2,0,,,,06:34:00,1758710040,6.57,18:39:00,1758753540,18.65,12.08,5,5,20,21,13,14,15635,,,,,8,5,4.5,1,,,,
2025-09-23,22.6,17.23,17.25,11.9,27,,98,84.2,80.5,63,16,14.4,13.6,11.2,20,10.5,10,0,32,7,101.9,101.48,101.6,101.3,100.99,100.58,100.69,100.4,48300,24637.5,25750,3200,,,,,0.8,0,12.2,10.2,7.2,0,,,,06:33:00,1758623580,6.55,18:41:00,1758667260,18.68,12.13,4,4,23,23,13,13,10372,,,,,8,6.6,5,2,,,,
2025-09-22,19.1,12.88,11.6,4.1,,,97,78.5,74,51,14,8.9,8.9,3.9,10,4.08,5,0,,,101.98,101.65,101.65,101.32,101.07,100.74,100.74,100.42,48300,31641.7,29000,9700,,,,,6.4,0,6.6,4.6,1.6,3.4,,,,06:31:00,1758537060,6.52,18:43:00,1758580980,18.72,12.2,4,5,17,18,13,14,8070,,,,,8,6.8,5,2,,,,
2025-09-21,20.5,10.72,10.8,1.1,,,94,65.1,62.5,31,6.2,3.6,3.4,0.6,14,6.12,7,0,,,102.89,102.52,102.43,101.97,101.96,101.61,101.51,101.05,48300,38400,36200,24100,,,,,7.2,0,5.8,3.8,0.8,0,,,,06:30:00,1758450600,6.5,18:45:00,1758494700,18.75,12.25,5,5,20,20,6,7,17154,,,,,6,2,3,0,,,,
2025-09-20,18.2,9.18,9.29,0.4,,,85,61.8,58,31,3.8,1.6,0.9,-2,25,12.71,14.5,4,33,24,102.83,102.59,102.6,102.37,101.9,101.66,101.67,101.45,48300,37208.3,36200,24100,,,,,8.7,0,4.3,2.3,0,0,,,,06:29:00,1758364140,6.48,18:47:00,1758408420,18.78,12.3,5,5,17,17,2,2,17509,,,,,2,0.6,1,0,,,,
2025-09-19,17.2,12.09,10,2.8,,,78,55.2,55,32,8.7,2.8,3.8,-1,15,7.46,7.5,0,32,26,102.32,101.68,101.79,101.27,101.4,100.77,100.89,100.37,48300,38216.7,36200,24100,,,,,8,0,5,3,0,0,,,,06:27:00,1758277620,6.45,18:49:00,1758322140,18.82,12.37,5,5,18,18,3,3,17763,,,,,8,1.2,4,0,,,,
2025-09-18,25.5,18,18.35,11.2,30,,98,76.5,75.5,53,17.5,13.5,13.6,9.6,25,12.38,12.5,0,31,24,101.51,101.17,101.18,100.85,100.61,100.27,100.28,99.95,48300,35525,36200,24100,,,,,0,0.4,13.3,11.3,8.3,,,,,06:26:00,1758191160,6.43,18:51:00,1758235860,18.85,12.42,6,6,23,23,9,10,4957,,,,,7,4.9,4,1,,,,
2025-09-17,24.3,16,15.7,7.1,28,,98,81.1,76.5,55,15.9,12.4,11.4,7,16,6.17,8,0,,,102.34,101.98,101.94,101.55,101.43,101.06,101.04,100.65,48300,34170.8,36200,24100,,,,,2.3,0,10.7,8.7,5.7,0,,,,06:25:00,1758104700,6.42,18:53:00,1758149580,18.88,12.47,6,6,24,24,13,13,15188,,,,,8,4.5,4,0,,,,
2025-09-16,24.6,15.89,16.15,7.7,25,,94,71.4,68,42,12.4,10.2,9.9,7.5,13,6.83,6.5,0,,,102.81,102.58,102.57,102.33,101.89,101.67,101.67,101.44,48300,37778.3,36200,24100,,,,,1.8,0,11.2,9.2,6.2,0,,,,06:24:00,1758018240,6.4,18:55:00,1758063300,18.92,12.52,6,6,24,24,10,10,17810,,,,,5,2.2,2.5,0,,,,
2025-09-15,21.7,14.76,14.55,7.4,,,93,71,70.5,48,11.1,9.1,8.8,6.4,18,7.62,9,0,,,102.76,102.58,102.58,102.39,101.84,101.66,101.66,101.48,48300,38887.5,36200,24100,,,,,3.5,0,9.6,7.5,4.5,0,,,,06:22:00,1757931720,6.37,18:57:00,1757977020,18.95,12.58,6,6,23,23,9,9,18096,,,,,4,2,2,0,,,,
2025-09-14,21.8,14.28,14.3,6.8,,,98,75.9,75.5,53,12.3,9.6,9.5,6.7,15,5.08,7.5,0,,,102.36,101.82,101.92,101.48,101.44,100.9,101.01,100.57,48300,36875,36200,24100,,,,,3.7,0,9.3,7.3,4.3,0,,,,06:21:00,1757845260,6.35,18:59:00,1757890740,18.98,12.63,5,5,23,23,8,8,13824,,,,,8,4,4.5,1,,,,
2025-09-13,20.9,12.81,13.55,6.2,,,98,77.2,71.5,45,10.6,8.4,8.3,6.1,16,4.75,8,0,,,102.23,101.85,101.89,101.54,101.31,100.94,100.97,100.63,48300,35179.2,36200,24100,,,,,4.5,0,8.6,6.5,3.5,0,,,,06:20:00,1757758800,6.33,19:01:00,1757804460,19.02,12.68,4,4,21,21,9,9,14964,,,,,8,5.8,5,2,,,,
2025-09-12,19.4,11.89,12.14,4.9,,,94,69.2,67.5,41,8.1,5.9,6.2,4.2,13,6.79,6.5,0,,,102.57,102.39,102.39,102.22,101.65,101.47,101.48,101.3,48300,38216.7,36200,24100,,,,,5.9,0,7.1,5.1,2.1,0,,,,06:18:00,1757672280,6.3,19:03:00,1757718180,19.05,12.75,6,6,20,20,7,7,18593,,,,,7,3.9,3.5,0,,,,
2025-09-11,22.1,16.02,13.5,4.9,,,95,65.5,66,37,12.5,8.8,8.7,4.8,14,6.17,7,0,29,29,102.35,102.02,102.09,101.84,101.43,101.11,101.18,100.93,48300,36870.8,36200,24100,,,,,4.5,0,8.5,6.5,3.5,0,,,,06:17:00,1757585820,6.28,19:05:00,1757631900,19.08,12.8,6,6,21,22,6,6,18096,,,,,8,3.2,4,0,,,,
2025-09-10,22.3,14.5,14.95,7.6,,,93,75.6,71,49,12.6,9.9,9.7,6.7,20,7,10,0,,,102.63,102.34,102.29,101.96,101.71,101.42,101.38,101.05,48300,38216.7,36200,24100,,,,,3,0,9.9,8,5,0,,,,06:16:00,1757499360,6.27,19:07:00,1757545620,19.12,12.85,6,6,23,23,10,10,18006,,,,,8,4.2,4,0,,,,
2025-09-09,20.1,12.35,12.65,5.2,,,97,74.5,70.5,44,11.2,7.4,8.1,4.9,15,5.58,7.5,0,,,102.97,102.75,102.77,102.57,102.04,101.84,101.85,101.65,48300,38830.4,36200,24100,,,,,5.3,0,7.7,5.7,2.6,0,,,,06:14:00,1757412840,6.23,19:09:00,1757459340,19.15,12.92,6,6,22,22,8,9,18218,,,,,7,3.3,4,1,,,,
2025-09-08,17.6,11.44,11.7,5.8,,,96,78.1,72.5,49,9,7.4,7.2,5.4,19,11.71,9.5,0,30,26,102.63,102.26,102.22,101.8,101.71,101.34,101.3,100.89,48300,34508.3,36200,24100,,,,,6.3,0,6.7,4.7,1.7,0,,,,06:13:00,1757326380,6.22,19:11:00,1757373060,19.18,12.97,5,5,18,18,6,6,15252,,,,,8,3.6,4,0,,,,
2025-09-07,19.4,13.7,13.85,8.3,,,98,86.8,78,58,12.9,11.4,10.8,8.7,30,10.75,15,0,32,24,101.74,101.5,101.49,101.23,100.83,100.59,100.58,100.33,48300,36875,32200,16100,,,,,4.2,0,8.8,6.8,3.8,3.6,,,,06:12:00,1757239920,6.2,19:13:00,1757286780,19.22,13.02,6,6,17,17,7,8,9858,,,,,8,6.8,5,2,,,,
2025-09-06,16.6,13.71,13.6,10.6,,,98,87.5,83,68,15,11.6,12.2,9.5,18,10.92,9,0,27,22,101.55,101.33,101.19,100.83,100.64,100.43,100.28,99.93,48300,33112.5,29000,9700,,,,,4.4,0,8.6,6.6,3.6,4.4,,,,06:11:00,1757153460,6.18,19:15:00,1757200500,19.25,13.07,4,4,19,19,11,11,6447,,,,,8,7.1,6,4,,,,
2025-09-05,22.8,18.08,18.89,15,25,,95,76.2,70,45,15.9,13.4,12.4,9,23,10.04,11.5,0,32,22,101.18,100.9,100.94,100.71,100.28,100.01,100.04,99.81,48300,33595.8,29000,9700,,,,,0,0.9,13.9,11.9,8.9,3.8,,,,06:09:00,1757066940,6.15,19:17:00,1757114220,19.28,13.13,2,6,22,22,14,14,17986,,,,,8,6,5.5,3,,,,
2025-09-04,28.3,19.87,19.95,11.6,30,,93,64,62,31,16.3,11.8,12.4,8.6,23,10.33,11.5,0,36,14,101.1,100.86,100.83,100.56,100.2,99.97,99.93,99.67,48300,37479.2,33800,19300,,,,,0,2,14.9,12.9,9.9,4.6,,,,06:08:00,1756980480,6.13,19:19:00,1757027940,19.32,13.18,6,6,26,26,14,15,19125,,,,,8,4.5,4,0,,,,
2025-09-03,25.5,18.78,19.1,12.7,28,,95,76.8,73,51,16.1,14.2,14.3,12.6,18,6.62,9,0,,,101.52,101.22,101.24,100.96,100.62,100.32,100.34,100.06,48300,33229.2,33000,17700,,,,,0,1.1,14.1,12.1,9.1,0,,,,06:07:00,1756894020,6.12,19:21:00,1756941660,19.35,13.23,6,6,26,26,12,12,19319,,,,,8,4.5,4,0,,,,
2025-09-02,25.2,17.57,17.7,10.2,29,,99,80,72.5,46,16.3,13.6,13.3,10.4,20,5.71,10,0,,,102.33,101.99,101.94,101.54,101.42,101.08,101.03,100.64,48300,38216.7,36200,24100,,,,,0.3,0,12.7,10.7,7.7,0,,,,06:05:00,1756807500,6.08,19:23:00,1756855380,19.38,13.3,5,6,25,25,12,12,17271,,,,,8,5.5,5,2,,,,
2025-09-01,26.1,17.43,17.75,9.4,29,,98,78.9,73,48,16.6,13.2,13.3,10.1,16,5.46,8,0,,,102.72,102.53,102.53,102.33,101.8,101.61,101.61,101.42,48300,36020.8,24350,400,,,,,0.2,0,12.8,10.8,7.8,0,,,,06:04:00,1756721040,6.07,19:25:00,1756769100,19.42,13.35,6,6,26,26,11,11,20510,,,,,4,1.8,2,0,,,,
2025-08-31,23.4,15.46,16.89,10.4,28,,99,86.5,80.5,62,16.5,13,13.3,10.1,27,15.21,15.5,4,35,22,102.47,102.17,102.14,101.81,101.55,101.25,101.23,100.9,48300,26154.2,24450,600,,,,,1.1,0,11.9,9.9,6.9,0,,,,06:03:00,1756634580,6.05,19:27:00,1756682820,19.45,13.4,6,6,23,23,10,10,18802,,,,,8,2.8,4,0,,,,
2025-08-30,18.6,14.14,14.9,11.2,,,99,86.8,80,61,12.8,11.8,11.6,10.3,15,9.21,7.5,0,,,101.78,101.41,101.49,101.2,100.87,100.5,100.58,100.29,48300,27666.7,24750,1200,,,,,3.1,0,9.9,7.9,4.9,0.1,,,,06:02:00,1756548120,6.03,19:29:00,1756596540,19.48,13.45,4,5,17,17,9,11,13611,,,,,8,7,5,2,,,,
2025-08-29,17.6,14.23,13.75,9.9,,,98,92.2,87,76,13.9,12.9,12.1,10.3,21,9.25,10.5,0,,,101.58,101.36,101.4,101.22,100.67,100.45,100.49,100.31,40200,31829.2,32150,24100,,,,,4.2,0,8.8,6.8,3.8,1.4,,,,06:00:00,1756461600,6,19:31:00,1756510260,19.52,13.52,2,2,15,16,12,12,6113,,,,,8,6.7,5,2,,,,
2025-08-28,16.2,13.03,11.85,7.5,,,98,90,86,74,13.6,11.4,10.6,7.6,9,4.04,4.5,0,,,101.72,101.63,101.64,101.56,100.81,100.72,100.73,100.65,48300,33725,28200,8100,,,,,6.2,0,6.8,4.8,1.8,6.9,,,,05:59:00,1756375140,5.98,19:32:00,1756423920,19.53,13.55,2,5,18,21,12,13,6993,,,,,8,7.4,5.5,3,,,,
2025-08-27,20.4,14.1,14.75,9.1,,,97,80.2,74.5,52,11.7,10.5,10.3,8.9,22,11.79,11,0,,,101.56,101.43,101.42,101.28,100.65,100.52,100.51,100.37,48300,38554.2,36200,24100,,,,,3.2,0,9.8,7.8,4.8,0,,,,05:58:00,1756288680,5.97,19:34:00,1756337640,19.57,13.6,5,6,20,20,8,8,13378,,,,,8,5,4.5,1,,,,
2025-08-26,20,15.89,15.65,11.3,,,97,82.4,79,61,14.2,12.7,12.6,11,35,18.42,21,7,42,24,101.26,100.94,100.96,100.66,100.35,100.04,100.06,99.77,48300,36200,36200,24100,,,,,2.4,0,10.7,8.7,5.7,6.7,,,,05:56:00,1756202160,5.93,19:36:00,1756251360,19.6,13.67,6,6,20,20,10,10,12817,,,,,8,6,5,2,,,,
2025-08-25,24.9,19.94,19.7,14.5,28,,96,78.7,73,50,18,15.9,15.2,12.4,25,10.29,12.5,0,35,22,100.87,100.65,100.68,100.48,99.98,99.76,99.78,99.59,48300,35662.5,33800,19300,,,,,0,1.7,14.7,12.7,9.7,1.7,,,,05:55:00,1756115700,5.92,19:38:00,1756165080,19.63,13.72,3,3,20,22,13,13,14370,,,,,8,6,5,2,,,,
2025-08-24,25.6,20.74,21.35,17.1,31,,95,79.9,77.5,60,18.5,17,16.6,14.6,23,10.71,11.5,0,27,23,101.06,100.93,100.94,100.82,100.16,100.04,100.05,99.93,48300,31775,27350,6400,,,,,0,3.4,16.4,14.3,11.3,6.8,,,,05:54:00,1756029240,5.9,19:40:00,1756078800,19.67,13.77,3,5,22,22,17,17,9415,,,,,8,7.7,6.5,5,,,,
2025-08-23,26.7,21.36,21.75,16.8,30,,89,71.3,72.5,56,17.6,15.8,15.9,14.3,21,8.33,10.5,0,31,23,101.4,101.2,101.16,100.92,100.5,100.31,100.26,100.03,48300,38887.5,36200,24100,,,,,0,3.8,16.8,14.8,11.8,0,,,,05:53:00,1755942780,5.88,19:42:00,1755992520,19.7,13.82,8,8,28,28,15,19,13490,,,,,8,7.2,6,4,,,,
2025-08-22,27,19.73,19.3,11.6,30,,97,70.3,71,45,16.4,13.7,13.8,11.3,22,9.54,11,0,,,101.76,101.55,101.56,101.35,100.85,100.64,100.65,100.45,48300,37545.8,36200,24100,,,,,0,1.3,14.3,12.3,9.3,0,,,,05:51:00,1755856260,5.85,19:44:00,1755906240,19.73,13.88,8,8,27,27,15,15,22004,,,,,8,1.8,4,0,,,,
2025-08-21,24.7,17.25,16.75,8.8,26,,97,73.6,71,45,14.8,12,11.9,9,12,6.12,6,0,,,102.15,101.92,101.92,101.69,101.24,101.01,101.01,100.79,48300,40233.3,36200,24100,,,,,1.2,0,11.8,9.8,6.8,0,,,,05:50:00,1755769800,5.83,19:45:00,1755819900,19.75,13.92,7,7,25,26,12,14,19271,,,,,7,2.4,3.5,0,,,,
2025-08-20,23.1,17.07,16.89,10.7,,,87,59.4,68.5,50,11.9,9,8.5,5.1,23,13.58,13,3,29,9,102.23,102.12,102.12,102.01,101.32,101.21,101.21,101.1,48300,40233.3,36200,24100,,,,,1.1,0,11.9,9.9,6.9,0,,,,05:49:00,1755683340,5.82,19:47:00,1755733620,19.78,13.97,7,7,23,23,10,13,20424,,,,,8,5.3,4,0,,,,
2025-08-19,21.1,15.34,14.65,8.2,,,83,60.5,63,43,9.8,7.4,7.6,5.4,22,13.29,13.5,5,34,6,102.66,102.42,102.43,102.19,101.74,101.5,101.51,101.28,48300,38550,36200,24100,,,,,3.4,0,9.7,7.7,4.7,0,,,,05:47:00,1755596820,5.78,19:49:00,1755647340,19.82,14.03,8,8,21,21,12,12,20396,,,,,8,5.7,5,2,,,,
2025-08-18,21.5,13.53,13.1,4.7,,,94,63.9,65.5,37,9,6.2,6.3,3.7,21,8,10.5,0,27,17,102.51,102.34,102.31,102.1,101.59,101.42,101.38,101.18,48300,39225,36200,24100,,,,,4.9,0,8.1,6.1,3.1,0,,,,05:46:00,1755510360,5.77,19:51:00,1755561060,19.85,14.08,7,7,21,21,9,10,23310,,,,,6,2.9,3,0,,,,
2025-08-17,19.8,15.44,13.2,6.6,,,95,80.9,75,55,17.8,11.9,11.9,6,17,7.42,8.5,0,40,33,102.06,101.45,101.53,101,101.14,100.55,100.62,100.11,48300,30029.2,29000,9700,,,,,4.8,0,8.2,6.2,3.2,14.4,,,,05:45:00,1755423900,5.75,19:52:00,1755474720,19.87,14.12,3,4,16,17,4,6,13395,,,,,8,5.6,4,0,,,,
2025-08-16,28.6,19.81,19.3,10,32,,88,67.8,65,42,17.3,13.2,13.2,9.2,23,8.17,11.5,0,,,102.2,101.78,101.67,101.15,101.29,100.87,100.78,100.26,48300,38887.5,36200,24100,,,,,0,1.3,14.3,12.3,9.3,1,,,,05:43:00,1755337380,5.72,19:54:00,1755388440,19.9,14.18,8,8,28,28,18,19,22710,,,,,8,3.6,4,0,,,,
2025-08-15,24.9,17.55,17.85,10.8,25,,88,59.8,60,32,12.7,8.9,9.8,7,21,7.17,10.5,0,,,102.47,102.29,102.28,102.09,101.56,101.38,101.37,101.18,48300,39225,36200,24100,,,,,0.1,0,12.8,10.8,7.8,0,,,,05:42:00,1755250920,5.7,19:56:00,1755302160,19.93,14.23,7,7,25,25,10,10,24256,,,,,3,1.6,1.5,0,,,,
2025-08-14,25.5,20.9,18.95,12.4,30,,98,66.8,67,36,20.9,13.9,14.9,8.9,17,8.38,10,3,27,26,102.06,101.45,101.49,100.93,101.15,100.55,100.6,100.04,48300,33916.7,29000,9700,,,,,0,0.9,13.9,11.9,8.9,0,,,,05:41:00,1755164460,5.68,19:57:00,1755215820,19.95,14.27,7,7,25,25,10,10,21498,,,,,8,2.6,4,0,,,,
2025-08-13,30.5,23.06,24.55,18.6,38,,96,80.6,76,56,21.1,19.4,19.1,17,19,7.5,9.5,0,56,25,101.14,100.96,100.94,100.74,100.25,100.07,100.05,99.85,48300,33716.7,30600,12900,,,,,0,6.5,19.6,17.6,14.6,4,,,,05:40:00,1755078000,5.67,19:59:00,1755129540,19.98,14.32,6,8,26,30,17,18,13234,,,,,8,5.9,4,0,,,,
2025-08-12,32.5,24.35,24.45,16.4,40,,98,73.6,70,42,20.4,18.7,18.8,17.1,20,6.83,10,0,29,25,101.74,101.47,101.44,101.15,100.84,100.58,100.55,100.26,40200,27454.2,32150,24100,,,,,0,6.5,19.4,17.4,14.4,0,,,,05:38:00,1754991480,5.63,20:01:00,1755043260,20.02,14.38,8,8,33,33,18,20,23007,,,,,6,1.5,3,0,,,,
