date,max_temperature,avg_hourly_temperature,avg_temperature,min_temperature,max_humidex,min_windchill,max_relative_humidity,avg_hourly_relative_humidity,avg_relative_humidity,min_relative_humidity,max_dew_point,avg_hourly_dew_point,avg_dew_point,min_dew_point,max_wind_speed,avg_hourly_wind_speed,avg_wind_speed,min_wind_speed,max_wind_gust,wind_gust_dir_10s,max_pressure_sea,avg_hourly_pressure_sea,avg_pressure_sea,min_pressure_sea,max_pressure_station,avg_hourly_pressure_station,avg_pressure_station,min_pressure_station,max_visibility,avg_hourly_visibility,avg_visibility,min_visibility,max_health_index,avg_hourly_health_index,avg_health_index,min_health_index,heatdegdays,cooldegdays,growdegdays_5,growdegdays_7,growdegdays_10,precipitation,rain,snow,snow_on_ground,sunrise_hhmm,sunrise_unixtime,sunrise_f,sunset_hhmm,sunset_unixtime,sunset_f,daylight,min_uv_forecast,max_uv_forecast,min_high_temperature_forecast,max_high_temperature_forecast,min_low_temperature_forecast,max_low_temperature_forecast,solar_radiation,max_cloud_cover_4,avg_hourly_cloud_cover_4,avg_cloud_cover_4,min_cloud_cover_4,max_cloud_cover_8,avg_hourly_cloud_cover_8,avg_cloud_cover_8,min_cloud_cover_8,max_cloud_cover_10,avg_hourly_cloud_cover_10,avg_cloud_cover_10,min_cloud_cover_10
2026-08-11,20.7,14.5,13.85,7,,,91,66.6,68,45,10.4,8,7.9,5.4,16,5.17,8,0,,,102.5,102.28,102.29,102.08,94.03,93.85,93.84,93.65,64400,53987.5,44250,24100,2,1.4,1.5,1,4.2,0,8.8,6.8,3.8,0,,,,06:01:00,1786453260,6.02,22:08:00,1786511280,22.13,16.12,4,4,20,20,11,11,13260,,,,,7,3.6,3.5,0,,,,
2026-08-10,20.3,15.51,15.55,10.8,,,95,70.2,67.5,40,12.2,9.5,8.9,5.6,18,7.21,9,0,28,34,102.14,102.03,102.01,101.89,93.73,93.65,93.62,93.52,64400,51300,44250,24100,2.1,1.3,1.6,1,2.5,0,10.6,8.6,5.5,0,,,0,05:58:00,1786366680,5.97,22:11:00,1786425060,22.18,16.22,5,5,20,20,10,11,11629,,,,,8,6.5,5,2,,,,
2026-08-09,21.7,14.82,15.35,9,,,99,78.3,71.5,44,13.6,10.7,10.8,8,18,8.17,9,0,33,35,102.24,102.12,102.11,101.97,93.82,93.72,93.71,93.6,64400,52308.3,44250,24100,2,1.1,1.5,1,2.6,0,10.3,8.3,5.3,0.3,,,0,05:56:00,1786280160,5.93,22:14:00,1786338840,22.23,16.3,3,4,22,22,12,12,12828,,,,,8,6.6,5,2,,,,
2026-08-08,22.2,15,16.35,10.5,,,87,73.8,67,47,12,10.1,10.3,8.6,23,9.5,13.5,4,40,3,102.12,102,101.98,101.84,93.72,93.61,93.6,93.47,64400,52979.2,44250,24100,1,1,1,1,1.6,0,11.3,9.3,6.3,0,,,0,05:53:00,1786193580,5.88,22:17:00,1786252620,22.28,16.4,2,2,19,19,13,13,12981,,,,,8,7.6,7,6,,,,
2026-08-07,24,16.65,17.3,10.6,26,,92,70,67.5,43,13.8,10.9,11.2,8.6,21,9.58,10.5,0,,,101.82,101.69,101.68,101.54,93.46,93.36,93.33,93.21,64400,53987.5,44250,24100,1,1,1,1,0.7,0,12.3,10.3,7.3,0.2,,,0,05:51:00,1786107060,5.85,22:20:00,1786166400,22.33,16.48,3,4,25,26,12,12,14352,,,,,8,6.3,6,4,,,,
2026-08-06,27.5,18.41,18.39,9.3,27,,81,54.2,54.5,28,10.2,8.1,8.5,6.8,14,7.25,7,0,,,101.82,101.6,101.58,101.34,93.49,93.29,93.27,93.06,64400,56004.2,44250,24100,1,1,1,1,0,0.4,13.4,11.4,8.4,0,,,,05:48:00,1786020480,5.8,22:22:00,1786080120,22.37,16.57,4,4,27,27,12,12,20970,,,,,6,3.2,4,2,,,,
2026-08-05,25.6,17.07,16.5,7.4,25,,87,55,55.5,24,9.5,6.8,6.3,3.1,12,7.33,6,0,,,102.02,101.77,101.74,101.46,93.62,93.43,93.39,93.16,64400,57345.8,44250,24100,1,1,1,1,1.5,0,11.5,9.5,6.5,0,,,,05:46:00,1785933960,5.77,22:25:00,1785993900,22.42,16.65,5,5,26,26,12,12,21048,,,,,7,4.2,4,1,,,,
2026-08-04,21.7,15.39,15.2,8.7,,,77,57,59,41,9.7,6.6,7.5,5.3,14,6.5,7,0,,,102.2,102.02,101.99,101.79,93.81,93.65,93.62,93.43,64400,56004.2,44250,24100,1,1,1,1,2.8,0,10.2,8.2,5.2,0,,,,05:43:00,1785847380,5.72,22:28:00,1785907680,22.47,16.75,5,5,25,25,10,10,15136,,,,,8,5.2,4.5,1,,,,
2026-08-03,23.8,17.48,17.35,10.9,,,74,51,51,28,8.4,6.5,6.1,3.8,27,19.83,20,13,33,15,102.31,102.08,102.05,101.79,93.95,93.73,93.7,93.46,64400,56004.2,44250,24100,,,,,0.6,0,12.3,10.3,7.3,0,,,0,05:41:00,1785760860,5.68,22:31:00,1785821460,22.52,16.83,5,5,24,25,8,10,22090,,,,,6,3.8,3,0,,,,
2026-08-02,25.1,17.26,16.89,8.7,,,84,51.8,55.5,27,8.6,6.2,6.5,4.3,16,6.83,8,0,,,102.12,101.98,101.89,101.67,93.75,93.6,93.49,93.24,64400,56675,44250,24100,1,1,1,1,1.1,0,11.9,9.9,6.9,0,,,,05:38:00,1785674280,5.63,22:33:00,1785735180,22.55,16.92,5,5,24,24,10,10,20633,,,,,8,4.6,4.5,1,,,,
2026-08-01,22,15.72,15.05,8.1,,,90,56.2,58.5,27,9.2,5.6,5.7,2.2,18,8.75,9,0,31,35,101.57,101.44,101.45,101.34,93.18,93.1,93.1,93.02,64400,62720.8,44250,24100,1,1,1,1,3,0,10.1,8.1,5,0,,,,05:36:00,1785587760,5.6,22:36:00,1785648960,22.6,17,5,5,22,23,10,10,22481,,,,,6,3.8,4,2,,,,
2026-07-31,20,14.57,14.35,8.7,,,83,60.6,61,39,9.4,6.5,7.1,4.8,17,10.38,10,3,37,35,101.76,101.63,101.59,101.41,93.4,93.28,93.24,93.08,64400,56004.2,44250,24100,1,1,1,1,3.6,0,9.3,7.3,4.3,0,,,,05:33:00,1785501180,5.55,22:38:00,1785562680,22.63,17.08,3,3,20,20,10,10,18350,,,,,8,5.1,5,2,,,,
2026-07-30,22,14.81,15.9,9.8,,,99,69.8,67.5,36,10,8.5,7.8,5.6,17,6.92,8.5,0,27,34,101.77,101.63,101.61,101.45,93.36,93.25,93.24,93.12,64400,54995.8,44250,24100,1,1,1,1,2.1,0,10.9,8.9,5.9,0,,,0,05:31:00,1785414660,5.52,22:41:00,1785476460,22.68,17.17,5,5,20,20,10,12,20272,,,,,8,5.9,5.5,3,,,,
2026-07-29,16.4,12.69,13.6,10.8,,,96,83.2,80.5,65,11.5,9.8,9.8,8,16,6.62,8,0,,,101.66,101.34,101.33,100.99,93.22,92.96,92.92,92.63,64400,42437.5,38650,12900,1.5,1.1,1.2,1,4.4,0,8.6,6.6,3.6,2.7,,,0,05:29:00,1785328140,5.48,22:43:00,1785390180,22.72,17.23,2,2,17,17,10,12,12430,,,,,8,7.7,7.5,7,,,,
2026-07-28,19.6,13.32,12.55,5.5,,,85,59,62.5,40,8.3,5,5.9,3.5,18,6.96,9,0,38,5,100.93,100.83,100.81,100.7,92.6,92.51,92.5,92.4,64400,56004.2,44250,24100,1.7,1.4,1.4,1,5.5,0,7.5,5.5,2.5,0,,,,05:26:00,1785241560,5.43,22:46:00,1785303960,22.77,17.33,4,4,19,19,10,10,18594,,,,,8,6,5,2,,,,
2026-07-27,19.2,13.8,14.39,9.6,,,81,56.6,57,33,7,4.9,4.8,2.6,21,7.96,10.5,0,31,16,101.14,100.99,100.95,100.77,92.8,92.68,92.64,92.48,64400,54995.8,44250,24100,1.9,1.2,1.4,1,3.6,0,9.4,7.4,4.4,0,,,0,05:24:00,1785155040,5.4,22:48:00,1785217680,22.8,17.4,4,4,18,18,9,9,11693,,,,,8,7,7,6,,,,
2026-07-26,17.7,11.38,10.3,2.9,,,85,52.8,57.5,30,2.4,0.9,0.8,-0.7,16,9.25,8,0,29,34,101.37,101.2,101.19,101.02,92.96,92.82,92.82,92.68,64400,56004.2,44250,24100,2.1,1.3,1.6,1,7.7,0,5.3,3.3,0.3,0,,,,05:21:00,1785068460,5.35,22:51:00,1785131460,22.85,17.5,5,5,17,17,8,8,22312,,,,,8,5.1,4.5,1,,,,
2026-07-25,15.4,11.63,12,8.6,,,91,61.5,63.5,36,8.1,3.8,3.8,-0.5,22,12.5,12.5,3,33,34,101.51,101.33,101.36,101.2,93.1,92.94,92.93,92.77,64400,51975,44250,24100,2,1.1,1.5,1,6,0,7,5,2,1.2,,,0,05:19:00,1784981940,5.32,22:53:00,1785045180,22.88,17.57,4,4,14,14,5,5,20835,,,,,8,5.4,4.5,1,,,,
2026-07-24,14.7,10.89,10.89,7.1,,,95,77,76.5,58,9.5,6.8,7.3,5.1,28,11.04,16,4,35,34,101.15,100.67,100.67,100.18,92.72,92.31,92.32,91.92,64400,34587.5,37050,9700,1.1,1,1.1,1,7.1,0,5.9,3.9,0.9,16.7,,,,05:17:00,1784895420,5.28,22:55:00,1784958900,22.92,17.63,2,2,15,15,5,5,7565,,,,,8,8,8,8,,,,
2026-07-23,21.9,14.88,16.25,10.6,,,75,58.2,56.5,38,7.5,6.5,6.4,5.3,39,24,26.5,14,42,15,101.49,100.73,100.81,100.13,93.18,92.51,92.53,91.89,64400,59362.5,44250,24100,1.6,1.2,1.3,1,1.8,0,11.2,9.2,6.2,0,,,,05:14:00,1784808840,5.23,22:58:00,1784872680,22.97,17.73,6,6,19,22,10,10,15279,,,,,8,6.3,5,2,,,,
2026-07-22,23.6,16.45,16,8.4,,,80,53.3,56.5,33,9.2,6.3,6.3,3.5,26,11.75,13,0,31,15,101.89,101.62,101.66,101.43,93.51,93.3,93.31,93.11,64400,57683.3,44250,24100,1.7,1.1,1.4,1,2,0,11,9,6,0,,,,05:12:00,1784722320,5.2,23:00:00,1784786400,23,17.8,5,5,23,24,10,10,19231,,,,,8,4.8,5,2,,,,
2026-07-21,24.6,18.33,17.75,10.9,,,62,44.4,46,30,8.3,5.6,6.3,4.3,32,14,18,4,42,23,101.88,101.73,101.72,101.57,93.58,93.43,93.42,93.26,64400,57345.8,44250,24100,2,1.3,1.5,1,0.2,0,12.8,10.8,7.8,0,,,,05:10:00,1784635800,5.17,23:02:00,1784700120,23.03,17.87,5,5,23,24,8,10,18822,,,,,8,4.7,4.5,1,,,,
2026-07-20,28.2,19.63,19.55,10.9,27,,69,43.2,43.5,18,7.3,5.5,4.1,0.9,28,18.79,18.5,9,36,15,102.35,102.03,102,101.65,93.98,93.71,93.67,93.36,64400,57345.8,44250,24100,1,1,1,1,0,1.6,14.6,12.6,9.6,0,,,,05:08:00,1784549280,5.13,23:04:00,1784613840,23.07,17.93,6,6,29,29,12,12,25970,,,,,5,1.1,2.5,0,,,,
2026-07-19,24.9,16.7,15.85,6.8,,,79,45.6,51.5,24,7.7,3.8,4.8,2,10,5.17,5,0,,,102.62,102.38,102.39,102.15,94.2,93.97,93.94,93.69,64400,57345.8,44250,24100,1,1,1,1,2.1,0,10.8,8.8,5.8,0,,,,05:05:00,1784462700,5.08,23:07:00,1784527620,23.12,18.03,5,5,24,24,10,11,25194,,,,,8,2.7,4,0,,,,
2026-07-18,20.4,15.81,16.2,12,,,65,47.8,49.5,34,5.6,4.6,3.6,1.6,18,9.33,9,0,,,102.09,101.69,101.61,101.12,93.6,93.31,93.18,92.77,64400,57345.8,44250,24100,2.1,1.3,1.6,1,1.8,0,11.2,9.2,6.2,0,,,,05:03:00,1784376180,5.05,23:09:00,1784441340,23.15,18.1,5,5,21,22,8,8,16125,,,,,8,5.8,4.5,1,,,,
2026-07-17,26.1,17.11,17.75,9.4,,,63,40.9,41.5,20,4.2,2.9,2.1,0.1,36,24.12,23,10,42,15,101.58,101.14,101.16,100.74,93.23,92.86,92.86,92.49,64400,58354.2,44250,24100,2.7,1.8,1.8,1,0.2,0,12.8,10.8,7.8,0,,,,05:01:00,1784289660,5.02,23:11:00,1784355060,23.18,18.17,5,5,26,26,8,10,21810,,,,,8,3.5,4.5,1,,,,
2026-07-16,21.7,15.46,15.39,9.1,,,74,43.6,50.5,27,5,2.5,2.9,0.8,20,8,10,0,30,22,102.01,101.74,101.75,101.48,93.61,93.37,93.34,93.07,64400,59025,44250,24100,2.1,1.4,1.6,1,2.6,0,10.4,8.4,5.4,0,,,,04:59:00,1784203140,4.98,23:13:00,1784268780,23.22,18.23,5,5,20,21,9,10,25708,,,,,7,4.2,4.5,2,,,,
2026-07-15,20.6,14.22,15.5,10.4,,,69,52.6,48.5,28,6.6,4.1,3.5,0.3,41,27.79,23.5,6,41,22,101.61,101.44,101.45,101.29,93.27,93.1,93.11,92.95,64400,61375,52300,40200,2.3,1.3,1.6,1,2.5,0,10.5,8.5,5.5,0,,,,04:57:00,1784116620,4.95,23:14:00,1784182440,23.23,18.28,5,5,21,22,8,8,14219,,,,,8,6.6,6,4,,,,
2026-07-14,21.5,14.76,14.7,7.9,,,72,51.9,53,34,5.5,4.5,4.2,2.8,32,17.83,18,4,34,15,102.28,101.97,101.95,101.63,93.88,93.6,93.57,93.27,64400,60704.2,44250,24100,1.9,1.1,1.4,1,3.3,0,9.7,7.7,4.7,0,,,,04:55:00,1784030100,4.92,23:16:00,1784096160,23.27,18.35,5,5,22,22,13,13,23859,,,,,8,5.4,5,2,,,,
2026-07-13,22.4,14.76,14.45,6.5,,,80,53.5,55,30,5.9,4.7,4.3,2.7,27,14.71,16.5,6,42,21,101.99,101.77,101.78,101.58,93.53,93.38,93.36,93.2,64400,55329.2,44250,24100,2,1.2,1.5,1,3.5,0,9.4,7.5,4.5,0,,,,04:53:00,1783943580,4.88,23:18:00,1784009880,23.3,18.42,5,5,21,21,9,9,25091,,,,,6,2.9,3.5,1,,,,
2026-07-12,20.9,14.77,14.8,8.7,,,81,58.9,60,39,7.2,6.4,6.2,5.1,25,17.17,17,9,34,16,101.56,101.2,101.31,101.05,93.11,92.87,92.91,92.71,48300,38195.8,36200,24100,3.4,2.4,2.4,1.3,3.2,0,9.8,7.8,4.8,0,,,,04:51:00,1783857060,4.85,23:20:00,1783923600,23.33,18.48,5,5,21,21,10,10,22067,,,,,7,3.2,3.5,0,,,,
2026-07-11,22.8,15.3,15.5,8.2,,,100,72.3,71,42,11,9.5,9.4,7.9,21,13.75,13,5,31,15,101.37,101.15,101.14,100.9,93.01,92.83,92.81,92.61,24100,13816.7,12850,1600,4,3.8,3.5,3,2.5,0,10.5,8.5,5.5,1.5,,,0,04:49:00,1783770540,4.82,23:21:00,1783837260,23.35,18.53,5,5,20,23,10,11,22073,,,,,7,2.6,4,1,,,,
2026-07-10,19.5,13.46,14.7,9.9,,,94,81.3,77.5,61,13.8,10.2,11.2,8.7,14,7.46,7,0,,,101.31,101.13,101.14,100.98,92.93,92.78,92.78,92.64,64400,49962.5,40250,16100,3,1.4,2,1,3.3,0,9.7,7.7,4.7,0.8,,,0,04:47:00,1783684020,4.78,23:23:00,1783750980,23.38,18.6,5,5,20,22,10,10,7495,,,,,8,7.2,5.5,3,,,,
2026-07-09,16.6,11.77,11.5,6.4,,,87,65.5,65,43,9.8,5.1,6.5,3.1,19,9.12,11,3,,,101.11,101.01,101.01,100.91,92.72,92.65,92.64,92.56,64400,59695.8,44250,24100,1.7,1.3,1.4,1,6.5,0,6.5,4.5,1.5,0,,,,04:46:00,1783597560,4.77,23:24:00,1783664640,23.4,18.63,3,4,16,17,10,11,15530,,,,,8,7.3,7,6,,,,
2026-07-08,14.8,11.57,12.1,9.4,,,76,63.3,64,52,7.1,4.8,5.4,3.7,26,17.46,17,8,39,13,101.1,100.99,101.01,100.93,92.72,92.65,92.67,92.61,64400,58687.5,44250,24100,1.7,1.5,1.5,1.3,5.9,0,7.1,5.1,2.1,1.2,,,,04:44:00,1783511040,4.73,23:26:00,1783578360,23.43,18.7,4,4,16,17,6,6,11659,,,,,8,7.5,7.5,7,,,,
2026-07-07,18.9,12.84,14,9.1,,,100,73.8,65,30,9.5,7.4,5,0.5,14,5.75,7,0,,,101.12,101.01,101,100.87,92.74,92.67,92.65,92.56,64400,42733.3,36250,8100,1.8,1.3,1.4,1,4,0,9,7,4,6.5,,,0,04:42:00,1783424520,4.7,23:27:00,1783492020,23.45,18.75,4,4,17,18,6,9,19211,,,,,8,7.1,6,4,,,,
2026-07-06,15.8,10.85,11.2,6.6,,,91,72.9,72,53,9.7,6,6.4,3.1,16,7.79,8,0,,,101.67,101.36,101.38,101.08,93.28,93,93.01,92.73,64400,49366.7,37050,9700,1.5,1.2,1.2,1,6.8,0,6.2,4.2,1.2,3.6,,,,04:41:00,1783338060,4.68,23:28:00,1783405680,23.47,18.78,5,5,16,17,11,11,7847,,,,,8,7,5,2,,,,
2026-07-05,18.6,12.89,12.15,5.7,,,80,54,57,34,5.5,3.2,3.6,1.7,23,15.88,15,7,33,15,101.91,101.75,101.74,101.56,93.47,93.34,93.33,93.19,64400,63391.7,52300,40200,1.7,1.3,1.4,1,5.8,0,7.2,5.2,2.1,0,,,,04:39:00,1783251540,4.65,23:30:00,1783319400,23.5,18.85,5,5,16,17,9,9,22064,,,,,8,5.8,5,2,,,,
2026-07-04,15.3,10.43,10.6,5.9,,,93,73.5,74,55,7.2,5.7,5.8,4.4,14,6.92,7,0,,,101.67,101.5,101.47,101.27,93.21,93.07,92.99,92.76,64400,62720.8,44250,24100,1.2,1.1,1.1,1,7.4,0,5.6,3.6,0.6,0.7,,,0,04:38:00,1783165080,4.63,23:31:00,1783233060,23.52,18.88,5,5,14,14,5,6,12824,,,,,8,7.2,6,4,,,,
2026-07-03,15.4,10.1,10.75,6.1,,,92,75.1,71.5,51,8,5.7,6.2,4.3,21,9.12,12,3,,,101.15,100.84,100.94,100.72,92.67,92.43,92.47,92.27,64400,62720.8,44250,24100,1.2,1,1.1,1,7.2,0,5.8,3.8,0.8,0.9,,,0,04:37:00,1783078620,4.62,23:32:00,1783146720,23.53,18.92,5,5,13,14,6,7,11651,,,,,8,7.7,7.5,7,,,,
2026-07-02,11.7,6.15,7.4,3.1,,,97,85.6,73.5,50,6.3,3.7,3.5,0.7,22,14.04,12.5,3,31,16,100.8,100.75,100.74,100.67,92.44,92.36,92.35,92.25,64400,26829.2,37050,9700,1.6,1.2,1.4,1.1,10.6,0,2.4,0.4,0,30.1,,,,04:35:00,1782992100,4.58,23:33:00,1783060380,23.55,18.97,1,2,9,12,6,6,3421,,,,,8,7.4,4.5,1,,,,
2026-07-01,15.4,11.52,11.8,8.2,,,63,47.9,46.5,30,2.4,0.5,-0.2,-2.8,18,8.79,9,0,,,101.29,101.04,100.99,100.7,92.91,92.7,92.64,92.38,64400,61712.5,44250,24100,1.7,1.5,1.5,1.3,6.2,0,6.8,4.8,1.8,0,,,,04:34:00,1782905640,4.57,23:34:00,1782974040,23.57,19,5,5,15,16,7,9,12456,,,,,8,7,6.5,5,,,,
2026-06-30,16.3,12.36,12.75,9.2,,,65,49.2,48.5,32,3.4,1.7,1.5,-0.4,21,13.62,14,7,,,101.63,101.45,101.41,101.2,93.25,93.09,93.05,92.85,64400,63391.7,52300,40200,1.9,1.6,1.4,1,5.2,0,7.8,5.8,2.8,0,,,,04:33:00,1782819180,4.55,23:34:00,1782887640,23.57,19.02,5,5,16,16,6,8,11605,,,,,8,7,7,6,,,,
2026-06-29,17.9,13.23,13.45,9,,,79,58.2,59.5,40,8.7,4.9,4.9,1.1,21,8,10.5,0,30,18,102.03,101.79,101.77,101.51,93.6,93.4,93.36,93.13,64400,57345.8,44250,24100,1.7,1.3,1.4,1,4.5,0,8.4,6.5,3.5,0,,,,04:32:00,1782732720,4.53,23:35:00,1782801300,23.58,19.05,4,5,18,18,6,8,17287,,,,,8,7,7,6,,,,
2026-06-28,16,13.09,13.15,10.3,,,71,63.8,62.5,54,8.2,6.4,6.6,5,27,12.83,13.5,0,34,15,101.83,101.67,101.58,101.33,93.43,93.28,93.19,92.95,64400,59700,44250,24100,1.7,1.5,1.5,1.3,4.8,0,8.2,6.2,3.1,0,,,0,04:31:00,1782646260,4.52,23:36:00,1782714960,23.6,19.08,5,5,17,17,9,9,8855,,,,,8,7.8,7.5,7,,,,
2026-06-27,23.5,15.72,17.39,11.3,25,,100,78.9,73.5,47,13.5,11.7,10.8,8,30,9.21,15,0,43,17,101.28,101.02,101.08,100.87,92.9,92.7,92.74,92.57,64400,58020.8,44250,24100,2.2,1.4,1.6,1,0.6,0,12.4,10.4,7.4,0,,,0,04:30:00,1782559800,4.5,23:36:00,1782628560,23.6,19.1,5,5,21,21,10,10,14431,,,,,8,7.5,7,6,,,,
2026-06-26,20,12.93,14.3,8.6,,,95,83.2,74.5,54,13.6,9.9,10.7,7.8,16,8,8,0,,,100.89,100.78,100.76,100.64,92.55,92.45,92.44,92.33,64400,56675,40250,16100,1.8,1.4,1.4,1,3.7,0,9.3,7.3,4.3,2.4,,,0,04:29:00,1782473340,4.48,23:36:00,1782542160,23.6,19.12,5,5,18,18,13,14,13656,,,,,8,7.8,7.5,7,,,,
2026-06-25,16.9,12.03,13.05,9.2,,,98,82.6,76,54,10.5,9,8.2,5.9,15,7.5,9,3,,,101.09,100.73,100.78,100.47,92.78,92.44,92.49,92.19,64400,52045.8,37050,9700,2.4,1.9,2,1.5,5,0,8.1,6,3,4.5,,,0,04:29:00,1782386940,4.48,23:37:00,1782455820,23.62,19.13,2,3,17,17,8,8,9095,,,,,8,7.7,7,6,,,,
2026-06-24,22.3,16.49,16.3,10.3,,,64,43.5,45,26,5.1,3.4,2.8,0.6,27,13.12,15.5,4,36,16,101.98,101.52,101.47,100.96,93.62,93.23,93.16,92.69,64400,61041.7,44250,24100,2.6,2.1,2.1,1.6,1.7,0,11.3,9.3,6.3,0,,,,04:28:00,1782300480,4.47,23:37:00,1782369420,23.62,19.15,4,4,19,20,10,10,19376,,,,,8,7.4,7,6,,,,
2026-06-23,21.5,16.34,16.75,12,,,70,47,47.5,25,7,4.3,3.7,0.4,32,21.08,21.5,11,34,14,102.11,102.02,102.03,101.94,93.73,93.65,93.66,93.58,64400,59362.5,44250,24100,2.3,1.9,1.9,1.5,1.2,0,11.8,9.8,6.8,0,,,0,04:28:00,1782214080,4.47,23:37:00,1782283020,23.62,19.15,5,5,20,20,7,7,16499,,,,,8,5.6,5.5,3,,,,
2026-06-22,23.8,16.74,16.5,9.2,,,74,47.9,50,26,6.8,5.1,5,3.1,29,13.08,16.5,4,33,15,102.08,101.94,101.94,101.79,93.73,93.59,93.6,93.46,64400,64400,64400,64400,1.9,1.5,1.4,1,1.5,0,11.5,9.5,6.5,0,,,,04:27:00,1782127620,4.45,23:37:00,1782196620,23.62,19.17,6,6,22,23,10,11,19024,,,,,8,6,4.5,1,,,,
2026-06-21,23.8,17.15,16.14,8.5,,,85,50.1,54.5,24,8.1,5.5,4.8,1.6,13,6.67,6.5,0,,,102.15,101.95,101.94,101.72,93.76,93.59,93.58,93.39,64400,64400,64400,64400,2.2,1.6,1.6,1,1.9,0,11.1,9.1,6.1,0,,,,04:27:00,1782041220,4.45,23:37:00,1782110220,23.62,19.17,6,6,23,23,10,10,20727,,,,,6,3.8,3.5,1,,,,
2026-06-20,21.5,15.03,14.45,7.4,,,93,61.2,63,33,8.7,6.9,6.5,4.2,18,8.54,9,0,31,19,102.51,102.24,102.23,101.95,94.04,93.85,93.82,93.6,64400,64400,64400,64400,2.2,1.7,1.6,1,3.5,0,9.4,7.5,4.5,0,,,,04:27:00,1781954820,4.45,23:36:00,1782023760,23.6,19.15,5,5,22,22,11,11,24085,,,,,8,6.1,5.5,3,,,,
2026-06-19,20.2,14.55,15.35,10.5,,,90,69,66.5,43,9.9,8.5,7.9,5.9,17,9.38,10.5,4,35,4,102.7,102.53,102.52,102.35,94.22,94.09,94.08,93.94,64400,60366.7,52300,40200,2.2,1.5,1.6,1,2.6,0,10.3,8.3,5.3,0.4,,,0,04:27:00,1781868420,4.45,23:36:00,1781937360,23.6,19.15,6,6,18,19,10,10,19594,,,,,8,7.2,6.5,5,,,,
2026-06-18,15.1,10.28,11.05,7,,,100,86.4,82,64,9.5,7.9,8.2,7,13,6.12,6.5,0,,,102.76,102.63,102.65,102.54,94.21,94.12,94.11,94.01,64400,33525,34600,4800,1.3,1.1,1.1,1,7,0,6,4,1.1,3.4,,,0,04:27:00,1781782020,4.45,23:36:00,1781850960,23.6,19.15,3,5,17,17,9,9,10221,,,,,8,8,8,8,,,,
2026-06-17,15.4,10.17,11.65,7.9,,,95,86,81.5,68,9.4,7.8,8,6.5,18,11.12,9,0,28,20,102.52,102.24,102.17,101.83,93.99,93.74,93.68,93.38,64400,50633.3,48300,32200,1.4,1.2,1.2,1,6.3,0,6.7,4.7,1.6,3.6,,,,04:27:00,1781695620,4.45,23:35:00,1781764500,23.58,19.13,2,5,16,16,8,8,10193,,,,,8,7.9,7.5,7,,,,
2026-06-16,17.8,11.7,13.65,9.5,,,93,80.4,69,45,9.7,8.2,7.5,5.2,18,7.38,9,0,42,3,101.79,101.27,101.28,100.76,93.32,92.86,92.87,92.41,64400,54316.7,52300,40200,1.9,1.4,1.4,1,4.3,0,8.7,6.7,3.6,4.3,,,,04:27:00,1781609220,4.45,23:35:00,1781678100,23.58,19.13,4,5,18,18,9,9,12132,,,,,8,7.8,7.5,7,,,,
2026-06-15,17.5,12.71,12.85,8.2,,,78,61.6,60,42,8.1,5.3,5.7,3.2,31,14.38,17.5,4,31,15,101.27,100.91,100.97,100.68,92.91,92.61,92.64,92.38,64400,64400,64400,64400,1.8,1.6,1.6,1.5,5.2,0,7.8,5.8,2.8,0,,,,04:28:00,1781522880,4.47,23:34:00,1781591640,23.57,19.1,5,5,17,17,10,10,15333,,,,,8,5.5,4.5,1,,,,
2026-06-14,17,12.75,12.75,8.5,,,83,64.5,66,49,8.4,6.1,6.3,4.3,39,24.88,27.5,16,40,15,102.23,101.77,101.75,101.27,93.82,93.41,93.35,92.87,64400,64398.8,64385,64370,1.9,1.6,1.6,1.4,5.2,0,7.8,5.8,2.8,0,,,,04:28:00,1781436480,4.47,23:33:00,1781505180,23.55,19.08,5,5,17,17,10,11,9440,,,,,8,7.2,5.5,3,,,,
2026-06-13,17.7,12.76,12.2,6.7,,,71,52.4,53,35,6,3,3.6,1.2,26,17.25,17,8,32,14,102.52,102.37,102.38,102.24,94.06,93.94,93.93,93.8,64400,64400,64400,64400,1.9,1.7,1.6,1.3,5.8,0,7.2,5.2,2.2,0,,,,04:29:00,1781350140,4.48,23:32:00,1781418720,23.53,19.05,5,5,20,20,11,11,18407,,,,,8,6.1,4.5,1,,,,
2026-06-12,19.6,13.04,12.3,5,,,89,53.6,58,27,4.8,2.6,2.2,-0.4,10,5.33,5,0,,,102.63,102.43,102.42,102.21,94.14,93.96,93.96,93.78,64400,64400,64400,64400,2.1,1.5,1.6,1,5.7,0,7.3,5.3,2.3,0,,,,04:29:00,1781263740,4.48,23:31:00,1781332260,23.52,19.03,5,5,20,21,7,7,19519,,,,,7,4.3,4,1,,,,
2026-06-11,16.9,11.56,11.6,6.3,,,89,61.7,65.5,42,5.2,4,3.3,1.4,19,8.88,9.5,0,,,102.32,102.12,102.11,101.89,93.82,93.65,93.62,93.41,64400,64400,64400,64400,2,1.6,1.5,1,6.4,0,6.6,4.6,1.6,0,,,,04:30:00,1781177400,4.5,23:30:00,1781245800,23.5,19,5,5,19,19,7,7,17035,,,,,8,6.9,5.5,3,,,,
2026-06-10,14.2,10.75,11.14,8.1,,,98,85.8,83,68,10,8.4,8.6,7.2,14,8.29,9,4,,,101.85,101.52,101.5,101.15,93.35,93.1,93.06,92.78,64400,44275,37050,9700,1.8,1.5,1.6,1.3,6.9,0,6.1,4.1,1.1,9.2,,,0,04:31:00,1781091060,4.52,23:29:00,1781159340,23.48,18.97,4,4,17,18,6,6,11927,,,,,8,7.2,6,4,,,,
2026-06-09,21.1,13.18,13.1,5.1,,,94,50.2,59,24,8.9,2,4.1,-0.7,18,8.96,9,0,31,21,101.14,100.63,100.76,100.37,92.78,92.3,92.41,92.04,64400,58700,36250,8100,2.2,1.8,1.8,1.4,4.9,0,8.1,6.1,3.1,9.4,,,,04:32:00,1781004720,4.53,23:28:00,1781072880,23.47,18.93,5,5,19,20,8,8,20751,,,,,8,5.3,5,2,,,,
2026-06-08,20.4,12.85,12,3.6,,,73,45.8,49,25,1.4,0.4,0.3,-0.8,22,13.17,12.5,3,31,14,100.61,100.37,100.35,100.08,92.3,92.08,92.07,91.84,64400,61716.7,48300,32200,2.2,2,1.9,1.6,6,0,7,5,2,0,,,,04:33:00,1780918380,4.55,23:26:00,1780986360,23.43,18.88,5,5,20,20,7,7,28050,,,,,8,4,5,2,,,,
2026-06-07,19.3,12.2,11.65,4,,,76,49.2,52,28,2,1,1,-0.1,23,17.33,13.5,4,33,15,100.63,100.39,100.39,100.15,92.3,92.1,92.09,91.88,64400,64400,64400,64400,2.3,2,2,1.6,6.3,0,6.7,4.7,1.6,0,,,,04:34:00,1780832040,4.57,23:25:00,1780899900,23.42,18.85,5,5,19,19,7,7,24789,,,,,7,4.2,4.5,2,,,,
2026-06-06,20,13.45,13.65,7.3,,,68,45.5,48,28,3.5,1.2,1.5,-0.5,30,17.67,19,8,32,14,100.54,100.37,100.37,100.2,92.25,92.1,92.1,91.94,64400,61041.7,44250,24100,2.4,2.1,2,1.7,4.3,0,8.7,6.7,3.6,0,,,,04:35:00,1780745700,4.58,23:23:00,1780813380,23.38,18.8,5,5,19,19,7,7,24866,,,,,7,4.1,4,1,,,,
2026-06-05,21.9,14.81,13.3,4.7,,,82,44.3,50.5,19,4,1,0,-4,21,10.29,10.5,0,33,2,100.57,100.43,100.42,100.28,92.29,92.19,92.16,92.03,64400,64400,64400,64400,2.8,2.3,2.1,1.5,4.7,0,8.3,6.3,3.3,0,,,,04:36:00,1780659360,4.6,23:22:00,1780726920,23.37,18.77,5,5,23,23,9,10,18082,,,,,7,4.4,4,1,,,,
2026-06-04,24.4,17.52,17.39,10.4,,,55,33.5,36.5,18,4.2,0.6,1.2,-1.7,22,12.5,11,0,43,33,100.77,100.58,100.55,100.33,92.53,92.36,92.33,92.12,64400,63058.3,56350,48300,2.7,2.3,2.4,2,0.6,0,12.4,10.4,7.4,,,,,04:37:00,1780573020,4.62,23:20:00,1780640400,23.33,18.72,5,5,25,25,13,13,7378,,,,,8,6.1,5.5,3,,,,
2026-06-03,26.9,17.23,16.14,5.4,,,59,28.4,36.5,14,-0.8,-2.8,-2.4,-3.9,23,6.96,11.5,0,32,18,101.54,101.11,101.09,100.64,93.24,92.85,92.82,92.4,64400,64400,64400,64400,2.7,2.2,2.1,1.5,1.9,0,11.1,9.1,6.1,0,,,,04:39:00,1780486740,4.65,23:19:00,1780553940,23.32,18.67,5,5,27,27,10,11,24849,,,,,7,2.8,4,1,,,,
2026-06-02,24.5,14.88,13.45,2.4,,,64,31.1,38.5,13,-2.9,-4.5,-4.5,-6.2,25,10.33,12.5,0,39,12,102.99,102.27,102.26,101.54,94.47,93.89,93.86,93.24,64400,64400,64400,64400,2.8,2.3,2.2,1.6,4.5,0,8.4,6.5,3.5,0,,,,04:40:00,1780400400,4.67,23:17:00,1780467420,23.28,18.62,5,5,24,24,7,9,27276,,,,,4,2.2,2.5,1,,,,
2026-06-01,17.7,10.07,9.29,0.9,,,67,39.2,43,19,-3.2,-4.6,-4.8,-6.3,21,15.46,16,11,30,17,103.53,103.3,103.25,102.97,94.92,94.73,94.69,94.46,64400,62383.3,52300,40200,2.5,1.5,1.8,1,8.7,0,4.3,2.3,0,0,,,,04:42:00,1780314120,4.7,23:15:00,1780380900,23.25,18.55,5,5,19,19,5,6,28016,,,,,4,1.8,2.5,1,,,,
2026-05-31,12.3,7.5,7.25,2.2,,,68,42.7,47,26,-2.2,-5.3,-5,-7.8,30,22.75,23.5,17,35,23,103.3,102.79,102.8,102.29,94.63,94.19,94.16,93.7,64400,61041.7,48300,32200,1.9,1.7,1.4,1,10.8,0,2.2,0.2,0,0,,,,04:44:00,1780227840,4.73,23:13:00,1780294380,23.22,18.48,4,4,13,13,0,0,21063,,,,,8,5.3,4.5,1,,,,
2026-05-30,12.2,7.04,6.4,0.6,,,68,39,45,22,-3.7,-7,-6.8,-9.9,31,19.83,18,5,31,17,102.23,101.68,101.75,101.27,93.63,93.16,93.22,92.81,64400,60704.2,44250,24100,2.1,1.8,1.6,1,11.6,0,1.4,0,0,0,,,,04:45:00,1780141500,4.75,23:11:00,1780207860,23.18,18.43,4,4,10,11,2,3,26837,,,,,8,5.5,4.5,1,,,,
2026-05-29,11.6,6.51,7.1,2.6,,,92,55.6,56,20,2.1,-3.1,-4.4,-10.9,27,11.08,13.5,0,37,23,101.27,100.99,101.07,100.88,92.77,92.54,92.61,92.46,64400,56337.5,44250,24100,2.2,2,2,1.7,10.9,0,2.1,0.1,0,0,,,,04:47:00,1780055220,4.78,23:09:00,1780121340,23.15,18.37,4,4,12,12,0,1,18127,,,,,8,6.5,4.5,1,,,,
2026-05-28,10.6,5.7,6,1.4,,,86,56.8,59.5,33,2,-2.6,-1.6,-5.3,23,15.29,13,3,40,13,101.23,101.02,101.02,100.8,92.77,92.58,92.57,92.38,64400,59362.5,44250,24100,2.5,2,2.1,1.7,12,0,1,0,0,0,,,,04:49:00,1779968940,4.82,23:07:00,1780034820,23.12,18.3,4,4,12,14,1,3,19983,,,,,8,6.8,5.5,3,,,,
2026-05-27,11.5,6.88,6.55,1.6,,,70,44.7,47.5,25,-2,-5.3,-5.5,-9,36,20.88,24,12,31,25,101.15,101.05,101.03,100.92,92.68,92.61,92.6,92.52,64400,59362.5,44250,24100,2.5,2.1,2.2,1.9,11.4,0,1.6,0,0,0,,,,04:51:00,1779882660,4.85,23:05:00,1779948300,23.08,18.23,4,4,12,12,2,2,22153,,,,,8,6.3,5,2,,,,
2026-05-26,13.3,8.43,8.6,3.9,,,59,40.8,41.5,24,-2.3,-4.6,-5,-7.7,39,25.33,26.5,14,45,17,100.97,100.8,100.8,100.63,92.56,92.41,92.42,92.28,64400,61041.7,44250,24100,2.6,2.3,2.4,2.1,9.4,0,3.6,1.6,0,0,,,,04:52:00,1779796320,4.87,23:03:00,1779861780,23.05,18.18,5,5,14,14,3,3,20201,,,,,8,5.4,5,2,,,,
2026-05-25,13,9.77,9.85,6.7,,,54,41.8,41,28,1.2,-2.7,-3.4,-7.9,19,8.92,9.5,0,,,100.72,100.61,100.54,100.36,92.35,92.24,92.18,92.01,64400,57683.3,44250,24100,2.4,2.2,2.2,2,8.2,0,4.8,2.8,0,0,,,,04:54:00,1779710040,4.9,23:01:00,1779775260,23.02,18.12,4,4,15,16,6,8,11435,,,,,8,7,6,4,,,,
2026-05-24,13.2,6.72,5.65,-1.9,,-4,68,37.5,44,20,-5,-8.1,-7.8,-10.5,22,9.58,11,0,35,16,100.99,100.7,100.65,100.32,92.55,92.3,92.26,91.97,64400,57683.3,44250,24100,2.5,2.2,2.1,1.8,12.3,0,0.6,0,0,0,,,,04:57:00,1779623820,4.95,22:59:00,1779688740,22.98,18.03,4,4,13,13,0,1,25160,,,,,7,4.8,4,1,,,,
2026-05-23,11.6,5.9,5.45,-0.7,,,66,41.9,44.5,23,-4,-7.1,-7,-10.1,23,13.25,13.5,4,31,22,100.92,100.72,100.72,100.52,92.48,92.31,92.3,92.11,64400,59362.5,44250,24100,2.5,2.2,2.2,1.9,12.6,0,0.4,0,0,0,,,,04:59:00,1779537540,4.98,22:56:00,1779602160,22.93,17.95,4,4,11,11,0,0,19236,,,,,8,4.9,4.5,1,,,,
2026-05-22,12.3,7.65,8.5,4.7,,,54,40,41,28,-3.1,-5.3,-4.9,-6.7,32,18,18.5,5,37,15,101.2,101.06,101.03,100.86,92.78,92.66,92.61,92.45,64400,57345.8,44250,24100,2.7,2.3,2.4,2,9.5,0,3.5,1.5,0,0,,,,05:01:00,1779451260,5.02,22:54:00,1779515640,22.9,17.88,3,4,10,12,-1,1,13418,,,,,8,6.5,5,2,,,,
2026-05-21,14.3,9.37,9.44,4.6,,,63,41.5,43.5,24,-1.4,-4,-4.3,-7.3,38,24,26,14,47,16,101.37,101.23,101.21,101.05,92.92,92.81,92.79,92.67,64400,57345.8,44250,24100,2.7,2.3,2.2,1.8,8.6,0,4.4,2.4,0,0,,,,05:03:00,1779364980,5.05,22:52:00,1779429120,22.87,17.82,4,4,15,15,3,3,21994,,,,,8,6.8,6.5,5,,,,
2026-05-20,9,6.23,6.35,3.7,,,78,60.3,62.5,47,2.9,-1,0.4,-2.2,48,26.75,33,18,52,17,102.23,101.78,101.73,101.22,93.71,93.32,93.24,92.78,64400,57345.8,44250,24100,2.6,2.2,2.3,2,11.7,0,1.4,0,0,0,,,,05:05:00,1779278700,5.08,22:50:00,1779342600,22.83,17.75,2,2,7,9,4,5,9246,,,,,8,7.5,6.5,5,,,,
2026-05-19,12.8,7.17,6.55,0.3,,,62,41.9,44.5,27,-2.8,-5.4,-5.2,-7.5,31,14.29,15.5,0,35,12,102.18,101.91,101.87,101.56,93.61,93.38,93.32,93.03,64400,56675,44250,24100,2.6,2.3,2.3,2,11.4,0,1.6,0,0,,,,,05:07:00,1779192420,5.12,22:47:00,1779256020,22.78,17.67,4,4,14,16,4,4,22209,,,,,8,5.8,5,2,,,,
2026-05-18,11.6,7.74,7.8,4,,,66,45.3,47.5,29,-1.2,-4,-4,-6.9,30,22.62,21,12,36,24,101.48,101.21,101.28,101.09,92.96,92.77,92.81,92.67,64400,56675,44250,24100,2.4,2.1,2,1.7,10.2,0,2.8,0.8,0,,,,,05:10:00,1779106200,5.17,22:45:00,1779169500,22.75,17.58,4,4,13,14,1,2,17709,,,,,8,7.5,7,6,,,,
2026-05-17,10.7,6.29,6.5,2.3,,,65,50.8,52,39,-2.2,-3.3,-4,-5.8,40,26.71,26,12,50,16,101.95,101.59,101.59,101.23,93.48,93.15,93.13,92.78,64400,61375,52300,40200,2.4,2.2,2.2,2,11.5,0,1.5,0,0,,,,,05:12:00,1779019920,5.2,22:42:00,1779082920,22.7,17.5,4,4,12,12,4,4,10860,,,,,8,6.3,4,0,,,,
2026-05-16,16.7,8.57,8.44,0.2,,,71,41.4,46,21,-2.9,-4.9,-5.4,-7.9,27,9.29,13.5,0,37,23,101.92,101.71,101.68,101.45,93.38,93.22,93.16,92.95,64400,58687.5,44250,24100,2.7,2.2,2.1,1.6,9.6,0,3.4,1.4,0,,,,,05:15:00,1778933700,5.25,22:40:00,1778996400,22.67,17.42,4,4,18,18,3,3,19856,,,,,7,3.5,3.5,0,,,,
2026-05-15,14.1,7.87,7.4,0.7,,,76,43.2,48,20,-2.5,-5.5,-5.8,-9.2,23,16.38,14.5,6,39,21,101.38,101.11,101.13,100.89,92.89,92.67,92.67,92.45,64400,56675,44250,24100,2.7,2.5,2.4,2.1,10.6,0,2.4,0.4,0,,,,,05:17:00,1778847420,5.28,22:37:00,1778909820,22.62,17.33,4,4,14,14,0,0,26219,,,,,5,2.5,3,1,,,,
2026-05-14,13.8,8.83,8.8,3.8,,,72,46,48,24,-0.2,-3.1,-3.8,-7.4,32,19.21,20.5,9,36,21,100.85,100.64,100.69,100.54,92.41,92.27,92.29,92.17,64400,56004.2,44250,24100,2.7,2.4,2.4,2.1,9.2,0,3.8,1.8,0,,,,,05:19:00,1778761140,5.32,22:35:00,1778823300,22.58,17.27,4,4,13,13,1,1,22233,,,,,8,5.2,4.5,1,,,,
2026-05-13,13.8,8.31,6.95,0.1,,,80,50,56.5,33,-1.5,-2.2,-2.2,-2.8,22,11.38,11,0,,,100.77,100.55,100.57,100.38,92.4,92.2,92.21,92.01,64400,56004.2,44250,24100,2.7,2.4,2.3,1.9,11.1,0,2,0,0,,,,,05:22:00,1778674920,5.37,22:33:00,1778736780,22.55,17.18,3,4,14,14,4,5,14579,,,,,8,4.5,4.5,1,,,,
2026-05-12,14.5,7.68,7.05,-0.4,,-5,74,49,53,32,-2.2,-3.1,-3.3,-4.4,23,14.92,15.5,8,33,15,102.01,101.44,101.39,100.77,93.49,93.03,92.95,92.42,64400,56004.2,44250,24100,2.8,2.4,2.5,2.2,10.9,0,2,0,0,,,,,05:24:00,1778588640,5.4,22:30:00,1778650200,22.5,17.1,4,4,16,16,3,4,20039,,,,,8,6.5,5.5,3,,,,
2026-05-11,12.1,6.96,6.65,1.2,,,71,44.3,48,25,-2.7,-5.5,-5.5,-8.4,28,21.71,20,12,36,19,101.99,101.67,101.59,101.19,93.46,93.16,93.06,92.67,64400,56004.2,44250,24100,3,2.5,2.6,2.2,11.3,0,1.6,0,0,,,,,05:27:00,1778502420,5.45,22:27:00,1778563620,22.45,17,4,4,14,14,2,2,24140,,,,,7,3.8,4.5,2,,,,
2026-05-10,11.6,6.86,7.3,3,,,73,55.6,53.5,34,-0.4,-1.8,-2.4,-4.4,35,22.71,22.5,10,37,15,101.11,100.54,100.72,100.33,92.57,92.13,92.26,91.96,64400,56004.2,44250,24100,2.6,2.3,2.4,2.2,10.7,0,2.3,0.3,0,,,,,05:30:00,1778416200,5.5,22:25:00,1778477100,22.42,16.92,4,4,12,12,3,4,11915,,,,,8,7,5.5,3,,,,
2026-05-09,12.1,7.7,8.19,4.3,,,79,57.8,58.5,38,1.6,-0.5,-0.7,-3,40,25.25,22.5,5,36,14,100.53,100.34,100.39,100.26,92.17,91.99,92.03,91.89,64400,56004.2,44250,24100,2.8,2.7,2.7,2.6,9.8,0,3.2,1.2,0,,,,,05:32:00,1778329920,5.53,22:22:00,1778390520,22.37,16.83,3,3,12,12,5,5,13437,,,,,8,7.2,6.5,5,,,,
2026-05-08,12.1,5.23,5.45,-1.2,,-5,72,50.8,48.5,25,0.9,-4.8,-3.5,-8,28,19.25,17.5,7,36,15,101.59,101,101.08,100.57,93.12,92.59,92.67,92.22,64400,53987.5,44250,24100,3.1,2.6,2.6,2.2,12.6,0,0.4,0,0,,,,,05:35:00,1778243700,5.58,22:20:00,1778304000,22.33,16.75,3,3,8,8,6,6,12094,,,,,8,7.5,7,6,,,,
2026-05-07,10.7,6.03,5.35,0,,,66,42.5,46,26,-4.6,-6.3,-6.4,-8.2,17,9.08,8.5,0,28,13,102.06,101.84,101.82,101.59,93.52,93.33,93.31,93.1,64400,56004.2,44250,24100,2.5,2.2,2.2,1.9,12.7,0,0.4,0,0,,,,,05:38:00,1778157480,5.63,22:17:00,1778217420,22.28,16.65,2,3,12,12,0,1,16038,,,,,8,5.2,5,2,,,,
2026-05-06,11,6.7,6.3,1.6,,,69,47.9,51.5,34,-2.3,-4,-4.5,-6.6,31,18.88,15.5,0,34,20,101.66,101.4,101.36,101.05,93.12,92.92,92.87,92.62,64400,57683.3,44250,24100,2.7,2.4,2.5,2.2,11.7,0,1.3,0,0,,,,,05:40:00,1778071200,5.67,22:15:00,1778130900,22.25,16.58,3,3,11,12,0,1,16191,,,,,8,5.3,4.5,1,,,,
2026-05-05,15.9,11.17,11.15,6.4,,,55,42.3,37.5,20,2.1,-1.6,-2.6,-7.3,48,28.62,30,12,45,15,101.1,100.75,100.83,100.57,92.8,92.43,92.53,92.26,64400,56004.2,44250,24100,3.3,2.9,3,2.7,6.8,0,6.2,4.2,1.1,,,,,05:43:00,1777984980,5.72,22:12:00,1778044320,22.2,16.48,4,4,16,16,2,4,18647,,,,,8,4.7,4.5,1,,,,
2026-05-04,17,9.3,9.19,1.4,,,83,53.8,57,31,0.4,-0.5,-0.4,-1.1,28,19.04,19.5,11,32,16,102.24,101.86,101.71,101.18,93.71,93.42,93.27,92.84,64400,56004.2,44250,24100,3.5,2.8,3,2.4,8.8,0,4.2,2.2,0,,,,,05:46:00,1777898760,5.77,22:10:00,1777957800,22.17,16.4,4,4,16,16,8,8,21655,,,,,7,4.5,4,1,,,,
2026-05-03,12.1,7.17,6.45,0.8,,,72,53.6,55.5,39,-0.4,-1.9,-3.4,-6.3,26,13.79,14.5,3,29,21,102.31,102.22,102.2,102.09,93.78,93.7,93.67,93.56,64400,56004.2,44250,24100,3.1,2.6,2.6,2.2,11.6,0,1.4,0,0,,,,,05:49:00,1777812540,5.82,22:07:00,1777871220,22.12,16.3,3,3,13,13,2,2,8692,,,,,8,7,6,4,,,,
2026-05-02,14.8,9.28,9.55,4.3,,,67,40,44,21,-0.7,-4.7,-4.5,-8.3,40,24.42,27,14,40,15,102.02,101.49,101.57,101.13,93.46,93.03,93.08,92.69,64400,56004.2,44250,24100,3.2,2.8,2.8,2.4,8.4,0,4.5,2.5,0,,,,,05:51:00,1777726260,5.85,22:04:00,1777784640,22.07,16.22,4,4,14,14,-1,0,20575,,,,,8,6.2,5,2,,,,
2026-05-01,11.9,5.72,5.95,0,,,81,53.7,55.5,30,-2.2,-3.7,-4,-5.7,37,23.04,24.5,12,46,16,101.9,101.72,101.66,101.41,93.37,93.23,93.19,93.02,64400,54662.5,44250,24100,3,2.7,2.6,2.3,12.1,0,1,0,0,,,,,05:54:00,1777640040,5.9,22:02:00,1777698120,22.03,16.13,3,3,12,12,3,3,19834,,,,,8,5,4,0,,,,
2026-04-30,11.9,7.1,8.05,4.2,,,77,58.8,54,31,1.6,-1.1,-1.9,-5.5,39,15.92,21,3,33,17,101.83,101.56,101.53,101.22,93.28,93.07,93.03,92.78,64400,53654.2,44250,24100,2.8,2.3,2.4,1.9,9.9,0,3,1.1,0,,,,0,05:57:00,1777553820,5.95,21:59:00,1777611540,21.98,16.03,3,3,9,10,0,0,13273,,,,,8,5.4,5,2,,,,
2026-04-29,10.6,5.78,5.15,-0.3,,,79,64.2,65.5,52,1.7,-0.6,-0.4,-2.5,41,22.08,23,5,46,16,102.3,101.84,101.79,101.28,93.74,93.36,93.29,92.84,64400,53320.8,44250,24100,2.8,2.6,2.5,2.1,12.8,0,0.2,0,0,,,,10,06:00:00,1777467600,6,21:57:00,1777525020,21.95,15.95,3,3,8,8,4,4,12727,,,,,8,6.9,6,4,,,,
2026-04-28,9.9,5.12,5,0.1,,,79,62.3,63.5,48,-0.1,-1.7,-1.9,-3.6,39,25.5,26.5,14,35,15,102.04,101.81,101.87,101.7,93.48,93.28,93.34,93.19,64400,52983.3,44250,24100,3.1,2.8,2.8,2.5,13,0,0,0,0,,,,18,06:03:00,1777381380,6.05,21:54:00,1777438440,21.9,15.85,4,4,11,11,1,1,17939,,,,,8,5.5,4,0,,,,
2026-04-27,11.2,4.44,3.95,-3.3,,-6,84,54.9,57.5,31,-3.6,-4.8,-5.2,-6.8,17,6.79,8.5,0,,,101.71,101.52,101.53,101.36,93.15,93,93.01,92.86,64400,54662.5,44250,24100,3,2.8,2,1,14.1,0,0,0,0,,,,21,06:06:00,1777295160,6.1,21:52:00,1777351920,21.87,15.77,4,4,11,11,-1,-1,18294,,,,,8,4.8,4,0,,,,
2026-04-26,13.2,5.59,5.44,-2.3,,-2,92,59.2,62,32,-0.4,-2.7,-2.9,-5.3,24,8.38,12,0,32,24,101.71,101.35,101.4,101.1,93.26,92.89,92.96,92.65,64400,53987.5,44250,24100,,,,,12.6,0,0.4,0,0,,,,27,06:09:00,1777208940,6.15,21:49:00,1777265340,21.82,15.67,3,3,8,8,-1,-1,22042,,,,,7,3.2,3.5,0,,,,
2026-04-25,13.4,6.86,6.95,0.5,,,69,50.1,50.5,32,-0.9,-3.4,-3.2,-5.5,32,15.21,18,4,31,16,102.18,101.96,101.96,101.73,93.62,93.46,93.44,93.25,64400,53316.7,44250,24100,,,,,11.1,0,2,0,0,,,,32,06:11:00,1777122660,6.18,21:46:00,1777178760,21.77,15.58,3,3,12,12,0,0,20902,,,,,1,0.8,0.5,0,,,,
2026-04-24,10.1,4.49,5.55,1,,,82,64.7,57,32,-1,-2,-3.4,-5.8,31,24.88,24,17,38,16,102.73,102.39,102.44,102.14,94.11,93.84,93.85,93.59,64400,52645.8,44250,24100,,,,,12.4,0,0.6,0,0,,,,36,06:14:00,1777036440,6.23,21:44:00,1777092240,21.73,15.5,3,3,9,10,-2,0,6877,,,,,8,6.3,5,2,,,,
2026-04-23,11,3.71,4.05,-2.9,,-6,82,63,62,42,-1.3,-3,-3.2,-5.2,28,15.75,16.5,5,32,16,102.72,102.63,102.6,102.48,94.08,94,93.99,93.89,64400,52645.8,44250,24100,,,,,13.9,0,0,0,0,,,,39,06:17:00,1776950220,6.28,21:41:00,1777005660,21.68,15.4,3,3,10,10,-1,-1,11790,,,,,8,5.6,4.5,1,,,,
2026-04-22,7.2,1.25,1.05,-5.1,,-7,79,52.8,55.5,32,-5,-8,-7.4,-9.8,17,7.71,8.5,0,,,102.58,102.26,102.19,101.79,93.91,93.6,93.53,93.14,64400,52645.8,44250,24100,,,,,16.9,0,0,0,0,,,,42,06:20:00,1776864000,6.33,21:39:00,1776919140,21.65,15.32,3,3,6,6,-3,-3,19695,,,,,8,6.5,5.5,3,,,,
2026-04-21,4.8,1.02,0.04,-4.7,,-5,75,52.4,57.5,40,-6.9,-7.9,-8,-9.1,27,11.58,13.5,0,31,23,101.71,101.24,101.36,101.02,93.05,92.68,92.77,92.48,64400,52645.8,44250,24100,,,,,18,0,0,0,0,,,,44,06:23:00,1776777780,6.38,21:36:00,1776832560,21.6,15.22,3,3,6,6,-6,-6,11927,,,,,8,5.8,5,2,,,,
2026-04-20,5.6,3.17,2.65,-0.3,,-5,60,45.1,46,32,-5.8,-7.8,-8,-10.2,45,19.88,24.5,4,40,19,100.98,100.64,100.67,100.36,92.43,92.16,92.17,91.91,64400,52645.8,44250,24100,,,,,15.3,0,0,0,0,,,,46,06:26:00,1776691560,6.43,21:33:00,1776745980,21.55,15.12,2,3,4,5,-3,-3,13945,,,,,8,6.2,4,0,,,,
2026-04-19,7.7,3.23,2.9,-1.9,,-4,92,60.4,64,36,-1.5,-4.5,-4.5,-7.4,44,18.17,22,0,57,17,100.9,100.66,100.61,100.32,92.39,92.22,92.15,91.92,64400,51637.5,44250,24100,,,,,15.1,0,0,0,0,,,,52,06:29:00,1776605340,6.48,21:31:00,1776659460,21.52,15.03,3,3,6,6,-4,-4,17586,,,,,8,6.2,4,0,,,,
2026-04-18,4.7,2.51,2.75,0.8,,,82,68.8,71.5,61,-0.8,-2.7,-2.2,-3.6,24,18.38,17.5,11,31,15,101.23,101.08,101.03,100.83,92.72,92.59,92.53,92.34,64400,49958.3,44250,24100,,,,,15.2,0,0,0,0,,,,55,06:32:00,1776519120,6.53,21:28:00,1776572880,21.47,14.93,2,2,5,5,-2,-2,6573,,,,,8,8,8,8,,,,
2026-04-17,5,2.01,2.04,-0.9,,-7,93,68.6,73.5,54,-1.6,-3.3,-3,-4.5,31,23.79,22,13,39,16,101.57,101.36,101.39,101.21,93.01,92.84,92.86,92.7,64400,50500,34600,4800,,,,,16,0,0,0,0,,,,57,06:35:00,1776432900,6.58,21:26:00,1776486360,21.43,14.85,3,3,6,7,0,1,6655,,,,,8,7.7,7,6,,,,
2026-04-16,4,-0.59,-2.04,-8.1,,-11,84,57.7,61,38,-4.7,-8.3,-7.5,-10.3,22,11.12,11,0,32,20,101.72,101.6,101.53,101.33,93.1,92.99,92.91,92.72,64400,51637.5,44250,24100,,,,,20,0,0,0,0,,,,59,06:38:00,1776346680,6.63,21:23:00,1776399780,21.38,14.75,3,3,5,6,-1,-1,17182,,,,,8,4.8,4.5,1,,,,
2026-04-15,3.9,-1.87,-3.34,-10.6,,-14,78,52,54,30,-8.8,-11,-11.2,-13.6,25,12.33,14.5,4,27,21,101.48,101.28,101.31,101.13,92.84,92.69,92.68,92.53,64400,52645.8,44250,24100,,,,,21.3,0,0,0,0,,,,60,06:41:00,1776260460,6.68,21:21:00,1776313260,21.35,14.67,2,2,3,3,-7,-6,16744,,,,,8,4.3,4,0,,,,
2026-04-14,2.9,-0.42,0.3,-2.3,,-6,98,75,71.5,45,-2.6,-4.8,-6.5,-10.4,23,11.08,11.5,0,32,35,101.24,100.65,100.74,100.24,92.61,92.1,92.17,91.74,64400,37079.2,34200,4000,,,,,17.7,0,0,0,0,,,,61,06:44:00,1776174240,6.73,21:18:00,1776226680,21.3,14.57,1,1,3,3,-8,-5,7757,,,,,8,6.2,4,0,,,,
2026-04-13,1.8,-1.93,-3.1,-8,,-11,88,73.5,73.5,59,-3,-6.1,-6.2,-9.5,20,7.62,11.5,3,,,100.23,99.99,100.03,99.83,91.73,91.5,91.55,91.37,64400,42720.8,37050,9700,,,,,21.1,0,0,0,0,,,,59,06:47:00,1776088020,6.78,21:16:00,1776140160,21.27,14.48,2,2,3,3,-6,-4,10135,,,,,8,5.3,4.5,1,,,,
2026-04-12,3.3,-1.4,-2.05,-7.4,,-13,82,63.3,61,40,-4.5,-7.8,-7,-9.6,32,16.92,18,4,33,16,101.17,100.36,100.54,99.92,92.64,91.91,92.06,91.47,64400,50295.8,44250,24100,3.2,2.8,2.8,2.5,20.1,0,0,0,0,,,,60,06:51:00,1776001860,6.85,21:13:00,1776053580,21.22,14.37,2,2,4,4,-7,-6,8686,,,,,8,6.1,4.5,1,,,,
2026-04-11,4.9,-1.43,-2.25,-9.4,,-10,80,54,57.5,35,-6.6,-10.1,-9.6,-12.6,14,7.38,7,0,,,101.98,101.72,101.6,101.21,93.33,93.13,93.01,92.69,64400,50295.8,44250,24100,3.5,3,3,2.6,20.2,0,0,0,0,,,,61,06:54:00,1775915640,6.9,21:11:00,1775967060,21.18,14.28,2,2,6,6,-6,-4,15661,,,,,7,4.2,4,1,,,,
2026-04-10,5.1,0.98,0.69,-3.7,,-6,93,59.9,61.5,30,-2.4,-7,-7.2,-12.1,18,8.25,9,0,,,102.24,102.02,102,101.77,93.62,93.42,93.4,93.18,64400,49958.3,44250,24100,3.1,2.7,2.6,2.2,17.3,0,0,0,0,,,,63,06:57:00,1775829420,6.95,21:08:00,1775880480,21.13,14.18,2,2,5,6,-8,-8,16244,,,,,8,4.3,4.5,1,,,,
2026-04-09,5.5,1.69,1.7,-2.1,,-4,96,70,71,46,-1.9,-3.6,-3.9,-5.8,15,6.88,7.5,0,31,34,102.13,102.01,101.97,101.82,93.51,93.42,93.38,93.24,64400,42250,36250,8100,3.1,2.7,2.6,2.2,16.3,0,0,0,0,,,,66,07:00:00,1775743200,7,21:05:00,1775793900,21.08,14.08,1,2,4,4,-5,-4,10229,,,,,8,7.2,6,4,,,,
2026-04-08,4.7,-1.49,-2.74,-10.2,,-13,93,67.2,68.5,44,-4,-7.2,-7.2,-10.5,23,11.25,11.5,0,32,19,102.41,102.21,102.22,102.03,93.69,93.54,93.53,93.38,64400,49287.5,44250,24100,3.4,2.9,3,2.5,20.7,0,0,0,0,,,,67,07:03:00,1775656980,7.05,21:03:00,1775707380,21.05,14,3,3,4,4,-3,-3,14053,,,,,8,6,4.5,1,,,,
2026-04-07,2.6,0.44,-0.5,-3.6,,-5,86,66.8,63.5,41,-2,-5.4,-5.7,-9.3,30,9.88,15,0,39,18,102.12,101.91,101.89,101.66,93.45,93.29,93.25,93.05,64400,49958.3,44250,24100,2.8,2.4,2.4,1.9,18.5,0,0,0,0,,,,69,07:06:00,1775570760,7.1,21:00:00,1775620800,21,13.9,2,3,3,5,-9,-7,8232,,,,,8,7.4,6,4,,,,
2026-04-06,3.5,0.83,1.05,-1.4,,-5,99,81.6,80.5,62,-0.7,-2.2,-2.7,-4.7,19,9.04,11,3,,,101.63,101.23,101.33,101.03,93.01,92.69,92.76,92.52,64400,27637.5,33000,1600,2.3,2.3,2.3,2.3,16.9,0,0,0,0,,,,73,07:09:00,1775484540,7.15,20:58:00,1775534280,20.97,13.82,1,1,3,3,-5,-4,8243,,,,,8,8,7.5,7,,,,
2026-04-05,5.6,0.68,-0.3,-6.2,,-9,84,61.7,62,40,-4.8,-6.2,-6.2,-7.6,23,14.08,11.5,0,35,13,102.74,102.24,102.08,101.43,94.03,93.65,93.49,92.95,64400,49289.2,44250,24100,,,,,18.3,0,0,0,0,,,,72,07:12:00,1775398320,7.2,20:55:00,1775447700,20.92,13.72,2,2,5,5,-2,-2,12347,,,,,8,6,5,2,,,,
2026-04-04,5.3,-0.95,-0.89,-7.1,,-13,84,64.7,63,42,-5.9,-7.2,-7.5,-9.2,23,14.04,13.5,4,30,20,102.68,102.42,102.38,102.07,93.96,93.7,93.63,93.31,64400,49287.5,44250,24100,,,,,18.9,0,0,0,0,,,,74,07:15:00,1775312100,7.25,20:53:00,1775361180,20.88,13.63,2,2,4,4,-7,-7,14193,,,,,8,4.8,4.5,1,,,,
2026-04-03,1.3,-6.24,-7.5,-16.3,,-19,81,66.2,62.5,44,-3.6,-11.8,-11.1,-18.6,17,7.5,8.5,0,,,102.02,101.52,101.6,101.18,93.24,92.8,92.89,92.54,64400,44254.2,44250,24100,,,,,25.5,0,0,0,0,,,,76,07:18:00,1775225880,7.3,20:50:00,1775274600,20.83,13.53,2,2,0,2,-7,-4,10282,,,,,8,6.4,5.5,3,,,,
2026-04-02,1.8,-7.62,-8.54,-18.9,,-23,84,58.5,58.5,33,-10.3,-15.2,-15.7,-21,22,9.96,11,0,31,16,101.32,101.19,101.19,101.06,92.58,92.5,92.49,92.39,64400,49958.3,44250,24100,3.6,3.1,3.1,2.6,26.5,0,0,0,0,,,,76,07:21:00,1775139660,7.35,20:48:00,1775188080,20.8,13.45,2,2,0,2,-11,-11,15581,,,,,7,2,3.5,0,,,,
2026-04-01,0.1,-5.44,-6.3,-12.7,,-17,74,53.7,55,36,-11.7,-13.8,-13.9,-16.2,21,9.67,10.5,0,,,101.42,101.24,101.22,101.02,92.73,92.6,92.56,92.39,64400,49287.5,44250,24100,3.5,2.8,3,2.5,24.3,0,0,0,0,,,,76,07:25:00,1775053500,7.42,20:45:00,1775101500,20.75,13.33,2,2,-1,-1,-17,-15,14456,,,,,8,4.5,4,0,,,,
2026-03-31,0.6,-9.68,-10.39,-21.4,,-24,81,62.5,61,41,-10.6,-16,-17,-23.4,14,5.21,7,0,,,101.63,101.43,101.41,101.19,92.87,92.69,92.67,92.46,64400,49287.5,44250,24100,4.1,3.1,3.3,2.5,28.4,0,0,0,0,0.9,,,77,07:28:00,1774967280,7.47,20:43:00,1775014980,20.72,13.25,2,2,-2,-2,-15,-15,13965,,,,,8,3.5,4,0,,,,
2026-03-30,-1.4,-12.18,-12.75,-24.1,,-31,74,54.6,55,36,-13.9,-20.1,-20.4,-26.9,16,8.88,9.5,3,,,102.18,101.95,101.9,101.63,93.31,93.12,93.08,92.85,64400,49287.5,44250,24100,4.1,3.3,3.3,2.5,30.8,0,0,0,0,1.1,,,77,07:31:00,1774881060,7.52,20:40:00,1774928400,20.67,13.15,2,2,-2,-2,-20,-15,14619,,,,,5,1.4,2.5,0,,,,
2026-03-29,-3.3,-12.95,-12.85,-22.4,,-27,76,52.5,49.5,23,-17.5,-21.6,-21.4,-25.2,17,5.71,8.5,0,,,102.47,102.29,102.27,102.07,93.58,93.43,93.39,93.19,64400,49287.5,44250,24100,3.9,3,3.2,2.5,30.9,0,0,0,0,1,,,77,07:34:00,1774794840,7.57,20:38:00,1774841880,20.63,13.07,2,2,-7,-5,-18,-18,13367,,,,,6,3.2,3,0,,,,
2026-03-28,-4.4,-14.09,-15.64,-26.9,,-29,77,53.3,53.5,30,-18.4,-22.5,-23.4,-28.5,18,7.21,9,0,,,102.93,102.69,102.67,102.42,93.93,93.77,93.72,93.51,64400,48279.2,44250,24100,3.8,2.9,3,2.3,33.6,0,0,0,0,1.4,,,78,07:37:00,1774708620,7.62,20:35:00,1774755300,20.58,12.97,1,1,-7,-7,-18,-16,14633,,,,,8,2.5,4,0,,,,
2026-03-27,-5.9,-14.39,-14.7,-23.5,,-29,75,53.5,53.5,32,-19.5,-22.6,-22.7,-25.9,17,9.25,10,3,,,103.22,103.03,103.03,102.83,94.2,94.06,94.04,93.88,64400,50966.7,44250,24100,4,2.8,3.1,2.2,32.7,0,0,0,0,0.5,,,78,07:40:00,1774622400,7.67,20:33:00,1774668780,20.55,12.88,1,1,-8,-8,-22,-20,14333,,,,,0,0,0,0,,,,
2026-03-26,-7.9,-15.94,-16,-24.1,,-27,80,56,57.5,35,-20.7,-23.4,-23.5,-26.3,14,5.88,7,0,,,103.29,103.07,103.11,102.92,94.21,94.06,94.05,93.89,64400,47608.3,44250,24100,3.3,2.4,2.5,1.8,34,0,0,0,0,1,,,78,07:43:00,1774536180,7.72,20:30:00,1774582200,20.5,12.78,1,1,-9,-9,-21,-19,13629,,,,,7,2.8,3.5,0,,,,
2026-03-25,-9.7,-13.54,-15.35,-21,,-24,82,55.1,57,32,-15.6,-21.5,-20.1,-24.5,11,6.21,5.5,0,,,102.86,102.47,102.45,102.04,93.84,93.56,93.51,93.19,64400,48279.2,44250,24100,3.9,2.6,2.8,1.8,33.4,0,0,0,0,1.2,,,79,07:46:00,1774449960,7.77,20:28:00,1774495680,20.47,12.7,1,1,-11,-10,-19,-19,12747,,,,,7,4.7,4,1,,,,
2026-03-24,-6,-9.36,-8.75,-11.5,,-18,79,65.4,63,47,-13.1,-14.8,-14.8,-16.5,17,10.58,10,3,27,0,102.23,102.03,101.99,101.75,93.42,93.24,93.2,92.99,64400,29845.8,36250,8100,2.9,2.5,2.6,2.3,26.8,0,0,0,0,0,,,79,07:49:00,1774363740,7.82,20:25:00,1774409100,20.42,12.6,,,-7,-7,-16,-15,7470,,,,,8,6.5,5.5,3,,,,
2026-03-23,-8.1,-10,-10.8,-13.5,,-19,80,64.2,65.5,51,-13.7,-15.7,-15.2,-16.7,20,10.46,10,0,36,35,102.21,102.03,101.97,101.74,93.39,93.23,93.17,92.95,64400,38870.8,44250,24100,3.3,2.6,2.8,2.4,28.8,0,0,0,0,0,,,80,07:53:00,1774277580,7.88,20:23:00,1774322580,20.38,12.5,1,1,-6,-6,-15,-15,6994,,,,,8,7.5,4.5,1,,,,
2026-03-22,-4.3,-7.03,-9.4,-14.5,,-16,92,80.7,78.5,65,-7.3,-9.9,-11,-14.7,13,9.12,8.5,4,,,101.7,101.42,101.38,101.05,92.92,92.72,92.66,92.4,32200,15283.3,17300,2400,2.8,2.4,2.5,2.2,27.4,0,0,0,0,2.4,,,79,07:56:00,1774191360,7.93,20:20:00,1774236000,20.33,12.4,1,1,-4,-4,-16,-14,6948,,,,,8,6.4,5,2,,,,
2026-03-21,-3,-7.7,-7.45,-11.9,,-17,86,76,74.5,63,-6.1,-11.3,-10.7,-15.2,11,6.92,5.5,0,,,101.49,101.31,101.27,101.05,92.79,92.63,92.59,92.39,40200,17837.5,21700,3200,3.5,2.8,2.9,2.3,25.4,0,0,0,0,1.4,,,78,07:59:00,1774105140,7.98,20:18:00,1774149480,20.3,12.32,1,1,-5,-5,-12,-12,7289,,,,,8,7.8,7,6,,,,
2026-03-20,-1.8,-10.02,-11.5,-21.2,,-26,88,68.8,65.5,43,-10,-15.2,-15.7,-21.3,22,11.88,12.5,3,29,13,101.46,101.21,101.18,100.9,92.68,92.44,92.36,92.04,64400,45929.2,44250,24100,4.4,3.5,3.6,2.8,29.5,0,0,0,0,0.9,,,78,08:02:00,1774018920,8.03,20:15:00,1774062900,20.25,12.22,1,1,-5,-1,-15,-14,7508,,,,,8,5.1,4,0,,,,
2026-03-19,-2.6,-15.72,-14.4,-26.2,,-31,89,71.1,66.5,44,-7.3,-20.1,-17.9,-28.4,34,11.04,17,0,34,17,100.89,100.61,100.56,100.23,92.01,91.77,91.69,91.36,64400,43683.3,33400,2400,4,3.2,3.2,2.5,32.4,0,0,0,0,0.6,,,79,08:05:00,1773932700,8.08,20:13:00,1773976380,20.22,12.13,1,1,-4,-4,-19,-16,9746,,,,,8,6.1,4,0,,,,
2026-03-18,-12.5,-19.29,-18.25,-24,,-33,78,64.2,64,50,-20.8,-24.6,-24.3,-27.8,16,8.58,8,0,,,100.83,100.52,100.48,100.12,92,91.71,91.66,91.32,64400,42233.3,44250,24100,3.3,2.3,2.6,2,36.2,0,0,0,0,0.9,,,80,08:08:00,1773846480,8.13,20:10:00,1773889800,20.17,12.03,1,1,-10,-10,-19,-19,9332,,,,,8,5.5,5,2,,,,
2026-03-17,-13.1,-15.45,-15.5,-17.9,,-26,83,69.7,66.5,50,-16.3,-20,-19.3,-22.3,18,13.08,13,8,,,100.66,100.03,100.07,99.48,91.78,91.29,91.31,90.85,64400,27220.8,33800,3200,2.5,2.2,1.8,1,33.5,0,0,0,0,1.7,,,80,08:11:00,1773760260,8.18,20:07:00,1773803220,20.12,11.93,1,1,-11,-11,-20,-20,11009,,,,,8,5.6,5,2,,,,
2026-03-16,-6,-10.05,-9.69,-13.4,,-20,92,80.7,79,66,-9.9,-12.8,-12.8,-15.6,20,12.54,12.5,5,32,34,99.73,99.31,99.4,99.07,91.29,90.78,90.92,90.56,40200,12070.8,20700,1200,2.8,2.4,2.5,2.3,27.7,0,0,0,0,5.2,,,76,08:14:00,1773674040,8.23,20:05:00,1773716700,20.08,11.85,1,1,-10,-10,-18,-18,6993,,,,,8,7.7,7.5,7,,,,
2026-03-15,-4.8,-11.4,-11.4,-18,,-27,72,60.7,62,52,-13.2,-17.7,-18.1,-23.1,32,17.21,18.5,5,31,17,102.44,101.42,101.16,99.88,93.45,92.72,92.44,91.43,64400,45929.2,44250,24100,3.9,2.9,3.2,2.5,29.4,0,0,0,0,0,,,75,08:18:00,1773587880,8.3,20:02:00,1773630120,20.03,11.73,1,1,-9,-9,-14,-14,6674,,,,,8,6.6,4,0,,,,
2026-03-14,-10.3,-22.38,-22.15,-34,,-39,74,59.7,57,40,-20.1,-28.7,-28.2,-36.4,23,7.71,11.5,0,,,102.74,102.56,102.59,102.45,93.58,93.47,93.48,93.38,64400,45929.2,44250,24100,4.2,3.5,3.4,2.6,40.1,0,0,0,0,0.6,,,76,08:21:00,1773501660,8.35,20:00:00,1773543600,20,11.65,1,1,-15,-14,-22,-20,10432,,,,,7,2.9,3.5,0,,,,
2026-03-13,-13.6,-25.56,-24.6,-35.6,,-41,73,59.3,53.5,34,-25,-31.8,-31.8,-38.5,16,4.33,8,0,,,102.97,102.73,102.68,102.39,93.76,93.59,93.53,93.3,64400,46266.7,44250,24100,4,3.4,3.4,2.7,42.6,0,0,0,0,0.6,,,76,08:24:00,1773415440,8.4,19:57:00,1773457020,19.95,11.55,1,1,-16,-16,-33,-29,10122,,,,,7,1.9,3.5,0,,,,
2026-03-12,-17,-21.88,-21.85,-26.7,,-33,75,56.8,56,37,-26.9,-28.6,-28.6,-30.3,19,10.92,11.5,4,,,103.03,102.84,102.83,102.62,93.91,93.76,93.73,93.54,64400,43512.5,35400,6400,3.3,2.4,2.8,2.2,39.9,0,0,0,0,0.2,,,76,08:27:00,1773329220,8.45,19:55:00,1773370500,19.92,11.47,1,1,-18,-18,-30,-29,10369,,,,,7,2.4,3.5,0,,,,
2026-03-11,-17.1,-19.1,-18.8,-20.5,,-30,71,61.5,60,49,-22.8,-24.9,-24.6,-26.5,25,16.25,18.5,12,37,34,102.57,102.27,102.26,101.96,93.5,93.27,93.23,92.96,64400,26095.8,34600,4800,2.3,2.2,2.1,2,36.8,0,0,0,0,0,,,77,08:30:00,1773243000,8.5,19:52:00,1773283920,19.87,11.37,1,1,-17,-17,-26,-24,7205,,,,,8,7,4.5,1,,,,
2026-03-10,-15.8,-19.87,-20.05,-24.3,,-32,78,66,64,50,-23,-24.8,-25.1,-27.3,18,12.46,12.5,7,,,101.92,101.54,101.56,101.19,92.92,92.59,92.6,92.28,64400,33912.5,37050,9700,2.5,2.3,2.3,2.1,38,0,0,0,0,0.4,,,77,08:33:00,1773156780,8.55,19:50:00,1773197400,19.83,11.28,1,1,-16,-15,-22,-20,7396,,,,,8,5.8,4.5,1,,,,
2026-03-09,-11.3,-14.49,-14.5,-17.7,,-26,78,61.8,62,46,-14.8,-20.4,-18.9,-23.1,22,15.46,15,8,32,35,101.13,100.94,100.86,100.6,92.29,92.17,92.08,91.88,64400,39841.7,35400,6400,2.3,2.1,2.1,1.9,32.5,0,0,0,0,0,,,77,08:36:00,1773070560,8.6,19:47:00,1773110820,19.78,11.18,1,1,-11,-11,-20,-18,7530,,,,,8,6.3,4.5,1,,,,
2026-03-08,-2.4,-5.7,-6.9,-11.4,,-17,78,44.5,53,28,-11.3,-16.5,-15.8,-20.3,28,14.67,16.5,5,32,22,100.51,99.84,99.83,99.14,91.83,91.28,91.24,90.65,64400,40370.8,35400,6400,2.8,2.5,2.5,2.3,24.9,0,0,0,0,0.9,,,78,08:39:00,1772984340,8.65,19:45:00,1773024300,19.75,11.1,1,1,-4,-4,-16,-16,5105,,,,,8,6.8,5,2,,,,
2026-03-07,2.1,0.26,-0.59,-3.3,,-9,83,56.6,65,47,-3.5,-7.5,-6.8,-10.2,35,20.42,22,9,50,18,99.41,99.02,98.98,98.55,91.01,90.64,90.62,90.23,64400,43579.2,44250,24100,2.8,2.7,2.6,2.4,18.6,0,0,0,0,0,,,80,08:42:00,1772898120,8.7,19:42:00,1772937720,19.7,11,1,1,0,0,-9,-9,5726,,,,,8,6.7,5,2,,,,
2026-03-06,1.8,-8.86,-7.4,-16.6,,-19,91,85.2,83,75,-2.3,-10.9,-10.3,-18.3,42,12.88,21,0,32,17,101.15,99.83,99.86,98.57,92.35,91.29,91.24,90.12,64400,25095.8,32800,1200,2.5,1.7,1.8,1,25.4,0,0,0,0,4.1,,,78,08:45:00,1772811900,8.75,19:39:00,1772851140,19.65,10.9,,,-1,-1,-8,-4,3204,,,,,8,6,4.5,1,,,,
2026-03-05,-11.5,-16.24,-17.39,-23.3,,-28,89,80.6,79,69,-13.3,-18.9,-19,-24.7,20,6.79,10,0,,,101.15,100.96,100.88,100.6,92.32,92.12,92.03,91.74,64400,28625,33400,2400,6,1.6,3.5,1,35.4,0,0,0,0,2.7,,,78,08:48:00,1772725680,8.8,19:37:00,1772764620,19.62,10.82,1,1,-9,-8,-14,-14,5133,,,,,8,6.1,4.5,1,,,,
2026-03-04,-12.4,-18.7,-19.85,-27.3,,-31,79,75.5,74,69,-16.4,-22.1,-22.9,-29.3,37,15,18.5,0,35,17,100.86,100.36,100.4,99.95,91.95,91.53,91.57,91.19,64400,35179.2,44250,24100,2,1.1,1.5,1,37.9,0,0,0,0,0.2,,,79,08:51:00,1772639460,8.85,19:34:00,1772678040,19.57,10.72,,,-10,-10,-18,-18,5956,,,,,8,6.8,5.5,3,,,,
2026-03-03,-22.1,-25.66,-26.55,-31,,-40,79,73.5,74,69,-24.9,-29.1,-29.2,-33.6,13,6.04,6.5,0,,,102.49,101.59,101.69,100.9,93.31,92.59,92.64,91.98,24100,8275,12850,1600,4,1.3,2.5,1,44.5,0,0,0,0,4.1,,,74,08:54:00,1772553240,8.9,19:32:00,1772591520,19.53,10.63,,,-25,-25,-24,-24,2366,,,,,8,5.7,5,2,,,,
2026-03-02,-21.7,-31.45,-30.95,-40.2,,-47,75,67.5,64.5,54,-28.7,-35.7,-35.8,-42.9,14,5.96,7,0,,,102.73,102.61,102.62,102.51,93.49,93.37,93.39,93.29,64400,33487.5,33800,3200,4,2.2,2.5,1,49,0,0,0,0,0.7,,,75,08:57:00,1772467020,8.95,19:29:00,1772504940,19.48,10.53,1,1,-22,-22,-33,-32,7689,,,,,4,1.5,2,0,,,,
2026-03-01,-21.1,-29.21,-29.5,-37.9,,-44,76,67.8,63,50,-28.3,-33.5,-34,-39.8,11,6.08,7,3,,,103.27,102.98,102.95,102.64,94,93.73,93.69,93.38,64400,44587.5,44250,24100,4,1.5,2.5,1,47.5,0,0,0,0,0.7,,,75,09:00:00,1772380800,9,19:26:00,1772418360,19.43,10.43,1,1,-23,-23,-37,-32,7278,,,,,4,1.4,2.5,1,,,,
2026-02-28,-23.8,-27.59,-27.2,-30.6,,-40,75,70.1,68.5,62,-29,-31.5,-31.2,-33.5,13,8.38,8,3,,,102.85,102.55,102.58,102.31,93.65,93.4,93.42,93.18,64400,31450,37050,9700,4,1.2,2.5,1,45.2,0,0,0,0,0.7,,,77,09:03:00,1772294580,9.05,19:24:00,1772331840,19.4,10.35,,,-21,-21,-28,-28,3294,,,,,8,6.2,5,2,,,,
2026-02-27,-22.7,-27.93,-27.79,-32.9,,-41,75,67.8,65.5,56,-28.9,-32.2,-32.5,-36,15,7.79,7.5,0,,,103.03,102.89,102.83,102.63,93.81,93.68,93.65,93.49,64400,31691.7,38650,12900,3,1.5,2,1,45.8,0,0,0,0,0.9,,,78,09:06:00,1772208360,9.1,19:21:00,1772245260,19.35,10.25,,,-22,-21,-30,-25,6120,,,,,8,4.8,4.5,1,,,,
2026-02-26,-18.3,-22.43,-22.05,-25.8,,-36,79,68.1,68,57,-21.8,-26.8,-26.1,-30.3,22,16,16,10,35,35,102.62,101.51,101.28,99.93,93.44,92.46,92.26,91.07,64400,25362.5,33800,3200,1,1,1,1,40,0,0,0,0,2,,,80,09:09:00,1772122140,9.15,19:18:00,1772158680,19.3,10.15,,,-20,-18,-25,-24,5289,,,,,8,5.5,4.5,1,,,,
2026-02-25,-7.9,-12.96,-13.1,-18.3,,-28,90,82.8,83,76,-9.8,-15.3,-15.7,-21.6,22,15.96,15.5,9,38,34,99.77,99.14,99.34,98.91,90.95,90.55,90.65,90.35,12900,5391.7,7250,1600,1,1,1,1,31.1,0,0,0,0,4.8,,,80,09:12:00,1772035920,9.2,19:16:00,1772072160,19.27,10.07,,,-13,-12,-21,-20,3401,,,,,8,5.7,5,2,,,,
2026-02-24,-5.8,-9.75,-9.35,-12.9,,-22,92,85.3,82,72,-7.5,-11.8,-11.9,-16.3,25,10.21,12.5,0,28,18,101,100.07,100.12,99.25,92.24,91.49,91.5,90.76,64400,16650,32600,800,1,1,1,1,27.4,0,0,0,0,8.9,,,65,09:15:00,1771949700,9.25,19:13:00,1771985580,19.22,9.97,,,-8,-6,-12,-11,2141,,,,,8,7.1,5.5,3,,,,
2026-02-23,-12.4,-17.65,-19.6,-26.8,,-31,79,69.6,69.5,60,-15.8,-22,-22.2,-28.7,32,16,18,4,42,18,103.18,102.19,102.12,101.05,94.1,93.28,93.2,92.31,64400,32166.7,35400,6400,,,,,37.6,0,0,0,0,0,,,64,09:18:00,1771863480,9.3,19:11:00,1771899060,19.18,9.88,,,-11,-11,-13,-12,2838,,,,,8,7.2,6,4,,,,
2026-02-22,-17.5,-23.27,-23.65,-29.8,,-36,79,71,68.5,58,-23.9,-27.2,-28.1,-32.3,16,7.21,8,0,,,104.63,104.04,103.97,103.31,95.45,94.89,94.78,94.11,64400,40225,40250,16100,,,,,41.6,0,0,0,0,0.4,,,65,09:21:00,1771777260,9.35,19:08:00,1771812480,19.13,9.78,,,-17,-17,-23,-22,5489,,,,,8,2.2,4,0,,,,
2026-02-21,-16.5,-19.02,-18.6,-20.7,,-30,78,70.2,70,62,-20.8,-23.2,-22.6,-24.5,21,15.42,14,7,31,33,104.67,104.47,104.32,103.97,95.47,95.28,95.13,94.79,64400,26112.5,34200,4000,,,,,36.6,0,0,0,0,0.4,,,65,09:24:00,1771691040,9.4,19:05:00,1771725900,19.08,9.68,,,-17,-17,-25,-25,4580,,,,,8,6.7,6,4,,,,
2026-02-20,-14.8,-16.8,-16.64,-18.5,,-27,80,77,76.5,73,-18.5,-19.9,-20.1,-21.7,22,16.38,16.5,11,32,35,103.87,102.48,102.65,101.43,94.68,93.42,93.6,92.52,16100,6533.3,9250,2400,,,,,34.6,0,0,0,0,2.5,,,65,09:27:00,1771604820,9.45,19:03:00,1771639380,19.05,9.6,,,-14,-14,-21,-20,2717,,,,,8,6.5,5,2,,,,
2026-02-19,-15.7,-18.35,-18.39,-21.1,,-32,84,67.8,69.5,55,-18.2,-23,-22.4,-26.7,28,8.38,14,0,,,102.25,101.79,101.79,101.33,93.24,92.88,92.84,92.45,40200,16771.7,21300,2400,1,1,1,1,36.4,0,0,0,0,1.7,,,62,09:30:00,1771518600,9.5,19:00:00,1771552800,19,9.5,,,-13,-13,-17,-17,1670,,,,,8,7,6,4,,,,
2026-02-18,-17.6,-24.63,-26.2,-34.8,,-43,77,63.5,63.5,50,-25.7,-29.9,-30.6,-35.6,45,24.96,24.5,4,42,17,103.42,102.94,102.83,102.23,94.21,93.82,93.7,93.19,64400,42570.8,44250,24100,2,1.2,1.5,1,44.2,0,0,0,0,0,,,63,09:33:00,1771432380,9.55,18:57:00,1771466220,18.95,9.4,1,1,-16,-16,-21,-21,4814,,,,,8,3.1,4,0,,,,
2026-02-17,-15.5,-22.15,-22.5,-29.5,,-40,75,64,63,51,-22,-27.3,-27.2,-32.5,16,9.29,8,0,,,103.37,103.09,103.11,102.84,94.12,94.01,93.98,93.83,64400,42104.2,34600,4800,2,1.1,1.5,1,40.5,0,0,0,0,0.5,,,64,09:36:00,1771346160,9.6,18:54:00,1771379640,18.9,9.3,,,-17,-17,-26,-22,4667,,,,,8,2.7,4,0,,,,
2026-02-16,-9.4,-11.02,-12.45,-15.5,,-24,89,74.8,73,57,-11.3,-14.8,-16.1,-21,30,14.29,15,0,33,36,102.75,102.1,102.22,101.68,93.77,93.25,93.34,92.92,24100,12662.5,13050,2000,2,1.1,1.5,1,30.4,0,0,0,0,1.6,,,61,09:39:00,1771259940,9.65,18:52:00,1771293120,18.87,9.22,,,-10,-10,-22,-14,2414,,,,,8,5.7,5,2,,,,
2026-02-15,-4.3,-8.33,-9.15,-14,,-17,93,74.4,71,49,-5.7,-12.3,-10.9,-16.1,23,7.25,11.5,0,,,102.15,101.85,101.83,101.51,93.37,93.09,93.03,92.7,64400,38691.7,33400,2400,3,1.5,2,1,27.1,0,0,0,0,2.5,,,62,09:41:00,1771173660,9.68,18:49:00,1771206540,18.82,9.13,,,-7,-7,-15,-15,2948,,,,,8,6.5,5,2,,,,
2026-02-14,-7.6,-13.72,-14.2,-20.8,,-26,92,86.2,87,82,-9,-15.6,-15.6,-22.2,14,7.46,7,0,,,102.16,101.83,101.77,101.38,93.32,93.01,92.95,92.58,64400,39391.7,33600,2800,3,1.3,2,1,32.2,0,0,0,0,0.2,,,62,09:44:00,1771087440,9.73,18:46:00,1771119960,18.77,9.03,,,-7,-6,-10,-10,3029,,,,,8,4.7,4,0,,,,
2026-02-13,-5.1,-8.35,-9.69,-14.3,,-16,92,86.2,84,76,-8.6,-10.3,-11.9,-15.3,13,4.67,6.5,0,,,102.11,101.19,101.18,100.25,93.22,92.44,92.42,91.62,64400,29562.5,34600,4800,3,1.2,2,1,27.7,0,0,0,0,0.5,,,61,09:47:00,1771001220,9.78,18:44:00,1771033440,18.73,8.95,,,-4,-4,-12,-12,1899,,,,,8,6.7,4,0,,,,
2026-02-12,-3.7,-6.65,-6.05,-8.4,,-12,93,82,82,71,-8.3,-9.3,-9.7,-11.1,18,6.92,9,0,,,100.21,99.75,99.88,99.54,91.56,91.24,91.31,91.05,64400,30404.2,32800,1200,2,1.2,1.5,1,24.1,0,0,0,0,1.4,,,60,09:50:00,1770915000,9.83,18:41:00,1770946860,18.68,8.85,,,-4,-4,-9,-7,1056,,,,,8,7.7,6.5,5,,,,
2026-02-11,3.2,-0.35,-1.29,-5.8,,-12,85,60,58.5,32,-3.2,-7.8,-8.2,-13.2,39,20.54,21.5,4,32,16,100.12,99.85,99.9,99.68,91.62,91.36,91.38,91.13,64400,41229.2,44250,24100,1,1,1,1,19.3,0,0,0,0,0.6,,,60,09:52:00,1770828720,9.87,18:38:00,1770860280,18.63,8.77,,,0,1,-8,-8,2921,,,,,8,4.4,4,0,,,,
2026-02-10,-0.7,-12.39,-8.44,-16.2,,-23,86,77.6,78,70,-4.1,-15.5,-11.4,-18.8,28,10.75,14,0,27,35,100.6,100.29,100.14,99.68,91.93,91.63,91.55,91.16,64400,37470.8,34600,4800,3,1.1,2,1,26.4,0,0,0,0,0.3,,,61,09:55:00,1770742500,9.92,18:35:00,1770773700,18.58,8.67,,,0,0,-17,-2,1732,,,,,8,6.7,6,4,,,,
2026-02-09,-0.5,-10.18,-6.95,-13.4,,-18,85,79.7,80.5,76,-4.5,-13.1,-10.4,-16.3,25,8.79,12.5,0,,,100.96,100.62,100.51,100.05,92.27,91.97,91.87,91.47,64400,39091.7,37050,9700,1,1,1,1,24.9,0,0,0,0,0,,,62,09:58:00,1770656280,9.97,18:33:00,1770687180,18.55,8.58,,,0,0,-14,-13,1100,,,,,8,7.5,6,4,,,,
2026-02-08,-1,-7.36,-5.45,-9.9,,-16,93,88.2,85.5,78,-3.5,-9,-8.2,-13,18,8.92,9,0,,,100.92,100.44,100.45,99.98,92.22,91.8,91.8,91.37,64400,32208.3,34200,4000,1,1,1,1,23.4,0,0,0,0,0.7,,,63,10:01:00,1770570060,10.02,18:30:00,1770600600,18.5,8.48,,,0,2,-8,-7,1278,,,,,8,7.8,7.5,7,,,,
2026-02-07,-4.3,-6.66,-6.15,-8,,-14,97,92,92.5,88,-4.8,-7.7,-7.1,-9.4,15,7.21,7.5,0,,,100.44,100.08,100.15,99.86,91.93,91.54,91.62,91.31,40200,9229.2,21100,2000,1,1,1,1,24.1,0,0,0,0,3.5,,,60,10:03:00,1770483780,10.05,18:27:00,1770514020,18.45,8.4,,,-3,-3,-5,-1,834,,,,,8,7.4,5.5,3,,,,
2026-02-06,3,-3.36,-1.85,-6.7,,-10,98,94.8,89,80,-0.6,-4.1,-3.6,-6.7,23,5.42,11.5,0,,,101.15,100.87,100.83,100.5,92.64,92.34,92.31,91.98,64400,20779.2,32300,200,2,1.1,1.5,1,19.9,0,0,0,0,0,,,57,10:06:00,1770397560,10.1,18:24:00,1770427440,18.4,8.3,,,-2,-2,-5,-4,852,,,,,8,3.6,4,0,,,,
2026-02-05,3.7,1.82,1.6,-0.5,,-6,93,83.2,85,77,0,-0.8,-1.2,-2.3,36,24.5,21.5,7,45,16,101.6,101.36,101.3,101,93.03,92.81,92.68,92.34,64400,39883.3,44250,24100,1,1,1,1,16.4,0,0,0,0,0,,,58,10:08:00,1770311280,10.13,18:22:00,1770340920,18.37,8.23,,,3,3,-6,-6,1751,,,,,8,7.3,6.5,5,,,,
2026-02-04,1.8,0.03,-0.15,-2.1,,-8,94,87.9,87.5,81,-0.5,-1.7,-2,-3.6,34,23.92,20,6,35,17,100.86,100.58,100.64,100.42,92.25,92.07,92.06,91.86,64400,39883.3,44250,24100,1,1,1,1,18.1,0,0,0,0,0,,,57,10:11:00,1770225060,10.18,18:19:00,1770254340,18.32,8.13,,,1,1,0,0,947,,,,,8,5.5,4,0,,,,
2026-02-03,1.9,-1.73,-2,-5.9,,-15,95,91.5,91.5,88,0.1,-3,-3.2,-6.6,41,29.58,28,15,55,16,101.44,100.54,100.68,99.91,92.78,92.03,92.12,91.46,64400,28887.5,36250,8100,1,1,1,1,20,0,0,0,0,0.2,,,58,10:13:00,1770138780,10.22,18:16:00,1770167760,18.27,8.05,,,-1,-1,-4,-4,492,,,,,8,6.5,5,2,,,,
2026-02-02,-5.2,-6.97,-7.19,-9.2,,-15,96,94.1,94,92,-6.1,-7.8,-8,-9.8,44,14.46,22,0,46,17,101.46,101.1,101.11,100.77,92.75,92.41,92.42,92.09,24100,10612.5,12350,600,2,1.3,1.5,1,25.2,0,0,0,0,0.2,,,58,10:16:00,1770052560,10.27,18:14:00,1770081240,18.23,7.97,,,-5,-3,-8,-8,1039,,,,,8,6.8,6.5,5,,,,
2026-02-01,-5,-8.68,-8.35,-11.7,,-13,96,92.5,93,90,-5.7,-9.7,-8.8,-11.8,27,7.46,13.5,0,,,101.14,100.82,100.87,100.6,92.52,92.17,92.24,91.97,64400,23954.2,32400,400,2,1.1,1.5,1,26.4,0,0,0,0,0.5,,,57,10:18:00,1769966280,10.3,18:11:00,1769994660,18.18,7.88,,,-2,-2,-9,-7,1614,,,,,8,7.3,6.5,5,,,,
2026-01-31,-4.3,-7.54,-8.65,-13,,-15,96,93.5,93,90,-5.3,-8.4,-9.3,-13.3,36,9.58,18,0,31,19,101.75,101.58,101.48,101.21,93,92.86,92.78,92.55,64400,22445.8,32300,200,4,1.7,2.5,1,26.6,0,0,0,0,0.8,,,58,10:21:00,1769880060,10.35,18:08:00,1769908080,18.13,7.78,,,-3,-3,-14,-7,1388,,,,,8,5,4.5,1,,,,
2026-01-30,-2.2,-8.93,-7.75,-13.3,,-15,95,91.5,91,87,-4.7,-10.1,-9.1,-13.5,21,6.33,10.5,0,,,101.6,101.17,101.29,100.98,92.75,92.49,92.55,92.35,64400,26654.2,33200,2000,4,1.7,2.5,1,25.8,0,0,0,0,0.8,,,57,10:23:00,1769793780,10.38,18:05:00,1769821500,18.08,7.7,,,-1,-1,-13,-4,887,,,,,8,5.4,4,0,,,,
2026-01-29,1.8,-1.08,-0.9,-3.6,,-10,93,85.4,85.5,78,-0.6,-3.2,-2.8,-4.9,34,23.67,19,4,32,17,101.15,100.81,100.7,100.25,92.56,92.24,92.16,91.76,64400,39212.5,44250,24100,1,1,1,1,18.9,0,0,0,0,0,,,57,10:26:00,1769707560,10.43,18:03:00,1769734980,18.05,7.62,,,-1,0,-4,-1,691,,,,,8,5.6,4,0,,,,
2026-01-28,1.9,0.28,0.54,-0.8,,-7,93,85.5,85.5,78,-0.8,-1.9,-1.9,-3,32,23.38,20,8,43,17,100.36,100.15,100.16,99.96,91.88,91.69,91.7,91.53,64400,38879.2,40250,16100,1,1,1,1,17.5,0,0,0,0,0,,,57,10:28:00,1769621280,10.47,18:00:00,1769648400,18,7.53,,,-2,0,-2,-2,1130,,,,,8,7.3,6,4,,,,
2026-01-27,1.9,-3.14,-6.05,-14,,-21,93,88.5,86.5,80,-0.6,-4.8,-7.8,-15,45,30.67,28,11,44,16,100.45,100.23,100.26,100.07,91.76,91.66,91.67,91.58,64400,37866.7,44250,24100,1,1,1,1,24.1,0,0,0,0,0,,,59,10:30:00,1769535000,10.5,17:57:00,1769561820,17.95,7.45,,,0,0,-4,-4,1525,,,,,8,6.4,4.5,1,,,,
2026-01-26,-13.7,-17.62,-19.95,-26.2,,-25,87,83.8,82,77,-15.5,-19.7,-21.7,-27.9,11,4.71,5.5,0,,,101.84,101.06,101.13,100.43,92.85,92.24,92.27,91.69,64400,19091.7,33000,1600,4,1.7,2.5,1,38,0,0,0,0,5.5,,,52,10:33:00,1769448780,10.55,17:55:00,1769475300,17.92,7.37,,,-13,-13,-13,-13,520,,,,,8,6.8,4.5,1,,,,
2026-01-25,-17.4,-22.38,-22.35,-27.3,,-33,82,79.6,79.5,77,-20.9,-25,-25.2,-29.5,8,3.38,4,0,,,103,102.37,102.43,101.86,93.86,93.34,93.36,92.85,64400,32837.5,40250,16100,6,2.8,3.5,1,40.4,0,0,0,0,0,,,52,10:35:00,1769362500,10.58,17:52:00,1769388720,17.87,7.28,,,-15,-15,-22,-16,984,,,,,8,5.2,4.5,1,,,,
2026-01-24,-21.8,-26.07,-25.75,-29.7,,-33,79,76.8,77,75,-24.9,-29,-28.4,-32,6,1.58,3,0,,,103.96,103.52,103.51,103.06,94.77,94.34,94.32,93.88,64400,42237.5,40250,16100,5,2.2,3,1,43.8,0,0,0,0,0.2,,,52,10:37:00,1769276220,10.62,17:49:00,1769302140,17.82,7.2,,,-17,-17,-26,-22,791,,,,,2,0.4,1,0,,,,
2026-01-23,-18.2,-23.19,-22.9,-27.6,,-33,83,79.2,79,75,-20.8,-25.8,-25.8,-30.7,11,4.46,5.5,0,,,104.42,104.2,104.22,104.01,95.17,95,94.97,94.78,64400,39212.5,44250,24100,4,1.8,2.5,1,40.9,0,0,0,0,0,,,53,10:39:00,1769189940,10.65,17:47:00,1769215620,17.78,7.13,,,-15,-15,-24,-20,915,,,,,3,1,1.5,0,,,,
2026-01-22,-15.5,-18.34,-19.6,-23.7,,-30,85,83.4,82.5,80,-17.8,-20.5,-21.7,-25.6,14,7.42,7,0,,,104.26,104.03,103.94,103.63,95.1,94.89,94.83,94.55,64400,29487.5,40250,16100,3,1.8,2,1,37.6,0,0,0,0,0.2,,,53,10:41:00,1769103660,10.68,17:44:00,1769129040,17.73,7.05,,,-15,-15,-19,-19,728,,,,,8,4.2,4,0,,,,
2026-01-21,-14.3,-16.52,-17.7,-21.1,,-26,86,85.1,83.5,81,-17.2,-18.5,-20.4,-23.6,8,2.75,4,0,,,103.84,103.71,103.71,103.59,94.81,94.67,94.66,94.52,64400,24000,33000,1600,3,1.5,2,1,35.7,0,0,0,0,0.2,,,53,10:43:00,1769017380,10.72,17:42:00,1769042520,17.7,6.98,,,-15,-13,-18,-16,366,,,,,8,5.6,4.5,1,,,,
2026-01-20,-10.8,-12.89,-13.1,-15.4,,-20,90,88.3,88,86,-13.3,-14.4,-15.2,-17.2,18,8.58,9,0,,,104.11,103.86,103.94,103.76,95.16,94.88,94.97,94.77,64400,13216.7,33000,1600,1,1,1,1,31.1,0,0,0,0,0,,,53,10:45:00,1768931100,10.75,17:39:00,1768955940,17.65,6.9,,,-12,-8,-17,-14,424,,,,,8,7.9,7,6,,,,
2026-01-19,-4.7,-7.4,-8.3,-11.9,,-16,97,94.1,94,91,-5.6,-8.2,-8.9,-12.3,16,10.21,9.5,3,30,34,104.19,103.85,103.69,103.19,95.22,94.92,94.79,94.36,24100,12258.3,12450,800,2,1,1.5,1,26.3,0,0,0,0,0,,,53,10:47:00,1768844820,10.78,17:37:00,1768869420,17.62,6.83,,,-6,-6,-13,-12,456,,,,,8,6.8,5,2,,,,
2026-01-18,-1.2,-4.43,-5.05,-8.9,,-12,97,91.4,89.5,82,-4.2,-5.7,-5.9,-7.6,28,12.38,14,0,31,17,103.37,103.28,103.27,103.16,94.56,94.48,94.45,94.34,64400,34512.5,40250,16100,1,1,1,1,23.1,0,0,0,0,0,,,54,10:49:00,1768758540,10.82,17:34:00,1768782840,17.57,6.75,,,-1,-1,-9,-7,640,,,,,8,5.6,4,0,,,,
2026-01-17,6.1,0.07,1,-4.1,,-8,92,75.2,72,52,-0.6,-4,-3.1,-5.6,30,10.96,15,0,36,18,103.62,103.3,102.98,102.33,94.85,94.55,94.24,93.62,64400,39212.5,44250,24100,2,1.1,1.5,1,17,0,0,0,0,0,,,55,10:51:00,1768672260,10.85,17:32:00,1768696320,17.53,6.68,,,-1,-1,-4,-4,185,,,,,8,6.8,5,2,,,,
2026-01-16,4.8,2.33,2.15,-0.5,,,76,67.4,66.5,57,-0.3,-3.1,-3.5,-6.6,34,26.83,22,10,57,16,103.11,102.46,102.56,102,94.38,93.86,93.9,93.43,64400,38204.2,44250,24100,1,1,1,1,15.8,0,0,0,0,0,,,56,10:52:00,1768585920,10.87,17:29:00,1768609740,17.48,6.62,,,8,8,-3,-3,884,,,,,8,6.6,5.5,3,,,,
2026-01-15,1,-1.8,-2.15,-5.3,,-12,76,65.9,59,42,-5,-7.5,-8.7,-12.4,34,26.04,24,14,40,17,103.41,103.19,103.06,102.7,94.64,94.42,94.26,93.87,64400,39212.5,44250,24100,1,1,1,1,20.1,0,0,0,0,0,,,56,10:54:00,1768499640,10.9,17:27:00,1768523220,17.45,6.55,,,2,2,-1,-1,180,,,,,8,5.9,4.5,1,,,,
2026-01-14,3.3,0.85,-1.25,-5.8,,-8,93,60.2,64.5,36,0.9,-6.6,-6.8,-14.4,50,26.58,25,0,49,20,102.54,100.44,100.45,98.36,93.75,91.83,91.92,90.08,64400,37537.5,40250,16100,1,1,1,1,19.2,0,0,0,0,1.9,,,58,10:56:00,1768413360,10.93,17:24:00,1768436640,17.4,6.47,,,3,3,-5,-5,530,,,,,8,5,4,0,,,,
2026-01-13,3.5,-0.29,-0.45,-4.4,,-10,97,88.6,87.5,78,0.3,-2,-2.5,-5.3,43,27.17,26.5,10,44,17,100.42,99.98,99.53,98.65,91.92,91.58,91.22,90.52,64400,23983.3,33800,3200,1,1,1,1,18.4,0,0,0,0,2.9,,,60,10:57:00,1768327020,10.95,17:22:00,1768350120,17.37,6.42,,,1,3,2,2,112,,,,,8,6.5,4.5,1,,,,
2026-01-12,1.5,-2.05,-1.65,-4.8,,-11,97,91.5,89.5,82,-0.5,-3.2,-3.2,-5.8,31,21.29,19.5,8,39,11,100.26,99.36,99.51,98.77,91.72,90.87,91.06,90.4,64400,23350,33000,1600,1,1,1,1,19.6,0,0,0,0,5,,,62,10:59:00,1768240740,10.98,17:20:00,1768263600,17.33,6.35,,,-1,-1,-6,-3,625,,,,,8,5.8,4.5,1,,,,
2026-01-11,0,-2.01,-2.45,-4.9,,-11,91,85.8,85,79,-3.1,-4.1,-4.5,-5.8,43,25.29,27.5,12,34,16,99.38,99.17,99.1,98.82,90.97,90.79,90.7,90.43,64400,37195.8,44250,24100,1,1,1,1,20.4,0,0,0,0,0,,,62,11:00:00,1768154400,11,17:18:00,1768177080,17.3,6.3,,,-2,-2,-3,-3,278,,,,,8,6,5.5,3,,,,
2026-01-10,0.2,-3.93,-11.55,-23.3,,-25,89,85,84,79,-2.5,-6.1,-9.4,-16.3,41,27.92,24.5,8,44,16,99.41,99.26,99.18,98.94,90.96,90.69,90.58,90.19,64400,33508.3,34600,4800,1,1,1,1,29.6,0,0,0,0,0,,,65,11:01:00,1768068060,11.02,17:15:00,1768090500,17.25,6.23,,,-1,-1,-9,-2,449,,,,,8,4.5,4.5,1,,,,
2026-01-09,-17.6,-26.7,-25.3,-33,,-35,80,75.6,77,74,-20.2,-29.8,-27.4,-34.7,27,4.21,13.5,0,33,17,101.27,100.27,100.08,98.89,92.19,91.39,91.22,90.25,24100,13866.7,12550,1000,3,1.4,2,1,43.3,0,0,0,0,6,,,61,11:03:00,1767981780,11.05,17:13:00,1768003980,17.22,6.17,,,-15,-15,-16,-14,,,,,,8,6.6,5.5,3,,,,
2026-01-08,-20.4,-26.55,-26.35,-32.3,,-37,76,71.2,71,66,-24.5,-30.3,-30,-35.5,20,7.92,10,0,30,35,101.33,101,100.76,100.19,92.25,91.99,91.74,91.23,64400,33316.7,34600,4800,3,1.4,2,1,44.4,0,0,0,0,0.2,,,62,11:04:00,1767895440,11.07,17:11:00,1767917460,17.18,6.12,,,-24,-24,-23,-23,369,,,,,8,4.8,4,0,,,,
2026-01-07,-11.4,-19.85,-17.7,-24,,-32,88,80.1,82,76,-15.1,-22.5,-20.7,-26.3,25,10.12,12.5,0,36,34,100.05,98.83,99.09,98.12,91.12,90.05,90.28,89.44,64400,23566.7,32600,800,2,1.1,1.5,1,35.7,0,0,0,0,2.2,,,60,11:05:00,1767809100,11.08,17:09:00,1767830940,17.15,6.07,,,-17,-17,-23,-23,405,,,,,8,7.1,6,4,,,,
2026-01-06,-23.8,-25.72,-25.5,-27.2,,-34,77,74.3,75,73,-27,-29,-28.6,-30.2,9,4.92,4.5,0,,,98.37,98.3,98.28,98.19,89.62,89.55,89.55,89.48,40200,26783.3,32150,24100,1,1,1,1,43.5,0,0,0,0,0.2,,,61,11:06:00,1767722760,11.1,17:07:00,1767744420,17.12,6.02,,,-9,-9,-29,-13,148,,,,,8,7.4,7.5,7,,,,
2026-01-05,-24.3,-28.6,-29.79,-35.3,,-44,74,72.4,72,70,-27.8,-32.1,-33,-38.3,30,10.75,15,0,38,18,100.69,99.15,99.54,98.39,91.72,90.34,90.67,89.61,32200,19479.2,16700,1200,2,1.2,1.5,1,47.8,0,0,0,0,2.4,,,63,11:07:00,1767636420,11.12,17:06:00,1767657960,17.1,5.98,,,-18,-18,-16,-16,297,,,,,8,6.4,4,0,,,,
2026-01-04,-29.3,-30.88,-32.95,-36.6,,-42,72,71,71,70,-33,-34.6,-35.2,-37.4,14,7.62,8.5,3,,,101.2,101.08,101.02,100.84,92.11,92,91.91,91.71,64400,19925,33400,2400,3,1.1,2,1,51,0,0,0,0,1.2,,,62,11:08:00,1767550080,11.13,17:04:00,1767571440,17.07,5.93,,,-29,-29,-31,-30,85,,,,,8,6.2,4.5,1,,,,
2026-01-03,-25,-28,-27.45,-29.9,,-40,75,71.8,72.5,70,-28.6,-31.6,-31.1,-33.5,15,11.25,11,7,,,102.03,101.61,101.61,101.19,93.01,92.58,92.58,92.14,32200,21575,20950,9700,1,1,1,1,45.5,0,0,0,0,0.3,,,64,11:08:00,1767463680,11.13,17:02:00,1767484920,17.03,5.9,,,-25,-24,-31,-27,235,,,,,8,7.8,7,6,,,,
2026-01-02,-22.5,-23.27,-23.95,-25.4,,-33,80,76.2,76,72,-25.4,-26.4,-26.9,-28.3,14,8.08,8.5,3,,,102.51,102.36,102.29,102.07,93.46,93.32,93.24,93.03,32200,11229.2,17300,2400,1,1,1,1,42,0,0,0,0,1.9,,,65,11:09:00,1767377340,11.15,17:00:00,1767398400,17,5.85,,,-24,-24,-26,-26,151,,,,,8,6.6,5,2,,,,
2026-01-01,-20.7,-21.86,-21.79,-22.9,,-32,80,77,76,72,-24,-24.9,-24.9,-25.7,21,13.04,14.5,8,31,34,102.95,102.77,102.74,102.53,93.87,93.71,93.67,93.47,12900,3575,7050,1200,1,1,1,1,39.8,0,0,0,0,4.2,,,63,11:10:00,1767291000,11.17,16:59:00,1767311940,16.98,5.82,,,-21,-21,-23,-23,150,,,,,8,5.3,6,4,,,,
2025-12-31,-20.2,-22.53,-23.54,-26.9,,-32,79,76,75.5,72,-23.4,-25.7,-26.1,-28.7,18,9.42,9,0,33,34,102.86,102.14,102.15,101.45,93.69,93.03,93.03,92.37,40200,22979.2,21300,2400,3,1.4,2,1,41.5,0,0,0,0,0.3,,,61,11:10:00,1767204600,11.17,16:57:00,1767225420,16.95,5.78,,,-20,-19,-22,-21,345,,,,,8,7.4,6.5,5,,,,
2025-12-30,-22.6,-25.18,-25.75,-28.9,,-36,77,74.1,74,71,-26.2,-28.5,-29.1,-32,13,7.38,6.5,0,,,102.22,101.73,101.69,101.17,93.14,92.71,92.66,92.18,32200,17129.2,16900,1600,1,1,1,1,43.8,0,0,0,0,1.2,,,61,11:11:00,1767118260,11.18,16:56:00,1767138960,16.93,5.75,,,-20,-20,-24,-18,134,,,,,8,6.8,6,4,,,,
2025-12-29,-22.9,-24.21,-25.9,-28.9,,-36,78,73.9,74.5,71,-26.2,-27.6,-29.1,-32,18,11.88,11,4,30,34,102.27,102.11,102.07,101.87,93.16,93.04,92.99,92.82,24100,9466.7,12650,1200,,,,,43.9,0,0,0,0,3.7,,,61,11:11:00,1767031860,11.18,16:54:00,1767052440,16.9,5.72,,,-20,-20,-27,-23,176,,,,,8,5.9,4.5,1,,,,
2025-12-28,-21.3,-22.18,-22.15,-23,,-34,80,77.2,77.5,75,-24.2,-25.1,-25.2,-26.2,21,14.88,14.5,8,31,34,101.83,101.33,101.45,101.07,92.75,92.34,92.44,92.14,4800,2366.7,2800,800,,,,,40.1,0,0,0,0,13.7,,,52,11:11:00,1766945460,11.18,16:53:00,1766965980,16.88,5.7,,,-21,-21,-22,-22,16,,,,,,,,,,,,
2025-12-27,-21.3,-23.5,-24.3,-27.3,,-43,80,76.1,77,74,-24.2,-26.6,-27.3,-30.4,35,21.83,19.5,4,34,16,102.29,101.64,101.69,101.08,93.1,92.63,92.62,92.14,24100,10841.7,12650,1200,,,,,42.3,0,0,0,0,7.6,,,38,11:11:00,1766859060,11.18,16:52:00,1766879520,16.87,5.68,,,-25,-24,-24,-23,,,,,,8,8,8,8,,,,
2025-12-26,-26.9,-31.65,-32.84,-38.8,,-48,75,72.4,72,69,-30.2,-35.1,-35.2,-40.2,32,13.33,16,0,49,16,102.82,102.64,102.58,102.33,93.52,93.4,93.31,93.1,64400,26658.3,33800,3200,,,,,50.8,0,0,0,0,0.2,,,39,11:11:00,1766772660,11.18,16:51:00,1766793060,16.85,5.67,,,-31,-31,-29,-29,202,,,,,8,3.4,4,0,,,,
2025-12-25,-28.5,-31.91,-32.5,-36.5,,-46,74,71.7,71.5,69,-31.9,-35.4,-35.7,-39.5,11,7.42,7.5,4,,,102.61,102.3,102.34,102.07,93.35,93.02,93.07,92.79,24100,12141.7,13650,3200,,,,,50.5,0,0,0,0,0.9,,,38,11:11:00,1766686260,11.18,16:50:00,1766706600,16.83,5.65,,,-29,-29,-34,-34,158,,,,,8,4.2,4,0,,,,
2025-12-24,-32.5,-39.55,-38.15,-43.8,,-56,71,67,68,65,-36.2,-43.5,-42,-47.8,38,9.75,19,0,35,16,104.12,103.31,103.14,102.16,94.5,93.87,93.66,92.82,64400,11950,32300,200,,,,,56.1,0,0,0,0,0,,,38,11:11:00,1766599860,11.18,16:49:00,1766620140,16.82,5.63,,,-35,-35,-37,-37,550,,,,,8,5.5,4,0,,,,
2025-12-23,-40.4,-42.47,-42.55,-44.7,,-56,66,65.5,65.5,65,-44.7,-46.5,-46.5,-48.2,12,8.04,7.5,3,,,104.07,103.45,103.37,102.66,94.41,93.83,93.79,93.16,64400,13433.3,32500,600,,,,,60.5,0,0,0,0,0,,,38,11:11:00,1766513460,11.18,16:48:00,1766533680,16.8,5.62,,,-41,-41,-43,-40,237,,,,,8,3.2,4.5,1,,,,
2025-12-22,-38.8,-41.62,-41.3,-43.8,,-53,67,66.1,66,65,-43.7,-45.6,-45.7,-47.7,9,6.67,6,3,,,103.23,103.01,102.95,102.66,93.78,93.55,93.47,93.16,4000,1800,2300,600,,,,,59.3,0,0,0,0,0.2,,,38,11:10:00,1766427000,11.17,16:48:00,1766447280,16.8,5.63,,,-41,-40,-40,-39,179,,,,,5,2.6,2.5,0,,,,
2025-12-21,-32.9,-36.24,-36.2,-39.5,,-50,71,69.2,69,67,-36.6,-40,-40,-43.4,12,9.04,8.5,5,,,103.25,103.13,103.04,102.84,93.86,93.74,93.69,93.51,32200,20345.8,17700,3200,,,,,54.2,0,0,0,0,0,,,39,11:10:00,1766340600,11.17,16:47:00,1766360820,16.78,5.62,,,-36,-34,-38,-38,280,,,,,8,4.4,4,0,,,,
2025-12-20,-30.7,-35.2,-36.4,-42.1,,-53,72,69.8,69,66,-34.6,-38.9,-40.1,-45.6,14,9.62,9,4,,,102.81,102.49,102.58,102.36,93.45,93.12,93.2,92.96,32200,12104.2,16900,1600,,,,,54.4,0,0,0,0,0.2,,,39,11:09:00,1766254140,11.15,16:47:00,1766274420,16.78,5.63,,,-30,-30,-34,-33,321,,,,,8,7,6,4,,,,
2025-12-19,-32.5,-37.14,-37.2,-41.9,,-50,73,69.5,70,67,-36.4,-40.8,-40.8,-45.1,12,7.38,7.5,3,,,102.37,102.15,102.16,101.95,92.95,92.85,92.83,92.72,40200,16941.7,20700,1200,,,,,55.2,0,0,0,0,0.2,,,39,11:08:00,1766167680,11.13,16:46:00,1766187960,16.77,5.63,,,-32,-32,-40,-34,163,,,,,6,1.3,3,0,,,,
2025-12-18,-27.8,-31.2,-30.25,-32.7,,-44,74,72.4,72,70,-32.3,-34.6,-34.1,-35.9,18,10.62,11,4,37,33,102.16,101.96,101.97,101.78,92.95,92.78,92.79,92.63,40200,24445.8,28150,16100,,,,,48.2,0,0,0,0,0.2,,,39,11:08:00,1766081280,11.13,16:46:00,1766101560,16.77,5.63,,,-28,-28,-33,-33,296,,,,,8,5.7,5,2,,,,
2025-12-17,-28.4,-30.3,-30.8,-33.2,,-44,74,72.5,73,72,-31.8,-33.7,-33.9,-36,18,11.21,12.5,7,,,102.15,101.71,101.72,101.28,92.93,92.54,92.53,92.13,64400,32033.3,35400,6400,,,,,48.8,0,0,0,0,0.2,,,40,11:07:00,1765994820,11.12,16:46:00,1766015160,16.77,5.65,,,-29,-29,-31,-29,208,,,,,8,6,4,0,,,,
2025-12-16,-25.2,-28.72,-29.2,-33.2,,-42,77,74.8,74.5,72,-28.4,-31.9,-32.5,-36.6,11,6.88,7,3,,,101.26,101.1,101.14,101.02,92.12,92.06,92.07,92.01,64400,20300,33800,3200,,,,,47.2,0,0,0,0,0.9,,,40,11:06:00,1765908360,11.1,16:46:00,1765928760,16.77,5.67,,,-26,-26,-30,-26,34,,,,,8,4.3,4,0,,,,
2025-12-15,-23.3,-24.25,-24.45,-25.6,,-36,78,75.6,76,74,-26.2,-27.4,-27.4,-28.7,18,12.62,11.5,5,,,100.99,100.79,100.8,100.61,92,91.83,91.83,91.67,64400,15125,32800,1200,,,,,42.5,0,0,0,0,5.7,,,39,11:05:00,1765821900,11.08,16:46:00,1765842360,16.77,5.68,,,-25,-23,-25,-25,21,,,,,8,6.4,5,2,,,,
2025-12-14,-24.8,-25.44,-25.45,-26.1,,-37,74,72.8,72.5,71,-28.2,-29,-28.9,-29.6,19,15.38,15.5,12,28,31,101.8,101.51,101.38,100.96,92.76,92.51,92.42,92.08,64400,12633.3,33000,1600,,,,,43.5,0,0,0,0,2.7,,,35,11:03:00,1765735380,11.05,16:46:00,1765755960,16.77,5.72,,,-27,-27,-26,-25,167,,,,,8,6.8,6,4,,,,
2025-12-13,-21.5,-24.25,-24.6,-27.7,,-37,79,76.5,76.5,74,-24.4,-27.3,-27.3,-30.2,26,15.42,13,0,33,33,102.76,102.13,102.22,101.68,93.55,93.08,93.11,92.67,12900,5579.2,7450,2000,,,,,42.6,0,0,0,0,2.9,,,34,11:02:00,1765648920,11.03,16:47:00,1765669620,16.78,5.75,,,-26,-23,-29,-28,116,,,,,8,7,6,4,,,,
2025-12-12,-27.6,-34.08,-34.79,-42,,-54,75,70.8,70.5,66,-30.8,-37.7,-38.1,-45.5,33,11.25,16.5,0,38,19,104.99,103.79,103.85,102.71,95.33,94.41,94.46,93.59,40200,17479.2,20400,600,,,,,52.8,0,0,0,0,0,,,33,11:01:00,1765562460,11.02,16:47:00,1765583220,16.78,5.77,,,-31,-28,-31,-27,465,,,,,8,4.3,4,0,,,,
2025-12-11,-36.8,-39.59,-39.45,-42.1,,-51,69,67.5,67.5,66,-41.5,-43.5,-43.6,-45.8,9,5.96,4.5,0,,,105.04,104.49,104.31,103.58,95.37,94.85,94.69,94,9700,2300,4950,200,,,,,57.5,0,0,0,0,0,,,34,10:59:00,1765475940,10.98,16:47:00,1765496820,16.78,5.8,,,-37,-37,-39,-37,137,,,,,5,1.8,2.5,0,,,,
2025-12-10,-34,-37.8,-37,-40,,-48,71,68.9,69.5,68,-37.7,-41.6,-40.7,-43.7,9,5.96,6,3,,,103.49,102.75,102.93,102.38,93.93,93.33,93.49,93.05,64400,9612.5,32700,1000,4,2.5,3,2,55,0,0,0,0,0.2,,,34,10:58:00,1765389480,10.97,16:48:00,1765410480,16.8,5.83,,,-36,-36,-40,-39,118,,,,,4,0.6,2,0,,,,
2025-12-09,-24.8,-31.41,-31.5,-38.2,,-46,77,71.8,73,69,-29.3,-34.9,-35.2,-41.2,17,7.21,8.5,0,,,102.68,102.4,102.19,101.71,93.48,93.19,93.05,92.62,64400,24475,35400,6400,5,2,3,1,49.5,0,0,0,0,0.4,,,35,10:56:00,1765302960,10.93,16:48:00,1765324080,16.8,5.87,,,-33,-28,-35,-33,166,,,,,8,2.9,4,0,,,,
2025-12-08,-20,-22.23,-22.4,-24.8,,-36,78,71.6,72,66,-23.2,-26,-26.1,-29,22,13.79,15,8,32,35,101.63,101.31,101.39,101.16,92.55,92.35,92.39,92.24,24100,13470.8,14450,4800,1,1,1,1,40.4,0,0,0,0,0.9,,,36,10:55:00,1765216500,10.92,16:49:00,1765237740,16.82,5.9,,,-22,-22,-25,-25,260,,,,,8,7.2,6,4,,,,
2025-12-07,-19.1,-19.93,-19.95,-20.8,,-30,80,76.6,76,72,-21.9,-23.1,-23,-24.1,18,12.42,13,8,32,33,101.14,100.92,100.97,100.8,92.15,92.03,92.04,91.93,24100,7454.2,12650,1200,1,1,1,1,38,0,0,0,0,2.3,,,35,10:53:00,1765129980,10.88,16:50:00,1765151400,16.83,5.95,,,-21,-21,-22,-22,61,,,,,8,5.6,5.5,3,,,,
2025-12-06,-17.2,-19.43,-19.04,-20.9,,-30,81,77,76,71,-20,-22.5,-22.3,-24.6,18,14,13,8,31,34,100.98,100.45,100.53,100.08,92.07,91.62,91.69,91.31,40200,11129.2,20600,1000,1,1,1,1,37,0,0,0,0,9.9,,,31,10:51:00,1765043460,10.85,16:51:00,1765065060,16.85,6,,,-17,-17,-16,-16,300,,,,,8,6.6,5.5,3,,,,
2025-12-05,-9.4,-13.05,-13.3,-17.2,,-25,90,85,85.5,81,-11.3,-15.1,-15.5,-19.7,18,11.88,11.5,5,,,101.78,100.97,101.1,100.41,93.12,92.3,92.41,91.7,24100,4341.7,12850,1600,1,1,1,1,31.3,0,0,0,0,8.6,,,24,10:49:00,1764956940,10.82,16:52:00,1764978720,16.87,6.05,,,-10,-9,-15,-14,218,,,,,8,4.4,4.5,1,,,,
2025-12-04,0,-4.43,-4.7,-9.4,,-15,100,89.4,88.5,77,0,-6,-5.6,-11.2,23,10.12,11.5,0,32,34,102.2,101.83,101.71,101.22,93.5,93.16,93.04,92.59,40200,12225,20900,1600,5,1.8,3,1,22.7,0,0,0,0,5.2,,,15,10:47:00,1764870420,10.78,16:53:00,1764892380,16.88,6.1,,,-6,-4,-12,-3,215,,,,,8,6.5,4.5,1,,,,
2025-12-03,2.5,0.41,0.55,-1.4,,-7,100,87.7,88,76,0.1,-1.4,-1.6,-3.3,27,14.46,13.5,0,,,101.27,101.08,101.08,100.9,92.72,92.55,92.55,92.38,64400,26020.8,33400,2400,2,1.1,1.5,1,17.4,0,0,0,0,0.4,,,14,10:45:00,1764783900,10.75,16:54:00,1764806040,16.9,6.15,,,-2,1,-3,-3,74,,,,,8,6.9,5.5,3,,,,
2025-12-02,2.2,-1.13,-1.29,-4.8,,-8,100,92.7,90,80,-0.8,-2.2,-2.9,-4.9,30,16.29,15,0,35,18,101.81,101.58,101.51,101.21,93.17,92.98,92.92,92.66,64400,29783.3,32400,400,4,1.9,2.5,1,19.3,0,0,0,0,0,,,14,10:43:00,1764697380,10.72,16:55:00,1764719700,16.92,6.2,,,0,1,-3,-3,251,,,,,8,6.9,6,4,,,,
2025-12-01,0.6,-1.32,-2.05,-4.7,,-12,99,92.2,92.5,86,-0.8,-2.4,-2.7,-4.6,42,14.04,21,0,34,22,101.53,100.66,100.86,100.2,92.83,92.08,92.26,91.7,64400,35854.2,44250,24100,7,1.8,4,1,20.1,0,0,0,0,0,,,15,10:41:00,1764610860,10.68,16:57:00,1764633420,16.95,6.27,,,0,0,-6,-6,406,,,,,8,7.1,5,2,,,,
2025-11-30,-3.2,-7.13,-6.94,-10.7,,-18,93,87.5,88,83,-4.2,-8.9,-8.3,-12.4,41,28.96,28.5,16,51,17,102.44,101.51,101.47,100.49,93.68,92.86,92.82,91.96,40200,19616.7,20900,1600,1,1,1,1,24.9,0,0,0,0,2.8,,,10,10:39:00,1764524340,10.65,16:58:00,1764547080,16.97,6.32,,,-6,-6,-6,-6,64,,,,,8,6.6,5,2,,,,
2025-11-29,-9.7,-10.39,-10.39,-11.1,,-19,89,85.5,85.5,82,-11.8,-12.4,-12.2,-12.7,23,18.5,15.5,8,,,102.92,102.77,102.72,102.53,94.05,93.92,93.87,93.68,40200,27458.3,32150,24100,1,1,1,1,28.4,0,0,0,0,0,,,10,10:37:00,1764437820,10.62,16:59:00,1764460740,16.98,6.37,,,-9,-9,-12,-12,177,,,,,8,7.7,7.5,7,,,,
2025-11-28,-9.2,-10.52,-10.6,-12,,-22,84,77.2,78.5,73,-12.3,-13.8,-13.8,-15.4,37,29.62,30.5,24,38,17,103.12,102.84,102.91,102.7,94.2,93.97,94.01,93.83,64400,36525,44250,24100,1,1,1,1,28.6,0,0,0,0,0,,,9,10:35:00,1764351300,10.58,17:01:00,1764374460,17.02,6.43,,,-9,-9,-13,-13,375,,,,,8,7.6,7,6,,,,
2025-11-27,-10.7,-12.12,-12,-13.3,,-22,83,78.4,78.5,74,-14.8,-15.2,-15.2,-15.7,30,25.12,23,16,44,16,103.46,103.34,103.29,103.13,94.5,94.4,94.35,94.2,64400,37195.8,44250,24100,1,1,1,1,30,0,0,0,0,0,,,9,10:33:00,1764264780,10.55,17:03:00,1764288180,17.05,6.5,,,-13,-13,-15,-15,462,,,,,8,7.4,5.5,3,,,,
2025-11-26,-9.1,-11,-11.1,-13.1,,-21,92,88.2,88,84,-10.3,-12.6,-12.6,-14.8,20,9.71,10,0,,,103.28,102.73,102.77,102.26,94.29,93.82,93.86,93.42,64400,28420.8,37050,9700,2.1,1.7,1.6,1,29.1,0,0,0,0,0,,,9,10:30:00,1764178200,10.5,17:04:00,1764201840,17.07,6.57,,,-10,-8,-20,-10,468,,,,,8,6.1,4.5,1,,,,
2025-11-25,-9,-10.12,-10.1,-11.2,,-16,93,91.2,91,89,-10.3,-11.3,-11.4,-12.6,9,5.54,4.5,0,,,102.38,102.26,102.27,102.16,93.54,93.44,93.44,93.35,40200,28133.3,32150,24100,2.1,1.9,1.9,1.7,28.1,0,0,0,0,0,,,9,10:28:00,1764091680,10.47,17:06:00,1764115560,17.1,6.63,,,-11,-10,-16,-16,22,,,,,8,8,8,8,,,,
2025-11-24,-8,-9.5,-10.7,-13.4,,-18,92,88.4,88.5,85,-9.5,-11.1,-12.1,-14.7,18,10.21,9,0,,,102.34,102.2,102.19,102.05,93.49,93.36,93.32,93.15,64400,33787.5,34600,4800,2.6,2.2,2.1,1.6,28.7,0,0,0,0,0,,,9,10:25:00,1764005100,10.42,17:08:00,1764029280,17.13,6.72,,,-9,-9,-12,-12,65,,,,,8,7.7,7.5,7,,,,
2025-11-23,-5.8,-13.27,-11.85,-17.9,,-21,95,88.2,89,83,-8.6,-14.8,-13.7,-18.8,24,6.08,12,0,,,102.01,101.61,101.57,101.13,93.12,92.79,92.77,92.41,64400,37612.5,36250,8100,6,2.8,3.5,1,29.9,0,0,0,0,0.2,,,9,10:23:00,1763918580,10.38,17:09:00,1763942940,17.15,6.77,,,-9,-9,-19,-11,512,,,,,8,4.3,4.5,1,,,,
2025-11-22,-2.5,-5.48,-5.9,-9.3,,-13,98,91,89,80,-5.4,-6.8,-7.4,-9.4,28,9.04,14,0,,,101.1,100.39,100.48,99.86,92.35,91.8,91.87,91.39,64400,25145.8,32600,800,7,2.9,4.5,1.9,23.9,0,0,0,0,0,,,10,10:21:00,1763832060,10.35,17:11:00,1763856660,17.18,6.83,,,-5,-4,-12,-12,173,,,,,8,6.1,4,0,,,,
2025-11-21,2.9,-0.32,-0.35,-3.6,,-10,83,74,72.5,62,-3.5,-4.5,-4.8,-6.2,36,23.04,20,4,35,18,99.85,99.28,99.25,98.65,91.36,90.84,90.8,90.24,64400,39212.5,44250,24100,2.5,2.3,2.3,2.1,18.4,0,0,0,0,0,,,10,10:18:00,1763745480,10.3,17:13:00,1763770380,17.22,6.92,,,0,0,-5,-2,1138,,,,,8,5.9,5,2,,,,
2025-11-20,2,1.03,0.8,-0.4,,-6,93,86.5,82.5,72,-0.1,-1,-2.2,-4.2,33,23.04,19.5,6,40,14,99.88,98.83,99.13,98.39,91.47,90.53,90.78,90.09,64400,36462.5,35400,6400,2.3,2,2,1.8,17.2,0,0,0,0,0.3,,,11,10:16:00,1763658960,10.27,17:15:00,1763684100,17.25,6.98,,,2,2,-2,-2,618,,,,,8,7.2,6,4,,,,
2025-11-19,-0.2,-3.37,-3.15,-6.1,,-13,93,90.1,89,85,-1.4,-4.8,-4.4,-7.4,37,21.12,22.5,8,46,16,101.29,100.82,100.62,99.95,92.68,92.29,92.1,91.52,64400,20945.8,34000,3600,2.2,1.9,2,1.7,21.1,0,0,0,0,0.7,,,10,10:13:00,1763572380,10.22,17:17:00,1763597820,17.28,7.07,,,-3,-3,-3,-3,139,,,,,8,6.7,5,2,,,,
2025-11-18,-0.8,-2.7,-2.75,-4.7,,-11,92,85.8,85,78,-3.2,-4.8,-4.6,-6,30,19.67,19,8,34,16,101.3,100.98,100.87,100.43,92.68,92.36,92.24,91.8,64400,34845.8,44250,24100,2.7,2,1.8,1,20.8,0,0,0,0,0,,,11,10:11:00,1763485860,10.18,17:19:00,1763511540,17.32,7.13,,,-2,-1,-8,-8,658,,,,,8,4.7,4,0,,,,
2025-11-17,-1.4,-5.11,-4.45,-7.5,,-17,92,86.8,87.5,83,-3.4,-7,-6.2,-9,42,34.29,32.5,23,47,18,100.43,100.35,100.31,100.19,91.84,91.78,91.74,91.65,64400,37466.7,35400,6400,2.6,1.1,1.8,1,22.4,0,0,0,0,0,,,11,10:08:00,1763399280,10.13,17:22:00,1763425320,17.37,7.23,,,-3,-3,-5,-5,481,,,,,8,6.5,5,2,,,,
2025-11-16,-5.5,-7.21,-7.2,-8.9,,-15,95,93.6,93.5,92,-6.2,-8.1,-8.1,-9.9,35,14.04,17.5,0,31,18,100.55,100.41,100.41,100.26,91.91,91.8,91.79,91.67,64400,30741.7,32500,600,2,1.3,1.5,1,25.2,0,0,0,0,0,,,12,10:05:00,1763312700,10.08,17:24:00,1763339040,17.4,7.32,,,-4,-4,-7,-7,855,,,,,8,5.7,5,2,,,,
2025-11-15,-7.2,-8.02,-8.1,-9,,-13,94,92.1,91.5,89,-8.2,-9.1,-9.1,-9.9,12,5.62,6,0,,,100.53,100.38,100.37,100.21,91.89,91.75,91.76,91.62,24100,13316.7,13050,2000,2,1.5,1.6,1.1,26.1,0,0,0,0,2.1,,,10,10:03:00,1763226180,10.05,17:26:00,1763252760,17.43,7.38,,,-6,-6,-10,-7,379,,,,,8,7.8,7,6,,,,
2025-11-14,-7.6,-8.76,-9.19,-10.8,,-14,93,92.2,91.5,90,-8.5,-9.8,-10.2,-11.9,8,4.17,4,0,,,100.46,100.35,100.38,100.3,91.82,91.73,91.75,91.68,64400,30829.2,36250,8100,2,1.7,1.8,1.5,27.2,0,0,0,0,0.2,,,10,10:00:00,1763139600,10,17:28:00,1763166480,17.47,7.47,,,-6,-6,-11,-9,592,,,,,8,7.7,7.5,7,,,,
2025-11-13,-5.8,-7.57,-7.05,-8.3,,-13,95,93.4,94,93,-6.8,-8.4,-8.1,-9.3,10,6.04,5,0,,,100.77,100.59,100.58,100.4,92.16,91.99,91.98,91.79,16100,8245.8,8850,1600,3,1.6,2,1,25.1,0,0,0,0,0,,,11,09:57:00,1763053020,9.95,17:31:00,1763080260,17.52,7.57,,,-6,-5,-10,-6,395,,,,,8,7.7,6,4,,,,
2025-11-12,-5.4,-7.07,-7.9,-10.4,,-14,95,94.2,93,91,-6.1,-7.8,-8.4,-10.7,11,4.04,5.5,0,,,101.24,101.06,101.01,100.78,92.55,92.41,92.36,92.16,24100,7695.8,12250,400,4,2,2.5,1,25.9,0,0,0,0,0.2,,,12,09:55:00,1762966500,9.92,17:33:00,1762993980,17.55,7.63,,,-4,-3,-9,-9,466,,,,,8,7,7,6,,,,
2025-11-11,-3.6,-5.88,-6.6,-9.6,,-12,97,91.6,92,87,-4.2,-7,-7,-9.8,12,6.38,6,0,,,101.08,100.66,100.62,100.16,92.36,92.04,91.99,91.61,64400,22933.3,34200,4000,3,1.8,2.2,1.5,24.6,0,0,0,0,0.2,,,12,09:52:00,1762879920,9.87,17:35:00,1762907700,17.58,7.72,,,-2,-2,-9,-6,257,,,,,8,7.9,7,6,,,,
2025-11-10,-2.3,-5.59,-8.05,-13.8,,-16,97,90.7,91.5,86,-4,-6.9,-8.6,-13.1,26,12.12,13,0,,,100.37,100.21,100.11,99.85,91.8,91.63,91.51,91.21,64400,37275,37050,9700,2.7,1.9,1.8,1,26.1,0,0,0,0,0.2,,,14,09:50:00,1762793400,9.83,17:38:00,1762821480,17.63,7.8,,,-2,-2,-5,-5,988,,,,,8,7,4.5,1,,,,
2025-11-09,-3.4,-4.12,-5.45,-7.5,,-9,97,92.1,86,75,-4.1,-5.2,-6.2,-8.2,12,6.83,6,0,,,100.91,99.6,99.84,98.77,92.45,91.17,91.4,90.36,24100,7083.3,12550,1000,6,1.9,3.5,1,23.4,0,0,0,0,14,,,0,09:47:00,1762706820,9.78,17:40:00,1762735200,17.67,7.88,,,-3,-2,-6,-6,73,,,,,8,6.4,4.5,1,,,,
2025-11-08,1.4,-1.61,-1.55,-4.5,,-10,77,67.1,68.5,60,-4.3,-7,-6.4,-8.5,26,16.29,13,0,33,14,101.81,101.47,101.41,101.02,93.21,92.88,92.8,92.39,64400,39212.5,44250,24100,3,1.6,2,1,19.6,0,0,0,0,0,,,0,09:44:00,1762620240,9.73,17:43:00,1762648980,17.72,7.98,,,-1,-1,-6,-4,1739,,,,,8,4.5,4,0,,,,
2025-11-07,2,0.03,0,-2,,-8,86,75.8,76,66,-3.1,-3.8,-3.8,-4.5,35,24.75,26,17,36,15,100.92,100.25,100.41,99.9,92.33,91.74,91.88,91.43,64400,41229.2,40250,16100,1.9,1.6,1.6,1.4,18,0,0,0,0,0,,,0,09:42:00,1762533720,9.7,17:45:00,1762562700,17.75,8.05,,,0,0,-4,-4,983,,,,,8,5.8,4.5,1,,,,
2025-11-06,1.9,0.56,0.49,-0.9,,-8,85,76,76.5,68,-2.7,-3.2,-3.5,-4.4,39,28.42,28.5,18,41,16,99.86,99.64,99.62,99.38,91.41,91.2,91.18,90.95,64400,39883.3,44250,24100,2.3,2,2,1.7,17.5,0,0,0,0,0,,,0,09:39:00,1762447140,9.65,17:48:00,1762476480,17.8,8.15,,,4,4,-2,-2,865,,,,,8,7.5,6.5,5,,,,
2025-11-05,0.3,-2.95,-2.85,-6,,-9,91,81,75,59,-4.2,-5.9,-5.8,-7.4,25,9.58,12.5,0,41,17,101.1,99.96,100.2,99.31,92.52,91.52,91.7,90.88,64400,38541.7,40250,16100,2.6,2.1,2.1,1.6,20.9,0,0,0,0,0,,,0,09:36:00,1762360560,9.6,17:50:00,1762390200,17.83,8.23,,,0,0,-1,-1,797,,,,,8,7.9,7.5,7,,,,
2025-11-04,-3.3,-6.38,-6.25,-9.2,,-15,93,86,84,75,-6.6,-8.4,-8.4,-10.2,25,12.79,14.5,4,35,16,101.58,101.41,101.38,101.17,92.9,92.75,92.73,92.55,64400,39883.3,44250,24100,2.3,1.9,1.6,1,24.2,0,0,0,0,0,,,0,09:34:00,1762274040,9.57,17:53:00,1762303980,17.88,8.32,,,-2,-2,-7,-7,2110,,,,,7,3.1,3.5,0,,,,
2025-11-03,3.2,-0.12,-0.34,-3.9,,-9,82,70.2,69,56,-3.8,-5,-5.6,-7.4,24,18.12,16,8,30,16,101.16,100.84,100.9,100.64,92.53,92.31,92.34,92.15,64400,40891.7,44250,24100,2.7,2.2,2.4,2,18.3,0,0,0,0,0,,,0,09:31:00,1762187460,9.52,17:56:00,1762217760,17.93,8.42,,,2,2,-9,-9,2226,,,,,8,2.8,4,0,,,,
2025-11-02,4.3,1.85,1.7,-0.9,,-6,83,70.5,72,61,-2.3,-3,-3.2,-4,31,23.46,22.5,14,40,15,100.62,99.94,99.94,99.27,92.1,91.47,91.48,90.86,64400,42570.8,44250,24100,2.2,2,2,1.9,16.3,0,0,0,0,0,,,0,09:28:00,1762100880,9.47,17:58:00,1762131480,17.97,8.5,,,7,7,-4,-2,1928,,,,,8,7.2,6,4,,,,
2025-11-01,4.2,2.09,2.1,0,,,74,65.6,61.5,49,-1.8,-3.7,-4.1,-6.4,30,22,22,14,36,16,99.22,98.86,98.8,98.38,90.84,90.5,90.42,90,64400,41562.5,44250,24100,2.4,2.1,2.2,2,15.9,0,0,0,0,0,,,0,09:26:00,1762014360,9.43,18:01:00,1762045260,18.02,8.58,,,5,5,1,1,2373,,,,,8,6.5,5,2,,,,
2025-10-31,5,2.85,2.85,0.7,,,95,84,83,71,1,0.4,0,-0.9,36,24.17,25.5,15,45,17,99.27,98.17,98.44,97.62,91.02,89.96,90.22,89.42,64400,35275,35400,6400,2.4,2.1,2.2,2,15.2,0,0,0,0,0.9,,,0,09:23:00,1761927780,9.38,18:04:00,1761959040,18.07,8.68,,,8,8,1,3,949,,,,,8,7.6,7,6,,,,
2025-10-30,5.3,2.59,2.6,-0.1,,,90,81.3,78.5,67,1.1,-0.3,-1,-3.2,39,28.08,26,13,45,17,100.93,100.45,100.15,99.37,92.42,92.04,91.78,91.14,64400,39758.3,34600,4800,2.4,2,2.1,1.9,15.4,0,0,0,0,0,,,0,09:20:00,1761841200,9.33,18:06:00,1761872760,18.1,8.77,,,7,7,3,3,1584,,,,,8,7.7,7.5,7,,,,
2025-10-29,1.2,-2.27,-2.8,-6.8,,-11,97,80.4,80.5,64,-4.3,-5.4,-5.8,-7.3,44,15.58,22,0,61,14,101.27,101,100.96,100.65,92.68,92.42,92.4,92.12,64400,37545.8,35400,6400,3,2.1,2.3,1.6,20.8,0,0,0,0,0.2,,,0,09:18:00,1761754680,9.3,18:09:00,1761786540,18.15,8.85,,,0,0,1,1,2955,,,,,8,7.4,6,4,,,,
2025-10-28,0.7,-2.94,-2.6,-5.9,,-12,90,80.8,78,66,-4.9,-5.9,-6,-7.2,25,13.5,12.5,0,,,102.14,101.64,101.44,100.74,93.48,93.05,92.85,92.21,64400,41562.5,44250,24100,2.2,1.9,1.8,1.5,20.6,0,0,0,0,0,,,0,09:15:00,1761668100,9.25,18:12:00,1761700320,18.2,8.95,,,-2,-2,-5,-5,3254,,,,,8,4.4,4,0,,,,
2025-10-27,1.5,-3.08,-2.95,-7.4,,-10,96,84,84.5,73,-3,-5.4,-5.8,-8.5,26,13.08,13,0,,,102.13,101.71,101.64,101.16,93.41,93.02,92.97,92.53,64400,41562.5,44250,24100,2.7,1.8,2,1.2,20.9,0,0,0,0,0,,,0,09:12:00,1761581520,9.2,18:15:00,1761614100,18.25,9.05,,,0,0,-8,-7,3486,,,,,7,3.5,3.5,0,,,,
2025-10-26,0.5,-1.67,-1.79,-4.1,,-5,99,93.5,92,85,-0.7,-2.6,-2.7,-4.7,9,3.29,4.5,0,,,101.11,100.59,100.68,100.25,92.47,92.03,92.1,91.73,40200,25270.8,24950,9700,2,1.4,1.5,1,19.8,0,0,0,0,0.2,,,0,09:10:00,1761495000,9.17,18:17:00,1761527820,18.28,9.12,,,0,1,-7,-7,1424,,,,,8,7.3,5.5,3,,,,
2025-10-25,2.8,-0.04,-0.15,-3.1,,-5,99,91.9,89,79,0,-1.2,-1.9,-3.7,17,8.38,8.5,0,,,100.23,99.86,99.83,99.42,91.69,91.4,91.35,91.01,64400,38616.7,33800,3200,1.9,1.5,1.6,1.3,18.1,0,0,0,0,0.8,,,0,09:07:00,1761408420,9.12,18:20:00,1761441600,18.33,9.22,,,2,3,-7,-5,2461,,,,,8,5.2,4.5,1,,,,
2025-10-24,6.3,3.05,3.15,0,,,86,73.8,71,56,-0.5,-1.3,-1.9,-3.2,37,17.79,20.5,4,44,15,99.37,98.97,98.92,98.46,90.96,90.62,90.55,90.14,64400,42570.8,44250,24100,2.8,2.2,2.4,1.9,14.8,0,0,0,0,0,,,0,09:04:00,1761321840,9.07,18:23:00,1761355380,18.38,9.32,,,6,6,-4,-4,3188,,,,,8,7.3,7,6,,,,
2025-10-23,7.7,4.67,5,2.3,,,85,69.3,68,51,0.6,-0.6,-0.6,-1.9,36,25.25,22,8,39,16,98.54,98.18,98.28,98.02,90.34,89.96,90.07,89.81,64400,41229.2,40250,16100,2.5,2,2,1.6,13,0,0,0,0,0,,,0,09:02:00,1761235320,9.03,18:26:00,1761269160,18.43,9.4,1,1,8,8,0,3,4052,,,,,8,7,6,4,,,,
2025-10-22,5.7,3.38,3.7,1.7,,,94,83.8,81.5,69,2.2,0.9,0.7,-0.8,37,25.25,25,13,35,16,100.04,99.01,99.33,98.62,91.72,90.75,91.03,90.33,64400,34930.8,37050,9700,2.1,1.8,1.8,1.5,14.3,0,0,0,0,0.2,,,0,08:59:00,1761148740,8.98,18:29:00,1761182940,18.48,9.5,,,5,5,4,4,1849,,,,,8,7.5,6,4,,,,
2025-10-21,6.8,2.87,3.5,0.2,,,100,87.2,83.5,67,1.7,0.8,1,0.2,36,14.12,18,0,35,13,100.56,100.33,100.26,99.97,92.11,91.88,91.81,91.51,64400,38354.2,36250,8100,1.7,1.3,1.4,1,14.5,0,0,0,0,0,,,0,08:57:00,1761062220,8.95,18:32:00,1761096720,18.53,9.58,1,1,6,6,1,1,3502,,,,,8,7,6,4,,,,
2025-10-20,3.7,1.85,2,0.3,,,96,86.4,86.5,77,1.2,-0.2,-0.3,-1.8,27,12.62,13.5,0,38,15,100.51,100.02,100.16,99.81,92.12,91.62,91.77,91.42,40200,25854.2,24950,9700,2.2,1.6,1.8,1.3,16,0,0,0,0,0.2,,,0,08:54:00,1760975640,8.9,18:35:00,1761010500,18.58,9.68,,,4,4,0,0,1301,,,,,8,7.8,7,6,,,,
2025-10-19,4.2,2.11,2.1,0,,,92,82.2,79.5,67,0.3,-0.7,-0.6,-1.6,23,9.08,11.5,0,35,16,101.04,100.76,100.71,100.37,92.55,92.28,92.23,91.9,64400,37412.5,36250,8100,1.5,1.3,1.4,1.2,15.9,0,0,0,0,0.4,,,0,08:51:00,1760889060,8.85,18:38:00,1760924280,18.63,9.78,,,4,4,0,0,2748,,,,,8,5.7,4.5,1,,,,
2025-10-18,6.6,3.52,3.25,-0.1,,,90,73.1,74,58,-0.4,-1,-1.2,-2.1,21,11.92,10.5,0,30,17,100.36,100.14,100.14,99.91,91.95,91.73,91.74,91.54,64400,42570.8,44250,24100,1.9,1.7,1.6,1.4,14.8,0,0,0,0,0,,,0,08:49:00,1760802540,8.82,18:41:00,1760838060,18.68,9.87,1,1,5,5,0,0,4153,,,,,8,6,5,2,,,,
2025-10-17,7.2,4.62,5.15,3.1,,,82,71.6,73.5,65,1.1,-0.1,-0.2,-1.4,28,17.21,19,10,30,15,100.37,100.08,100.01,99.65,91.95,91.68,91.62,91.29,64400,44250,44250,24100,2.4,2,2,1.7,12.8,0,0.2,0,0,0,,,0,08:46:00,1760715960,8.77,18:44:00,1760751840,18.73,9.97,1,1,6,9,-1,2,1914,,,,,8,6.8,6,4,,,,
2025-10-16,8.3,5.46,5.55,2.8,,,80,66.6,66,52,0.8,-0.4,-0.6,-1.9,39,27.42,27.5,16,34,16,99.63,99.4,99.44,99.26,91.38,91.09,91.16,90.95,64400,44250,44250,24100,2.6,2.2,2.2,1.8,12.4,0,0.6,0,0,0,,,0,08:44:00,1760629440,8.73,18:47:00,1760665620,18.78,10.05,1,1,9,9,2,2,2734,,,,,8,5.2,4.5,1,,,,
2025-10-15,10.2,5.34,4.34,-1.5,,-4,79,55.2,55.5,32,-1,-3.3,-3.5,-6.1,40,15.29,20,0,56,15,101.74,101.08,100.74,99.73,93.2,92.67,92.34,91.49,64400,44250,44250,24100,2.8,2.2,2.4,2,13.7,0,0,0,0,0,,,0,08:41:00,1760542860,8.68,18:50:00,1760579400,18.83,10.15,1,1,9,9,5,5,2586,,,,,8,5.4,4,0,,,,
2025-10-14,13.6,8.93,9.69,5.8,,,71,59.8,55,39,4,1.3,0,-4.1,44,28.25,31,18,62,21,101.12,100.66,100.62,100.12,92.69,92.29,92.24,91.79,64400,42570.8,44250,24100,2.3,1.9,2,1.6,8.3,0,4.7,2.7,0,0,,,0,08:39:00,1760456340,8.65,18:53:00,1760493180,18.88,10.23,1,1,12,12,3,3,4383,,,,,8,6.2,4,0,,,,
2025-10-13,9,5.63,6,3,,,68,61.1,61,54,1.1,-1.3,-1.8,-4.7,39,27.5,28.5,18,45,12,101.5,101.06,101.11,100.71,92.96,92.61,92.63,92.3,64400,44250,44250,24100,1.7,1.6,1.6,1.6,12,0,1,0,0,0,,,0,08:36:00,1760369760,8.6,18:56:00,1760406960,18.93,10.33,1,1,11,11,4,4,2895,,,,,8,6.6,4.5,1,,,,
2025-10-12,5.2,-0.2,0,-5.2,,-12,88,66.9,65,42,-4.7,-6.1,-5.9,-7.1,32,21.17,18,4,40,17,102.53,102.01,102.01,101.5,93.85,93.42,93.39,92.93,64400,44250,44250,24100,6,1.8,3.6,1.2,18,0,0,0,0,0,,,0,08:34:00,1760283240,8.57,18:59:00,1760320740,18.98,10.42,1,1,4,4,2,2,5077,,,,,8,5.2,4,0,,,,
2025-10-11,3.5,0.72,0.5,-2.5,,-6,79,66.5,65,51,-3.8,-5,-4.8,-5.9,10,5.08,5,0,,,102.47,102.23,102.26,102.05,93.78,93.59,93.62,93.47,64400,44250,44250,24100,2,1.5,1.6,1.3,17.5,0,0,0,0,0,,,0,08:31:00,1760196660,8.52,19:02:00,1760234520,19.03,10.52,1,1,2,2,-6,-6,4237,,,,,8,5.7,4,0,,,,
2025-10-10,5.2,2.05,1.5,-2.2,,-5,100,73.5,74.5,49,0.3,-2.6,-2.6,-5.6,35,18.46,17.5,0,36,31,102.05,101.68,101.6,101.15,93.45,93.11,93.06,92.67,64400,36958.3,33200,2000,1.6,1.4,1.3,1,16.5,0,0,0,0,4.2,,,0,08:29:00,1760110140,8.48,19:05:00,1760148300,19.08,10.6,1,1,5,5,-5,-5,6866,,,,,8,6,5,2,,,,
2025-10-09,10.2,4.94,4.55,-1.1,,-2,94,74.8,74,54,1.9,0.6,0.1,-1.7,25,9.75,12.5,0,,,102.03,101.77,101.67,101.32,93.48,93.27,93.17,92.85,64400,44250,44250,24100,1.6,1.4,1.4,1.1,13.4,0,0,0,0,0,,,0,08:26:00,1760023560,8.43,19:08:00,1760062080,19.13,10.7,1,1,12,12,1,2,6760,,,,,7,2.8,3.5,0,,,,
2025-10-08,10.2,3.73,3.89,-2.4,,-5,99,81.3,78.5,58,2.7,0.5,0.2,-2.4,28,15.08,15.5,3,42,17,102.09,101.89,101.88,101.66,93.48,93.34,93.31,93.14,64400,44250,44250,24100,1.5,1.2,1.2,1,14.1,0,0,0,0,0,,,0,08:24:00,1759937040,8.4,19:11:00,1759975860,19.18,10.78,1,1,10,10,0,0,6658,,,,,7,3.6,3.5,0,,,,
2025-10-07,6.7,3.02,2.54,-1.6,,-4,94,79.6,76,58,2.6,-0.3,-0.6,-3.8,18,8.04,9,0,,,102.07,101.38,101.45,100.84,93.41,92.84,92.92,92.43,64400,29545.8,38650,12900,2.2,1.7,1.8,1.5,15.5,0,0,0,0,0.2,,,0,08:21:00,1759850460,8.35,19:14:00,1759889640,19.23,10.88,1,1,7,7,-1,0,1153,,,,,8,6.4,4.5,1,,,,
2025-10-06,15.4,9.2,10.75,6.1,,,89,65,55.5,22,6.5,2.3,-0.1,-6.7,33,23.33,23.5,14,36,16,101.09,100.69,100.68,100.27,92.66,92.32,92.32,91.98,64400,42570.8,44250,24100,2.3,1.6,1.8,1.2,7.2,0,5.8,3.8,0.8,0,,,0,08:19:00,1759763940,8.32,19:17:00,1759803420,19.28,10.97,1,1,12,12,1,1,5568,,,,,8,5.8,5,2,,,,
2025-10-05,8.5,5.91,5.2,1.9,,,94,83,81,68,6,3.2,3,0,34,19.42,19.5,5,40,16,102.08,101.61,101.58,101.08,93.53,93.16,93.1,92.67,64400,33979.2,37850,11300,1.9,1.5,1.6,1.2,12.8,0,0.2,0,0,1.8,,,0,08:16:00,1759677360,8.27,19:20:00,1759717200,19.33,11.07,1,1,10,10,5,8,1930,,,,,8,6.5,5.5,3,,,,
2025-10-04,8.7,2.92,2.64,-3.4,,-6,89,73,73.5,58,1.1,-1.7,-1.9,-4.8,28,12.08,14,0,31,14,102.66,102.38,102.35,102.04,94.02,93.78,93.74,93.46,64400,44250,44250,24100,2,1.6,1.6,1.2,15.4,0,0,0,0,0.2,,,0,08:14:00,1759590840,8.23,19:23:00,1759630980,19.38,11.15,2,2,9,10,2,2,4687,,,,,8,5.7,4.5,1,,,,
2025-10-03,9.7,5.95,6.3,2.9,,,92,67.4,68.5,45,1.9,0.1,-0.5,-2.9,23,8.54,11.5,0,34,32,102.29,101.26,101.32,100.35,93.65,92.72,92.81,91.96,64400,42570.8,44250,24100,2,1.6,1.8,1.5,11.7,0,1.3,0,0,0,,,0,08:11:00,1759504260,8.18,19:26:00,1759544760,19.43,11.25,1,1,8,8,-2,-2,6418,,,,,8,6.5,5,2,,,,
2025-10-02,9.2,5.88,5.65,2.1,,,76,60.9,62.5,49,0.2,-1.2,-1.2,-2.5,42,26.67,30,18,45,16,100.48,100.34,100.36,100.24,92.09,91.96,91.97,91.85,64400,45929.2,44250,24100,2,1.8,1.8,1.5,12.3,0,0.6,0,0,0,,,0,08:09:00,1759417740,8.15,19:29:00,1759458540,19.48,11.33,1,1,10,10,0,0,2849,,,,,8,6.3,4,0,,,,
2025-10-01,11.2,2.45,2.99,-5.2,,-8,97,70.4,69,41,-1.5,-3.2,-3.9,-6.2,32,12.75,16,0,41,16,101.2,100.91,100.86,100.52,92.67,92.44,92.38,92.08,64400,42304.2,37050,9700,2,1.5,1.6,1.1,15,0,0,0,0,0,,,0,08:06:00,1759331160,8.1,19:32:00,1759372320,19.53,11.43,1,1,11,11,2,2,9095,,,,,7,2,3.5,0,,,,
2025-09-30,10.6,3.2,3.59,-3.4,,-4,95,71,71,47,0.3,-2,-2.1,-4.5,21,8.88,12,3,,,101.01,100.83,100.8,100.58,92.47,92.34,92.29,92.11,64400,45929.2,44250,24100,1.7,1.4,1.4,1,14.4,0,0,0,0,0,,,0,08:04:00,1759244640,8.07,19:35:00,1759286100,19.58,11.52,1,1,8,8,-1,-1,7853,,,,,8,4.2,4,0,,,,
2025-09-29,10.1,4.09,4.64,-0.8,,-3,92,67.3,65.5,39,-0.1,-2,-1.9,-3.7,17,7.29,8.5,0,,,100.57,100.39,100.4,100.23,92.09,91.98,91.96,91.84,64400,44250,44250,24100,2,1.5,1.6,1.1,13.4,0,0,0,0,0,,,0,08:01:00,1759158060,8.02,19:39:00,1759199940,19.65,11.63,1,1,11,11,0,0,8064,,,,,8,5.8,4.5,1,,,,
2025-09-28,10.3,5.85,6.05,1.8,,,87,67,65.5,44,0.8,-0.2,-0.4,-1.7,29,20.46,20,11,33,16,100.94,100.75,100.72,100.49,92.48,92.33,92.3,92.12,64400,45929.2,44250,24100,1.8,1.5,1.5,1.2,11.9,0,1.1,0,0,0,,,0,07:59:00,1759071540,7.98,19:42:00,1759113720,19.7,11.72,1,1,10,10,0,0,7976,,,,,8,6.5,5,2,,,,
2025-09-27,8.6,5.12,5.5,2.4,,,98,81.8,79.5,61,3.4,2.1,1.9,0.4,27,14.67,15.5,4,37,15,100.62,99.73,99.77,98.92,92.11,91.31,91.36,90.6,64400,45929.2,44250,24100,1.7,1.3,1.4,1,12.5,0,0.5,0,0,0,,,0,07:56:00,1758984960,7.93,19:45:00,1759027500,19.75,11.82,1,1,8,10,1,3,3455,,,,,8,6.5,4,0,,,,
2025-09-26,8.7,6.33,6.1,3.5,,,88,74.1,69.5,51,2.6,2,0.8,-0.9,35,17,17.5,0,42,15,99.78,99.25,99.28,98.79,91.49,91.01,91.01,90.53,64400,41900,44250,24100,1.7,1.5,1.6,1.4,11.9,0,1.1,0,0,0,,,0,07:54:00,1758898440,7.9,19:48:00,1758941280,19.8,11.9,2,2,10,10,3,3,3566,,,,,8,7.2,7,6,,,,
2025-09-25,9.8,7.16,7.5,5.2,,,78,68.5,67,56,2.3,1.7,1.6,1,35,25.71,23.5,12,42,14,100.42,100.02,100.11,99.8,92.13,91.71,91.81,91.48,64400,46266.7,44250,24100,1.7,1.6,1.6,1.5,10.5,0,2.5,0.5,0,0,,,0,07:51:00,1758811860,7.85,19:51:00,1758855060,19.85,12,2,2,11,11,6,6,4767,,,,,8,6.7,6,4,,,,
2025-09-24,9.2,6.68,6.05,2.9,,,83,67,67,51,1.8,0.8,0.6,-0.6,39,27.58,30.5,22,40,15,101.2,101,100.86,100.51,92.75,92.59,92.47,92.18,64400,46600,44250,24100,2,1.7,1.8,1.5,11.9,0,1.1,0,0,0,,,0,07:49:00,1758725340,7.82,19:54:00,1758768840,19.9,12.08,2,2,9,10,6,6,3820,,,,,8,5.9,4.5,1,,,,
2025-09-23,13,8.02,9.25,5.5,,,80,65.7,64,48,3,1.9,2.2,1.4,30,17.71,18.5,7,31,16,101.09,100.85,100.65,100.22,92.66,92.41,92.2,91.73,64400,46600,44250,24100,1.8,1.6,1.6,1.5,8.8,0,4.2,2.2,0,0.2,,,0,07:47:00,1758638820,7.78,19:57:00,1758682620,19.95,12.17,2,2,12,12,2,2,8113,,,,,8,7,5.5,3,,,,
2025-09-22,9.4,7.19,7.55,5.7,,,89,79.2,80,71,5.5,3.8,4,2.6,30,17.29,16.5,3,40,16,100.09,99.47,99.61,99.13,91.61,91.18,91.24,90.87,64400,38875,40250,16100,1.8,1.6,1.6,1.5,10.4,0,2.5,0.6,0,0.3,,,0,07:44:00,1758552240,7.73,20:00:00,1758596400,20,12.27,1,1,11,11,5,5,4508,,,,,8,7.6,6.5,5,,,,
2025-09-21,13.6,8.48,8.5,3.4,,,88,69.5,67,46,4,3,2.9,1.8,27,19.25,19,11,32,17,99.74,99.48,99.51,99.29,91.45,91.18,91.22,90.98,64400,46600,44250,24100,1.8,1.6,1.6,1.5,9.5,0,3.5,1.5,0,0,,,0,07:42:00,1758465720,7.7,20:03:00,1758510180,20.05,12.35,2,2,13,15,4,5,7224,,,,,8,5.5,5,2,,,,
2025-09-20,11.4,9.22,8.94,6.5,,,92,84.2,85,78,8.9,6.7,6.5,4.2,25,15.88,16,7,32,15,99.28,99.02,99.06,98.85,91.11,90.8,90.88,90.65,64400,40016.7,41850,19300,1.8,1.6,1.6,1.5,9.1,0,3.9,1.9,0,1.1,,,0,07:39:00,1758379140,7.65,20:07:00,1758424020,20.12,12.47,1,2,12,14,4,4,3107,,,,,8,7.3,7,6,,,,
2025-09-19,12.3,9.49,9.69,7.1,,,95,82.2,81,67,7.8,6.6,5.7,3.6,33,21.62,22,11,41,17,100.62,100.01,99.98,99.34,92.36,91.76,91.76,91.15,64400,35658.3,37050,9700,1.6,1.5,1.4,1.3,8.3,0,4.7,2.7,0,3.4,,,0,07:37:00,1758292620,7.62,20:10:00,1758337800,20.17,12.55,2,2,12,12,8,9,3766,,,,,8,7.6,7,6,,,,
2025-09-18,14.3,9.95,10.35,6.4,,,71,60.2,57,43,3.8,2.5,2.4,0.9,33,22.92,25.5,18,32,13,101.34,101.13,101.02,100.7,92.94,92.76,92.69,92.43,64400,47608.3,44250,24100,1.9,1.8,1.8,1.7,7.7,0,5.3,3.4,0.4,0,,,0,07:35:00,1758206100,7.58,20:13:00,1758251580,20.22,12.63,2,2,14,14,7,9,8661,,,,,8,6.5,5.5,3,,,,
2025-09-17,14.7,11.31,11.55,8.4,,,98,75.5,77.5,57,9.1,7,6.2,3.4,39,19.75,19.5,0,44,16,100.96,100.37,100.45,99.95,92.59,92.06,92.13,91.68,64400,43573.8,44250,24100,2,1.5,1.6,1.1,6.5,0,6.5,4.5,1.6,1.7,,,0,07:32:00,1758119520,7.53,20:16:00,1758165360,20.27,12.73,2,2,14,14,8,8,5213,,,,,8,7.7,7.5,7,,,,
2025-09-16,13,10.53,10.6,8.2,,,78,71.8,71.5,65,7.9,5.7,5.8,3.8,31,20.71,21,11,35,18,101.67,101.38,101.31,100.94,93.23,93,92.92,92.6,64400,47608.3,44250,24100,1.8,1.6,1.6,1.5,7.4,0,5.6,3.6,0.6,0,,,0,07:30:00,1758033000,7.5,20:19:00,1758079140,20.32,12.82,1,1,13,14,8,8,2962,,,,,8,7.8,6.5,5,,,,
2025-09-15,13.4,8.37,8.75,4.1,,,90,69.5,72,54,5.2,3,2,-1.1,32,20.38,21,10,32,17,101.6,101.28,101.37,101.14,93.07,92.85,92.91,92.75,64400,43312.5,37050,9700,1.9,1.7,1.7,1.5,9.2,0,3.8,1.8,0,0,,,,07:27:00,1757946420,7.45,20:22:00,1757992920,20.37,12.92,2,2,13,13,6,6,9628,,,,,8,5.2,4,0,,,,
2025-09-14,16.9,7.6,7.74,-1.4,,-3,96,64.2,63.5,31,1.9,0,0.3,-1.3,25,11.75,12.5,0,40,15,101.25,101.11,101.11,100.96,92.76,92.67,92.66,92.56,64400,49287.5,44250,24100,2,1.4,1.5,1,10.3,0,2.7,0.7,0,0,,,,07:25:00,1757859900,7.42,20:25:00,1757906700,20.42,13,2,2,15,15,3,4,12175,,,,,5,1.8,2.5,0,,,,
2025-09-13,16.1,9.83,10.35,4.6,,,86,62.4,62,38,3.7,2.4,2.1,0.5,26,17.96,17,8,32,16,101.42,101.22,101.22,101.03,92.98,92.83,92.82,92.65,64400,49287.5,44250,24100,1.9,1.7,1.6,1.4,7.7,0,5.3,3.4,0.4,0,,,,07:22:00,1757773320,7.37,20:29:00,1757820540,20.48,13.12,3,3,15,15,4,4,13360,,,,,3,1.5,1.5,0,,,,
2025-09-12,15.9,10.86,10.8,5.7,,,85,61.4,64,43,4.3,3.3,3.1,2,35,23.54,25.5,16,32,13,101.27,100.99,100.98,100.7,92.87,92.6,92.61,92.35,64400,49287.5,44250,24100,2,1.7,1.7,1.4,7.2,0,5.8,3.8,0.8,0,,,,07:20:00,1757686800,7.33,20:32:00,1757734320,20.53,13.2,3,3,15,16,5,7,10865,,,,,8,4.5,4.5,1,,,,
2025-09-11,17,12.3,13.05,9.1,,,94,71.9,70,46,9.9,7,7.1,4.3,41,25.29,25,9,35,16,100.67,100.33,100.41,100.15,92.32,92.02,92.1,91.87,64400,48954.2,40250,16100,1.9,1.5,1.5,1.1,5,0,8.1,6,3,1.6,,,0,07:18:00,1757600280,7.3,20:35:00,1757648100,20.58,13.28,3,3,16,17,8,8,7420,,,,,8,6.1,4.5,1,,,,
2025-09-10,14.1,11.7,11.75,9.4,,,90,76.1,76,62,9.7,7.6,7.1,4.5,37,27.42,27.5,18,49,17,100.96,100.57,100.61,100.26,92.67,92.3,92.33,91.99,64400,43575,44250,24100,1.9,1.6,1.6,1.4,6.2,0,6.8,4.8,1.8,1.2,,,0,07:15:00,1757513700,7.25,20:38:00,1757561880,20.63,13.38,2,2,15,15,12,12,3158,,,,,8,7.7,7.5,7,,,,
2025-09-09,19.3,11.86,11.5,3.7,,,91,61.6,63,35,6.2,4,4.2,2.2,27,13.25,13.5,0,37,16,101.47,101.25,101.24,101.01,93.04,92.88,92.86,92.68,64400,49287.5,44250,24100,2,1.6,1.6,1.1,6.5,0,6.5,4.5,1.5,0,,,,07:13:00,1757427180,7.22,20:41:00,1757475660,20.68,13.47,3,3,17,18,6,10,13150,,,,,8,4.1,5,2,,,,
2025-09-08,15.8,11.13,10.95,6.1,,,79,67.1,65.5,52,7.3,5.2,5.5,3.6,27,16.38,16.5,6,37,15,101.46,101.35,101.35,101.23,93.09,92.98,92.98,92.87,64400,50966.7,44250,24100,1.8,1.6,1.5,1.2,7,0,6,4,0.9,0,,,0,07:10:00,1757340600,7.17,20:44:00,1757389440,20.73,13.57,3,3,16,17,7,9,3965,,,,,8,6.5,5,2,,,,
2025-09-07,20.5,13.46,14.1,7.7,,,87,60.9,62.5,38,7,5.6,5.6,4.2,23,10.54,13,3,,,101.42,101.31,101.3,101.18,93.05,92.96,92.95,92.85,64400,50966.7,44250,24100,2,1.5,1.5,1,3.9,0,9.1,7.1,4.1,0,,,,07:08:00,1757254080,7.13,20:47:00,1757303220,20.78,13.65,4,4,21,21,8,8,10735,,,,,8,6.4,5.5,3,,,,
2025-09-06,19.7,15.36,15.95,12.2,,,98,72.3,72.5,47,11.9,10.1,9.9,8,14,7.46,7,0,,,101.61,101.45,101.45,101.29,93.27,93.12,93.11,92.96,64400,46000,37050,9700,2.1,1.8,1.7,1.3,2,0,10.9,8.9,6,0.5,,,0,07:05:00,1757167500,7.08,20:50:00,1757217000,20.83,13.75,4,4,21,21,8,8,9968,,,,,8,6.8,6.5,5,,,,
2025-09-05,25.3,17.99,18.35,11.4,25,,76,54.5,54,32,8.9,8.2,8.1,7.2,27,14.58,15,3,37,16,101.24,101.02,101.01,100.78,92.93,92.76,92.74,92.55,64400,50966.7,44250,24100,1.8,1.6,1.6,1.4,0,0.4,13.3,11.3,8.3,0,,,0,07:03:00,1757080980,7.05,20:54:00,1757130840,20.9,13.85,4,4,23,23,10,10,12512,,,,,8,4.6,4,0,,,,
2025-09-04,26.4,18.69,18.64,10.9,27,,69,49,49.5,30,8.4,7.3,7.2,6,30,15.58,15,0,32,16,101.88,101.47,101.48,101.09,93.57,93.2,93.19,92.82,64400,45591.7,44250,24100,2,1.9,1.8,1.5,0,0.6,13.6,11.6,8.6,0,,,,07:01:00,1756994460,7.02,20:57:00,1757044620,20.95,13.93,4,4,25,25,9,9,14588,,,,,8,3.1,4.5,1,,,,
2025-09-03,25,17.57,18.05,11.1,,,68,47.8,47.5,27,7.7,5.7,6.2,4.6,14,8.75,8.5,3,,,102.54,102.23,102.23,101.91,94.15,93.87,93.87,93.58,64400,49625,44250,24100,3,2.1,2.4,1.7,0,0.1,13.1,11.1,8.1,0,,,,06:58:00,1756907880,6.97,21:00:00,1756958400,21,14.03,4,4,23,24,10,11,14801,,,,,7,3.9,4.5,2,,,,
2025-09-02,25,16.21,16.05,7.1,,,75,47.8,50.5,26,6.2,4.4,4.7,3.1,24,8.79,13.5,3,,,102.21,102,101.97,101.72,93.84,93.64,93.61,93.38,64400,49625,44250,24100,2.2,1.7,1.8,1.3,2,0,11.1,9.1,6,0,,,0,06:56:00,1756821360,6.93,21:03:00,1756872180,21.05,14.12,4,4,24,24,9,9,12099,,,,,8,5.1,4,0,,,,
2025-09-01,24.3,14.83,14.65,5,,,81,48.3,52,23,4,2.7,2.8,1.5,17,6.54,8.5,0,,,102.65,102.42,102.42,102.2,94.16,94,93.97,93.78,64400,50295.8,44250,24100,2,1.5,1.6,1.1,3.4,0,9.7,7.7,4.7,0,,,,06:53:00,1756734780,6.88,21:06:00,1756785960,21.1,14.22,4,4,23,24,8,8,15680,,,,,7,3.5,3.5,0,,,,
2025-08-31,20.9,12.15,12.45,4,,,92,55.5,58,24,3.7,2.1,1.6,-0.5,14,6,7,0,,,102.51,102.41,102.42,102.34,94.02,93.94,93.93,93.85,64400,50295.8,44250,24100,2,1.5,1.5,1,5.5,0,7.5,5.5,2.5,0,,,,06:51:00,1756648260,6.85,21:09:00,1756699740,21.15,14.3,4,4,21,21,6,6,15703,,,,,8,5.3,4,0,,,,
2025-08-30,20.2,14.51,15,9.8,,,85,51.3,58,31,8.3,3.8,4.2,0,30,8.83,15,0,45,36,102.57,102.28,102.06,101.54,94.17,93.86,93.68,93.19,64400,51304.2,44250,24100,2.1,1.9,1.8,1.6,3,0,10,8,5,0.7,,,0,06:48:00,1756561680,6.8,21:12:00,1756613520,21.2,14.4,4,4,18,19,6,6,14360,,,,,8,4.9,4.5,1,,,,
2025-08-29,25.6,18.48,19.25,12.9,25,,67,48.3,47.5,28,8.8,6.8,6.8,4.9,47,25.75,30,13,44,20,101.71,101.52,101.49,101.26,93.4,93.23,93.2,93,64400,52645.8,44250,24100,2.1,1.7,1.8,1.5,0,1.2,14.2,12.2,9.2,0,,,,06:46:00,1756475160,6.77,21:15:00,1756527300,21.25,14.48,4,4,25,25,11,11,15697,,,,,8,2.8,4,0,,,,
2025-08-28,24.3,17.43,17.8,11.3,,,75,54.6,56,37,8.9,7.8,7.4,5.9,32,22.54,22,12,37,14,101.81,101.7,101.7,101.59,93.47,93.38,93.37,93.27,64400,52645.8,44250,24100,1.7,1.5,1.5,1.3,0.2,0,12.8,10.8,7.8,0,,,0,06:43:00,1756388580,6.72,21:18:00,1756441080,21.3,14.58,5,5,26,26,12,12,14227,,,,,7,3.8,3.5,0,,,,
2025-08-27,25.4,18.02,18.5,11.6,25,,61,44.9,45.5,30,7.3,5.5,5.6,3.9,36,22.17,23.5,11,37,15,101.65,101.47,101.48,101.31,93.32,93.17,93.18,93.04,64400,52645.8,44250,24100,2.2,1.9,2,1.7,0,0.5,13.5,11.5,8.5,0,,,,06:41:00,1756302060,6.68,21:21:00,1756354860,21.35,14.67,4,4,24,25,9,11,12759,,,,,7,2.8,3.5,0,,,,
2025-08-26,25.2,16.49,16.7,8.2,,,84,53.4,56.5,29,7.2,6,5.5,3.7,21,14.67,14.5,8,31,16,101.85,101.64,101.59,101.34,93.5,93.32,93.27,93.04,64400,52645.8,44250,24100,2.3,1.7,1.8,1.4,1.3,0,11.7,9.7,6.7,0,,,,06:38:00,1756215480,6.63,21:24:00,1756268640,21.4,14.77,4,4,23,24,11,11,17072,,,,,7,2.5,3.5,0,,,,
2025-08-25,23.9,16.02,15.7,7.5,,,87,56.3,60,33,8.4,6.6,6.7,5,24,10.12,12,0,32,14,102.14,101.93,101.94,101.74,93.76,93.57,93.57,93.38,64400,52645.8,44250,24100,1.8,1.4,1.4,1,2.3,0,10.7,8.7,5.7,0,,,,06:36:00,1756128960,6.6,21:27:00,1756182420,21.45,14.85,5,5,21,21,9,9,16985,,,,,6,1.8,3,0,,,,
2025-08-24,25.1,16.77,16.35,7.6,,,92,54.2,59.5,27,7.5,6.2,6.1,4.7,22,10.42,11,0,30,14,102.12,101.91,101.89,101.65,93.74,93.56,93.52,93.31,64400,52645.8,44250,24100,2.1,1.4,1.6,1,1.6,0,11.3,9.3,6.3,0,,,0,06:33:00,1756042380,6.55,21:30:00,1756096200,21.5,14.95,5,5,22,22,9,9,18056,,,,,2,1.2,1,0,,,,
2025-08-23,26.2,18.32,18.55,10.9,25,,75,52,51.5,28,8.9,7.7,7.3,5.8,24,14.71,15.5,7,37,21,102.4,102.14,102.1,101.79,94.01,93.79,93.74,93.47,64400,52645.8,44250,24100,1.6,1.3,1.3,1,0,0.6,13.6,11.6,8.6,0,,,0,06:31:00,1755955860,6.52,21:33:00,1756009980,21.55,15.03,4,4,24,24,9,9,17719,,,,,8,4.6,4,0,,,,
2025-08-22,21.1,13.2,12.75,4.4,,,96,65.4,65,34,7.8,5.8,5.8,3.8,19,9.21,11,3,27,14,102.85,102.62,102.61,102.38,94.33,94.15,94.13,93.93,64400,52645.8,44250,24100,1.6,1.3,1.3,1,5.2,0,7.8,5.8,2.8,0,,,0,06:28:00,1755869280,6.47,21:36:00,1755923760,21.6,15.13,4,4,19,20,9,10,15671,,,,,8,5.5,4,0,,,,
2025-08-21,15.7,13.37,13.39,11.1,,,77,67.7,66,55,9.7,7.5,8.1,6.5,16,7.33,8,0,,,102.78,102.67,102.65,102.52,94.31,94.2,94.18,94.05,64400,52645.8,44250,24100,1.1,1.1,1.1,1.1,4.6,0,8.4,6.4,3.4,0,,,0,06:26:00,1755782760,6.43,21:39:00,1755837540,21.65,15.22,3,3,19,19,8,8,4451,,,,,8,7.4,6,4,,,,
2025-08-20,20.2,14.79,15.5,10.8,,,89,66.1,66.5,44,10.1,8.1,8.2,6.2,20,9.58,12,4,,,102.48,102.09,102.09,101.7,94.01,93.66,93.66,93.3,64400,51637.5,44250,24100,1.4,1.1,1.2,1,2.5,0,10.5,8.5,5.5,0,,,0,06:23:00,1755696180,6.38,21:42:00,1755751320,21.7,15.32,4,4,18,18,8,8,14025,,,,,8,6.9,6.5,5,,,,
2025-08-19,18.9,13.84,14.7,10.5,,,87,72.4,67.5,48,10.3,8.8,9,7.7,21,13.46,10.5,0,,,101.68,101.5,101.54,101.4,93.25,93.12,93.15,93.06,64400,52645.8,44250,24100,1.5,1.1,1.2,1,3.3,0,9.7,7.7,4.7,0,,,0,06:21:00,1755609660,6.35,21:45:00,1755665100,21.75,15.4,4,4,19,19,10,10,14426,,,,,8,7.2,7,6,,,,
2025-08-18,17.9,13.01,14.14,10.4,,,92,78.2,73,54,11,9.2,9.6,8.1,26,11.38,14.5,3,,,101.49,101.39,101.38,101.26,93.1,93.01,92.99,92.89,64400,49620.8,44250,24100,1.2,1,1.1,1,3.9,0,9.1,7.1,4.1,0.2,,,0,06:18:00,1755523080,6.3,21:48:00,1755578880,21.8,15.5,4,4,17,17,10,10,12560,,,,,8,6.9,5.5,3,,,,
2025-08-17,15.1,12.86,12.85,10.6,,,86,78.7,76.5,67,10.7,9.2,9.4,8.1,14,7.21,7,0,,,101.25,100.97,100.94,100.62,92.84,92.62,92.57,92.31,64400,45595.8,40250,16100,1.2,1,1.1,1,5.2,0,7.8,5.8,2.8,0,,,0,06:16:00,1755436560,6.27,21:51:00,1755492660,21.85,15.58,4,4,17,17,9,9,7336,,,,,8,7.8,7,6,,,,
2025-08-16,16.8,13.88,14.3,11.8,,,89,72.8,69.5,50,10.3,8.9,8.2,6.2,15,7.62,7.5,0,,,100.59,100.32,100.39,100.19,92.28,92.05,92.11,91.95,64400,52645.8,44250,24100,1.9,1.4,1.4,1,3.7,0,9.3,7.3,4.3,0,,,0,06:14:00,1755350040,6.23,21:54:00,1755406440,21.9,15.67,3,3,17,17,11,11,4193,,,,,8,7.6,7.5,7,,,,
2025-08-15,22,14.76,14.65,7.3,,,88,62.3,64,40,9.6,7.2,6.9,4.2,29,7.5,14.5,0,48,18,100.72,100.47,100.46,100.2,92.44,92.22,92.19,91.93,64400,52983.3,44250,24100,1.8,1.3,1.4,1,3.4,0,9.7,7.7,4.7,2,,,0,06:11:00,1755263460,6.18,21:57:00,1755320220,21.95,15.77,5,5,21,23,12,12,13210,,,,,8,4.7,4.5,1,,,,
2025-08-14,21.6,15.57,15.6,9.6,,,76,56,55.5,35,7.3,6.5,6.2,5.2,22,15.75,14.5,7,34,13,101.24,100.93,100.95,100.67,92.93,92.66,92.67,92.4,64400,52645.8,44250,24100,1.6,1.3,1.4,1.1,2.4,0,10.6,8.6,5.6,0,,,0,06:08:00,1755176880,6.13,22:00:00,1755234000,22,15.87,5,5,20,22,10,11,17413,,,,,8,4.9,4.5,1,,,,
2025-08-13,20.8,15.15,14.55,8.3,,,94,63.8,66,38,10.1,7.6,7.8,5.4,23,14,11.5,0,35,10,102.03,101.68,101.63,101.24,93.62,93.34,93.28,92.94,64400,52645.8,44250,24100,1.7,1.3,1.4,1,3.5,0,9.6,7.5,4.5,0,,,0,06:06:00,1755090360,6.1,22:03:00,1755147780,22.05,15.95,5,5,21,21,9,10,19936,,,,,7,3.4,4,1,,,,
2025-08-12,16.4,12.35,12.75,9.1,,,98,76.2,77.5,57,9.6,8,8.2,6.9,17,8.46,10,3,28,33,102.25,102.15,102.14,102.04,93.78,93.71,93.67,93.57,64400,50845.8,35400,6400,1.4,1.1,1.2,1,5.2,0,7.8,5.8,2.8,2.9,,,0,06:03:00,1755003780,6.05,22:06:00,1755061560,22.1,16.05,4,4,16,16,8,8,10793,,,,,8,7,6.5,5,,,,
