date,max_temperature,avg_hourly_temperature,avg_temperature,min_temperature,max_humidex,min_windchill,max_relative_humidity,avg_hourly_relative_humidity,avg_relative_humidity,min_relative_humidity,max_dew_point,avg_hourly_dew_point,avg_dew_point,min_dew_point,max_wind_speed,avg_hourly_wind_speed,avg_wind_speed,min_wind_speed,max_wind_gust,wind_gust_dir_10s,max_pressure_sea,avg_hourly_pressure_sea,avg_pressure_sea,min_pressure_sea,max_pressure_station,avg_hourly_pressure_station,avg_pressure_station,min_pressure_station,max_visibility,avg_hourly_visibility,avg_visibility,min_visibility,max_health_index,avg_hourly_health_index,avg_health_index,min_health_index,heatdegdays,cooldegdays,growdegdays_5,growdegdays_7,growdegdays_10,precipitation,rain,snow,snow_on_ground,sunrise_hhmm,sunrise_unixtime,sunrise_f,sunset_hhmm,sunset_unixtime,sunset_f,daylight,min_uv_forecast,max_uv_forecast,min_high_temperature_forecast,max_high_temperature_forecast,min_low_temperature_forecast,max_low_temperature_forecast,solar_radiation,max_cloud_cover_4,avg_hourly_cloud_cover_4,avg_cloud_cover_4,min_cloud_cover_4,max_cloud_cover_8,avg_hourly_cloud_cover_8,avg_cloud_cover_8,min_cloud_cover_8,max_cloud_cover_10,avg_hourly_cloud_cover_10,avg_cloud_cover_10,min_cloud_cover_10
2026-08-11,22.3,17.86,17.55,12.8,28,,100,83.1,81.5,63,17.5,14.8,15.3,13.1,16,10.5,8,0,33,20,102.01,101.86,101.85,101.68,101.96,101.81,101.79,101.63,48300,42262.5,40250,32200,2.3,1.7,1.6,1,0.4,0,12.6,10.6,7.5,0,0,0,,05:58:00,1786453080,5.97,20:36:00,1786505760,20.6,14.63,7,7,23,23,14,14,,,,,,7,3.2,3.5,0,,,,
2026-08-10,23.5,17.85,18.25,13,28,,100,81.5,77,54,16,14.4,14.6,13.2,22,13.79,13.5,5,32,21,101.96,101.84,101.83,101.71,101.91,101.79,101.79,101.66,48300,38216.7,36200,24100,2.1,1.6,1.6,1,0,0.2,13.2,11.2,8.2,0,0,0,,05:57:00,1786366620,5.95,20:38:00,1786419480,20.63,14.68,7,7,22,23,13,14,,,,,,8,3.2,4,0,,,,
2026-08-09,21.9,17.73,17.75,13.6,26,,100,83.8,83,66,16.8,14.9,15.1,13.3,15,10.75,10,5,29,22,101.86,101.73,101.72,101.59,101.81,101.68,101.67,101.54,32200,30850,28150,24100,2.5,1.8,1.8,1.2,0.2,0,12.8,10.8,7.8,0,0,0,,05:55:00,1786280100,5.92,20:40:00,1786333200,20.67,14.75,7,7,22,22,14,14,,,,,,8,3.4,4,0,,,,
2026-08-08,23,19.17,18.64,14.3,27,,100,80.2,78.5,57,18.1,15.5,15.6,13.1,19,10.38,9.5,0,33,20,101.93,101.81,101.83,101.72,101.88,101.76,101.77,101.67,32200,32200,32200,32200,3,2.1,2.2,1.5,0,0.6,13.6,11.6,8.6,0,0,0,,05:54:00,1786193640,5.9,20:41:00,1786246860,20.68,14.78,6,6,23,23,13,13,,,,,,7,2,3.5,0,,,,
2026-08-07,25.4,20.02,19.54,13.7,29,,100,78.5,73.5,47,17.7,15.7,15.3,12.9,18,8.58,9,0,,,101.81,101.69,101.66,101.51,101.76,101.64,101.61,101.46,32200,31525,28150,24100,3.4,2.7,2.7,2,0,1.5,14.5,12.5,9.5,0,0,0,,05:53:00,1786107180,5.88,20:43:00,1786160580,20.72,14.83,7,7,23,23,15,16,,,,,,4,0.8,2,0,,,,
2026-08-06,23.6,18.82,18.35,13.1,29,,100,86.8,82.5,65,18.1,16.4,16.1,14.2,22,11.83,11,0,,,101.6,101.46,101.47,101.33,101.55,101.41,101.42,101.28,32200,29162.5,28150,24100,7,4.2,4.5,2,0,0.4,13.3,11.3,8.3,0,0,0,,05:51:00,1786020660,5.85,20:45:00,1786074300,20.75,14.9,7,7,24,24,15,15,,,,,,2,0.6,1,0,,,,
2026-08-05,22.2,18.2,17.85,13.5,27,,100,89.2,86,72,17.6,16.3,15.8,14.1,26,13.5,13,0,32,30,101.54,101.38,101.36,101.17,101.49,101.33,101.31,101.12,32200,20904.2,22550,12900,10,5.2,5.5,1.1,0.1,0,12.8,10.8,7.8,0,0,0,,05:50:00,1785934200,5.83,20:46:00,1785987960,20.77,14.93,8,8,23,23,15,15,,,,,,7,4.5,4,1,,,,
2026-08-04,21.1,17.6,17.25,13.4,26,,100,90.2,88,76,17.4,15.9,15.3,13.2,24,12,12,0,33,30,101.87,101.68,101.62,101.38,101.82,101.63,101.58,101.33,32200,26875,25750,19300,6,1.8,3.5,1,0.8,0,12.2,10.2,7.2,0,0,0,,05:48:00,1785847680,5.8,20:48:00,1785901680,20.8,15,7,7,22,24,15,16,,,,,,8,5.5,4,0,,,,
2026-08-03,22,17.75,16.75,11.5,27,,100,81.6,85,70,16.6,14.5,14.1,11.5,27,15.54,13.5,0,35,29,102.53,102.25,102.18,101.84,102.48,102.2,102.14,101.79,48300,38550,36200,24100,2,1.3,1.5,1,1.2,0,11.8,9.8,6.8,0,0,0,,05:47:00,1785761220,5.78,20:49:00,1785815340,20.82,15.03,6,6,22,22,14,14,,,,,,3,0.9,1.5,0,,,,
2026-08-02,20.7,16.77,16.55,12.4,,,94,79.5,77,60,15.2,13.1,13.2,11.1,29,17.12,16.5,4,37,28,102.37,102.27,102.26,102.14,102.32,102.22,102.2,102.09,40200,30500,28150,16100,2,1.3,1.5,1,1.4,0,11.6,9.6,6.5,0,0,0,,05:46:00,1785674760,5.77,20:51:00,1785729060,20.85,15.08,4,5,21,21,13,13,,,,,,8,4.4,4,0,,,,
2026-08-01,22.1,18.05,18.7,15.3,,,100,76.6,74,48,17,13.5,13.7,10.4,34,22.04,23.5,13,46,21,102.13,101.83,101.81,101.49,102.08,101.78,101.76,101.44,32200,29108.3,22550,12900,2.1,1.3,1.6,1,0,0.7,13.7,11.7,8.7,1.9,1.9,0,,05:44:00,1785588240,5.73,20:52:00,1785642720,20.87,15.13,4,7,21,21,14,14,,,,,,8,5.4,4.5,1,,,,
2026-07-31,26.1,19.96,19.95,13.8,28,,86,64.6,60,34,16.2,12.7,12.7,9.1,18,12.04,11,4,39,19,102.17,101.83,101.79,101.42,102.12,101.78,101.75,101.37,32200,32200,32200,32200,2.8,1.9,1.9,1,0,2,14.9,12.9,9.9,0,0,0,,05:43:00,1785501780,5.72,20:54:00,1785556440,20.9,15.18,7,7,24,25,16,16,,,,,,6,1.4,3,0,,,,
2026-07-30,23.9,18.09,18.54,13.2,25,,92,69,70,48,14,11.9,12.1,10.1,22,14.54,13.5,5,32,14,101.97,101.82,101.76,101.56,101.92,101.77,101.72,101.51,32200,32200,32200,32200,2.2,1.6,1.6,1,0,0.5,13.5,11.5,8.5,0,0,0,,05:42:00,1785415320,5.7,20:55:00,1785470100,20.92,15.22,6,7,22,22,14,14,,,,,,6,3.7,3,0,,,,
2026-07-29,22.6,18.1,18.05,13.5,25,,99,76.8,72,45,15.3,13.7,12.4,9.5,17,9.42,8.5,0,,,101.8,101.64,101.61,101.41,101.75,101.59,101.56,101.36,48300,41591.7,40250,32200,2.2,1.5,1.6,1,0,0.1,13.1,11.1,8.1,0,0,0,,05:40:00,1785328800,5.67,20:57:00,1785383820,20.95,15.28,7,7,21,22,14,14,,,,,,7,5,4,1,,,,
2026-07-28,22.2,18.25,19.05,15.9,25,,100,79.3,74,48,18,14.2,14.2,10.4,20,12.71,10,0,35,14,101.78,101.6,101.58,101.37,101.73,101.55,101.53,101.32,48300,36420.8,30600,12900,1.7,1.2,1.4,1,0,1.1,14.1,12.1,9.1,1.7,1.7,0,,05:39:00,1785242340,5.65,20:58:00,1785297480,20.97,15.32,3,5,21,21,14,14,,,,,,8,6.1,5,2,,,,
2026-07-27,20.9,18.16,18.39,15.9,25,,100,85.9,86,72,17.8,15.7,16.3,14.8,20,11.62,12.5,5,,,101.87,101.71,101.68,101.49,101.82,101.66,101.63,101.44,48300,30500,32200,16100,1.8,1.2,1.4,1,0,0.4,13.4,11.4,8.4,0.2,0.2,0,,05:38:00,1785155880,5.63,21:00:00,1785211200,21,15.37,5,5,21,22,16,16,,,,,,8,7.9,7.5,7,,,,
2026-07-26,18.4,16.75,16.95,15.5,,,100,97.2,90.5,81,18,16.3,16.3,14.6,18,14.33,12.5,7,,,101.78,101.66,101.62,101.47,101.73,101.61,101.58,101.42,24100,13795.7,14450,4800,1.3,1.1,1.1,1,1.1,0,11.9,9.9,7,10.1,10.1,0,,05:36:00,1785069360,5.6,21:01:00,1785124860,21.02,15.42,1,3,17,17,15,16,,,,,,8,8,8,8,,,,
2026-07-25,20,17.71,17.89,15.8,,,87,78.7,74,61,15,13.9,13.6,12.2,33,19.67,20.5,8,39,11,101.56,101.35,101.29,101.02,101.51,101.3,101.24,100.97,32200,30175,28150,24100,1.8,1.5,1.4,1.1,0.1,0,12.9,10.9,7.9,0,0,0,,05:35:00,1784982900,5.58,21:02:00,1785038520,21.03,15.45,5,6,21,21,16,17,,,,,,8,6.8,4,0,,,,
2026-07-24,25.8,20.16,20.6,15.4,30,,99,77.5,76.5,54,18.1,15.9,15.8,13.6,22,16.25,16,10,32,10,101.54,101.31,101.27,101,101.49,101.26,101.22,100.95,32200,32200,32200,32200,2.6,1.7,1.8,1,0,2.6,15.6,13.6,10.6,0,0,0,,05:34:00,1784896440,5.57,21:03:00,1784952180,21.05,15.48,7,7,24,24,17,17,,,,,,5,1.5,2.5,0,,,,
2026-07-23,24.9,21.43,20.9,16.9,29,,96,69.5,75,54,16.9,15.5,15.4,14,33,22.21,25,17,45,12,101.64,101.48,101.44,101.25,101.59,101.43,101.39,101.2,32200,32200,32200,32200,3.8,2.5,2.5,1.3,0,2.9,15.9,13.9,10.9,0,0,0,,05:33:00,1784809980,5.55,21:05:00,1784865900,21.08,15.53,8,8,25,25,18,18,,,,,,8,4.8,4.5,1,,,,
2026-07-22,28.5,22.89,21.8,15.1,34,,97,76.1,77,57,20.2,18.3,17.8,15.4,18,10.33,10.5,3,,,101.44,101.25,101.22,100.99,101.39,101.2,101.17,100.94,48300,39233.3,40250,32200,5.9,3.9,4.5,3,0,3.8,16.8,14.8,11.8,0,0,0,,05:31:00,1784723460,5.52,21:06:00,1784779560,21.1,15.58,9,9,27,28,17,20,,,,,,8,3.7,4,0,,,,
2026-07-21,26.9,21.5,20.85,14.8,33,,100,79.6,80.5,61,20.3,17.7,17.4,14.6,14,7.79,7,0,,,101.53,101.39,101.37,101.21,101.48,101.34,101.32,101.16,48300,38562.5,36200,24100,5.4,3.4,3.5,1.7,0,2.8,15.8,13.8,10.8,0,0,0,,05:30:00,1784637000,5.5,21:07:00,1784693220,21.12,15.62,9,9,27,27,17,17,,,,,,7,2.1,3.5,0,,,,
2026-07-20,24.3,19.65,18.89,13.5,28,,100,83.3,82.5,65,17.4,16.6,15.7,13.9,28,15.92,17.5,7,37,30,101.64,101.49,101.47,101.31,101.59,101.44,101.42,101.26,80500,39562.5,52300,24100,4.2,2.2,2.6,1,0,0.9,13.9,11.9,8.9,0,0,0,,05:29:00,1784550540,5.48,21:08:00,1784606880,21.13,15.65,8,8,24,24,15,15,,,,,,7,4,3.5,0,,,,
2026-07-19,22.3,18.36,17.8,13.3,26,,100,84.3,81,62,17.1,15.5,15.4,13.7,28,16.33,15.5,3,35,29,102.07,101.89,101.83,101.6,102.02,101.84,101.78,101.55,48300,35208.3,36200,24100,2.3,1.6,1.6,1,0.2,0,12.8,10.8,7.8,0,0,0,,05:28:00,1784464080,5.47,21:09:00,1784520540,21.15,15.68,7,7,21,22,14,14,,,,,,8,4,4,0,,,,
2026-07-18,22.4,17.51,18.25,14.1,25,,100,83.2,78,56,15.8,14.4,14.3,12.9,19,10.92,11.5,4,37,21,102.11,101.97,101.93,101.75,102.06,101.92,101.88,101.7,32200,31525,28150,24100,7,1.8,4,1,0,0.2,13.2,11.2,8.2,1.2,1.2,0,,05:27:00,1784377620,5.45,21:10:00,1784434200,21.17,15.72,7,7,22,22,14,15,,,,,,8,4.9,4,0,,,,
2026-07-17,21.9,16.67,17.79,13.7,25,,100,85.3,80.5,61,14.9,14,13.7,12.5,26,16.58,16.5,7,33,9,101.77,101.64,101.63,101.5,101.72,101.59,101.58,101.45,32200,24070.8,19300,6400,5,1.7,3.1,1.3,0.2,0,12.8,10.8,7.8,0.6,0.6,0,,05:25:00,1784291100,5.42,21:11:00,1784347860,21.18,15.77,3,7,20,21,14,15,,,,,,8,6,5,2,,,,
2026-07-16,21.6,16.88,17.85,14.1,26,,100,85.1,81,62,17.2,14.2,14.4,11.6,26,13.12,13,0,37,12,101.56,101.41,101.43,101.31,101.51,101.36,101.39,101.26,48300,30379.2,30600,12900,3.2,2.1,2.3,1.4,0.1,0,12.8,10.8,7.8,3.9,3.9,0,,05:24:00,1784204640,5.4,21:12:00,1784261520,21.2,15.8,7,8,23,23,15,16,,,,,,8,5.7,4.5,1,,,,
2026-07-15,25.7,19.68,19.85,14,29,,91,70.8,69,47,17.3,14,14.5,11.7,15,9.04,9,3,,,101.97,101.69,101.66,101.35,101.92,101.64,101.61,101.3,48300,41591.7,40250,32200,3.9,2.8,2.7,1.5,0,1.8,14.8,12.8,9.8,0,0,0,,05:23:00,1784118180,5.38,21:13:00,1784175180,21.22,15.83,7,7,24,24,16,16,,,,,,7,2.3,3.5,0,,,,
2026-07-14,24.6,19.51,19.39,14.2,28,,94,76.5,75,56,17.8,15.2,15.2,12.6,22,9,11,0,,,101.95,101.81,101.82,101.69,101.9,101.76,101.77,101.64,48300,42262.5,40250,32200,3.4,2.2,2.3,1.2,0,1.4,14.4,12.4,9.4,0,0,0,,05:22:00,1784031720,5.37,21:14:00,1784088840,21.23,15.87,8,8,23,23,14,14,,,,,,8,3,4,0,,,,
2026-07-13,21.8,17.39,16.05,10.3,25,,92,74.2,74.5,57,15.7,12.7,12.6,9.4,21,12.88,10.5,0,,,102.09,101.91,101.88,101.68,102.04,101.86,101.83,101.63,48300,40912.5,36200,24100,2.4,1.7,1.7,1,2,0,11.1,9.1,6,0,0,0,,05:21:00,1783945260,5.35,21:15:00,1784002500,21.25,15.9,7,7,21,21,13,14,,,,,,8,3.4,4,0,,,,
2026-07-12,20.3,16.41,16.6,12.9,,,98,71.9,73.5,49,13.8,11.1,11.2,8.6,22,13.54,12.5,3,41,28,102.17,101.99,101.9,101.64,102.12,101.94,101.86,101.59,40200,31183.3,32150,24100,2,1.5,1.6,1.2,1.4,0,11.6,9.6,6.6,0.2,0.2,0,,05:20:00,1783858800,5.33,21:16:00,1783916160,21.27,15.93,7,7,20,21,12,13,,,,,,8,5.5,4,0,,,,
2026-07-11,20.6,17.47,17.85,15.1,,,94,69.2,69.5,45,14.4,11.5,11.2,7.9,27,14.96,13.5,0,37,28,101.66,101.47,101.39,101.13,101.61,101.42,101.35,101.08,32200,32200,32200,32200,9,1.7,5.1,1.2,0.1,0,12.8,10.8,7.8,0,0,0,,05:19:00,1783772340,5.32,21:16:00,1783829760,21.27,15.95,6,7,20,20,13,13,,,,,,8,6.7,5,2,,,,
2026-07-10,22.9,18.53,19,15.1,25,,95,75.9,75,55,15.2,14,14,12.8,18,14.46,13,8,,,101.43,101.28,101.29,101.15,101.38,101.23,101.24,101.1,32200,32200,32200,32200,10,1.4,5.5,1,0,1,14,12,9,0,0,0,,05:18:00,1783685880,5.3,21:17:00,1783743420,21.28,15.98,7,7,21,21,13,13,,,,,,8,7.5,7,6,,,,
2026-07-09,23.1,17.75,18.35,13.6,,,92,67.9,68,44,14.4,11.4,11.6,8.8,23,15.54,16,9,33,13,102.07,101.84,101.77,101.47,102.02,101.79,101.72,101.42,32200,32200,32200,32200,2,1.6,1.6,1.1,0,0.4,13.3,11.3,8.3,0,0,0,,05:17:00,1783599420,5.28,21:18:00,1783657080,21.3,16.02,7,7,21,21,14,14,,,,,,8,6.4,5,2,,,,
2026-07-08,22.3,17.82,18.05,13.8,26,,100,76.8,70,40,15.7,13.4,11.4,7.2,21,13.54,14.5,8,37,18,102.23,102.08,102.03,101.83,102.18,102.03,101.98,101.78,48300,40583.3,40250,32200,2.2,1.5,1.6,1,0,0.1,13.1,11.1,8.1,0,0,0,,05:16:00,1783512960,5.27,21:18:00,1783570680,21.3,16.03,6,6,20,20,13,13,,,,,,8,5.3,5,2,,,,
2026-07-07,24.2,18.02,18.85,13.5,26,,96,77.5,70.5,45,17,13.7,13.9,10.8,25,14.75,12.5,0,35,22,101.78,101.62,101.56,101.35,101.73,101.57,101.52,101.3,48300,40575,36200,24100,2.8,2.1,2.1,1.5,0,0.9,13.8,11.8,8.8,0,0,0,,05:16:00,1783426560,5.27,21:19:00,1783484340,21.32,16.05,7,7,22,22,14,14,,,,,,8,4.5,4,0,,,,
2026-07-06,23.1,18.55,17.55,12,27,,97,77,76,55,17.1,14.3,13.9,10.8,16,8.17,8,0,,,101.67,101.49,101.47,101.27,101.62,101.44,101.42,101.22,48300,38891.7,36200,24100,3.5,2.3,2.3,1.1,0.4,0,12.6,10.6,7.5,0,0,0,,05:15:00,1783340100,5.25,21:19:00,1783397940,21.32,16.07,7,7,22,22,13,13,,,,,,5,1.6,2.5,0,,,,
2026-07-05,21.6,17.45,17.55,13.5,25,,95,81.2,80.5,66,16.2,14.1,14.2,12.1,27,18.75,16,5,39,30,102.18,101.97,101.9,101.63,102.13,101.92,101.86,101.58,48300,35533.3,36200,24100,3,1.8,2,1,0.4,0,12.6,10.6,7.5,0,0,0,,05:14:00,1783253640,5.23,21:20:00,1783311600,21.33,16.1,7,7,21,21,13,13,,,,,,8,4.2,4,0,,,,
2026-07-04,20.9,16.62,16.54,12.2,,,100,75.2,77,54,14.6,11.9,12.7,10.8,24,16.83,14,4,37,10,102.06,101.95,101.91,101.76,102.01,101.9,101.86,101.71,32200,32200,32200,32200,1.7,1.3,1.4,1,1.5,0,11.5,9.5,6.5,0,0,0,,05:13:00,1783167180,5.22,21:20:00,1783225200,21.33,16.12,7,7,22,22,13,14,,,,,,7,2.6,4,1,,,,
2026-07-03,22.9,17.32,18.7,14.5,25,,100,83.8,79.5,59,16,14.3,14.5,13,21,11.5,12.5,4,32,20,101.95,101.83,101.83,101.72,101.9,101.78,101.78,101.67,32200,28837.5,24150,16100,1.6,1.2,1.3,1,0,0.7,13.7,11.7,8.7,0,0,0,,05:12:00,1783080720,5.2,21:21:00,1783138860,21.35,16.15,6,7,20,20,14,14,,,,,,8,7,6,4,,,,
2026-07-02,15.3,14.08,14.15,13,,,100,91.9,88,76,14.7,12.7,12.6,10.4,26,17,17.5,9,41,11,101.75,101.68,101.69,101.62,101.7,101.63,101.63,101.57,32200,23004.2,20950,9700,2,1.4,1.5,1,3.8,0,9.2,7.2,4.2,15.7,15.7,0,,05:12:00,1782994320,5.2,21:21:00,1783052460,21.35,16.15,3,3,16,16,14,14,,,,,,8,7.8,7.5,7,,,,
2026-07-01,20.2,16.32,17.14,14.1,,,94,74.1,74.5,55,13.2,11.5,11.6,10,20,14.04,14,8,35,19,101.77,101.69,101.68,101.6,101.72,101.64,101.64,101.55,48300,40237.5,40250,32200,1.9,1.7,1.6,1.3,0.9,0,12.1,10.1,7.1,0,0,0,,05:11:00,1782907860,5.18,21:21:00,1782966060,21.35,16.17,7,7,20,20,13,13,,,,,,8,7,6,4,,,,
2026-06-30,19.1,16.08,16.35,13.6,,,94,78.7,78,62,13.4,12.3,12.2,10.9,27,16.92,17.5,8,37,30,101.7,101.66,101.64,101.59,101.65,101.61,101.6,101.54,48300,40583.3,40250,32200,1.9,1.6,1.6,1.2,1.6,0,11.3,9.3,6.3,0,0,0,,05:10:00,1782821400,5.17,21:21:00,1782879660,21.35,16.18,7,7,19,20,13,14,,,,,,8,6.9,6,4,,,,
2026-06-29,19.2,16.45,16.2,13.2,,,93,80.6,79.5,66,14.1,13.1,13.2,12.2,25,14.12,15,5,37,20,101.71,101.64,101.65,101.59,101.66,101.59,101.6,101.54,48300,40250,40250,32200,2,1.5,1.6,1.2,1.8,0,11.2,9.2,6.2,0,0,0,,05:10:00,1782735000,5.17,21:22:00,1782793320,21.37,16.2,6,7,20,20,14,14,,,,,,8,4.4,4.5,1,,,,
2026-06-28,19.7,16.79,16.2,12.7,,,98,77,78.5,59,14.7,12.6,12.4,10.2,26,18.58,15.5,5,39,19,101.82,101.71,101.69,101.56,101.77,101.66,101.64,101.51,32200,32200,32200,32200,2,1.5,1.5,1,1.8,0,11.2,9.2,6.2,0,0,0,,05:09:00,1782648540,5.15,21:22:00,1782706920,21.37,16.22,5,7,20,20,13,13,,,,,,8,3.6,4.5,1,,,,
2026-06-27,18.7,15.45,14.45,10.2,,,90,72.5,72,54,12.2,10.4,10.2,8.1,17,11.5,12,7,32,20,101.52,101.26,101.19,100.86,101.47,101.21,101.14,100.81,32200,32200,32200,32200,2.2,1.6,1.6,1,3.5,0,9.4,7.5,4.5,0,0,0,,05:09:00,1782562140,5.15,21:22:00,1782620520,21.37,16.22,6,7,19,19,14,14,,,,,,7,3.5,4,1,,,,
2026-06-26,18.6,14.85,15.95,13.3,,,100,93.2,85.5,71,15.1,13.7,11.7,8.2,25,17.25,17.5,10,33,11,100.84,100.68,100.71,100.58,100.79,100.63,100.66,100.53,80500,27295.8,46700,12900,1.8,1.4,1.4,1,2,0,10.9,8.9,6,6.5,6.5,0,,05:08:00,1782475680,5.13,21:22:00,1782534120,21.37,16.23,2,3,16,17,13,13,,,,,,8,6.8,5,2,,,,
2026-06-25,18.9,16.43,16.45,14,,,94,74.7,76,58,14.1,11.9,11.4,8.8,32,20.79,19,6,48,10,101.16,101,100.93,100.69,101.11,100.95,100.88,100.64,48300,32870.8,40250,32200,2.5,1.8,2,1.4,1.6,0,11.4,9.4,6.5,0,0,0,,05:08:00,1782389280,5.13,21:22:00,1782447720,21.37,16.23,3,5,20,21,14,14,,,,,,8,6.2,4,0,,,,
2026-06-24,27.7,21.18,21.65,15.6,30,,99,67,67.5,36,17.8,14.3,13.7,9.6,25,12.46,15,5,,,101.56,101.35,101.3,101.04,101.51,101.3,101.25,100.99,48300,44275,40250,32200,3.6,2.5,2.6,1.6,0,3.6,16.6,14.7,11.7,0,0,0,,05:08:00,1782302880,5.13,21:22:00,1782361320,21.37,16.23,6,7,23,25,15,15,,,,,,8,4.6,4,0,,,,
2026-06-23,25.9,20.8,19.89,13.9,30,,95,72.6,72.5,50,19,15.4,15.1,11.1,23,12.25,14,5,,,101.84,101.66,101.65,101.47,101.79,101.61,101.61,101.42,48300,41583.3,36200,24100,3.7,2.3,2.5,1.4,0,1.9,14.9,12.9,9.9,0,0,0,,05:07:00,1782216420,5.12,21:22:00,1782274920,21.37,16.25,6,7,24,24,15,16,,,,,,8,4.2,4,0,,,,
2026-06-22,26.3,20.16,19.64,13,29,,100,69.3,64.5,29,16.6,13.7,11.8,6.9,27,11.96,13.5,0,35,30,101.92,101.74,101.76,101.6,101.87,101.69,101.71,101.55,48300,41579.2,36200,24100,2.8,2.2,2.1,1.5,0,1.6,14.6,12.6,9.6,0,0,0,,05:07:00,1782130020,5.12,21:22:00,1782188520,21.37,16.25,7,7,25,26,15,15,,,,,,3,1.1,1.5,0,,,,
2026-06-21,22.2,17.88,17.3,12.4,,,89,70,67.5,46,13.6,12.1,11.7,9.7,16,11,10,4,32,21,101.87,101.7,101.7,101.53,101.82,101.66,101.65,101.48,48300,41925,36200,24100,3,2.3,2.2,1.5,0.7,0,12.3,10.3,7.3,0,0,0,,05:07:00,1782043620,5.12,21:22:00,1782102120,21.37,16.25,7,7,21,21,14,14,,,,,,3,1.3,1.5,0,,,,
2026-06-20,20.7,16.79,16.75,12.8,,,88,69.8,70.5,53,13,11.2,11.6,10.2,35,19.5,21,7,50,29,101.63,101.39,101.31,100.99,101.58,101.34,101.26,100.94,32200,32200,32200,32200,2.8,2.1,2.1,1.5,1.2,0,11.8,9.8,6.8,0,0,0,,05:07:00,1781957220,5.12,21:21:00,1782015660,21.35,16.23,8,8,21,23,13,13,,,,,,2,0.7,1,0,,,,
2026-06-19,21.5,17.57,17.89,14.3,,,91,73.2,74,57,14.4,12.6,12.2,10.1,39,30.12,28.5,18,52,29,101.3,101.14,101.1,100.9,101.25,101.08,101.05,100.85,32200,32200,32200,32200,3,2,2.1,1.3,0.1,0,12.9,10.9,7.9,0,0,0,,05:07:00,1781870820,5.12,21:21:00,1781929260,21.35,16.23,8,8,21,21,12,13,,,,,,1,0.5,0.5,0,,,,
2026-06-18,21.3,17.3,17.39,13.5,25,,88,78.5,77.5,67,15.3,13.5,13.2,11.2,31,25.21,23.5,16,41,30,101.93,101.67,101.6,101.26,101.88,101.62,101.54,101.21,48300,33541.7,40250,32200,2.7,2,2,1.2,0.6,0,12.4,10.4,7.4,0,0,0,,05:06:00,1781784360,5.1,21:21:00,1781842860,21.35,16.25,8,8,21,21,14,14,,,,,,5,0.8,2.5,0,,,,
2026-06-17,20.7,16.87,17.2,13.7,,,95,74.6,76.5,58,14.2,12.2,12.6,11,39,16.42,22,5,58,30,101.98,101.84,101.81,101.64,101.93,101.79,101.76,101.59,48300,42262.5,40250,32200,2.6,2,2,1.4,0.8,0,12.2,10.2,7.2,0,0,0,,05:06:00,1781697960,5.1,21:20:00,1781756400,21.33,16.23,6,9,20,21,13,13,,,,,,7,2.6,3.5,0,,,,
2026-06-16,23.2,18.68,18.5,13.8,26,,79,66.1,63,47,15.3,12.1,11.7,8,36,21.83,23.5,11,48,25,101.63,101.55,101.51,101.4,101.58,101.5,101.47,101.35,48300,43604.2,40250,32200,3,2.1,2.3,1.6,0,0.5,13.5,11.5,8.5,0,0,0,,05:06:00,1781611560,5.1,21:20:00,1781670000,21.33,16.23,9,9,22,22,14,15,,,,,,5,2.2,3,1,,,,
2026-06-15,27.5,21.18,21.6,15.7,29,,99,66.2,69.5,40,18.5,14.1,14.8,11.2,19,10.21,9.5,0,,,101.82,101.7,101.64,101.46,101.77,101.65,101.59,101.41,48300,42000,40250,32200,3.8,2.5,2.5,1.3,0,3.6,16.6,14.6,11.6,0,0,0,,05:06:00,1781525160,5.1,21:20:00,1781583600,21.33,16.23,6,8,24,24,15,15,,,,,,8,7.2,6,4,,,,
2026-06-14,26.8,20.82,19.25,11.7,30,,93,66.7,68,43,17.4,14.1,14.2,11.1,20,8.62,10,0,,,102.27,102.03,102,101.73,102.22,101.98,101.95,101.68,32200,32200,32200,32200,3.3,2.2,2.2,1.2,0,1.2,14.2,12.2,9.2,0,0,0,,05:06:00,1781438760,5.1,21:19:00,1781497140,21.32,16.22,8,8,24,25,15,15,,,,,,8,2.7,4.5,1,,,,
2026-06-13,22.8,18.28,16.6,10.4,26,,96,76.8,80,64,16.3,14.1,13.8,11.2,24,14.5,12,0,32,31,102.44,102.24,102.23,102.01,102.39,102.19,102.17,101.96,32200,32200,32200,32200,2.5,1.9,1.8,1.1,1.4,0,11.6,9.6,6.6,0,0,0,,05:07:00,1781352420,5.12,21:19:00,1781410740,21.32,16.2,7,7,23,23,14,14,,,,,,4,1.1,2,0,,,,
2026-06-12,20.8,16.35,15.1,9.4,,,96,78.3,82,68,15,12.5,11.8,8.6,25,13.83,14,3,32,29,102.2,102.1,102.06,101.92,102.15,102.05,102.01,101.87,32200,32200,32200,32200,2.4,1.8,1.8,1.1,2.9,0,10.1,8.1,5.1,0,0,0,,05:07:00,1781266020,5.12,21:18:00,1781324280,21.3,16.18,7,7,20,20,12,12,,,,,,6,1.6,3,0,,,,
2026-06-11,18.8,15.08,13.9,9,,,97,76.5,76,55,13.1,10.8,10.9,8.8,18,11.12,12.5,7,32,20,102.34,102.11,102.11,101.89,102.29,102.06,102.06,101.84,32200,32200,32200,32200,2.4,1.7,1.7,1,4.1,0,8.9,6.9,3.9,0,0,0,,05:07:00,1781179620,5.12,21:17:00,1781237820,21.28,16.17,7,8,19,20,10,10,,,,,,6,1.7,3,0,,,,
2026-06-10,17.6,14.48,14.55,11.5,,,97,73.7,75,53,11.5,9.7,9.4,7.4,32,18.17,19.5,7,41,27,102.38,102.15,102.03,101.69,102.33,102.1,101.99,101.64,48300,42262.5,40250,32200,2.1,1.6,1.6,1.1,3.5,0,9.6,7.5,4.5,0.6,0.6,0,,05:07:00,1781093220,5.12,21:17:00,1781151420,21.28,16.17,6,7,18,18,10,10,,,,,,8,3.5,4,0,,,,
2026-06-09,18.1,13.97,14.9,11.7,,,100,83.5,81,62,12.9,11.1,10.6,8.2,33,21.75,20.5,8,50,19,101.64,100.97,100.93,100.22,101.59,100.92,100.88,100.17,48300,35608.3,29000,9700,1.9,1.6,1.5,1.1,3.1,0,9.9,7.9,4.9,7.6,7.6,0,,05:08:00,1781006880,5.13,21:16:00,1781064960,21.27,16.13,6,6,17,17,11,11,,,,,,8,7.3,5.5,3,,,,
2026-06-08,17.3,13.2,14.2,11.1,,,100,78.3,76,52,12.4,9.4,9.9,7.4,24,14.5,13.5,3,37,31,101.2,100.62,100.69,100.19,101.15,100.57,100.64,100.14,48300,34529.2,36200,24100,2.2,1.5,1.6,1,3.8,0,9.2,7.2,4.2,2.7,2.7,0,,05:08:00,1780920480,5.13,21:15:00,1780978500,21.25,16.12,3,3,17,17,12,12,,,,,,8,7.7,7,6,,,,
2026-06-07,18.6,14.29,14.55,10.5,,,100,71.8,75,50,11.6,8.9,8.8,5.9,25,15.71,16,7,37,16,101.58,101.47,101.42,101.27,101.53,101.42,101.38,101.22,40200,33525,32150,24100,1.9,1.6,1.4,1,3.5,0,9.6,7.5,4.5,0.4,0.4,0,,05:08:00,1780834080,5.13,21:15:00,1780892100,21.25,16.12,7,7,18,18,9,11,,,,,,8,7.3,6.5,5,,,,
2026-06-06,15.3,12.68,12.55,9.8,,,94,73.5,78,62,10.2,8,8.1,6,22,12.62,14.5,7,33,28,101.42,101.31,101.29,101.16,101.37,101.26,101.24,101.11,32200,29739.1,25750,19300,4,1.8,2.7,1.4,5.5,0,7.5,5.5,2.5,0.6,0.6,0,,05:09:00,1780747740,5.15,21:14:00,1780805640,21.23,16.08,4,5,16,16,10,11,,,,,,8,5.4,5,2,,,,
2026-06-05,17.4,13.63,14.5,11.6,,,79,67.7,62.5,46,9.4,7.7,7.2,4.9,24,14.88,12,0,39,15,101.55,101.37,101.38,101.21,101.5,101.32,101.33,101.16,32200,31187.5,28150,24100,2.1,1.9,1.8,1.5,3.5,0,9.5,7.5,4.5,0.2,0.2,0,,05:09:00,1780661340,5.15,21:13:00,1780719180,21.22,16.07,5,5,16,16,9,9,,,,,,8,7.8,7,6,,,,
2026-06-04,20.4,15.67,16.54,12.7,,,90,67,63.5,37,12.6,9.1,8.3,4.1,27,12.88,13.5,0,45,25,102.12,101.92,101.87,101.61,102.07,101.87,101.81,101.56,32200,32200,32200,32200,2.5,2.1,2,1.6,1.5,0,11.5,9.5,6.5,0.3,0.3,0,,05:10:00,1780575000,5.17,21:12:00,1780632720,21.2,16.03,7,7,20,20,10,10,,,,,,8,5.7,5,2,,,,
2026-06-03,21.9,18.04,17.79,13.7,,,91,58.7,67,43,12.1,9.6,9.7,7.2,26,13.54,14.5,3,39,20,101.88,101.59,101.6,101.32,101.83,101.54,101.55,101.27,48300,39237.5,40250,32200,3.3,2.4,2.5,1.7,0.2,0,12.8,10.8,7.8,0,0,0,,05:10:00,1780488600,5.17,21:11:00,1780546260,21.18,16.02,5,5,22,22,13,13,,,,,,8,7.8,7.5,7,,,,
2026-06-02,26,19.39,18.55,11.1,27,,83,56.3,58.5,34,13.1,10,9.8,6.5,15,8.21,7.5,0,,,101.82,101.64,101.56,101.31,101.77,101.59,101.51,101.26,48300,40250,40250,32200,3.6,2.5,2.5,1.5,0,0.6,13.6,11.6,8.6,0,0,0,,05:11:00,1780402260,5.18,21:10:00,1780459800,21.17,15.98,7,7,23,23,13,13,,,,,,7,3.3,4,1,,,,
2026-06-01,21.6,15.98,15.25,8.9,,,86,69.8,72,58,13.2,10.4,9.9,6.7,26,13.12,13,0,33,30,102.41,102.15,102.1,101.78,102.36,102.1,102.05,101.73,48300,40920.8,40250,32200,2.5,2,1.8,1.2,2.8,0,10.2,8.2,5.2,0,0,0,,05:12:00,1780315920,5.2,21:09:00,1780373340,21.15,15.95,7,7,21,21,12,12,,,,,,7,3.1,3.5,0,,,,
2026-05-31,20.4,14.32,13.8,7.2,,,85,68.5,68.5,52,11.7,8.5,8.3,4.9,23,13.62,13,3,33,30,102.77,102.55,102.52,102.28,102.72,102.5,102.48,102.23,32200,32200,32200,32200,2.3,1.9,1.7,1.1,4.2,0,8.8,6.8,3.8,0,0,0,,05:12:00,1780229520,5.2,21:08:00,1780286880,21.13,15.93,6,6,18,18,10,10,,,,,,1,0.5,0.5,0,,,,
2026-05-30,17,13.33,13.25,9.5,,,83,64.2,64.5,46,9.9,6.5,6.3,2.8,19,13.29,11.5,4,33,19,102.59,102.4,102.3,102.02,102.54,102.35,102.26,101.97,32200,32200,32200,32200,2.4,1.9,1.8,1.3,4.8,0,8.2,6.2,3.2,0,0,0,,05:13:00,1780143180,5.22,21:07:00,1780200420,21.12,15.9,6,6,18,18,8,8,,,,,,8,3,4,0,,,,
2026-05-29,18.4,14.61,14.85,11.3,,,95,72.5,68.5,42,12.7,9.5,8.5,4.3,23,14.54,13.5,4,42,28,101.99,101.39,101.33,100.66,101.94,101.34,101.28,100.61,32200,31525,28150,24100,2.5,2.1,2,1.6,3.1,0,9.8,7.8,4.8,0,0,0,,05:14:00,1780056840,5.23,21:06:00,1780113960,21.1,15.87,2,2,18,19,10,10,,,,,,8,4.7,4.5,1,,,,
2026-05-28,23.2,17.57,17.95,12.7,25,,100,81,75.5,51,15.9,14,13.8,11.6,19,12.33,11,3,,,101.04,100.76,100.74,100.45,100.99,100.72,100.69,100.4,32200,31862.5,28150,24100,3.2,2.1,2.1,1,0.1,0,12.9,10.9,8,0,0,0,,05:15:00,1779970500,5.25,21:05:00,1780027500,21.08,15.83,6,7,20,22,13,14,,,,,,8,3.3,4,0,,,,
2026-05-27,20,15.73,14.6,9.2,,,100,86.4,86,72,15,13.4,12.6,10.2,26,14.67,14.5,3,35,29,101.49,101.24,101.19,100.9,101.44,101.19,101.14,100.85,48300,42595.8,40250,32200,2.4,1.8,1.7,1,3.4,0,9.6,7.6,4.6,0,0,0,,05:16:00,1779884160,5.27,21:04:00,1779941040,21.07,15.8,7,7,19,19,13,13,,,,,,7,3,3.5,0,,,,
2026-05-26,16.8,13.1,13.65,10.5,,,100,90.5,87.5,75,13.2,11.5,11.2,9.2,18,9.12,9,0,32,30,101.46,101.31,101.24,101.03,101.41,101.26,101.2,100.98,48300,34537.5,32200,16100,2.4,2,1.9,1.4,4.3,0,8.7,6.7,3.6,3.2,3.2,0,,05:17:00,1779797820,5.28,21:03:00,1779854580,21.05,15.77,3,5,16,17,10,11,,,,,,8,7.1,5.5,3,,,,
2026-05-25,16.9,13.18,14.14,11.4,,,100,84.2,82,64,12.7,10.4,10.4,8.1,31,18.5,17,3,52,12,100.97,100.66,100.74,100.51,100.92,100.61,100.69,100.46,40200,35866.7,36200,32200,2.7,2.4,2.4,2,3.9,0,9.1,7.1,4.1,2.8,2.8,0,,05:18:00,1779711480,5.3,21:02:00,1779768120,21.03,15.73,2,2,15,18,10,10,,,,,,8,7.9,7.5,7,,,,
2026-05-24,19.8,15.08,14.9,10,,,99,71,75,51,11.2,9.4,9.2,7.3,22,14.83,13.5,5,32,14,101.64,101.31,101.16,100.68,101.59,101.26,101.11,100.63,48300,32187.5,36200,24100,2.8,2.3,2.3,1.8,3.1,0,9.9,7.9,4.9,0,0,0,,05:19:00,1779625140,5.32,21:00:00,1779681600,21,15.68,6,6,19,19,14,14,,,,,,8,6.7,5.5,3,,,,
2026-05-23,19,15.46,15.7,12.4,,,100,84.5,82,64,14.8,12.7,13.1,11.4,19,11.71,11.5,4,32,13,101.49,101.29,101.24,101,101.44,101.24,101.19,100.95,32200,31187.5,28150,24100,2.4,1.8,1.8,1.3,2.3,0,10.7,8.7,5.7,0,0,0,,05:20:00,1779538800,5.33,20:59:00,1779595140,20.98,15.65,6,7,18,18,11,12,,,,,,8,5.7,5,2,,,,
2026-05-22,20.3,16.38,15.5,10.7,,,100,80.7,83.5,67,15.2,13,12.5,9.8,16,9.12,9.5,3,,,101.52,101.31,101.26,101,101.47,101.25,101.21,100.95,32200,32200,32200,32200,2.5,2,1.8,1.2,2.5,0,10.5,8.5,5.5,0,0,0,,05:21:00,1779452460,5.35,20:58:00,1779508680,20.97,15.62,7,7,20,20,12,12,,,,,,6,2.5,3,0,,,,
2026-05-21,19.6,15.12,14,8.4,,,100,80.8,81.5,63,13.8,11.7,11.4,9,22,11.12,11,0,,,102.2,101.93,101.86,101.51,102.15,101.88,101.81,101.46,32200,32200,32200,32200,2.7,2,1.9,1.1,4,0,9,7,4,0,0,0,,05:22:00,1779366120,5.37,20:57:00,1779422220,20.95,15.58,6,6,20,20,11,12,,,,,,5,1.2,2.5,0,,,,
2026-05-20,18.2,13.89,12.89,7.6,,,100,84.8,86,72,13,11.3,11.2,9.3,23,13.46,11.5,0,32,29,102.41,102.25,102.22,102.02,102.36,102.2,102.17,101.97,48300,41254.2,40250,32200,2.3,1.8,1.6,1,5.1,0,7.9,5.9,2.9,0,0,0,,05:23:00,1779279780,5.38,20:55:00,1779335700,20.92,15.53,7,7,19,19,10,10,,,,,,8,3.8,4,0,,,,
2026-05-19,18.1,14.03,14.15,10.2,,,96,80.7,80,64,13.2,10.7,11.3,9.5,19,11.62,12.5,6,35,20,102.42,102.31,102.31,102.19,102.37,102.26,102.26,102.14,48300,38225,40250,32200,2.1,1.9,1.8,1.5,3.8,0,9.2,7.2,4.2,0,0,0,,05:24:00,1779193440,5.4,20:54:00,1779249240,20.9,15.5,6,6,18,18,9,9,,,,,,8,5.8,4,0,,,,
2026-05-18,17.9,13.85,13.5,9.1,,,88,72.8,72,56,13.1,8.9,9.9,6.7,18,13.04,12,6,35,18,102.37,102.3,102.3,102.22,102.32,102.25,102.24,102.17,48300,42262.5,40250,32200,2.4,1.9,1.7,1,4.5,0,8.5,6.5,3.5,0,0,0,,05:26:00,1779107160,5.43,20:53:00,1779162780,20.88,15.45,6,6,16,16,10,10,,,,,,8,6,5,2,,,,
2026-05-17,16.5,12.53,11.7,6.9,,,95,75.2,75.5,56,10.5,8.1,8.2,5.9,20,12.21,13.5,7,33,19,102.65,102.42,102.42,102.18,102.6,102.37,102.36,102.13,32200,32200,32200,32200,2.4,1.8,1.7,1,6.3,0,6.7,4.7,1.7,0,0,0,,05:27:00,1779020820,5.45,20:52:00,1779076320,20.87,15.42,7,7,15,17,9,9,,,,,,8,3.1,4.5,1,,,,
2026-05-16,14.9,11.3,11,7.1,,,100,77,76.5,53,8.8,7.2,7.1,5.4,32,18.38,19.5,7,46,24,102.14,101.89,101.88,101.62,102.09,101.84,101.83,101.57,32200,29516.7,20150,8100,2.2,1.9,1.8,1.3,7,0,6,4,1,7.7,7.7,0,,05:28:00,1778934480,5.47,20:50:00,1778989800,20.83,15.37,5,5,15,16,8,8,,,,,,8,4,4.5,1,,,,
2026-05-15,13.2,10.54,10.89,8.6,,,92,79.6,79,66,8.9,7.1,7.4,5.9,27,19.21,18,9,46,19,101.81,101.73,101.71,101.61,101.76,101.68,101.66,101.56,32200,28762.5,25750,19300,2.3,2,2,1.6,7.1,0,5.9,3.9,0.9,1.5,1.5,0,,05:29:00,1778848140,5.48,20:49:00,1778903340,20.82,15.33,2,2,12,12,8,9,,,,,,8,7.3,6.5,5,,,,
2026-05-14,17.4,12.97,13.2,9,,,92,70.3,68.5,45,9.2,7.5,6.8,4.3,37,16.96,21,5,54,21,101.94,101.83,101.84,101.73,101.89,101.78,101.78,101.68,32200,32200,32200,32200,2.6,2.2,2.1,1.7,4.8,0,8.2,6.2,3.2,0.4,0.4,0,,05:31:00,1778761860,5.52,20:48:00,1778816880,20.8,15.28,6,6,16,16,10,10,,,,,,8,5.8,5,2,,,,
2026-05-13,16.9,14.23,14.7,12.5,,,97,81.8,81,65,13.9,11.1,10.9,7.9,27,18.17,17.5,8,35,20,101.74,101.2,101.27,100.8,101.69,101.15,101.22,100.75,48300,37012.5,33800,19300,3.3,2.4,2.6,1.9,3.3,0,9.7,7.7,4.7,1.5,1.5,0,,05:32:00,1778675520,5.53,20:46:00,1778730360,20.77,15.23,2,5,17,18,10,12,,,,,,8,7.4,4,0,,,,
2026-05-12,21.1,15.77,14.55,8,,,100,79.7,77.5,55,15.2,12,11.8,8.5,19,9.96,9.5,0,,,101.64,101.16,101.22,100.81,101.59,101.11,101.17,100.76,48300,42933.3,40250,32200,3.8,2.6,2.6,1.5,3.5,0,9.6,7.5,4.5,0,0,0,,05:34:00,1778589240,5.57,20:45:00,1778643900,20.75,15.18,6,6,20,20,12,12,,,,,,8,5.4,4,0,,,,
2026-05-11,18.7,14.57,13.85,9,,,99,84.6,81.5,64,14,11.9,12.1,10.1,22,13.71,13.5,5,,,102.41,102.12,102.05,101.68,102.36,102.07,101.99,101.63,48300,42000,40250,32200,3.1,2.4,2.2,1.3,4.2,0,8.8,6.8,3.8,0,0,0,,05:35:00,1778502900,5.58,20:43:00,1778557380,20.72,15.13,6,6,17,18,11,11,,,,,,8,3.7,4,0,,,,
2026-05-10,18.1,14.38,14.5,10.9,,,95,81.5,80.5,66,13.4,11.2,10.7,7.9,21,12.17,10.5,0,35,20,102.1,101.77,101.83,101.57,102.05,101.72,101.78,101.52,48300,42262.5,40250,32200,3,2.3,2.2,1.4,3.5,0,9.5,7.5,4.5,0,0,0,,05:37:00,1778416620,5.62,20:42:00,1778470920,20.7,15.08,5,6,17,17,11,11,,,,,,8,5.8,4.5,1,,,,
2026-05-09,18.4,14.63,14.25,10.1,,,83,67.1,66.5,50,12.1,8.4,9.4,6.7,16,9.42,8,0,,,102.29,102.01,101.93,101.57,102.24,101.96,101.88,101.52,32200,32200,32200,32200,3.1,2.5,2.4,1.6,3.8,0,9.2,7.2,4.2,0,0,0,,05:38:00,1778330280,5.63,20:41:00,1778384460,20.68,15.05,5,5,17,17,10,11,,,,,,8,6.6,6.5,5,,,,
2026-05-08,17.1,13.73,14.4,11.7,,,91,72.6,73,55,10.9,8.8,9,7.1,25,17.21,18.5,12,37,13,102.26,101.92,101.92,101.58,102.21,101.87,101.87,101.53,32200,30445.8,27350,22500,2.8,2.4,2.2,1.6,3.6,0,9.4,7.4,4.4,0,0,0,,05:40:00,1778244000,5.67,20:39:00,1778297940,20.65,14.98,5,5,17,17,10,10,,,,,,8,7.2,7,6,,,,
2026-05-07,17,13.88,14.15,11.3,,,97,82.6,83,69,12.4,10.9,10.8,9.2,18,12,12.5,7,33,19,102.07,101.89,101.85,101.62,102.02,101.84,101.79,101.57,48300,30370.8,33800,19300,2.8,2.2,2.3,1.8,3.8,0,9.2,7.2,4.2,0,0,0,,05:41:00,1778157660,5.68,20:38:00,1778211480,20.63,14.95,4,4,17,17,10,11,,,,,,8,6.1,5,2,,,,
2026-05-06,15.8,13.31,13.45,11.1,,,96,84.7,82,68,11.3,10.7,10.3,9.4,27,16.17,16.5,6,42,11,101.99,101.87,101.78,101.57,101.94,101.82,101.73,101.52,48300,35058.3,35400,22500,2.4,2.1,2,1.7,4.5,0,8.4,6.5,3.5,0,0,0,,05:43:00,1778071380,5.72,20:36:00,1778124960,20.6,14.88,6,6,18,19,11,12,,,,,,8,6.3,4,0,,,,
2026-05-05,19.4,15.13,15.5,11.6,,,95,79.8,79.5,64,12.9,11.6,11.3,9.7,25,17.46,18,11,33,13,101.56,101.39,101.3,101.04,101.51,101.34,101.25,100.99,48300,43266.7,36200,24100,3.1,2.4,2.5,1.9,2.5,0,10.5,8.5,5.5,0,0,0,,05:44:00,1777985040,5.73,20:35:00,1778038500,20.58,14.85,7,7,20,20,12,12,,,,,,6,0.4,3,0,,,,
2026-05-04,23.9,17.64,17.14,10.4,26,,92,69.2,69.5,47,15.2,11.7,11.9,8.7,19,7.54,9.5,0,,,101.05,100.94,100.92,100.78,101,100.89,100.87,100.73,48300,42262.5,40250,32200,3.5,2.7,2.5,1.5,0.9,0,12.1,10.1,7.1,0,0,0,,05:46:00,1777898760,5.77,20:33:00,1777951980,20.55,14.78,7,7,22,23,12,13,,,,,,7,2.2,3.5,0,,,,
2026-05-03,20.4,15.73,16.39,12.4,,,100,82.1,81.5,63,14,12.5,11.8,9.7,26,19.25,16.5,7,33,30,101.54,101.28,101.22,100.89,101.49,101.23,101.16,100.84,48300,36225,40250,32200,4,2.5,2.8,1.5,1.6,0,11.4,9.4,6.4,0,0,0,,05:48:00,1777812480,5.8,20:32:00,1777865520,20.53,14.73,6,6,19,19,12,12,,,,,,4,1,2,0,,,,
2026-05-02,18.8,15.01,15.65,12.5,,,100,85.6,86.5,73,13.5,12.5,12.4,11.3,32,24.5,24,16,41,30,101.84,101.6,101.58,101.32,101.79,101.55,101.53,101.27,48300,39150,40250,32200,3.1,2.3,2.4,1.7,2.4,0,10.7,8.7,5.7,0,0,0,,05:49:00,1777726140,5.82,20:30:00,1777779000,20.5,14.68,5,5,19,19,12,12,,,,,,6,1.8,3,0,,,,
2026-05-01,18.2,14.12,12.75,7.3,,,100,88.8,87.5,75,14.2,12.2,11.4,8.7,27,14.38,13.5,0,35,30,101.76,101.62,101.61,101.45,101.71,101.57,101.56,101.4,48300,39912.5,36200,24100,3.4,2.5,2.5,1.5,5.2,0,7.8,5.8,2.8,0,0,0,,05:51:00,1777639860,5.85,20:29:00,1777692540,20.48,14.63,5,6,18,18,10,10,,,,,,8,6,4.5,1,,,,
2026-04-30,18.3,13.32,12.65,7,,,100,87.7,82,64,13.5,11.2,10.1,6.7,20,9.12,10,0,,,102.24,101.96,101.91,101.58,102.19,101.91,101.86,101.53,48300,40250,40250,32200,3.1,2.2,2,1,5.3,0,7.7,5.7,2.6,0,0,0,,05:53:00,1777553580,5.88,20:27:00,1777606020,20.45,14.57,5,6,18,18,9,9,,,,,,8,4.8,4,0,,,,
2026-04-29,16.5,11.85,10.65,4.8,,,100,88.6,85,70,12.6,10,8.8,5.1,23,8.46,11.5,0,32,28,102.63,102.44,102.41,102.2,102.58,102.39,102.37,102.15,48300,41591.7,40250,32200,2.7,2,1.8,1,7.3,0,5.7,3.6,0.6,0,0,0,,05:55:00,1777467300,5.92,20:26:00,1777519560,20.43,14.52,6,6,16,17,8,8,,,,,,7,2.5,3.5,0,,,,
2026-04-28,13.9,11.31,11.15,8.4,,,95,88.3,85.5,76,11.5,9.4,9.2,7,18,9.96,9,0,28,11,102.47,102.2,102.15,101.84,102.42,102.15,102.11,101.79,32200,26633.3,20950,9700,2.5,2.1,2,1.6,6.8,0,6.2,4.2,1.1,0,0,0,,05:56:00,1777380960,5.93,20:24:00,1777433040,20.4,14.47,4,4,14,14,8,8,,,,,,8,6.8,5,2,,,,
2026-04-27,15.8,11.97,12,8.2,,,87,75.5,74.5,62,9.5,7.7,6.5,3.6,26,17.54,17,8,41,10,101.81,101.51,101.42,101.04,101.76,101.46,101.38,100.99,48300,37891.7,36200,24100,2.7,2.3,2.2,1.7,6,0,7,5,2,0,0,0,,05:58:00,1777294680,5.97,20:23:00,1777346580,20.38,14.42,5,5,16,16,10,10,,,,,,8,5,4,0,,,,
2026-04-26,17.3,12.43,11.05,4.8,,,89,63,64,39,8.8,5.3,5.7,2.6,18,9.96,9,0,35,19,101.01,100.93,100.94,100.87,100.96,100.88,100.89,100.82,48300,46958.3,40250,32200,3,2.5,2.4,1.8,7,0,6,4,1.1,0,0,0,,06:00:00,1777208400,6,20:21:00,1777260060,20.35,14.35,5,5,16,16,6,7,,,,,,7,1.2,3.5,0,,,,
2026-04-25,16,11.65,10.65,5.3,,,87,71,70.5,54,9.1,6.4,6.3,3.5,26,11.46,14.5,3,39,29,101.52,101.23,101.18,100.85,101.47,101.18,101.14,100.8,48300,36222.7,40250,32200,11,2.6,6.4,1.8,7.3,0,5.7,3.6,0.6,0,0,0,,06:02:00,1777122120,6.03,20:20:00,1777173600,20.33,14.3,5,5,16,16,6,6,,,,,,3,1,1.5,0,,,,
2026-04-24,15.7,11.18,9.44,3.2,,,98,74.5,70,42,11.7,6.3,5.8,-0.1,14,8.42,7,0,,,102.27,101.95,101.89,101.51,102.22,101.9,101.84,101.46,32200,31862.5,28150,24100,3,2.4,2.1,1.3,8.6,0,4.4,2.4,0,0,0,0,,06:04:00,1777035840,6.07,20:18:00,1777087080,20.3,14.23,5,5,14,16,6,6,,,,,,2,0.8,1,0,,,,
2026-04-23,14.2,11.05,10.6,7,,,100,86,86,72,10.1,8.7,8.6,7,18,12.33,12,6,28,20,102.28,102.1,102.1,101.91,102.23,102.05,102.05,101.86,32200,31187.5,28150,24100,3,2.3,2.3,1.6,7.4,0,5.6,3.6,0.6,0,0,0,,06:06:00,1776949560,6.1,20:17:00,1777000620,20.28,14.18,5,5,14,14,7,7,,,,,,8,2.7,4,0,,,,
2026-04-22,15.3,11.8,12.55,9.8,,,100,89.7,82.5,65,11.3,10.1,9.7,8,37,17.54,18.5,0,45,28,101.87,101.31,101.41,100.94,101.82,101.26,101.36,100.89,48300,30645.8,32200,16100,2.5,2,2,1.6,5.5,0,7.5,5.5,2.5,0,0,0,,06:07:00,1776863220,6.12,20:15:00,1776914100,20.25,14.13,4,5,14,14,9,9,,,,,,8,5.3,4,0,,,,
2026-04-21,16.4,12.25,12.7,9,,,100,91.2,88.5,77,12.6,10.8,10.4,8.2,16,9.08,8,0,28,19,100.95,100.84,100.85,100.75,100.9,100.79,100.8,100.7,48300,39547.8,40250,32200,2.7,2.2,2,1.4,5.3,0,7.7,5.7,2.7,0.7,0.7,0,,06:09:00,1776776940,6.15,20:14:00,1776827640,20.23,14.08,5,5,15,16,11,11,,,,,,8,6.7,4.5,1,,,,
2026-04-20,17.8,13.14,11.65,5.5,,,99,79,81.5,64,12.5,9.5,9.6,6.6,27,13.83,13.5,0,37,31,101.17,100.92,100.92,100.66,101.12,100.87,100.87,100.61,48300,40245.8,40250,32200,2.8,2.1,2,1.3,6.3,0,6.7,4.7,1.6,0,0,0,,06:11:00,1776690660,6.18,20:12:00,1776741120,20.2,14.02,5,5,16,16,8,9,,,,,,8,5.6,4,0,,,,
2026-04-19,16.6,11.6,11.3,6,,,100,86.4,86,72,11.3,9.4,8.7,6,28,16.04,14,0,37,31,101.31,101.19,101.15,100.99,101.26,101.14,101.1,100.94,32200,32200,32200,32200,3,2.3,2.2,1.4,6.7,0,6.3,4.3,1.3,0,0,0,,06:13:00,1776604380,6.22,20:11:00,1776654660,20.18,13.97,5,6,15,15,8,8,,,,,,8,3.8,4,0,,,,
2026-04-18,14.5,9.75,8.55,2.6,,,98,75.8,79,60,9.8,5.6,5.3,0.8,14,7,7,0,,,102.06,101.69,101.68,101.31,102.01,101.64,101.64,101.26,32200,31862.5,28150,24100,2.8,2.2,2.1,1.4,9.4,0,3.5,1.6,0,0.2,0.2,0,,06:15:00,1776518100,6.25,20:09:00,1776568140,20.15,13.9,6,6,14,14,7,7,,,,,,8,6.4,5,2,,,,
2026-04-17,12.5,8.56,8.65,4.8,,,91,76.2,77,63,7.4,4.5,4.8,2.3,18,11.17,11,4,33,21,102.71,102.5,102.39,102.08,102.66,102.45,102.35,102.03,48300,35550,40250,32200,3,2.1,2,1.1,9.3,0,3.6,1.6,0,0,0,0,,06:17:00,1776431820,6.28,20:08:00,1776481680,20.13,13.85,5,5,12,12,6,6,,,,,,8,4.8,4.5,1,,,,
2026-04-16,11.6,7.1,6.2,0.8,,,97,74.5,77.5,58,4.6,2.7,2.4,0.1,18,9.12,9,0,29,21,102.47,102.27,102.08,101.7,102.42,102.22,102.03,101.65,48300,35216.7,36200,24100,2.5,2,1.8,1,11.8,0,1.2,0,0,0,0,0,,06:19:00,1776345540,6.32,20:06:00,1776395160,20.1,13.78,5,5,11,12,3,5,,,,,,8,3.7,4,0,,,,
2026-04-15,9.8,6.87,6.8,3.8,,,87,71.1,75,63,3.4,1.9,1.4,-0.5,37,20.67,21,5,54,28,101.61,101.04,101.18,100.75,101.56,100.99,101.13,100.7,48300,39241.7,36200,24100,2.5,2.3,1.9,1.3,11.2,0,1.8,0,0,0,0,0,,06:21:00,1776259260,6.35,20:05:00,1776308700,20.08,13.73,4,4,9,10,2,2,,,,,,8,4,4,0,,,,
2026-04-14,9.4,7.78,7.65,5.9,,,100,86,86,72,7.5,5.5,5,2.4,39,24.17,23.5,8,55,18,101.64,101.03,101.06,100.49,101.59,100.98,101.01,100.44,40200,29100,24950,9700,2.7,2.3,2.4,2,10.3,0,2.6,0.6,0,2.9,2.9,0,,06:23:00,1776172980,6.38,20:03:00,1776222180,20.05,13.67,1,1,9,9,4,4,,,,,,8,6.8,4.5,1,,,,
2026-04-13,12.4,10.25,10.65,8.9,,,100,89.9,87,74,10.1,8.6,7.4,4.7,22,11.67,11,0,37,20,101.64,101.44,101.31,100.99,101.59,101.39,101.26,100.94,40200,28891.7,24950,9700,2.4,2,2,1.6,7.3,0,5.7,3.6,0.6,3.9,3.9,0,,06:25:00,1776086700,6.42,20:02:00,1776135720,20.03,13.62,2,4,12,14,8,9,,,,,,8,7.8,7,6,,,,
2026-04-12,12.8,10.66,10.4,8,,,100,95.8,93,86,11.3,10,9.7,8.1,18,9.46,11,4,,,100.93,100.67,100.73,100.53,100.88,100.62,100.68,100.48,32200,21912.5,19300,6400,3,2.2,2.2,1.5,7.6,0,5.4,3.4,0.4,0,0,0,,06:27:00,1776000420,6.45,20:00:00,1776049200,20,13.55,3,3,15,15,8,8,,,,,,8,7.6,7,6,,,,
2026-04-11,12.9,10.65,10.5,8.1,,,100,94.4,89.5,79,10.9,9.8,9.8,8.6,24,13.88,13.5,3,32,12,100.71,100.55,100.52,100.33,100.66,100.5,100.47,100.28,32200,30512.5,28150,24100,3.2,2.3,2.5,1.8,7.5,0,5.5,3.5,0.5,0,0,0,,06:29:00,1775914140,6.48,19:59:00,1775962740,19.98,13.5,3,3,12,13,10,10,,,,,,8,7.4,6,4,,,,
2026-04-10,14.7,10.5,8.85,3,,,98,81.5,82,66,10.6,7.4,6.8,3.1,14,7.04,7,0,,,101.29,100.87,100.86,100.42,101.24,100.82,100.81,100.37,32200,32200,32200,32200,3.5,2.6,2.5,1.5,9.2,0,3.8,1.8,0,0,0,0,,06:31:00,1775827860,6.52,19:57:00,1775876220,19.95,13.43,5,5,15,15,9,9,,,,,,8,4.9,4,0,,,,
2026-04-09,13.5,9.24,8.19,2.9,,,98,87.2,86,74,10.3,7.2,6.8,3.2,23,12.88,13,3,,,101.91,101.7,101.61,101.3,101.86,101.65,101.56,101.25,32200,32200,32200,32200,2.7,2.2,2,1.4,9.8,0,3.2,1.2,0,0,0,0,,06:33:00,1775741580,6.55,19:56:00,1775789760,19.93,13.38,5,5,15,16,5,6,,,,,,7,1.2,3.5,0,,,,
2026-04-08,12.2,8.08,7,1.8,,,96,81.8,81.5,67,7.6,5.1,5,2.3,21,8.5,10.5,0,,,102.08,101.94,101.91,101.74,102.03,101.89,101.86,101.69,48300,40920.8,40250,32200,2.6,2.2,2,1.5,11,0,2,0,0,0,0,0,,06:35:00,1775655300,6.58,19:54:00,1775703240,19.9,13.32,5,5,13,13,5,5,,,,,,3,0.9,1.5,0,,,,
2026-04-07,11.4,8.53,8.5,5.6,,,82,68.3,70.5,59,4.7,3,3.1,1.5,50,17.92,25,0,67,28,102.11,101.92,101.79,101.47,102.06,101.87,101.74,101.42,48300,40250,40250,32200,2.8,2.5,2.4,2,9.5,0,3.5,1.5,0,0,0,0,,06:37:00,1775569020,6.62,19:53:00,1775616780,19.88,13.27,4,4,11,12,4,5,,,,,,8,2.5,4,0,,,,
2026-04-06,14.8,9.88,8.8,2.8,,,100,88.1,85.5,71,11,7.9,7.3,3.7,47,11.67,23.5,0,50,28,101.72,101.57,101.51,101.29,101.67,101.52,101.45,101.24,48300,40250,40250,32200,3,2,2,1.1,9.2,0,3.8,1.8,0,0,0,0,,06:40:00,1775482800,6.67,19:51:00,1775530260,19.85,13.18,4,4,16,16,5,5,,,,,,8,4.4,4,0,,,,
2026-04-05,14,9.93,9,4,,,100,89,86,72,10,8.1,7.7,5.4,23,12.42,11.5,0,,,102.46,102.04,102.06,101.67,102.41,101.99,102.02,101.62,32200,32200,32200,32200,3,1.8,2,1,9,0,4,2,0,0,0,0,,06:42:00,1775396520,6.7,19:50:00,1775443800,19.83,13.13,4,4,17,17,8,8,,,,,,7,3.8,4.5,2,,,,
2026-04-04,13.7,9.75,9.75,5.8,,,100,89,86,72,10.4,8,8.1,5.7,21,12.96,10.5,0,,,103.06,102.82,102.76,102.46,103.01,102.77,102.71,102.41,32200,31862.5,28150,24100,2.4,1.8,1.7,1,8.2,0,4.8,2.8,0,0,0,0,,06:44:00,1775310240,6.73,19:48:00,1775357280,19.8,13.07,4,4,14,14,7,7,,,,,,8,5.6,5.5,3,,,,
2026-04-03,10.9,9.02,8.85,6.8,,,100,82.6,85.5,71,7.7,6.1,6,4.4,21,14.33,14.5,8,33,10,103.02,102.89,102.76,102.51,102.97,102.84,102.72,102.46,32200,25808.3,22550,12900,3,2.1,2.2,1.4,9.2,0,3.8,1.8,0,0.6,0.6,0,,06:46:00,1775223960,6.77,19:47:00,1775270820,19.78,13.02,2,3,11,11,4,4,,,,,,8,8,7.5,7,,,,
2026-04-02,11.2,8.4,8.6,6,,,100,87.2,85,70,7.2,6.3,6.3,5.4,16,10.79,9.5,3,35,24,102.45,101.43,101.31,100.17,102.4,101.38,101.26,100.12,32200,25095.8,18100,4000,2.3,2,1.8,1.4,9.4,0,3.6,1.6,0,1.2,1.2,0,,06:48:00,1775137680,6.8,19:45:00,1775184300,19.75,12.95,3,3,12,13,6,6,,,,,,8,7.7,6.5,5,,,,
2026-04-01,9.2,6.85,7.65,6.1,,,100,92.4,77,54,6.8,5.6,3.3,-0.2,30,16.17,15,0,42,7,100.29,99.95,99.97,99.65,100.24,99.9,99.92,99.6,32200,20587.5,20950,9700,2.6,2.1,2.1,1.7,10.3,0,2.6,0.6,0,16.5,16.5,0,,06:50:00,1775051400,6.83,19:44:00,1775097840,19.73,12.9,1,1,7,8,6,6,,,,,,8,8,8,8,,,,
2026-03-31,10.7,6.79,6.15,1.6,,,84,67.5,65,46,4.9,1,1.4,-2,14,6.75,7,0,,,101.75,101.04,101.04,100.34,101.7,100.99,100.99,100.29,48300,39908.3,40250,32200,2.8,2.3,2.1,1.5,11.8,0,1.1,0,0,0,0,0,,06:52:00,1774965120,6.87,19:42:00,1775011320,19.7,12.83,3,3,10,10,5,5,,,,,,8,7,6,4,,,,
2026-03-30,8.1,4.4,3.65,-0.8,,,100,77.8,81,62,2.1,0.7,0.6,-0.8,17,7.75,8.5,0,35,29,102.54,102.25,102.15,101.76,102.49,102.2,102.1,101.71,48300,39566.7,40250,32200,2.6,2,1.8,1.1,14.3,0,0,0,0,0,0,0,,06:54:00,1774878840,6.9,19:41:00,1774924860,19.68,12.78,3,3,9,9,2,2,,,,,,7,3.5,3.5,0,,,,
2026-03-29,7.5,4.87,4.05,0.6,,,87,74,73.5,60,3.5,0.6,1.1,-1.2,26,12.67,13,0,37,22,102.08,101.92,101.97,101.85,102.03,101.87,101.92,101.8,32200,31187.5,28150,24100,2.5,2.1,2,1.5,13.9,0,0,0,0,0,0,0,,06:56:00,1774792560,6.93,19:39:00,1774838340,19.65,12.72,2,2,8,8,0,0,,,,,,8,4.7,4,0,,,,
2026-03-28,10.6,6.57,7.19,3.8,,,97,86.2,82.5,68,6.1,4.4,3.2,0.3,23,9.04,11.5,0,36,24,102.12,102.02,102.03,101.94,102.07,101.97,101.98,101.89,32200,31495.7,28150,24100,2.5,2.1,1.9,1.3,10.8,0,2.2,0.2,0,0,0,0,,06:59:00,1774706340,6.98,19:38:00,1774751880,19.63,12.65,4,4,10,10,5,5,,,,,,8,5.7,5,2,,,,
2026-03-27,10.1,6.71,6.6,3.1,,,94,79,80,66,6.3,3.3,3.4,0.5,18,9.71,9,0,,,103.22,102.56,102.62,102.03,103.17,102.51,102.58,101.98,32200,32200,32200,32200,2.7,2.1,2,1.4,11.4,0,1.6,0,0,0,0,0,,07:01:00,1774620060,7.02,19:36:00,1774665360,19.6,12.58,3,4,11,11,4,4,,,,,,8,7.2,7,6,,,,
2026-03-26,10.6,6.3,5.3,0,,,96,70,72.5,49,3.9,1,1.4,-1.2,26,16,15.5,5,37,21,103.51,103.27,103.1,102.68,103.46,103.22,103.04,102.63,32200,31525,28150,24100,2.8,2.3,2.2,1.6,12.7,0,0.3,0,0,0,0,0,,07:03:00,1774533780,7.05,19:34:00,1774578840,19.57,12.52,2,4,9,9,4,4,,,,,,8,5.2,4.5,1,,,,
2026-03-25,10.1,6.88,7.94,5.8,,,92,76.2,75,58,5.5,2.9,3.3,1.1,28,17.92,17.5,7,52,21,102.55,101.82,101.97,101.39,102.5,101.77,101.92,101.34,48300,35339.1,32200,16100,2.9,2.4,2.5,2.2,10.1,0,2.9,0.9,0,0.2,0.2,0,,07:05:00,1774447500,7.08,19:33:00,1774492380,19.55,12.47,1,1,9,9,1,1,,,,,,8,5.3,4.5,1,,,,
2026-03-24,14.2,8.07,9.75,5.3,,,100,84.7,83.5,67,9.8,5.5,6.3,2.8,39,22.12,23.5,8,61,22,101.42,100.83,100.86,100.31,101.37,100.78,100.82,100.26,48300,30387.5,29000,9700,2.5,2.1,1.8,1.1,8.2,0,4.8,2.8,0,7.2,7.2,0,,07:07:00,1774361220,7.12,19:31:00,1774405860,19.52,12.4,1,2,11,12,4,4,,,,,,8,6.1,4.5,1,,,,
2026-03-23,8.6,5.35,3.95,-0.7,,,94,75.9,76.5,59,4.2,1.3,1.4,-1.3,16,7.29,8,0,,,102.44,102.02,101.94,101.43,102.39,101.97,101.88,101.38,48300,39575,40250,32200,2.6,2.1,2,1.4,14.1,0,0,0,0,0,0,0,,07:09:00,1774274940,7.15,19:30:00,1774319400,19.5,12.35,4,4,9,9,5,5,,,,,,8,6.6,5.5,3,,,,
2026-03-22,9.4,6.88,6.5,3.6,,,88,68.8,70,52,4.7,1.4,1.4,-1.9,28,12.79,14,0,41,19,102.91,102.72,102.68,102.45,102.86,102.67,102.63,102.4,32200,30850,28150,24100,2.5,2.1,2,1.4,11.5,0,1.5,0,0,0,0,0,,07:11:00,1774188660,7.18,19:28:00,1774232880,19.47,12.28,3,3,10,10,1,1,,,,,,8,6.8,6,4,,,,
2026-03-21,10.8,7.66,8.1,5.4,,,90,71.6,70.5,51,5.1,2.6,2.7,0.3,37,22.12,22.5,8,46,26,102.69,102.38,102.32,101.94,102.64,102.33,102.26,101.89,32200,31862.5,28150,24100,2.4,2.1,2,1.5,9.9,0,3.1,1.1,0,0,0,0,,07:14:00,1774102440,7.23,19:27:00,1774146420,19.45,12.22,4,4,10,10,5,6,,,,,,8,3.5,4.5,1,,,,
2026-03-20,15,11.11,10.9,6.8,,,100,88.5,81,62,11.6,9.2,8.7,5.8,32,19.96,18.5,5,55,20,101.97,101.62,101.64,101.31,101.92,101.57,101.59,101.26,32200,28158.3,24150,16100,3,1.7,2,1,7.1,0,5.9,3.9,0.9,0,0,0,,07:16:00,1774016160,7.27,19:25:00,1774059900,19.42,12.15,4,4,13,14,4,5,,,,,,8,5.8,4.5,1,,,,
2026-03-19,11.6,10.57,10.64,9.7,,,100,100,99.5,99,11.3,10.6,10.6,9.8,28,15.29,18.5,9,42,13,101.9,101.74,101.74,101.57,101.85,101.69,101.68,101.52,32200,13225,17700,3200,1.9,1.5,1.6,1.2,7.4,0,5.6,3.6,0.6,24.5,24.5,0,,07:18:00,1773929880,7.3,19:24:00,1773973440,19.4,12.1,1,1,12,12,11,11,,,,,,8,8,8,8,,,,
2026-03-18,12.5,11.27,11.4,10.3,,,100,99.2,98,96,12.1,11.2,11.2,10.4,28,17.67,19,10,39,15,101.61,101.45,101.45,101.29,101.56,101.4,101.4,101.24,32200,21466.7,16900,1600,1.8,1.5,1.4,1.1,6.6,0,6.4,4.4,1.4,11.6,11.6,0,,07:20:00,1773843600,7.33,19:22:00,1773886920,19.37,12.03,1,1,12,12,10,10,,,,,,8,8,7.5,7,,,,
2026-03-17,12.3,10.48,10.65,9,,,100,97.5,95,90,11,10.1,10.1,9.1,26,17.08,18,10,42,13,101.61,101.49,101.49,101.36,101.56,101.44,101.43,101.31,40200,25941.7,26550,12900,2.3,1.8,1.8,1.3,7.3,0,5.7,3.6,0.6,7.2,7.2,0,,07:22:00,1773757320,7.37,19:21:00,1773800460,19.35,11.98,2,2,10,10,10,10,,,,,,8,8,8,8,,,,
2026-03-16,10.2,7,6.69,3.2,,,100,99.2,96.5,93,9.8,6.9,6.6,3.4,20,16.04,15,10,,,102.29,101.82,101.83,101.37,102.24,101.77,101.78,101.32,40200,16687.5,22100,4000,2.5,1.9,1.9,1.3,11.3,0,1.7,0,0,23.7,23.7,0,,07:24:00,1773671040,7.4,19:19:00,1773713940,19.32,11.92,1,1,10,10,8,10,,,,,,8,8,7.5,7,,,,
2026-03-15,8.2,4.03,4.55,0.9,,,100,80.6,75.5,51,3.2,0.7,0.8,-1.7,20,14.17,14,8,37,14,103.15,102.82,102.74,102.33,103.1,102.77,102.69,102.28,32200,24887.5,19300,6400,2.4,2,1.8,1.3,13.4,0,0,0,0,8.4,8.4,0,,07:26:00,1773584760,7.43,19:18:00,1773627480,19.3,11.87,1,1,7,7,2,3,,,,,,8,7.8,6.5,5,,,,
2026-03-14,8.2,4.71,4.34,0.5,,,98,73.7,74,50,2.1,0.2,-0.3,-2.7,37,18.12,20,3,48,30,103.09,102.34,102.3,101.51,103.04,102.29,102.25,101.46,32200,32200,32200,32200,2.4,1.9,1.8,1.1,13.7,0,0,0,0,0,0,0,,07:28:00,1773498480,7.47,19:16:00,1773540960,19.27,11.8,2,2,8,8,2,2,,,,,,8,3.5,4.5,1,,,,
2026-03-13,7.3,4.34,4.65,2,,,100,87.6,83,66,3.7,2.4,2,0.4,16,11.25,8,0,,,101.97,101.74,101.71,101.45,101.92,101.69,101.66,101.4,32200,27754.2,24150,16100,2.6,2.2,2,1.5,13.3,0,0,0,0,2.8,2.8,0,,07:30:00,1773412200,7.5,19:14:00,1773454440,19.23,11.73,2,2,8,8,0,2,,,,,,8,6.2,5,2,,,,
2026-03-12,7.9,5.73,5.9,3.9,,,99,75.9,77,55,3.8,1.6,1.4,-1.1,33,18.83,18,3,58,23,102.44,102.08,101.89,101.34,102.39,102.03,101.84,101.29,32200,27629.2,24150,16100,2.7,2.5,2.5,2.2,12.1,0,0.9,0,0,0.7,0.7,0,,07:33:00,1773325980,7.55,19:13:00,1773367980,19.22,11.67,2,2,7,7,1,3,,,,,,8,8,7.5,7,,,,
2026-03-11,8.8,5.67,6.3,3.8,,,100,93.8,85.5,71,8.4,4.7,5.4,2.4,36,18.58,20.5,5,63,25,102.26,101.53,101.38,100.49,102.21,101.48,101.33,100.44,32200,25887.5,18500,4800,2.7,2.2,2.2,1.8,11.7,0,1.3,0,0,5.8,5.8,0,,07:35:00,1773239700,7.58,19:11:00,1773281460,19.18,11.6,,,6,7,3,4,,,,,,8,8,7.5,7,,,,
2026-03-10,6.4,4.04,3.55,0.7,,,95,82.1,81.5,68,2.5,1.2,0.5,-1.5,28,17.75,18.5,9,45,19,102.18,101.92,101.92,101.65,102.13,101.87,101.86,101.6,32200,29512.5,24150,16100,2.9,2.4,2.3,1.7,14.4,0,0,0,0,1.5,1.5,0,,07:37:00,1773153420,7.62,19:10:00,1773195000,19.17,11.55,1,1,4,4,1,1,,,,,,8,6.6,4.5,1,,,,
2026-03-09,8.4,4.89,5,1.6,,,79,66.2,66.5,54,1.1,-0.9,-0.7,-2.5,35,18.29,17.5,0,55,28,101.64,101.56,101.55,101.46,101.59,101.51,101.5,101.41,40200,35200,36200,32200,2.9,2.4,2.5,2,13,0,0,0,0,0,0,0,,07:39:00,1773067140,7.65,19:08:00,1773108480,19.13,11.48,1,1,6,6,1,1,,,,,,8,4.4,4.5,1,,,,
2026-03-08,11.5,7.77,8.44,5.4,,,100,77.5,79,58,9.2,3.9,4,-1.1,42,25.83,21,0,55,28,101.59,101.45,101.44,101.3,101.54,101.4,101.39,101.25,32200,28536.4,18500,4800,2.5,2.1,2,1.5,9.6,0,3.4,1.4,0,4.9,4.9,0,,07:41:00,1772980860,7.68,19:07:00,1773022020,19.12,11.43,3,3,10,10,2,2,,,,,,8,3.8,4,0,,,,
2026-03-07,12.3,10.54,10.25,8.2,,,100,93,91,82,10.8,9.4,9.7,8.6,33,19.33,23,13,45,17,102.53,102.15,102.08,101.64,102.48,102.1,102.03,101.59,32200,21245.8,18500,4800,1.8,1.5,1.4,1,7.8,0,5.2,3.2,0.2,0,0,0,,06:43:00,1772894580,6.72,18:05:00,1772935500,18.08,11.37,3,3,12,12,7,8,,,,,,8,7.8,7.5,7,,,,
2026-03-06,8.6,7.74,7.69,6.8,,,100,99.9,98.5,97,8.5,7.7,7.7,6.9,20,14.88,14.5,9,,,102.7,102.61,102.61,102.52,102.65,102.56,102.56,102.47,19300,6300,10850,2400,2.3,1.8,1.8,1.3,10.3,0,2.7,0.7,0,18.9,18.9,0,,06:45:00,1772808300,6.75,18:03:00,1772848980,18.05,11.3,1,1,10,10,10,10,,,,,,8,8,8,8,,,,
2026-03-05,10.5,8.55,8.75,7,,,95,82,80,65,7.1,5.6,5.5,3.9,39,22.29,23.5,8,52,26,102.71,102.41,102.29,101.87,102.66,102.36,102.24,101.82,32200,32200,32200,32200,2.5,2.2,2.1,1.7,9.2,0,3.8,1.8,0,0.9,0.9,0,,06:47:00,1772722020,6.78,18:02:00,1772762520,18.03,11.25,2,2,10,11,7,7,,,,,,8,5,4.5,1,,,,
2026-03-04,9.9,8.49,8.3,6.7,,,100,98.7,96,92,9,8.3,8.1,7.2,24,12.33,14,4,,,101.81,101.24,101.33,100.85,101.76,101.19,101.28,100.8,48300,32034.8,30600,12900,2.3,1.9,1.8,1.4,9.7,0,3.3,1.3,0,3.6,,,,06:49:00,1772635740,6.82,18:00:00,1772676000,18,11.18,1,2,11,12,5,6,,,,,,8,7.1,5,2,,,,
2026-03-03,10.7,9.09,7.94,5.2,,,100,94.2,90,80,10.3,8.2,7.2,4.2,19,13.96,14,9,,,101.82,101.5,101.49,101.16,101.77,101.45,101.44,101.11,32200,26612.5,24150,16100,2.3,1.9,1.8,1.3,10.1,0,2.9,0.9,0,7.1,7.1,0,,06:51:00,1772549460,6.85,17:59:00,1772589540,17.98,11.13,1,1,11,11,8,8,,,,,,8,8,7.5,7,,,,
2026-03-02,13,7.1,6.55,0.1,,,100,81.2,78,56,6.1,3.8,3.5,0.9,18,10.29,9,0,29,13,102.02,101.88,101.89,101.77,101.97,101.83,101.85,101.72,48300,40250,40250,32200,2.7,1.9,1.9,1.1,11.4,0,1.6,0,0,0,0,0,,06:53:00,1772463180,6.88,17:57:00,1772503020,17.95,11.07,2,2,11,11,7,7,,,,,,7,2.8,3.5,0,,,,
2026-03-01,9,4.87,4.65,0.3,,,100,90.9,87.5,75,5.3,3.4,2.8,0.2,17,9.25,10,3,,,102.05,101.91,101.9,101.75,102,101.86,101.85,101.7,32200,32200,32200,32200,2.5,1.8,1.8,1.1,13.3,0,0,0,0,0,0,0,,06:55:00,1772376900,6.92,17:55:00,1772416500,17.92,11,2,2,10,10,2,2,,,,,,2,0.3,1,0,,,,
2026-02-28,8.7,6.24,5.94,3.2,,,100,90.5,89.5,79,5.7,4.7,4.5,3.3,30,17.62,17,4,37,29,102.43,102.18,102.19,101.95,102.38,102.13,102.14,101.9,32200,29375,22550,12900,2.5,2,2,1.4,12.1,0,0.9,0,0,0,0,0,,06:57:00,1772290620,6.95,17:54:00,1772330040,17.9,10.95,2,2,9,9,2,3,,,,,,8,4.3,4,0,,,,
2026-02-27,10.8,7.93,8.15,5.5,,,100,83.5,86,72,6.7,5.3,5.3,4,23,16.58,16,9,41,20,102.47,102.4,102.41,102.35,102.42,102.35,102.36,102.3,32200,31862.5,28150,24100,2.8,2.5,2.5,2.1,9.8,0,3.1,1.1,0,0,0,0,,06:59:00,1772204340,6.98,17:52:00,1772243520,17.87,10.88,2,2,9,10,4,4,,,,,,8,6.4,5,2,,,,
2026-02-26,11.5,8.59,9.3,7.1,,,89,80.1,73.5,58,7.5,5.3,5.3,3.2,33,22.62,21,9,46,16,102.36,102.17,102.21,102.06,102.31,102.12,102.16,102.01,32200,32200,32200,32200,2.6,2.3,2.4,2.1,8.7,0,4.3,2.3,0,0,0,0,,07:01:00,1772118060,7.02,17:51:00,1772157060,17.85,10.83,2,2,10,11,6,7,,,,,,8,6.7,5.5,3,,,,
2026-02-25,9.6,6.36,5.4,1.2,,,100,85,83.5,67,5.6,3.9,3.5,1.5,31,16.5,17.5,4,45,18,102.06,101.86,101.78,101.51,102.01,101.81,101.74,101.46,48300,39575,40250,32200,2.6,2.2,2,1.3,12.6,0,0.4,0,0,0,0,0,,07:03:00,1772031780,7.05,17:49:00,1772070540,17.82,10.77,1,2,9,10,7,7,,,,,,8,6.8,4.5,1,,,,
2026-02-24,7.5,4.27,3.4,-0.7,,-2,100,91.5,89,78,4.9,2.9,2.3,-0.3,22,9.21,11,0,,,101.8,101.49,101.55,101.29,101.75,101.44,101.49,101.24,48300,39912.5,40250,32200,2.5,2,1.9,1.3,14.6,0,0,0,0,0,0,0,,07:05:00,1771945500,7.08,17:47:00,1771984020,17.78,10.7,2,2,8,8,3,3,,,,,,8,3,4,0,,,,
2026-02-23,9.6,6.57,6.55,3.5,,,100,88.6,86,72,6.7,4.7,5,3.3,18,11.33,11,4,35,21,101.96,101.78,101.65,101.34,101.91,101.73,101.6,101.29,64400,39375,41850,19300,3,2.3,2.2,1.4,11.4,0,1.6,0,0,7.7,7.7,0,,07:07:00,1771859220,7.12,17:46:00,1771897560,17.77,10.65,1,1,11,11,2,2,,,,,,8,4.8,4,0,,,,
2026-02-22,10.6,7.79,7.65,4.7,,,100,86.9,85,70,7.9,5.7,5.3,2.8,34,20.75,19.5,5,50,12,101.57,101.37,101.35,101.13,101.52,101.32,101.3,101.08,32200,25270.8,22550,12900,2.3,2,2,1.7,10.3,0,2.6,0.6,0,7.2,7.2,0,,07:09:00,1771772940,7.15,17:44:00,1771811040,17.73,10.58,1,1,9,10,6,8,,,,,,8,7.8,7,6,,,,
2026-02-21,7.4,4.83,4.5,1.6,,,97,76.4,72,47,4.5,0.8,0.6,-3.3,39,18.58,24,9,58,11,101.59,101.48,101.46,101.34,101.54,101.43,101.42,101.29,32200,26425,22550,12900,2.3,2,2,1.8,13.5,0,0,0,0,5.7,5.7,0,,07:11:00,1771686660,7.18,17:42:00,1771724520,17.7,10.52,1,1,7,7,5,6,,,,,,8,7.8,7,6,,,,
2026-02-20,4,1.12,0.05,-3.9,,-9,72,60,60.5,49,-2,-5.8,-6.1,-10.2,18,14.71,14.5,11,,,101.61,101.53,101.49,101.38,101.56,101.48,101.44,101.33,32200,32200,32200,32200,2.6,2.1,2.2,1.8,17.9,0,0,0,0,0,0,0,0,07:13:00,1771600380,7.22,17:41:00,1771638060,17.68,10.47,1,1,4,4,2,3,,,,,,8,7.1,4.5,1,,,,
2026-02-19,3.4,0.8,0.75,-1.9,,-8,74,61.7,62,50,-2.6,-5.8,-5.8,-9,15,9.25,7.5,0,,,101.4,101.3,101.26,101.11,101.35,101.25,101.2,101.06,32200,31862.5,28150,24100,2.6,2.1,2,1.5,17.2,0,0,0,0,0,0,0,,07:14:00,1771514040,7.23,17:39:00,1771551540,17.65,10.42,1,1,3,4,-4,-1,,,,,,8,4.9,4,0,,,,
2026-02-18,5.4,2.28,2.5,-0.4,,-4,94,75.7,79,64,1,-1.6,-1.4,-3.9,16,8.62,8,0,,,101.05,100.64,100.69,100.33,101,100.59,100.64,100.28,48300,34866.7,36200,24100,2.4,2,1.8,1.1,15.5,0,0,0,0,0,0,0,0,07:16:00,1771427760,7.27,17:37:00,1771465020,17.62,10.35,1,1,4,5,-3,-2,,,,,,8,6.8,5.5,3,,,,
2026-02-17,7.3,3.54,4.34,1.4,,,99,83.9,78.5,58,1.8,0.9,0.4,-1,17,10.58,8.5,0,33,10,100.32,99.83,99.83,99.33,100.27,99.78,99.77,99.28,48300,37550,40250,32200,2.6,2.2,2.1,1.6,13.7,0,0,0,0,0,0,0,,07:18:00,1771341480,7.3,17:36:00,1771378560,17.6,10.3,1,1,5,5,-1,1,,,,,,8,6.2,4.5,1,,,,
2026-02-16,5.7,3.44,3.95,2.2,,,100,91.9,86,72,3.6,2.2,2.1,0.6,28,18.75,18,8,37,10,100.7,99.69,99.93,99.17,100.65,99.64,99.89,99.12,48300,31850,32200,16100,3,1.9,2,1.1,14.1,0,0,0,0,2.9,2.9,0,,07:20:00,1771255200,7.33,17:34:00,1771292040,17.57,10.23,,,3,3,0,2,,,,,,8,7.8,7.5,7,,,,
2026-02-15,6.4,3.1,2.35,-1.7,,-3,100,89.2,88.5,77,3.5,1.4,1.2,-1.1,14,6.92,7,0,,,101.93,101.51,101.38,100.82,101.88,101.46,101.32,100.77,32200,32200,32200,32200,7,1.8,4.1,1.2,15.7,0,0,0,0,0,0,0,,07:22:00,1771168920,7.37,17:32:00,1771205520,17.53,10.17,1,1,6,7,1,2,,,,,,8,4.3,4,0,,,,
2026-02-14,7.7,4.91,4.3,0.9,,,100,89.8,83.5,67,5,3.3,3.2,1.5,18,9.54,9,0,,,101.96,101.8,101.74,101.52,101.91,101.75,101.69,101.47,32200,28108.3,20150,8100,2.5,2.1,2,1.5,13.7,0,0,0,0,0.3,0.3,0,,07:23:00,1771082580,7.38,17:31:00,1771119060,17.52,10.13,1,1,6,7,-1,-1,,,,,,8,3.2,4,0,,,,
2026-02-13,8,6.17,5.7,3.4,,,100,96.8,93.5,87,7.5,5.7,5.4,3.3,23,15.21,16,9,32,11,102.06,101.65,101.74,101.41,102.01,101.6,101.69,101.36,32200,24466.7,22550,12900,2.7,1.9,2,1.2,12.3,0,0.7,0,0,3.3,3.3,0,,07:25:00,1770996300,7.42,17:29:00,1771032540,17.48,10.07,,,7,7,3,3,,,,,,8,7.8,6.5,5,,,,
2026-02-12,8.1,6.19,4.95,1.8,,,100,90.4,90,80,5.6,4.7,4.2,2.8,19,11.75,9.5,0,,,102.51,102.36,102.32,102.13,102.46,102.31,102.27,102.08,32200,31662.5,25750,19300,2.1,1.5,1.6,1,13.1,0,0,0,0,0.3,0.3,0,,07:27:00,1770910020,7.45,17:27:00,1770946020,17.45,10,1,1,9,9,5,5,,,,,,8,7.9,7.5,7,,,,
2026-02-11,8.1,4.91,4.45,0.8,,,100,95.8,92,84,6.7,4.3,4.4,2.1,26,11.54,13,0,33,30,102.3,102.13,102.14,101.97,102.25,102.08,102.08,101.92,48300,39241.7,40250,32200,2.3,1.7,1.6,1,13.6,0,0,0,0,0,0,0,,07:29:00,1770823740,7.48,17:26:00,1770859560,17.43,9.95,1,1,10,10,2,3,,,,,,7,3.5,3.5,0,,,,
2026-02-10,11.3,7.26,7.85,4.4,,,100,91.2,84.5,69,7.1,5.8,4.4,1.7,18,12.92,12.5,7,,,102.13,101.9,101.93,101.74,102.08,101.85,101.89,101.69,48300,39575,40250,32200,2.5,1.9,1.8,1.2,10.2,0,2.8,0.8,0,0,0,0,,07:30:00,1770737400,7.5,17:24:00,1770773040,17.4,9.9,1,1,9,11,1,6,,,,,,8,3.5,4,0,,,,
2026-02-09,9.6,7.04,6.75,3.9,,,100,97.5,93.5,87,7.8,6.7,6.5,5.1,26,16.54,17,8,37,14,102.45,102.29,102.29,102.14,102.4,102.24,102.24,102.09,40200,30516.7,28150,16100,2.3,1.8,1.6,1,11.2,0,1.8,0,0,3.8,3.8,0,,07:32:00,1770651120,7.53,17:22:00,1770686520,17.37,9.83,,,9,9,4,6,,,,,,8,7.8,6,4,,,,
2026-02-08,10.9,6.26,6.9,2.9,,,100,93.7,84.5,69,7.1,5.3,5.3,3.6,19,9.62,11.5,4,39,27,102.3,102.11,102.12,101.95,102.25,102.06,102.08,101.9,32200,30654.2,25750,19300,2.4,2,1.7,1,11.1,0,1.9,0,0,0,0,0,,07:33:00,1770564780,7.55,17:21:00,1770600060,17.35,9.8,1,1,10,11,5,5,,,,,,8,2.5,4,0,,,,
2026-02-07,10.5,9.6,9.1,7.7,,,100,92,87,74,10.1,8.3,7.5,4.9,30,18.54,15,0,48,14,101.97,101.58,101.65,101.34,101.92,101.53,101.61,101.29,32200,16860.9,18500,4800,2.2,1.9,1.6,1.1,8.9,0,4.1,2.1,0,18,18,0,,07:35:00,1770478500,7.58,17:19:00,1770513540,17.32,9.73,,,11,11,5,6,,,,,,8,7,5,2,,,,
2026-02-06,12.5,6.5,6.45,0.4,,,100,91.8,82,64,7.8,5.1,4.6,1.4,16,6.62,8,0,,,101.88,101.78,101.77,101.67,101.83,101.73,101.73,101.62,32200,32200,32200,32200,2.6,1.8,1.8,1,11.6,0,1.4,0,0,0.2,0.2,0,,07:37:00,1770392220,7.62,17:17:00,1770427020,17.28,9.67,1,1,11,11,8,8,,,,,,8,4.4,4,0,,,,
2026-02-05,8.8,5.12,5.35,1.9,,,100,100,100,100,7.3,5.1,4.8,2.4,25,9.79,12.5,0,32,29,102.51,102.03,102.09,101.67,102.46,101.98,102.04,101.62,32200,16416.7,16200,200,2.5,1.6,1.8,1,12.7,0,0.4,0,0,0,0,0,,07:38:00,1770305880,7.63,17:16:00,1770340560,17.27,9.63,1,1,12,12,3,3,,,,,,8,2.8,4,0,,,,
2026-02-04,12.9,8.28,8.4,3.9,,,100,99.1,96,92,11.2,8.1,8.4,5.6,12,5.21,6,0,,,102.72,102.61,102.62,102.51,102.67,102.56,102.56,102.46,32200,32200,32200,32200,2.1,1.5,1.6,1,9.6,0,3.4,1.4,0,0,0,0,,07:40:00,1770219600,7.67,17:14:00,1770254040,17.23,9.57,1,1,14,14,5,5,,,,,,8,5.4,4,0,,,,
2026-02-03,11.2,9.07,9.39,7.6,,,100,99.7,98,96,11.1,9,9.4,7.8,19,8.62,11,3,,,102.92,102.81,102.77,102.63,102.87,102.76,102.73,102.58,32200,27191.7,17500,2800,2,1.6,1.6,1.2,8.6,0,4.4,2.4,0,3.8,3.8,0,,07:41:00,1770133260,7.68,17:12:00,1770167520,17.2,9.52,1,1,13,13,8,8,,,,,,8,8,7.5,7,,,,
2026-02-02,9.7,8.44,8.69,7.7,,,100,99.2,95.5,91,8.6,8.3,8.2,7.8,23,15.29,16,9,39,9,102.82,102.43,102.49,102.16,102.77,102.38,102.44,102.11,32200,13800,17500,2800,2.4,2.1,2,1.5,9.3,0,3.7,1.7,0,10.2,10.2,0,,07:43:00,1770046980,7.72,17:11:00,1770081060,17.18,9.47,,,10,10,8,9,,,,,,8,8,8,8,,,,
2026-02-01,10.2,8.78,8.5,6.8,,,100,99.7,98,96,10,8.7,8.4,6.8,20,13.96,11.5,3,33,10,102.25,101.7,101.76,101.28,102.2,101.65,101.72,101.23,32200,21404.2,20150,8100,2.1,1.7,1.7,1.3,9.5,0,3.5,1.5,0,13.3,13.3,0,,07:44:00,1769960640,7.73,17:09:00,1769994540,17.15,9.42,,,10,10,8,8,,,,,,8,7.9,7.5,7,,,,
2026-01-31,10.4,9.08,8.85,7.3,,,100,100,99.5,99,10.2,9.1,8.9,7.7,17,9.79,8.5,0,,,102.49,101.98,101.96,101.43,102.44,101.93,101.91,101.38,32200,25008.3,17700,3200,2,1.7,1.7,1.4,9.2,0,3.8,1.8,0,7.6,7.6,0,,07:45:00,1769874300,7.75,17:07:00,1769908020,17.12,9.37,,,10,11,7,9,,,,,,8,8,8,8,,,,
2026-01-30,11.9,9.73,10.3,8.7,,,100,92.8,85.5,71,9.6,8.5,8.1,6.6,34,19.54,22,10,50,12,102.47,102.02,102.08,101.68,102.42,101.97,102.02,101.63,32200,14041.7,17300,2400,2.5,2.1,2,1.4,7.7,0,5.3,3.3,0.3,14.5,14.5,0,,07:47:00,1769788020,7.78,17:06:00,1769821560,17.1,9.32,,,10,10,7,7,,,,,,8,8,8,8,,,,
2026-01-29,11,9.57,9.65,8.3,,,100,97.4,93.5,87,9.9,9.2,9.2,8.5,29,20.58,22.5,16,39,10,102.38,102.21,102.22,102.07,102.33,102.16,102.17,102.02,32200,15291.7,18500,4800,2.5,2,2,1.5,8.3,0,4.7,2.6,0,17.3,17.3,0,,07:48:00,1769701680,7.8,17:04:00,1769735040,17.07,9.27,,,9,11,8,9,,,,,,8,8,8,8,,,,
2026-01-28,9.3,8.25,8,6.7,,,100,94.9,84.5,69,8.6,7.4,6,3.3,25,20.04,18,11,37,10,102.42,102.26,102.15,101.88,102.37,102.21,102.1,101.83,40200,25591.7,28150,16100,2.5,2,2,1.5,10,0,3,1,0,7.2,7.2,0,,07:49:00,1769615340,7.82,17:02:00,1769648520,17.03,9.22,,,9,9,8,8,,,,,,8,7.9,7.5,7,,,,
2026-01-27,8.6,5.17,4.55,0.5,,,100,81.2,80.5,61,4.1,2,2.1,0.2,20,6.96,10,0,,,102.38,101.98,101.99,101.61,102.33,101.93,101.94,101.56,48300,38908.3,40250,32200,3.9,2.6,2.8,1.8,13.4,0,0,0,0,0,0,0,,07:51:00,1769529060,7.85,17:01:00,1769562060,17.02,9.17,1,1,8,8,7,7,,,,,,8,7.8,7,6,,,,
2026-01-26,5.9,2.36,2.05,-1.8,,-5,98,85.2,80,62,3.1,0,0.2,-2.8,13,6.54,6.5,0,,,102.44,102.36,102.35,102.25,102.39,102.31,102.29,102.2,48300,36208.3,40250,32200,3.6,2.5,2.6,1.7,15.9,0,0,0,0,0,0,0,,07:52:00,1769442720,7.87,16:59:00,1769475540,16.98,9.12,1,1,4,5,2,2,,,,,,8,7.4,6,4,,,,
2026-01-25,4.1,-0.07,-0.2,-4.5,,-6,100,93.8,88,76,1.4,-1,-1.4,-4.2,12,5.92,6,0,,,102.49,102.36,102.36,102.23,102.44,102.31,102.31,102.18,32200,32200,32200,32200,2.9,2.3,2.3,1.7,18.2,0,0,0,0,0,0,0,,07:53:00,1769356380,7.88,16:58:00,1769389080,16.97,9.08,1,1,5,5,-2,-1,,,,,,4,1.2,2,0,,,,
2026-01-24,4.8,0.26,0.59,-3.6,,-6,100,88.8,82,64,1.4,-1.5,-1.4,-4.1,10,5.38,5,0,,,102.93,102.7,102.71,102.48,102.88,102.65,102.65,102.43,32200,32200,32200,32200,3,2.3,2.4,1.7,17.4,0,0,0,0,0,0,0,,07:54:00,1769270040,7.9,16:56:00,1769302560,16.93,9.03,1,1,5,6,-3,-2,,,,,,3,0.7,1.5,0,,,,
2026-01-23,5.8,1.59,1.6,-2.6,,-5,100,94.2,91.5,83,4,0.7,0.5,-3,22,9.21,11,0,,,102.93,102.75,102.66,102.39,102.88,102.7,102.61,102.34,32200,31495.7,28150,24100,2.6,2,1.8,1.1,16.4,0,0,0,0,0,0,0,,07:55:00,1769183700,7.92,16:54:00,1769216040,16.9,8.98,1,1,6,7,-3,-1,,,,,,1,0.2,0.5,0,,,,
2026-01-22,4.5,1.43,1.65,-1.2,,-2,100,96.4,88.5,77,2.6,0.9,0.8,-1.1,8,4,4,0,,,102.41,102.28,102.3,102.18,102.36,102.23,102.24,102.13,40200,23383.3,20100,0,2.7,2.1,2,1.4,16.4,0,0,0,0,0,0,0,,07:56:00,1769097360,7.93,16:53:00,1769129580,16.88,8.95,1,1,5,6,-1,-1,,,,,,8,4.5,4,0,,,,
2026-01-21,4.7,2.3,2.1,-0.5,,,100,100,100,100,4.5,2.3,2.2,0,8,3.08,4,0,,,102.47,102.39,102.37,102.27,102.42,102.34,102.32,102.22,24100,3766.7,12050,0,3.1,2.1,2.2,1.3,15.9,0,0,0,0,0,0,0,,07:57:00,1769011020,7.95,16:51:00,1769043060,16.85,8.9,1,1,5,7,0,1,,,,,,8,6.6,6,4,,,,
2026-01-20,7.6,3.53,3.59,-0.4,,,100,99.8,98,96,6.6,3.5,3.4,0.2,18,7,9,0,,,102.66,102.52,102.54,102.42,102.61,102.47,102.49,102.37,48300,9420.8,24150,0,2.6,1.9,1.9,1.2,14.4,0,0,0,0,0,0,0,,07:58:00,1768924680,7.97,16:50:00,1768956600,16.83,8.87,1,1,9,10,1,2,,,,,,7,2.9,3.5,0,,,,
2026-01-19,4.3,1.57,1.65,-1,,-5,100,100,100,100,4.1,1.6,1.8,-0.5,13,4.17,6.5,0,,,102.88,102.7,102.66,102.45,102.83,102.65,102.62,102.4,32200,1725,16100,0,3.1,2,2.1,1.1,16.4,0,0,0,0,0,0,0,,07:59:00,1768838340,7.98,16:48:00,1768870080,16.8,8.82,,,8,8,1,3,,,,,,0,0,0,0,,,,
2026-01-18,4.9,2.25,1.9,-1.1,,-3,100,100,100,100,4.7,2.2,2,-0.7,13,4.38,6.5,0,,,102.87,102.74,102.75,102.63,102.82,102.69,102.7,102.58,32200,3645.8,16100,0,2.4,1.8,1.8,1.2,16.1,0,0,0,0,0,0,0,,08:00:00,1768752000,8,16:47:00,1768783620,16.78,8.78,,,9,9,2,2,,,,,,7,1.8,3.5,0,,,,
2026-01-17,5.1,3.2,3.09,1.1,,,100,100,100,100,5.1,3.2,3,0.8,11,5.08,5.5,0,,,102.94,102.76,102.76,102.59,102.89,102.71,102.72,102.54,32200,3183.3,16100,0,2.5,1.7,1.8,1.1,14.9,0,0,0,0,0,0,0,,08:01:00,1768665660,8.02,16:45:00,1768697100,16.75,8.73,1,1,10,11,2,2,,,,,,8,6.5,4,0,,,,
2026-01-16,7.4,4.65,5.09,2.8,,,100,99.4,98,96,6.6,4.6,4.2,1.8,23,14.96,13.5,4,,,103.29,103.12,103.13,102.97,103.24,103.07,103.08,102.92,40200,30808.7,20300,400,2.2,1.5,1.6,1,12.9,0,0.1,0,0,0,0,0,,08:02:00,1768579320,8.03,16:44:00,1768610640,16.73,8.7,1,1,10,10,4,4,,,,,,8,1.5,4,0,,,,
2026-01-15,10,6.99,6.85,3.7,,,100,96.2,93,86,7.7,6.4,6.2,4.6,27,13.08,13.5,0,37,29,103.57,103.41,103.4,103.23,103.52,103.36,103.35,103.18,48300,32313,33800,19300,1.7,1.3,1.4,1,11.2,0,1.8,0,0,0,0,0,,08:02:00,1768492920,8.03,16:42:00,1768524120,16.7,8.67,1,1,9,9,3,3,,,,,,8,3.3,4,0,,,,
2026-01-14,11.2,8.65,9.19,7.2,,,100,99.9,99,98,9.9,8.6,8.7,7.4,21,9.67,10.5,0,,,103.51,103.26,103.33,103.14,103.46,103.21,103.27,103.09,24100,10779.2,12050,0,1.7,1.2,1.4,1,8.8,0,4.2,2.2,0,2.2,2.2,0,,08:03:00,1768406580,8.05,16:41:00,1768437660,16.68,8.63,1,1,10,11,6,7,,,,,,8,7.7,6,4,,,,
2026-01-13,13.8,10.74,10.45,7.1,,,100,98.7,96.5,93,12.6,10.6,10.1,7.6,16,10.38,9.5,3,,,103.12,102.94,102.88,102.64,103.07,102.89,102.83,102.59,40200,27595.8,20500,800,1.9,1.4,1.4,1,7.5,0,5.5,3.5,0.4,1.1,1.1,0,,08:04:00,1768320240,8.07,16:39:00,1768351140,16.65,8.58,1,1,13,13,7,7,,,,,,8,7.5,6,4,,,,
2026-01-12,11.5,10.17,10.3,9.1,,,100,98.2,95.5,91,10.8,9.9,9.7,8.5,29,16.88,19.5,10,54,14,102.63,102.35,102.32,102.01,102.58,102.3,102.27,101.96,32200,18204.3,20950,9700,2.2,1.9,1.7,1.2,7.7,0,5.3,3.3,0.3,11.7,11.7,0,,08:04:00,1768233840,8.07,16:38:00,1768264680,16.63,8.57,,,10,10,9,11,,,,,,8,8,7.5,7,,,,
2026-01-11,9.2,7.97,8,6.8,,,100,94.9,93.5,87,9,7.2,7.5,5.9,43,20.54,26.5,10,42,13,102.77,102.43,102.37,101.97,102.72,102.38,102.32,101.92,32200,14429.2,18500,4800,2.3,1.9,2,1.6,10,0,3,1,0,21.3,21.3,0,,08:05:00,1768147500,8.08,16:37:00,1768178220,16.62,8.53,,,8,8,9,9,,,,,,8,8,8,8,,,,
2026-01-10,8.4,6.71,6.55,4.7,,,98,89.6,87.5,77,6.8,5.1,5.3,3.8,23,16.29,14.5,6,37,7,102.99,102.8,102.79,102.6,102.94,102.75,102.75,102.55,32200,20325,19300,6400,2.1,1.8,1.7,1.3,11.4,0,1.6,0,0,6.2,6.2,0,,08:05:00,1768061100,8.08,16:35:00,1768091700,16.58,8.5,,,8,8,7,7,,,,,,8,8,8,8,,,,
2026-01-09,8.5,6.5,6.7,4.9,,,100,93.3,92.5,85,7,5.5,5.5,4.1,22,16,16,10,39,11,103.18,103.01,102.96,102.74,103.13,102.96,102.91,102.69,32200,28291.7,24150,16100,2.1,1.7,1.7,1.3,11.3,0,1.7,0,0,1.7,1.7,0,,08:06:00,1767974760,8.1,16:34:00,1768005240,16.57,8.47,1,1,8,8,5,5,,,,,,8,7.6,7,6,,,,
2026-01-08,7.6,4.8,4.94,2.3,,,99,85,83.5,68,4.4,2.4,2.4,0.3,34,13.5,17,0,48,27,102.71,102,101.83,100.96,102.66,101.95,101.79,100.91,32200,31862.5,28150,24100,2.8,2.1,2.1,1.4,13.1,0,0,0,0,0.3,0.3,0,,08:06:00,1767888360,8.1,16:33:00,1767918780,16.55,8.45,1,1,6,6,3,5,,,,,,8,6.4,4.5,1,,,,
2026-01-07,6,4.16,4.09,2.2,,,98,91,90.5,83,3.5,2.8,2.6,1.7,29,12.92,17,5,45,27,100.88,100.53,100.56,100.24,100.83,100.47,100.51,100.19,40200,30175,21700,3200,2.5,2.1,2,1.6,13.9,0,0,0,0,10.1,10.1,0,,08:07:00,1767802020,8.12,16:32:00,1767832320,16.53,8.42,,,5,5,1,3,,,,,,8,7.5,6.5,5,,,,
2026-01-06,7.2,6,5.85,4.5,,,97,89.4,88,79,5.8,4.4,4.1,2.4,29,19.92,20,11,46,16,101.19,100.48,100.67,100.15,101.14,100.43,100.62,100.1,40200,26891.7,23300,6400,2.4,2,1.9,1.4,12.2,0,0.8,0,0,8.1,8.1,0,,08:07:00,1767715620,8.12,16:30:00,1767745800,16.5,8.38,,,6,6,3,3,,,,,,8,6.7,5,2,,,,
2026-01-05,6.9,4.93,4.7,2.5,,,97,78.8,81,65,5.2,1.5,2.5,-0.2,31,16.04,15.5,0,46,30,101.5,101.17,100.99,100.47,101.45,101.12,100.93,100.42,48300,37895.8,40250,32200,2.6,2,2,1.3,13.3,0,0,0,0,0,0,0,,08:07:00,1767629220,8.12,16:29:00,1767659340,16.48,8.37,1,1,6,6,3,3,,,,,,8,5.6,4.5,1,,,,
2026-01-04,9.8,7.54,7.55,5.3,,,100,90.3,84,68,8.4,6,5.7,2.9,32,16.04,17.5,3,58,19,100.44,99.74,99.83,99.22,100.39,99.69,99.78,99.17,40200,29216.7,24950,9700,2.3,1.9,1.9,1.5,10.4,0,2.5,0.6,0,3.4,3.4,0,,08:07:00,1767542820,8.12,16:28:00,1767572880,16.47,8.35,,,7,8,3,4,,,,,,8,7.8,7,6,,,,
2026-01-03,10.4,8,8,5.6,,,100,97.7,95.5,91,9.4,7.6,7.7,6,22,13.12,11,0,32,10,100.23,99.7,99.74,99.24,100.18,99.65,99.69,99.19,32200,19904.2,18100,4000,2.1,1.6,1.6,1.1,10,0,3,1,0,18.6,18.6,0,,08:08:00,1767456480,8.13,16:27:00,1767486420,16.45,8.32,,,8,8,7,7,,,,,,8,7.8,7,6,,,,
2026-01-02,9.1,6.15,6.65,4.2,,,100,94.5,89.5,79,7,5.3,5.3,3.6,22,7.67,12.5,3,,,101.24,100.97,100.82,100.4,101.19,100.92,100.77,100.35,32200,27700,22550,12900,2,1.6,1.5,1,11.3,0,1.6,0,0,3,3,0,,08:08:00,1767370080,8.13,16:26:00,1767399960,16.43,8.3,1,1,7,7,6,6,,,,,,8,7.8,7.5,7,,,,
2026-01-01,5.4,4.06,4.09,2.8,,,100,99,97.5,95,4.7,3.9,3.8,2.8,10,4.83,5,0,,,101.27,101,101.05,100.84,101.22,100.95,101.01,100.79,32200,14587.5,16500,800,3,1.8,2,1,13.9,0,0,0,0,0,0,0,,08:08:00,1767283680,8.13,16:25:00,1767313500,16.42,8.28,1,1,6,7,3,4,,,,,,8,7.7,7,6,,,,
2025-12-31,6.9,3.39,3.5,0.1,,,100,98.7,94,88,5,3.2,3,1.1,14,5.46,7,0,,,102.29,101.86,101.81,101.33,102.24,101.81,101.76,101.28,48300,14766.7,24150,0,3,1.6,2,1,14.5,0,0,0,0,0,0,0,,08:08:00,1767197280,8.13,16:24:00,1767227040,16.4,8.27,1,1,7,7,2,3,,,,,,8,3.6,4,0,,,,
2025-12-30,4.4,2.86,1.55,-1.3,,,100,99.8,99,98,4.1,2.8,2.2,0.4,8,3.92,4,0,,,102.99,102.59,102.64,102.29,102.94,102.55,102.59,102.24,32200,13437.5,16300,400,2.5,1.7,1.8,1,16.4,0,0,0,0,0,0,0,,08:08:00,1767110880,8.13,16:23:00,1767140580,16.38,8.25,1,1,6,6,2,2,,,,,,8,5.2,4,0,,,,
2025-12-29,6.6,3.58,3.5,0.4,,,100,90.5,89.5,79,4,2.1,2.1,0.2,13,5.08,6.5,0,,,103.64,103.39,103.35,103.05,103.59,103.34,103.29,103,48300,38904.2,40250,32200,2.5,1.8,1.8,1.1,14.5,0,0,0,0,0,0,0,,08:08:00,1767024480,8.13,16:22:00,1767054120,16.37,8.23,,,6,6,1,1,,,,,,8,6.1,4,0,,,,
2025-12-28,4,2,1.35,-1.3,,-5,85,79.4,79.5,74,0,-1.2,-1.9,-3.7,18,10.92,11,4,,,103.83,103.73,103.69,103.55,103.78,103.68,103.64,103.5,32200,29162.5,28150,24100,2.1,1.7,1.8,1.5,16.6,0,0,0,0,0,0,0,,08:07:00,1766938020,8.12,16:21:00,1766967660,16.35,8.23,1,1,3,4,2,3,,,,,,8,7.8,6.5,5,,,,
2025-12-27,3.8,1.11,1.65,-0.5,,-4,95,75.8,79,63,0.5,-2.8,-2.4,-5.2,16,8.96,9.5,3,50,29,103.5,102.61,102.35,101.2,103.45,102.56,102.3,101.15,32200,28825,28150,24100,2.3,1.9,1.8,1.3,16.4,0,0,0,0,0,0,0,,08:07:00,1766851620,8.12,16:20:00,1766881200,16.33,8.22,1,1,2,4,-1,-1,,,,,,8,5.3,4.5,1,,,,
2025-12-26,5.6,4.24,4.5,3.4,,,100,89.9,89,78,5,2.7,2.7,0.4,50,26.58,30.5,11,59,29,101.05,100.3,100.54,100.03,101,100.25,100.49,99.98,32200,28108.3,20150,8100,2,1.7,1.7,1.4,13.5,0,0,0,0,6.6,6.6,0,,08:07:00,1766765220,8.12,16:19:00,1766794740,16.32,8.2,,,4,5,-3,0,,,,,,8,6,4.5,1,,,,
2025-12-25,5.1,3.31,2.29,-0.5,,,100,94.3,92,84,4,2.4,2,0.1,33,15.62,16.5,0,42,31,100.62,100.39,100.41,100.2,100.57,100.34,100.36,100.15,32200,28437.5,22550,12900,2.4,1.8,1.9,1.4,15.7,0,0,0,0,4.8,4.8,0,,08:07:00,1766678820,8.12,16:19:00,1766708340,16.32,8.2,,,6,6,2,2,,,,,,8,5.5,4,0,,,,
2025-12-24,5,3.63,3.35,1.7,,,100,94.1,91.5,83,3.7,2.8,2.3,0.9,26,12.25,13,0,41,30,100.68,100.08,100.06,99.44,100.63,100.03,100.01,99.39,32200,25745.8,19300,6400,2.6,2.1,2,1.5,14.7,0,0,0,0,5,5,0,,08:06:00,1766592360,8.1,16:18:00,1766621880,16.3,8.2,,,5,6,1,3,,,,,,8,6.4,4,0,,,,
2025-12-23,7,4.73,4.59,2.2,,,95,83.5,85,75,2.8,2.1,1.8,0.8,26,15.38,13,0,33,9,101.1,100.92,100.83,100.55,101.05,100.87,100.78,100.5,48300,37891.7,40250,32200,2.7,2.1,2.1,1.6,13.4,0,0,0,0,0,0,0,,08:06:00,1766505960,8.1,16:17:00,1766535420,16.28,8.18,,,7,7,2,2,,,,,,8,7.2,5.5,3,,,,
2025-12-22,8.5,5.66,5.75,3,,,96,86,84,72,5.8,3.4,3.7,1.6,37,21.54,21,5,63,13,100.91,100.62,100.55,100.18,100.86,100.57,100.49,100.13,48300,31045.8,30600,12900,2.6,2.2,2.1,1.6,12.2,0,0.8,0,0,5.5,5.5,0,,08:05:00,1766419500,8.08,16:17:00,1766449020,16.28,8.2,,,8,8,3,5,,,,,,8,6.2,5,2,,,,
2025-12-21,7.9,6.63,6.65,5.4,,,98,90.1,90.5,83,6.5,5.1,4.3,2.2,31,19.62,19.5,8,45,16,100.71,100.27,100.38,100.04,100.66,100.22,100.33,99.99,32200,24479.2,18500,4800,2.4,2,2,1.6,11.3,0,1.6,0,0,6.2,6.2,0,,08:05:00,1766333100,8.08,16:16:00,1766362560,16.27,8.18,,,7,7,3,3,,,,,,8,7,4.5,1,,,,
2025-12-20,7.3,6.17,6.25,5.2,,,96,87.9,87.5,79,5.8,4.3,4.2,2.6,30,20.04,19,8,46,16,101.06,100.95,100.92,100.79,101.01,100.9,100.88,100.74,24100,20362.5,14450,4800,2.3,2,2,1.7,11.8,0,1.2,0,0,2.4,2.4,0,,08:04:00,1766246640,8.07,16:16:00,1766276160,16.27,8.2,,,7,7,4,4,,,,,,8,7.8,7,6,,,,
2025-12-19,6.7,4.58,3.95,1.2,,,90,83.6,82,74,3.3,2.1,1.8,0.3,26,15.46,16.5,7,39,29,100.95,100.48,100.4,99.86,100.9,100.43,100.36,99.81,40200,29829.2,32150,24100,2.7,2.1,2.1,1.6,14.1,0,0,0,0,0,0,0,,08:04:00,1766160240,8.07,16:15:00,1766189700,16.25,8.18,,,7,7,3,3,,,,,,8,5.6,4.5,1,,,,
2025-12-18,9.1,6.57,6.69,4.3,,,99,88.4,85,71,7.3,4.7,4.5,1.7,43,28.46,29,15,65,23,101.3,99.83,100.03,98.75,101.25,99.78,99.97,98.7,32200,22366.7,16600,1000,2.4,2.1,2.1,1.8,11.3,0,1.7,0,0,9.8,9.8,0,,08:03:00,1766073780,8.05,16:15:00,1766103300,16.25,8.2,,,6,8,4,4,,,,,,8,6.3,4.5,1,,,,
2025-12-17,9.3,7.41,7.6,5.9,,,94,80.1,81,68,6.2,4.2,4.3,2.5,51,24.75,32,13,80,31,101.69,100.9,100.38,99.06,101.64,100.85,100.33,99.01,48300,36558.3,30600,12900,2.6,2.3,2.2,1.9,10.4,0,2.6,0.6,0,3.4,3.4,0,,08:02:00,1765987320,8.03,16:15:00,1766016900,16.25,8.22,,,8,9,5,7,,,,,,8,6.3,4.5,1,,,,
2025-12-16,10.2,8.95,8.89,7.6,,,100,93.6,85.5,71,10.1,7.9,7,3.8,26,17.33,17.5,9,37,12,101.56,100.55,100.22,98.89,101.51,100.5,100.18,98.85,32200,18900,17100,2000,2.4,2,2,1.7,9.1,0,3.9,1.9,0,23.6,23.6,0,,08:02:00,1765900920,8.03,16:14:00,1765930440,16.23,8.2,,,10,10,3,3,,,,,,8,7.8,7,6,,,,
2025-12-15,15.7,10.97,12.05,8.4,,,99,86.3,86,73,12.1,8.8,8.2,4.4,41,28.21,29,17,55,13,101.54,100.71,100.86,100.17,101.49,100.66,100.81,100.12,48300,33862.5,30600,12900,2.5,1.8,1.9,1.3,6,0,7,5,2,7.9,7.9,0,,08:01:00,1765814460,8.02,16:14:00,1765844040,16.23,8.22,,,12,12,7,8,,,,,,8,6.6,5.5,3,,,,
2025-12-14,11.1,10.68,9.85,8.6,,,100,93.9,92.5,85,10.9,9.7,9.6,8.3,30,23.17,21.5,13,45,10,101.42,101.21,101.17,100.92,101.37,101.16,101.12,100.87,24100,16166.7,16900,9700,1.7,1.4,1.4,1,8.2,0,4.8,2.8,0,9.9,9.9,0,,08:00:00,1765728000,8,16:14:00,1765757640,16.23,8.23,,,11,11,11,11,,,,,,8,8,8,8,,,,
2025-12-13,12.6,10.25,10.75,8.9,,,100,94.3,89.5,79,10.2,9.3,9.2,8.3,18,11.67,9,0,,,101.74,101.43,101.34,100.94,101.69,101.38,101.29,100.89,40200,22587.5,22500,4800,1.7,1.4,1.4,1,7.2,0,5.8,3.8,0.8,0,0,0,,07:59:00,1765641540,7.98,16:14:00,1765671240,16.23,8.25,1,1,11,11,10,10,,,,,,8,7.8,7,6,,,,
2025-12-12,9.3,7.94,7.95,6.6,,,100,99.2,98.5,97,9.4,7.8,8.1,6.7,17,11.71,12,7,,,102.38,102.03,102.06,101.75,102.33,101.98,102.01,101.7,16100,6900,8850,1600,2.3,1.7,1.6,1,10.1,0,3,1,0,2.3,2.3,0,,07:58:00,1765555080,7.97,16:14:00,1765584840,16.23,8.27,,,9,9,9,10,,,,,,8,8,8,8,,,,
2025-12-11,10.5,8.59,9.1,7.7,,,100,93.9,93.5,87,8.3,7.7,7.6,6.9,26,10.96,13,0,48,24,102.4,102.15,101.92,101.43,102.35,102.1,101.86,101.38,32200,28287.5,25750,19300,2.6,2,1.8,1,8.9,0,4.1,2.1,0,0.2,0.2,0,,07:57:00,1765468620,7.95,16:14:00,1765498440,16.23,8.28,1,1,9,10,6,7,,,,,,8,7.6,5,2,,,,
2025-12-10,10.6,8.98,8.69,6.8,,,100,98.1,93,86,10.5,8.7,8.6,6.6,26,12.83,16.5,7,36,20,101.34,100.99,101.06,100.79,101.29,100.94,101.01,100.74,32200,15970.8,17100,2000,2.5,2,2,1.5,9.3,0,3.7,1.7,0,30.9,30.9,0,,07:56:00,1765382160,7.93,16:14:00,1765412040,16.23,8.3,,,10,10,7,7,,,,,,8,8,8,8,,,,
2025-12-09,11,8.12,7.95,4.9,,,97,91,90.5,84,8.3,6.8,6.3,4.3,27,14.5,17,7,33,7,102.06,101.62,101.54,101.02,102.01,101.57,101.49,100.97,40200,26075,26550,12900,2.8,2.1,2.1,1.5,10.1,0,3,1,0,6.3,6.3,0,,07:55:00,1765295700,7.92,16:14:00,1765325640,16.23,8.32,1,1,9,10,8,8,,,,,,8,7.5,7,6,,,,
2025-12-08,12.6,9.62,10.19,7.8,,,100,95.3,92.5,85,10.7,8.9,8.6,6.4,28,16.58,18,8,55,19,101.9,101.13,101.18,100.46,101.85,101.08,101.13,100.41,32200,23208.3,20950,9700,2.5,2.1,2,1.5,7.8,0,5.2,3.2,0.2,7.3,7.3,0,,07:54:00,1765209240,7.9,16:14:00,1765239240,16.23,8.33,,,13,13,7,7,,,,,,8,8,7.5,7,,,,
2025-12-07,11.1,9.01,9.05,7,,,100,92.8,88,76,9.8,7.9,7.7,5.5,22,14.5,13.5,5,32,18,101.96,101.42,101.52,101.08,101.91,101.37,101.47,101.03,32200,25837.5,17700,3200,2.3,1.8,1.8,1.4,8.9,0,4,2,0,4.9,4.9,0,,07:53:00,1765122780,7.88,16:14:00,1765152840,16.23,8.35,,,10,10,8,8,,,,,,8,7.3,5,2,,,,
2025-12-06,11.1,8.5,8.19,5.3,,,100,89.9,89,78,8.4,6.9,7,5.6,21,10.33,12,3,41,19,101.72,101.24,101.1,100.48,101.67,101.19,101.05,100.43,32200,28633.3,22550,12900,2.3,2,1.8,1.4,9.8,0,3.2,1.2,0,2.5,2.5,0,,07:52:00,1765036320,7.87,16:15:00,1765066500,16.25,8.38,1,1,10,11,7,7,,,,,,8,6.1,5,2,,,,
2025-12-05,9,7.24,7.4,5.8,,,100,99.5,99,98,8.5,7.2,7.2,5.8,19,11.62,9.5,0,,,102.14,100.89,101.17,100.19,102.09,100.83,101.11,100.14,32200,14745.8,17500,2800,2.3,1.3,1.6,1,10.6,0,2.4,0.4,0,10.2,10.2,0,,07:51:00,1764949860,7.85,16:15:00,1764980100,16.25,8.4,,,9,9,7,8,,,,,,8,8,7.5,7,,,,
2025-12-04,7.4,6.45,6.55,5.7,,,100,98.8,96.5,93,7,6.2,6.4,5.8,15,11.21,10,5,,,102.64,102.38,102.4,102.17,102.59,102.33,102.36,102.12,32200,10400,16900,1600,1.7,1.2,1.4,1,11.4,0,1.6,0,0,14.8,14.8,0,,07:50:00,1764863400,7.83,16:15:00,1764893700,16.25,8.42,,,7,7,6,6,,,,,,8,8,8,8,,,,
2025-12-03,7,5.85,5.15,3.3,,,100,96,93.5,87,5.9,5.3,5.2,4.5,16,8.46,9.5,3,,,102.84,102.76,102.74,102.65,102.79,102.71,102.69,102.6,32200,21458.3,17500,2800,2,1.4,1.5,1,12.8,0,0.2,0,0,1.7,1.7,0,,07:48:00,1764776880,7.8,16:16:00,1764807360,16.27,8.47,1,1,6,6,5,5,,,,,,8,8,8,8,,,,
2025-12-02,7.8,4.92,4.4,1,,,100,95.6,90.5,81,5.3,4.3,3.5,1.8,10,6.5,5,0,,,102.82,102.52,102.49,102.16,102.77,102.47,102.44,102.11,48300,26037.5,25350,2400,2,1.5,1.5,1,13.6,0,0,0,0,1,1,0,,07:47:00,1764690420,7.78,16:16:00,1764720960,16.27,8.48,,,7,8,2,3,,,,,,8,5.8,4,0,,,,
2025-12-01,5.7,4.28,4.3,2.9,,,100,95.2,92,84,4.3,3.6,3.4,2.5,17,9.33,8.5,0,,,102.73,102.45,102.44,102.15,102.68,102.4,102.39,102.1,40200,24083.3,21900,3600,2,1.5,1.5,1,13.7,0,0,0,0,6.1,6.1,0,,07:46:00,1764603960,7.77,16:17:00,1764634620,16.28,8.52,,,6,6,4,4,,,,,,8,8,7.5,7,,,,
2025-11-30,6.8,2.68,2.59,-1.6,,-4,100,91.7,86,72,2.9,1.4,0.6,-1.6,13,6.12,6.5,0,,,102.78,102.66,102.61,102.43,102.73,102.61,102.56,102.38,32200,32200,32200,32200,3,1.5,2,1,15.4,0,0,0,0,0,0,0,,07:45:00,1764517500,7.75,16:17:00,1764548220,16.28,8.53,1,1,6,7,2,2,,,,,,8,3.6,4.5,1,,,,
2025-11-29,7.2,4.17,4.2,1.2,,,100,90,89.5,79,4.8,2.6,2.5,0.1,25,7.79,12.5,0,35,31,102.48,102.27,102.29,102.1,102.43,102.22,102.24,102.05,32200,31862.5,28150,24100,3,1.6,2,1,13.8,0,0,0,0,0,0,0,,07:43:00,1764430980,7.72,16:18:00,1764461880,16.3,8.58,,,6,7,1,3,,,,,,8,5.2,4,0,,,,
2025-11-28,10.1,6.05,5.85,1.6,,,100,90.6,85,70,7.3,4.6,4.8,2.4,22,9.67,11,0,35,30,102.66,102.41,102.29,101.91,102.61,102.36,102.24,101.86,32200,31187.5,28150,24100,2.3,1.7,1.6,1,12.2,0,0.8,0,0,0,0,0,,07:42:00,1764344520,7.7,16:18:00,1764375480,16.3,8.6,1,1,9,9,4,4,,,,,,8,3.5,4,0,,,,
2025-11-27,8.8,7.35,7.7,6.6,,,100,98.7,97,94,7.7,7.1,7.2,6.8,28,11.46,16,4,33,30,102.16,101.77,101.87,101.58,102.11,101.72,101.82,101.53,32200,21591.7,19300,6400,2.4,1.7,1.8,1.1,10.3,0,2.7,0.7,0,11.2,11.2,0,,07:41:00,1764258060,7.68,16:19:00,1764289140,16.32,8.63,,,8,8,4,4,,,,,,8,7.9,6.5,5,,,,
2025-11-26,8.4,6.96,7.1,5.8,,,100,96.6,94.5,89,7.6,6.4,6.7,5.8,16,7.67,8,0,,,102.59,102.4,102.36,102.13,102.54,102.35,102.31,102.08,32200,21820.8,18100,4000,2.1,1.6,1.6,1.1,10.9,0,2.1,0.1,0,1.8,1.8,0,,07:39:00,1764171540,7.65,16:20:00,1764202800,16.33,8.68,,,8,9,5,6,,,,,,8,7.9,7.5,7,,,,
2025-11-25,6,5.53,5.4,4.8,,,99,95.8,95,91,5.6,4.9,4.8,4,21,14.58,15.5,10,33,7,102.83,102.37,102.42,102.02,102.78,102.32,102.38,101.97,40200,20741.7,22100,4000,2.1,1.7,1.6,1.2,12.6,0,0.4,0,0,7.6,7.6,0,,07:38:00,1764085080,7.63,16:21:00,1764116460,16.35,8.72,,,5,7,5,6,,,,,,8,7.9,7,6,,,,
2025-11-24,7.2,5.32,5.25,3.3,,,100,93.6,92.5,85,5.5,4.4,4.3,3.1,19,12.33,9.5,0,,,102.91,102.6,102.5,102.08,102.86,102.55,102.44,102.03,48300,29245.8,26550,4800,2.2,1.6,1.6,1,12.8,0,0.2,0,0,5,5,0,,07:36:00,1763998560,7.6,16:22:00,1764030120,16.37,8.77,,,7,7,3,4,,,,,,8,6.8,4.5,1,,,,
2025-11-23,10.6,7.52,8.35,6.1,,,100,87.8,90,80,8.7,5.6,6.2,3.8,40,21.29,23.5,7,48,29,102.03,101.75,101.72,101.42,101.98,101.7,101.68,101.37,32200,28970.8,18500,4800,2,1.8,1.6,1.1,9.7,0,3.4,1.4,0,6.4,6.4,0,,07:35:00,1763912100,7.58,16:22:00,1763943720,16.37,8.78,1,1,9,10,3,4,,,,,,8,6.8,5.5,3,,,,
2025-11-22,11.1,10.2,9.94,8.8,,,100,95,95,90,10.3,9.4,9.4,8.6,31,20.83,22.5,14,46,15,102.05,101.64,101.74,101.42,102,101.59,101.69,101.37,32200,18966.7,19300,6400,1.9,1.6,1.5,1.1,8.1,0,4.9,2.9,0,2.9,2.9,0,,07:33:00,1763825580,7.55,16:23:00,1763857380,16.38,8.83,,,10,11,8,10,,,,,,8,8,8,8,,,,
2025-11-21,9.2,8.48,8.35,7.5,,,100,96.5,94,88,8.7,7.9,7.8,6.8,21,15.92,16,11,,,102.33,102.21,102.22,102.11,102.28,102.16,102.17,102.06,32200,20991.7,19300,6400,2,1.5,1.5,1,9.7,0,3.4,1.4,0,0.2,0.2,0,,07:32:00,1763739120,7.53,16:24:00,1763771040,16.4,8.87,,,8,9,9,9,,,,,,8,8,8,8,,,,
2025-11-20,10.9,8.6,8.1,5.3,,,98,86.7,85.5,73,7.4,6.5,5.8,4.3,20,12.21,10,0,32,6,102.24,101.76,101.66,101.08,102.19,101.71,101.61,101.03,32200,31862.5,28150,24100,2,1.4,1.5,1,9.9,0,3.1,1.1,0,0.2,0.2,0,,07:30:00,1763652600,7.5,16:25:00,1763684700,16.42,8.92,1,1,11,11,7,7,,,,,,8,7.2,4.5,1,,,,
2025-11-19,10.3,5.35,5.45,0.6,,,100,89.6,81.5,63,5.6,3.6,3.5,1.5,17,8.83,8.5,0,,,102.21,101.47,101.58,100.96,102.16,101.42,101.54,100.91,48300,36287.5,24950,1600,1.9,1.3,1.4,1,12.6,0,0.4,0,0,0,0,0,,07:29:00,1763566140,7.48,16:26:00,1763598360,16.43,8.95,1,1,9,9,7,8,,,,,,8,4.9,4,0,,,,
2025-11-18,10.1,6.52,6.75,3.4,,,100,93.7,91,82,6.9,5.5,5.5,4,16,6.12,8,0,,,102.27,102.04,101.97,101.68,102.22,101.99,101.92,101.63,48300,36554.2,40250,32200,2.1,1.6,1.6,1,11.2,0,1.8,0,0,0,0,0,,07:27:00,1763479620,7.45,16:27:00,1763512020,16.45,9,1,1,9,9,1,2,,,,,,8,5.5,4,0,,,,
2025-11-17,12,8.23,9.1,6.2,,,100,89.2,90.5,81,11,6.5,8.2,5.5,35,13.21,17.5,0,45,29,101.65,101.07,100.93,100.21,101.6,101.02,100.88,100.16,48300,34191.7,32200,16100,2.3,1.8,1.6,1,8.9,0,4.1,2.1,0,4.6,4.6,0,,07:26:00,1763393160,7.43,16:29:00,1763425740,16.48,9.05,,,9,9,6,10,,,,,,8,7.6,6,4,,,,
2025-11-16,12,10.56,10.1,8.2,,,100,99.3,98,96,11.8,10.4,10.3,8.8,23,10.42,11.5,0,32,10,100.58,100.11,100.26,99.93,100.53,100.06,100.2,99.88,32200,21575,19300,6400,1.5,1.2,1.2,1,7.9,0,5.1,3.1,0.1,1,1,0,,07:24:00,1763306640,7.4,16:30:00,1763339400,16.5,9.1,,,11,11,10,10,,,,,,8,8,7.5,7,,,,
2025-11-15,9.9,8.38,8.25,6.6,,,100,99.5,96.5,93,9.7,8.3,8.3,6.9,11,6.33,5.5,0,,,101.61,101.31,101.14,100.67,101.56,101.26,101.09,100.62,22500,10512.5,12450,2400,2.1,1.6,1.6,1,9.8,0,3.2,1.2,0,3.1,3.1,0,,07:23:00,1763220180,7.38,16:31:00,1763253060,16.52,9.13,1,1,11,12,9,9,,,,,,8,7.9,7.5,7,,,,
2025-11-14,9.1,7.22,7,4.9,,,100,94.4,87,74,7.5,6.3,6,4.5,16,10.46,10,4,,,101.26,100.99,100.97,100.68,101.21,100.94,100.92,100.63,32200,23883.3,19300,6400,2.3,1.8,1.7,1.1,11,0,2,0,0,5.5,5.5,0,,07:21:00,1763133660,7.35,16:32:00,1763166720,16.53,9.18,1,1,9,9,7,8,,,,,,8,7.9,7,6,,,,
2025-11-13,12.2,9.24,9,5.8,,,100,94.6,92,84,11.8,8.4,8.4,5.1,42,20.38,21,0,52,28,100.68,100.31,100.35,100.02,100.63,100.26,100.3,99.97,32200,22537.5,18500,4800,2.3,1.7,1.7,1.1,9,0,4,2,0,17,17,0,,07:19:00,1763047140,7.32,16:33:00,1763080380,16.55,9.23,,,12,12,5,6,,,,,,8,6.8,4.5,1,,,,
2025-11-12,10,7.9,6.6,3.2,,,100,96.2,93,86,11.3,7.3,7.5,3.6,18,7.12,9,0,,,101.39,101,100.99,100.6,101.34,100.95,100.94,100.55,32200,24625,22550,12900,2.1,1.5,1.6,1,11.4,0,1.6,0,0,4.5,4.5,0,,07:18:00,1762960680,7.3,16:35:00,1762994100,16.58,9.28,,,11,11,11,11,,,,,,8,6.5,4.5,1,,,,
2025-11-11,12.5,7.86,8.25,4,,,98,88,79,60,7.6,5.9,5.8,4.1,19,11.25,12,5,,,102.5,102.08,101.95,101.4,102.45,102.03,101.9,101.35,32200,32200,32200,32200,2.5,1.8,1.8,1,9.8,0,3.2,1.2,0,0,0,0,,07:16:00,1762874160,7.27,16:36:00,1762907760,16.6,9.33,1,1,12,12,6,7,,,,,,8,4.7,4,0,,,,
2025-11-10,14.9,11.47,12,9.1,,,100,88.3,88.5,77,12.2,9.6,8.8,5.4,32,17.33,18,4,45,18,102.49,102.18,102.25,102.02,102.44,102.13,102.21,101.97,48300,35537.5,36200,24100,2.2,1.7,1.6,1.1,6,0,7,5,2,3.1,3.1,0,,07:15:00,1762787700,7.25,16:37:00,1762821420,16.62,9.37,1,1,13,14,5,6,,,,,,8,7.5,6.5,5,,,,
2025-11-09,15.9,10.12,9.5,3.1,,,100,82.1,77.5,55,11.8,6.9,7.5,3.1,23,8.12,11.5,0,41,4,102.14,102.02,101.97,101.8,102.09,101.97,101.92,101.75,32200,29783.3,24150,16100,3,1.6,2,1,8.5,0,4.5,2.5,0,2.1,2.1,0,,07:13:00,1762701180,7.22,16:39:00,1762735140,16.65,9.43,1,1,15,15,11,11,,,,,,8,5.3,4,0,,,,
2025-11-08,11.8,8.1,8,4.2,,,98,86.1,80.5,63,7.4,5.8,5.8,4.3,12,6.46,6,0,,,102.53,102.29,102.29,102.05,102.48,102.24,102.24,102,32200,29837.5,28150,24100,2.1,1.6,1.6,1,10,0,3,1,0,0,0,0,,07:11:00,1762614660,7.18,16:40:00,1762648800,16.67,9.48,1,1,12,12,6,6,,,,,,8,6.4,5.5,3,,,,
2025-11-07,12.5,9.37,9.1,5.7,,,98,80.8,82,66,7.4,6.2,6.3,5.2,28,18.46,18,8,41,19,102.54,102,101.78,101.03,102.49,101.95,101.74,100.98,32200,29162.5,28150,24100,2.5,2.2,2,1.4,8.9,0,4.1,2.1,0,0,0,0,,07:10:00,1762528200,7.17,16:42:00,1762562520,16.7,9.53,1,1,11,11,6,6,,,,,,8,5.8,5,2,,,,
2025-11-06,12.5,10.85,11.15,9.8,,,98,89.8,85.5,73,11.4,9.2,8.7,6,36,22.12,24,12,55,15,101.16,100.74,100.68,100.2,101.11,100.69,100.63,100.15,32200,21700,17700,3200,2.4,2.1,2.1,1.9,6.8,0,6.2,4.2,1.1,13.5,13.5,0,,07:08:00,1762441680,7.13,16:43:00,1762476180,16.72,9.58,1,1,12,12,8,9,,,,,,8,7.7,6,4,,,,
2025-11-05,14.1,11.31,11.7,9.3,,,99,89.9,87.5,76,11,9.7,8.6,6.1,32,25.08,24.5,17,48,9,100.62,100,100.16,99.69,100.57,99.95,100.11,99.64,48300,32783.3,33800,19300,2.3,1.9,1.9,1.5,6.3,0,6.7,4.7,1.7,8.9,8.9,0,,07:07:00,1762355220,7.12,16:45:00,1762389900,16.75,9.63,,,13,13,10,10,,,,,,8,7.9,7.5,7,,,,
2025-11-04,12.2,7.29,6.35,0.5,,,100,83.1,82,64,7,4.4,4.3,1.7,22,9,11,0,,,101.73,101.27,101.02,100.31,101.68,101.22,100.97,100.26,48300,39579.2,40250,32200,2.1,1.5,1.6,1,11.7,0,1.4,0,0,0,0,0,,07:05:00,1762268700,7.08,16:46:00,1762303560,16.77,9.68,1,1,11,12,8,9,,,,,,8,4.6,4,0,,,,
2025-11-03,11.1,6.76,6.94,2.8,,,100,89.3,85,70,6.4,5,4.7,3,11,5.96,5.5,0,,,102.27,101.54,101.78,101.29,102.22,101.49,101.73,101.24,48300,38229.2,40250,32200,2.4,1.6,1.7,1,11.1,0,1.9,0,0,0,0,0,,07:03:00,1762182180,7.05,16:48:00,1762217280,16.8,9.75,1,1,10,10,3,3,,,,,,8,5.1,4,0,,,,
2025-11-02,11.6,7.92,7.69,3.8,,,100,88.7,87,74,7.8,6.1,5.8,3.9,15,9.72,9,3,,,102.92,102.61,102.47,102.02,102.87,102.56,102.42,101.97,32200,31036,25750,19300,2,1.7,1.5,1,10.3,0,2.7,0.7,0,0.2,0.2,0,,07:02:00,1762095720,7.03,16:50:00,1762131000,16.83,9.8,1,2,11,11,5,6,,,,,,8,5.8,4.5,1,,,,
2025-11-01,11.5,9.83,9,6.5,,,100,94,90.5,81,11.2,8.9,8.7,6.2,39,16.79,19.5,0,48,28,101.98,101.07,101.14,100.31,101.93,101.02,101.1,100.26,32200,20358.3,18100,4000,2.2,1.8,1.6,1.1,9,0,4,2,0,12.7,12.7,0,,08:00:00,1762009200,8,17:51:00,1762044660,17.85,9.85,1,2,11,12,6,6,,,,,,8,6.1,4.5,1,,,,
2025-10-31,11.2,9.12,7.9,4.6,,,100,93.3,86.5,73,10.8,8.1,7.9,5,28,17.33,16.5,5,42,11,101.83,101.39,101.47,101.11,101.78,101.34,101.42,101.06,32200,18504.2,17700,3200,2,1.5,1.5,1,10.1,0,2.9,0.9,0,18.7,18.7,0,,07:59:00,1761922740,7.98,17:53:00,1761958380,17.88,9.9,,,11,11,9,9,,,,,,8,7.8,7,6,,,,
2025-10-30,12.2,7.62,7.6,3,,,100,93.8,89,78,8.4,6.6,6.5,4.7,21,8.04,10.5,0,,,103.11,102.41,102.45,101.79,103.06,102.36,102.4,101.74,32200,31862.5,28150,24100,2,1.4,1.5,1,10.4,0,2.6,0.6,0,0,0,0,,07:57:00,1761836220,7.95,17:55:00,1761872100,17.92,9.97,2,2,12,12,6,7,,,,,,8,4,4,0,,,,
2025-10-29,15.4,10.68,10.95,6.5,,,99,83.4,78.5,58,9.2,7.8,7.9,6.6,23,13,11.5,0,41,19,103.25,102.73,102.51,101.76,103.2,102.68,102.45,101.71,48300,37895.8,36200,24100,2.5,2,1.8,1,7,0,6,4,0.9,0,0,0,,07:55:00,1761749700,7.92,17:56:00,1761785760,17.93,10.02,1,1,12,13,5,7,,,,,,8,5.6,5,2,,,,
2025-10-28,11.2,8.1,7.9,4.6,,,100,87.2,87,74,10.2,6.1,7.2,4.1,34,19,21.5,9,45,9,102.84,102,102.06,101.28,102.79,101.95,102.01,101.23,48300,32720.8,30600,12900,2.3,1.6,1.6,1,10.1,0,2.9,0.9,0,11.6,11.6,0,,07:54:00,1761663240,7.9,17:58:00,1761699480,17.97,10.07,1,1,11,11,9,9,,,,,,8,6.9,4.5,1,,,,
2025-10-27,11.8,7.61,7.65,3.5,,,100,88.6,83.5,67,7.5,5.7,5.8,4,16,11.75,11.5,7,,,102.87,102.48,102.33,101.79,102.82,102.43,102.28,101.74,48300,39241.7,40250,32200,2.1,1.6,1.6,1.1,10.3,0,2.6,0.6,0,0,0,0,,07:52:00,1761576720,7.87,18:00:00,1761613200,18,10.13,2,2,12,12,5,5,,,,,,8,4.1,4.5,1,,,,
2025-10-26,11.2,8.62,8.5,5.8,,,97,84.3,84.5,72,7.6,6.1,6.3,5,31,18.42,20,9,45,14,101.71,100.94,100.8,99.89,101.66,100.89,100.75,99.84,32200,27408.3,27350,22500,2.2,1.8,1.7,1.2,9.5,0,3.5,1.5,0,1.8,1.8,0,,07:51:00,1761490260,7.85,18:02:00,1761526920,18.03,10.18,1,1,9,9,6,6,,,,,,8,7.3,6,4,,,,
2025-10-25,10.3,8.85,8.65,7,,,98,89.1,88.5,79,8.8,7.1,7.2,5.6,41,23.38,26,11,52,8,100.93,99.92,100.14,99.36,100.88,99.87,100.09,99.31,32200,22325,20150,8100,2.1,1.8,1.8,1.5,9.3,0,3.6,1.6,0,4.1,4.1,0,,07:49:00,1761403740,7.82,18:03:00,1761440580,18.05,10.23,,,11,11,7,7,,,,,,8,7.5,6,4,,,,
2025-10-24,14.2,11.78,10.89,7.6,,,97,87.4,86,75,12.1,9.7,9.2,6.2,36,20.17,20.5,5,52,13,101.05,100.46,100.57,100.09,101,100.41,100.52,100.04,32200,23717.4,18500,4800,2.4,1.9,1.8,1.2,7.1,0,5.9,3.9,0.9,8.9,8.9,0,,07:47:00,1761317220,7.78,18:05:00,1761354300,18.08,10.3,,,13,13,8,9,,,,,,8,7.4,5,2,,,,
2025-10-23,16.1,12.95,12.7,9.3,,,95,84.8,83.5,72,11.7,10.4,10.2,8.7,33,17.08,20,7,42,11,101.87,101.64,101.48,101.08,101.82,101.59,101.42,101.03,32200,30087,28150,24100,2.2,1.7,1.6,1,5.3,0,7.7,5.7,2.7,0.3,0.3,0,,07:46:00,1761230760,7.77,18:07:00,1761268020,18.12,10.35,1,1,13,13,12,12,,,,,,8,7.7,7,6,,,,
2025-10-22,12.4,8.96,8.05,3.7,,,100,94.6,88,76,10.8,8.1,7.8,4.8,20,11.21,10,0,,,101.82,101.45,101.45,101.09,101.77,101.4,101.4,101.04,32200,30450,19300,6400,2.1,1.5,1.6,1,9.9,0,3,1.1,0,3,3,0,,07:44:00,1761144240,7.73,18:09:00,1761181740,18.15,10.42,1,1,12,13,10,10,,,,,,8,5.5,4,0,,,,
2025-10-21,14,10.4,10.15,6.3,,,100,92.5,90,80,10.7,9.2,8.6,6.4,21,11.08,10.5,0,,,102.46,102.14,102.05,101.64,102.41,102.09,102,101.59,48300,35212.5,36200,24100,2.2,1.5,1.6,1,7.8,0,5.2,3.1,0.2,0,0,0,,07:43:00,1761057780,7.72,18:11:00,1761095460,18.18,10.47,2,2,14,14,6,6,,,,,,8,4.9,4,0,,,,
2025-10-20,12.6,10.3,9.19,5.8,,,100,92.2,87.5,75,10.3,9.1,8.2,6,20,12.62,12,4,,,102.75,102.57,102.47,102.19,102.7,102.52,102.42,102.14,48300,34200,36200,24100,2,1.6,1.5,1,8.8,0,4.2,2.2,0,0.6,0.6,0,,07:41:00,1760971260,7.68,18:13:00,1761009180,18.22,10.53,1,1,13,13,8,9,,,,,,8,7.2,4.5,1,,,,
2025-10-19,12.9,10.58,10.5,8.1,,,100,93,91.5,83,11.2,9.5,9.8,8.4,39,20.33,19.5,0,52,26,102.12,100.94,101.28,100.43,102.07,100.89,101.22,100.38,32200,25816.7,22550,12900,2,1.7,1.6,1.1,7.5,0,5.5,3.5,0.5,8.1,8.1,0,,07:39:00,1760884740,7.65,18:15:00,1760922900,18.25,10.6,1,1,14,14,6,6,,,,,,8,5.3,4.5,1,,,,
2025-10-18,10.6,9,8.75,6.9,,,100,91.9,91.5,83,9.4,7.7,8,6.5,28,16.17,15.5,3,45,8,102.2,101.56,101.36,100.51,102.15,101.51,101.31,100.46,32200,20045.8,18500,4800,2.1,1.5,1.6,1,9.2,0,3.8,1.8,0,20.1,20.1,0,,07:38:00,1760798280,7.63,18:17:00,1760836620,18.28,10.65,1,1,11,11,9,9,,,,,,8,7.1,5.5,3,,,,
2025-10-17,13.8,10.95,10.75,7.7,,,100,87.2,82.5,65,10.6,8.8,8.1,5.6,44,21.58,22,0,59,25,102.19,101.86,101.92,101.65,102.14,101.81,101.87,101.6,32200,29304.2,24150,16100,2.2,1.7,1.6,1.1,7.2,0,5.8,3.8,0.8,0.8,0.8,0,,07:36:00,1760711760,7.6,18:19:00,1760750340,18.32,10.72,3,3,13,13,8,8,,,,,,8,3.6,4.5,1,,,,
2025-10-16,12.9,9.07,8.3,3.7,,,100,85,80.5,61,10.1,6.5,7.2,4.3,24,15.5,16.5,9,35,12,102.23,102.09,102.06,101.89,102.18,102.04,102.01,101.84,32200,30858.3,24150,16100,2,1.6,1.5,1,9.7,0,3.3,1.3,0,0,0,0,,07:35:00,1760625300,7.58,18:20:00,1760664000,18.33,10.75,3,3,12,13,9,10,,,,,,8,5.2,4,0,,,,
2025-10-15,12.6,7.77,7.6,2.6,,,99,83.5,82,65,8.7,5.1,5.2,1.7,10,5.08,5,0,,,102.11,101.97,102.01,101.9,102.06,101.91,101.95,101.85,32200,32200,32200,32200,2.3,1.8,1.8,1.2,10.4,0,2.6,0.6,0,0,0,0,,07:33:00,1760538780,7.55,18:22:00,1760577720,18.37,10.82,3,3,13,13,4,4,,,,,,6,1.2,3,0,,,,
2025-10-14,12.8,7.51,6.6,0.4,,,97,74.2,75.5,54,7.6,3,3.2,-1.1,19,9,9.5,0,,,101.96,101.89,101.88,101.8,101.91,101.84,101.83,101.75,48300,39241.7,40250,32200,2.2,1.7,1.7,1.2,11.4,0,1.6,0,0,0,0,0,,07:32:00,1760452320,7.53,18:24:00,1760491440,18.4,10.87,3,3,14,15,5,6,,,,,,0,0,0,0,,,,
2025-10-13,14.1,8.25,7.95,1.8,,,89,66,65.5,42,6.4,2.1,1.8,-2.7,34,12.38,17,0,42,29,101.79,101.55,101.49,101.2,101.74,101.5,101.44,101.15,48300,40250,40250,32200,1.8,1.5,1.4,1.1,10.1,0,3,1,0,0,0,0,,07:30:00,1760365800,7.5,18:26:00,1760405160,18.43,10.93,3,3,14,15,4,6,,,,,,0,0,0,0,,,,
2025-10-12,11.3,9.28,8.55,5.8,,,90,78.6,78.5,67,8.1,5.7,4.3,0.6,27,13.08,16,5,42,11,101.13,100.99,101.02,100.91,101.08,100.94,100.97,100.86,32200,31525,28150,24100,1.7,1.4,1.4,1.1,9.4,0,3.5,1.6,0,0.3,0.3,0,,07:29:00,1760279340,7.48,18:28:00,1760318880,18.47,10.98,1,1,11,11,7,7,,,,,,8,6.4,4.5,1,,,,
2025-10-11,13.2,11.26,11.25,9.3,,,100,93.1,89.5,79,11.8,10.2,9.8,7.9,25,14.38,15,5,39,26,101.07,101,101,100.93,101.02,100.95,100.95,100.88,32200,22866.7,19300,6400,2,1.6,1.5,1,6.8,0,6.2,4.2,1.2,2.8,2.8,0,,07:27:00,1760192820,7.45,18:31:00,1760232660,18.52,11.07,1,2,14,14,9,9,,,,,,8,7.3,5.5,3,,,,
2025-10-10,13.2,11.35,11.3,9.4,,,100,98.5,97,94,12,11.1,10.8,9.7,33,14.83,20,7,54,20,101.21,101.05,101.06,100.91,101.16,101,101.01,100.86,32200,23933.3,20150,8100,2,1.5,1.5,1,6.7,0,6.3,4.3,1.3,8.8,8.8,0,,07:25:00,1760106300,7.42,18:33:00,1760146380,18.55,11.13,1,1,14,15,10,11,,,,,,8,6,4.5,1,,,,
2025-10-09,16,12.2,13.1,10.2,,,100,92.4,84.5,69,11.9,10.9,10.6,9.3,32,16.92,19.5,7,39,30,101.77,101.46,101.42,101.07,101.72,101.41,101.37,101.02,32200,30654.2,24150,16100,2,1.7,1.5,1,4.9,0,8.1,6.1,3.1,2.5,2.5,0,,07:24:00,1760019840,7.4,18:35:00,1760060100,18.58,11.18,3,3,15,15,10,10,,,,,,8,6.3,5,2,,,,
2025-10-08,14.4,11.69,11.75,9.1,,,93,82.7,82,71,10.1,8.8,9,7.9,26,11.79,15.5,5,39,28,101.08,101.01,100.99,100.9,101.03,100.96,100.94,100.85,48300,39241.7,36200,24100,2.3,1.8,1.7,1.1,6.2,0,6.8,4.8,1.8,0,0,0,,07:22:00,1759933320,7.37,18:37:00,1759973820,18.62,11.25,3,3,14,14,10,10,,,,,,8,7,5,2,,,,
2025-10-07,14.9,11.64,10.4,5.9,,,100,91.7,88.5,77,12.6,10.3,9.7,6.8,32,11.79,16,0,41,29,101.88,101.33,101.41,100.94,101.83,101.28,101.36,100.89,48300,39912.5,40250,32200,2.1,1.4,1.6,1,7.6,0,5.4,3.4,0.4,0.3,0.3,0,,07:21:00,1759846860,7.35,18:39:00,1759887540,18.65,11.3,4,4,16,16,10,11,,,,,,8,4.9,4,0,,,,
2025-10-06,16.4,11.55,11.39,6.4,,,100,86,83,66,11.4,9.1,8.8,6.1,15,7.42,7.5,0,,,102.35,102.19,102.12,101.9,102.3,102.14,102.08,101.85,48300,39912.5,40250,32200,2.4,1.6,1.7,1,6.6,0,6.4,4.4,1.4,0,0,0,,07:19:00,1759760340,7.32,18:41:00,1759801260,18.68,11.37,4,4,16,16,9,10,,,,,,3,0.8,1.5,0,,,,
2025-10-05,15.9,11.62,11,6.1,,,100,88.5,83.5,67,11.6,9.7,8.7,5.7,22,10.58,11,0,32,30,102.45,102.31,102.3,102.15,102.4,102.26,102.25,102.1,32200,32200,32200,32200,2,1.4,1.5,1,7,0,6,4,1,0,0,0,,07:18:00,1759673880,7.3,18:43:00,1759714980,18.72,11.42,4,4,16,16,8,8,,,,,,7,1.2,3.5,0,,,,
2025-10-04,16.6,13.3,13.5,10.4,,,100,93.6,91,82,13.7,12.3,11.6,9.5,19,10.5,11,3,,,102.2,102.04,102.06,101.91,102.15,101.99,102.01,101.86,32200,26829.2,20950,9700,2,1.5,1.5,1,4.5,0,8.5,6.5,3.5,0,0,0,,07:16:00,1759587360,7.27,18:45:00,1759628700,18.75,11.48,3,3,16,17,8,9,,,,,,8,5.8,4,0,,,,
2025-10-03,15.7,12.36,11.85,8,,,100,93.1,90,80,12.6,11.2,11.2,9.7,13,6.21,6.5,0,,,102.15,102.06,102.03,101.92,102.1,102.01,101.99,101.87,32200,29837.5,28150,24100,2,1.4,1.5,1,6.2,0,6.8,4.8,1.8,0,0,0,,07:15:00,1759500900,7.25,18:47:00,1759542420,18.78,11.53,4,4,16,16,11,11,,,,,,8,5.9,4,0,,,,
2025-10-02,17.6,14.12,14.3,11,,,100,88.4,87.5,75,14.3,12.2,12.2,10.2,24,14.29,12,0,45,13,101.96,101.62,101.58,101.2,101.91,101.57,101.53,101.15,32200,26416.7,22550,12900,1.9,1.6,1.4,1,3.7,0,9.3,7.3,4.3,10.3,10.3,0,,07:13:00,1759414380,7.22,18:49:00,1759456140,18.82,11.6,1,1,16,17,10,10,,,,,,8,6,4,0,,,,
2025-10-01,17.6,14.97,15.05,12.5,,,98,81.2,82,66,12.7,11.7,11.6,10.5,34,22.67,23.5,13,54,11,101.17,100.88,100.9,100.63,101.12,100.83,100.85,100.58,40200,31508.3,32150,24100,2.2,1.8,1.7,1.2,3,0,10.1,8.1,5,0.9,0.9,0,,07:12:00,1759327920,7.2,18:51:00,1759369860,18.85,11.65,1,1,14,14,12,12,,,,,,8,7.8,7.5,7,,,,
2025-09-30,20.3,15.52,16.55,12.8,,,100,79.8,75,50,14.1,11.6,11.1,8,32,21.62,21,10,61,10,100.83,100.58,100.58,100.33,100.78,100.53,100.53,100.28,48300,31566.7,33800,19300,2.3,1.7,1.8,1.2,1.4,0,11.6,9.6,6.5,1.2,1.2,0,,07:10:00,1759241400,7.17,18:53:00,1759283580,18.88,11.72,3,4,16,17,12,12,,,,,,8,7.4,7,6,,,,
2025-09-29,16.9,15.4,15.45,14,,,100,96.8,94.5,89,15.6,14.9,14.8,14,21,12.67,14,7,32,12,100.8,100.7,100.66,100.52,100.75,100.65,100.61,100.47,32200,23852.2,18500,4800,2,1.5,1.5,1,2.5,0,10.4,8.4,5.5,19.9,19.9,0,,07:09:00,1759154940,7.15,18:56:00,1759197360,18.93,11.78,1,1,16,16,12,12,,,,,,8,8,7.5,7,,,,
2025-09-28,18.7,15.57,15.25,11.8,,,100,87.7,84.5,69,14.7,13.4,13.4,12.1,18,12.04,11,4,,,100.96,100.75,100.77,100.58,100.91,100.7,100.72,100.53,32200,26137.5,25750,19300,2.5,1.8,1.8,1,2.8,0,10.2,8.2,5.2,4.8,4.8,0,,07:08:00,1759068480,7.13,18:58:00,1759111080,18.97,11.83,4,4,20,20,14,14,,,,,,8,7.8,7,6,,,,
2025-09-27,18.5,14.4,15.65,12.8,,,99,92.2,83.5,68,14.2,13.1,13.3,12.4,37,19.62,23.5,10,48,29,101.57,101.16,101.26,100.95,101.52,101.11,101.21,100.9,32200,22658.3,19300,6400,2.3,1.7,1.7,1.1,2.4,0,10.7,8.7,5.7,7.5,7.5,0,,07:06:00,1758981960,7.1,19:00:00,1759024800,19,11.9,3,4,20,20,12,12,,,,,,8,7.8,7.5,7,,,,
2025-09-26,16.9,14.45,14.14,11.4,,,96,82.6,85,74,13,11.5,10.8,8.5,19,14.29,9.5,0,,,102.2,101.99,101.9,101.6,102.15,101.94,101.85,101.55,32200,27416.7,24150,16100,2,1.7,1.6,1.1,3.9,0,9.1,7.1,4.1,0.2,0.2,0,,07:05:00,1758895500,7.08,19:02:00,1758938520,19.03,11.95,2,5,16,16,13,13,,,,,,8,7.6,5,2,,,,
2025-09-25,16.1,13.49,13,9.9,,,98,80.5,79.5,61,11.9,10.1,9.8,7.6,21,11.83,13,5,32,28,102.1,101.97,101.95,101.81,102.05,101.92,101.91,101.76,32200,31862.5,28150,24100,2,1.6,1.5,1,5,0,8,6,3,0,0,0,,07:03:00,1758808980,7.05,19:04:00,1758852240,19.07,12.02,4,4,17,17,11,11,,,,,,8,4.1,4,0,,,,
2025-09-24,18.7,15.64,16.05,13.4,,,100,85.9,86,72,15.1,13.2,13.7,12.3,31,21.71,21.5,12,39,29,102,101.87,101.88,101.76,101.95,101.82,101.83,101.71,48300,40920.8,40250,32200,3,1.8,2,1.1,2,0,11.1,9.1,6,0,0,0,,07:02:00,1758722520,7.03,19:06:00,1758765960,19.1,12.07,5,5,18,18,12,12,,,,,,2,0.7,1,0,,,,
2025-09-23,20.2,15.38,14.95,9.7,,,98,81.9,80,62,15,12.2,11.9,8.8,20,10.71,10,0,,,102.04,101.9,101.88,101.71,101.99,101.85,101.83,101.66,48300,41591.7,40250,32200,2.6,1.8,1.8,1,3,0,9.9,8,5,0,0,0,,07:00:00,1758636000,7,19:08:00,1758679680,19.13,12.13,5,6,20,20,12,13,,,,,,4,1.2,2,0,,,,
2025-09-22,20.5,15.36,16.05,11.6,,,95,76,72,49,12.3,11,10.6,8.9,21,12.46,12.5,4,,,102.31,102.12,102.13,101.96,102.26,102.07,102.09,101.91,48300,40579.2,40250,32200,2.3,1.7,1.6,1,2,0,11.1,9.1,6,0,0,0,,06:59:00,1758549540,6.98,19:11:00,1758593460,19.18,12.2,6,6,20,20,10,11,,,,,,8,2.5,4,0,,,,
2025-09-21,19.8,16.02,16.6,13.4,,,100,83.8,79.5,59,15.7,13.1,13,10.3,32,16.42,19.5,7,42,27,101.99,101.37,101.46,100.93,101.94,101.32,101.41,100.88,32200,26616.7,18500,4800,2.1,1.8,1.6,1.2,1.4,0,11.6,9.6,6.6,4.6,4.6,0,,06:57:00,1758463020,6.95,19:13:00,1758507180,19.22,12.27,5,5,18,19,12,12,,,,,,8,3.9,4,0,,,,
2025-09-20,22.6,16.6,17,11.4,25,,99,78.6,78,57,15,12.6,12.9,10.8,25,14.83,15,5,35,11,101.44,101.27,101.22,100.99,101.39,101.22,101.17,100.94,32200,28629.2,24150,16100,7,2.2,4,1,1,0,12,10,7,1.2,1.2,0,,06:56:00,1758376560,6.93,19:15:00,1758420900,19.25,12.32,6,6,21,21,12,13,,,,,,8,4.8,4,0,,,,
2025-09-19,19.5,15.41,14.75,10,,,100,87.7,85.5,71,14.7,13.3,13.2,11.7,15,7.29,7.5,0,,,101.66,101.5,101.48,101.3,101.61,101.45,101.43,101.25,32200,32200,32200,32200,2.6,1.7,1.8,1,3.2,0,9.8,7.8,4.8,0,0,0,,06:54:00,1758290040,6.9,19:17:00,1758334620,19.28,12.38,5,5,20,20,13,13,,,,,,4,1.4,2,0,,,,
2025-09-18,18.7,15.65,16.05,13.4,,,97,86,85.5,74,14,13.3,13.4,12.8,35,23.62,17.5,0,46,30,101.99,101.8,101.79,101.59,101.94,101.75,101.74,101.54,32200,30512.5,28150,24100,2.3,1.7,1.6,1,2,0,11.1,9.1,6,0,0,0,,06:53:00,1758203580,6.88,19:19:00,1758248340,19.32,12.43,3,5,18,18,14,14,,,,,,7,2,3.5,0,,,,
2025-09-17,23.9,18.1,19.7,15.5,27,,92,80.6,78,64,16.7,14.6,15.1,13.5,39,21.04,22,5,54,28,101.92,101.76,101.69,101.46,101.87,101.71,101.64,101.41,48300,38491.3,40250,32200,3,2.3,2.1,1.3,0,1.7,14.7,12.7,9.7,0,,,,06:52:00,1758117120,6.87,19:21:00,1758162060,19.35,12.48,5,5,20,21,13,14,,,,,,8,4.9,4,0,,,,
2025-09-16,23.5,17.73,17,10.5,29,,100,84.7,81.5,63,16.7,14.9,14.5,12.3,16,6.75,8,0,,,102.04,101.63,101.67,101.3,101.99,101.58,101.62,101.25,48300,41591.7,40250,32200,4,1.9,2.5,1,1,0,12,10,7,0,0,0,,06:50:00,1758030600,6.83,19:24:00,1758075840,19.4,12.57,6,6,22,22,14,14,,,,,,8,1.2,4,0,,,,
2025-09-15,19.1,15.38,15.9,12.7,,,100,84.1,85,70,14.7,12.6,13.1,11.5,18,12.75,11.5,5,33,20,102.33,102.15,102.12,101.92,102.28,102.1,102.08,101.87,48300,40920.8,40250,32200,2.4,1.8,1.8,1.1,2.1,0,10.9,8.9,5.9,0,0,0,,06:49:00,1757944140,6.82,19:26:00,1757989560,19.43,12.62,5,5,19,19,10,12,,,,,,8,3.8,4,0,,,,
2025-09-14,18.4,16.15,16.45,14.5,,,99,89.6,86,73,16.2,14.4,14.2,12.2,22,13.33,14,6,32,19,101.87,101.21,101.34,100.8,101.82,101.16,101.28,100.75,32200,25087.5,20950,9700,2.4,1.5,1.8,1.1,1.6,0,11.4,9.4,6.5,9.7,9.7,0,,06:47:00,1757857620,6.78,19:28:00,1757903280,19.47,12.68,1,2,18,19,13,13,,,,,,8,7.6,5.5,3,,,,
2025-09-13,23.2,18.21,18.64,14.1,26,,98,79.2,76.5,55,15.8,14.3,14.4,13.1,23,14.25,15.5,8,41,12,101.37,101.14,101.12,100.88,101.32,101.09,101.08,100.83,32200,30850,28150,24100,2.7,1.6,1.8,1,0,0.6,13.6,11.6,8.6,0,0,0,,06:46:00,1757771160,6.77,19:30:00,1757817000,19.5,12.73,4,5,21,21,15,15,,,,,,8,5.6,5,2,,,,
2025-09-12,20.9,16.73,17.39,13.9,,,97,85.7,82,67,15.6,14.2,14.2,12.9,23,14,14,5,33,11,101.89,101.69,101.65,101.42,101.84,101.64,101.61,101.37,32200,30175,28150,24100,2,1.5,1.6,1.1,0.6,0,12.4,10.4,7.4,0,0,0,,06:44:00,1757684640,6.73,19:32:00,1757730720,19.53,12.8,5,6,21,21,14,14,,,,,,8,5.6,4.5,1,,,,
2025-09-11,20.9,16.38,16.85,12.8,25,,100,89.8,87,74,17,14.7,14.9,12.9,21,11.42,12,3,33,20,101.74,101.56,101.56,101.39,101.69,101.51,101.51,101.34,32200,30175,28150,24100,2.2,1.6,1.6,1,1.1,0,11.8,9.8,6.8,0,0,0,,06:43:00,1757598180,6.72,19:34:00,1757644440,19.57,12.85,5,6,20,20,14,15,,,,,,8,3,4,0,,,,
2025-09-10,20.2,17.71,17.89,15.6,26,,100,91.4,90,80,17.4,16.2,16.2,15,23,13.88,11.5,0,32,29,101.45,101.34,101.33,101.21,101.4,101.29,101.28,101.16,48300,40243.5,40250,32200,2.1,1.4,1.6,1,0.1,0,12.9,10.9,7.9,0,0,0,,06:41:00,1757511660,6.68,19:37:00,1757558220,19.62,12.93,5,5,20,20,15,15,,,,,,8,3.3,4,0,,,,
2025-09-09,20.4,17.63,17.5,14.6,25,,100,92,91.5,83,17.1,16.3,16.1,15,23,11.25,11.5,0,33,29,101.46,101.38,101.35,101.23,101.41,101.33,101.3,101.18,48300,34541.7,32200,16100,2.5,1.9,1.8,1.1,0.5,0,12.5,10.5,7.5,0,0,0,,06:40:00,1757425200,6.67,19:39:00,1757471940,19.65,12.98,5,5,21,22,13,14,,,,,,8,4.5,4,0,,,,
2025-09-08,22.4,18.3,19.39,16.4,26,,99,84,83,67,17,15.5,15.5,14,27,16.12,18.5,10,35,20,101.77,101.6,101.58,101.39,101.72,101.55,101.53,101.34,48300,37073.9,36200,24100,2.6,1.8,1.8,1,0,1.4,14.4,12.4,9.4,0,0,0,,06:38:00,1757338680,6.63,19:41:00,1757385660,19.68,13.05,5,5,20,20,14,14,,,,,,8,4.3,4,0,,,,
2025-09-07,21.1,17.73,18.2,15.3,,,95,82,80.5,66,15.2,14.6,14.6,14,28,19.88,19.5,11,39,11,101.87,101.73,101.7,101.53,101.82,101.68,101.65,101.48,32200,26462.5,28150,24100,3,1.5,2,1.1,0,0.2,13.2,11.2,8.2,0,0,0,,06:37:00,1757252220,6.62,19:43:00,1757299380,19.72,13.1,5,5,22,22,16,16,,,,,,8,6.5,4.5,1,,,,
2025-09-06,23.9,18.64,19.75,15.6,29,,98,86.6,82.5,67,18.4,16.2,16.8,15.2,21,11.71,12.5,4,33,10,101.48,101.24,101.24,101,101.43,101.19,101.19,100.95,24100,20700,20100,16100,8,2.6,4.7,1.3,0,1.8,14.8,12.8,9.8,0.6,0.6,0,,06:36:00,1757165760,6.6,19:45:00,1757213100,19.75,13.15,5,6,21,22,17,17,,,,,,8,5.7,5,2,,,,
2025-09-05,21.8,18.68,17.89,14,29,,100,90.9,89,78,19.9,17.1,17.4,14.8,11,5.12,5.5,0,,,101.12,101.02,101.01,100.9,101.07,100.97,100.96,100.85,32200,19704.2,22550,12900,6,3.2,3.8,1.7,0.1,0,12.9,10.9,7.9,0,0,0,,06:34:00,1757079240,6.57,19:47:00,1757126820,19.78,13.22,7,7,23,23,16,16,,,,,,5,2.5,3,1,,,,
2025-09-04,20.3,17.85,17.8,15.3,27,,99,92.6,89.5,80,18.7,16.6,16.9,15.2,15,9.83,9,3,,,101.5,101.26,101.23,100.96,101.45,101.21,101.18,100.91,32200,21241.7,24150,16100,5,2.5,3.2,1.5,0.2,0,12.8,10.8,7.8,0,0,0,,06:33:00,1756992780,6.55,19:49:00,1757040540,19.82,13.27,7,7,23,24,15,15,,,,,,8,3.2,4,0,,,,
2025-09-03,23.9,19.73,19.35,14.8,30,,100,91.1,87,74,19.8,18.2,17.7,15.6,14,7.88,7,0,,,101.83,101.64,101.62,101.4,101.78,101.59,101.56,101.35,24100,17354.2,14450,4800,11,4.4,6.2,1.3,0,1.4,14.3,12.3,9.3,0,0,0,,06:31:00,1756906260,6.52,19:51:00,1756954260,19.85,13.33,7,7,25,25,15,16,,,,,,5,2,2.5,0,,,,
2025-09-02,21.3,18.12,17.89,14.5,27,,97,88.8,88.5,80,18.2,16.2,16.4,14.5,13,8.96,8.5,4,,,101.96,101.78,101.76,101.55,101.91,101.73,101.71,101.5,32200,23054.2,24150,16100,4,2.2,2.5,1.1,0.1,0,12.9,10.9,7.9,0,0,0,,06:30:00,1756819800,6.5,19:53:00,1756867980,19.88,13.38,7,7,23,23,16,16,,,,,,8,2,4,0,,,,
2025-09-01,21.8,18.32,18.5,15.2,27,,94,84.5,82.5,71,17.1,15.7,15.7,14.3,25,13.33,16.5,8,32,19,101.85,101.73,101.72,101.59,101.8,101.68,101.67,101.54,40200,30158.3,28150,16100,2.7,2,2,1.3,0,0.5,13.5,11.5,8.5,0,0,0,,06:28:00,1756733280,6.47,19:55:00,1756781700,19.92,13.45,6,6,21,22,15,16,,,,,,8,4.5,4.5,1,,,,
2025-08-31,23.9,18.67,19.1,14.3,29,,99,89.6,87.5,76,18.8,16.9,16.6,14.3,29,13.04,16.5,4,33,32,101.78,101.62,101.6,101.42,101.73,101.57,101.55,101.37,32200,28825,28150,24100,3,2.1,2.1,1.2,0,1.1,14.1,12.1,9.1,0,0,0,,06:27:00,1756646820,6.45,19:58:00,1756695480,19.97,13.52,5,6,22,22,16,16,,,,,,8,6.1,5.5,3,,,,
2025-08-30,20.8,17.97,18.05,15.3,25,,95,85,84.5,74,16.6,15.4,15.5,14.4,23,13.25,11.5,0,33,19,102.01,101.88,101.85,101.69,101.96,101.83,101.8,101.64,32200,28487.5,28150,24100,3.2,2,2.3,1.4,0,0.1,13.1,11.1,8.1,0,0,0,,06:26:00,1756560360,6.43,20:00:00,1756609200,20,13.57,6,7,23,23,16,17,,,,,,8,5.2,5,2,,,,
2025-08-29,25.5,19.88,20.95,16.4,30,,97,84.5,79.5,62,19.3,17.1,17.2,15.1,25,10.71,12.5,0,28,21,101.82,101.7,101.71,101.6,101.77,101.65,101.66,101.55,32200,30512.5,28150,24100,3.8,2.3,2.5,1.2,0,3,15.9,13.9,10.9,0,0,0,,06:24:00,1756473840,6.4,20:02:00,1756522920,20.03,13.63,7,7,24,24,15,15,,,,,,8,4.4,4.5,1,,,,
2025-08-28,23.9,19.88,20.85,17.8,29,,98,82.6,83.5,69,19.6,16.8,17.5,15.4,16,7.83,8,0,,,101.81,101.69,101.69,101.58,101.76,101.65,101.64,101.53,32200,32200,32200,32200,3.1,2.2,2.2,1.4,0,2.8,15.8,13.8,10.8,0,0,0,,06:23:00,1756387380,6.38,20:04:00,1756436640,20.07,13.68,6,6,23,23,15,17,,,,,,8,7,5,2,,,,
2025-08-27,26.3,20.27,20.5,14.7,31,,100,80.1,75,50,18.7,16.4,16.9,15.2,21,9.83,10.5,0,37,20,101.58,101.42,101.41,101.24,101.53,101.37,101.36,101.19,48300,38904.2,40250,32200,3.4,2.4,2.5,1.6,0,2.5,15.5,13.5,10.5,0,0,0,,06:21:00,1756300860,6.35,20:06:00,1756350360,20.1,13.75,7,7,24,24,17,17,,,,,,8,4,4.5,1,,,,
2025-08-26,24.2,19.71,19.39,14.6,30,,97,82.2,82.5,68,18.5,16.6,15.8,13.2,20,10.25,10,0,,,101.46,101.3,101.26,101.05,101.41,101.25,101.21,101,32200,31862.5,28150,24100,3.9,2.3,2.8,1.6,0,1.4,14.4,12.4,9.4,0,0,0,,06:20:00,1756214400,6.33,20:08:00,1756264080,20.13,13.8,7,7,24,24,16,16,,,,,,1,0.8,0.5,0,,,,
2025-08-25,23.9,19.4,19.04,14.2,30,,100,82.7,83,66,17.9,16.3,16.2,14.5,22,11.58,11,0,,,101.48,101.36,101.35,101.21,101.43,101.31,101.3,101.16,48300,41591.7,40250,32200,3.9,2.2,2.6,1.4,0,1,14,12,9,0,0,0,,06:18:00,1756127880,6.3,20:10:00,1756177800,20.17,13.87,7,7,24,25,14,15,,,,,,2,0.2,1,0,,,,
2025-08-24,24.3,20.07,19.7,15.1,29,,97,78.3,80.5,64,17.3,16,15.2,13,25,14.67,14.5,4,33,29,101.47,101.32,101.31,101.15,101.42,101.27,101.26,101.1,32200,31862.5,28150,24100,4.3,2.2,2.8,1.3,0,1.7,14.7,12.7,9.7,0,0,0,,06:17:00,1756041420,6.28,20:12:00,1756091520,20.2,13.92,7,7,24,24,15,16,,,,,,1,0.3,0.5,0,,,,
2025-08-23,23.7,19.4,19,14.3,29,,97,81.1,80.5,64,17.5,15.9,14.9,12.3,26,15.79,15,4,32,30,101.64,101.45,101.42,101.2,101.59,101.4,101.37,101.15,32200,32200,32200,32200,4,2.2,2.5,1.1,0,1,14,12,9,0,0,0,,06:15:00,1755954900,6.25,20:14:00,1756005240,20.23,13.98,7,7,24,24,15,17,,,,,,2,0.5,1,0,,,,
2025-08-22,22.8,18.44,17.45,12.1,28,,100,83.2,83.5,67,16.6,15.4,14.7,12.8,26,14.54,13,0,32,30,101.94,101.74,101.68,101.42,101.89,101.69,101.63,101.37,32200,32200,32200,32200,3.2,1.9,2.1,1,0.6,0,12.4,10.4,7.5,0,0,0,,06:14:00,1755868440,6.23,20:16:00,1755918960,20.27,14.03,7,7,23,23,16,16,,,,,,1,0.2,0.5,0,,,,
2025-08-21,21.4,17.4,16.45,11.5,26,,98,82.5,84,70,16.4,14.3,14.1,11.8,24,14.29,12,0,32,29,102.56,102.28,102.24,101.91,102.51,102.23,102.19,101.86,32200,32200,32200,32200,2.5,1.7,1.8,1,1.6,0,11.4,9.4,6.5,0,0,0,,06:13:00,1755781980,6.22,20:18:00,1755832680,20.3,14.08,6,6,21,21,15,15,,,,,,8,2.9,4,0,,,,
2025-08-20,19.9,17.09,16.79,13.7,,,98,84.4,85.5,73,16.2,14.4,14.1,11.9,15,7.62,7.5,0,,,102.55,102.42,102.35,102.15,102.5,102.37,102.3,102.1,48300,38566.7,40250,32200,2.4,1.7,1.7,1,1.2,0,11.8,9.8,6.8,0,0,0,,06:11:00,1755695460,6.18,20:20:00,1755746400,20.33,14.15,6,6,20,20,12,12,,,,,,8,3.6,4,0,,,,
2025-08-19,23.3,18.16,19.39,15.5,25,,88,74.5,71,54,15.7,13.5,13.6,11.5,24,14.21,14.5,5,32,9,102.15,102.04,101.99,101.83,102.1,101.99,101.94,101.78,48300,38558.3,40250,32200,2.5,1.7,1.8,1,0,1.4,14.4,12.4,9.4,0,0,0,,06:10:00,1755609000,6.17,20:22:00,1755660120,20.37,14.2,6,6,22,22,14,15,,,,,,8,7.2,6,4,,,,
2025-08-18,23.3,18.54,19.2,15.1,25,,86,68.5,67.5,49,14.2,12.5,12.2,10.2,18,10.54,9,0,,,101.82,101.61,101.61,101.4,101.77,101.56,101.56,101.35,48300,37887.5,40250,32200,2.2,1.5,1.6,1,0,1.2,14.2,12.2,9.2,0,0,0,,06:08:00,1755522480,6.13,20:23:00,1755573780,20.38,14.25,6,6,22,22,15,15,,,,,,8,7.6,7,6,,,,
2025-08-17,21,17.71,17.85,14.7,,,88,72.3,69,50,14.1,12.5,12.1,10.1,18,11.33,11.5,5,32,14,101.76,101.61,101.58,101.4,101.71,101.56,101.53,101.35,32200,30512.5,28150,24100,2.1,1.2,1.6,1,0.1,0,12.8,10.8,7.8,0,0,0,,06:07:00,1755436020,6.12,20:25:00,1755487500,20.42,14.3,2,6,22,22,15,15,,,,,,8,7.4,7,6,,,,
2025-08-16,22.2,18.25,18.89,15.6,26,,97,81,81,65,15.9,14.8,14.3,12.8,27,16.38,16,5,42,15,101.55,101.32,101.19,100.83,101.5,101.27,101.14,100.78,48300,28954.2,33800,19300,1.4,1.1,1.2,1,0,0.9,13.9,11.9,8.9,0.4,0.4,0,,06:05:00,1755349500,6.08,20:27:00,1755401220,20.45,14.37,5,5,20,20,16,16,,,,,,8,7.2,6.5,5,,,,
2025-08-15,18.3,16.92,16.64,15,,,100,98.8,99,98,17.9,16.7,16.4,15,33,19.79,21.5,10,45,12,101.19,100.88,100.93,100.66,101.14,100.83,100.88,100.61,24100,7666.7,13650,3200,3,1.2,2,1,1.4,0,11.6,9.6,6.6,41.6,41.6,0,,06:04:00,1755263040,6.07,20:29:00,1755314940,20.48,14.42,1,3,18,18,15,16,,,,,,8,7.7,6,4,,,,
2025-08-14,21.3,17.43,17.89,14.5,,,97,78,78.5,60,15,13.4,13.6,12.2,31,18.96,17,3,48,13,101.62,101.44,101.42,101.22,101.57,101.39,101.37,101.17,32200,25895.8,20950,9700,3,1.7,2.1,1.2,0.1,0,12.9,10.9,7.9,1.6,1.6,0,,06:03:00,1755176580,6.05,20:31:00,1755228660,20.52,14.47,6,6,21,22,14,14,,,,,,8,7.2,6,4,,,,
2025-08-13,23.9,19.54,20.54,17.2,27,,86,76.4,72.5,59,16,15.2,15.1,14.2,22,13.96,13,4,39,31,101.3,101.11,101.08,100.86,101.25,101.06,101.03,100.81,48300,40600,40250,32200,3,1.5,2,1,0,2.5,15.5,13.5,10.5,0,0,0,,06:01:00,1755090060,6.02,20:33:00,1755142380,20.55,14.53,7,7,23,23,14,14,,,,,,8,5.6,5,2,,,,
2025-08-12,27.3,21.63,22.85,18.4,32,,93,77.8,74.5,56,18.7,17.5,17.2,15.8,28,21.67,21,14,45,28,101.4,101.18,101.14,100.88,101.35,101.13,101.09,100.83,48300,40920.8,40250,32200,2.8,1.4,1.9,1,0,4.8,17.9,15.8,12.8,0,0,0,,06:00:00,1755003600,6,20:34:00,1755056040,20.57,14.57,8,8,25,25,17,18,,,,,,7,1.5,3.5,0,,,,
