date,max_temperature,avg_hourly_temperature,avg_temperature,min_temperature,max_humidex,min_windchill,max_relative_humidity,avg_hourly_relative_humidity,avg_relative_humidity,min_relative_humidity,max_dew_point,avg_hourly_dew_point,avg_dew_point,min_dew_point,max_wind_speed,avg_hourly_wind_speed,avg_wind_speed,min_wind_speed,max_wind_gust,wind_gust_dir_10s,max_pressure_sea,avg_hourly_pressure_sea,avg_pressure_sea,min_pressure_sea,max_pressure_station,avg_hourly_pressure_station,avg_pressure_station,min_pressure_station,max_visibility,avg_hourly_visibility,avg_visibility,min_visibility,max_health_index,avg_hourly_health_index,avg_health_index,min_health_index,heatdegdays,cooldegdays,growdegdays_5,growdegdays_7,growdegdays_10,precipitation,rain,snow,snow_on_ground,sunrise_hhmm,sunrise_unixtime,sunrise_f,sunset_hhmm,sunset_unixtime,sunset_f,daylight,min_uv_forecast,max_uv_forecast,min_high_temperature_forecast,max_high_temperature_forecast,min_low_temperature_forecast,max_low_temperature_forecast,solar_radiation,max_cloud_cover_4,avg_hourly_cloud_cover_4,avg_cloud_cover_4,min_cloud_cover_4,max_cloud_cover_8,avg_hourly_cloud_cover_8,avg_cloud_cover_8,min_cloud_cover_8,max_cloud_cover_10,avg_hourly_cloud_cover_10,avg_cloud_cover_10,min_cloud_cover_10
2026-08-11,20.2,15.98,15.8,11.4,,,84,63.2,66.5,49,10.2,8.8,8.8,7.4,20,13.25,11.5,3,33,3,102.31,102.11,102.11,101.91,99.77,99.57,99.58,99.39,24100,24100,24100,24100,3,1.8,2.1,1.3,2.2,0,10.8,8.8,5.8,0,0,0,,05:28:00,1786447680,5.47,21:56:00,1786506960,21.93,16.47,4,4,19,19,12,12,,,,,,8,5.8,5,2,,,,
2026-08-10,24.3,18.52,17.89,11.5,,,90,56.2,62,34,11.7,8.7,8.9,6.1,26,11.21,15.5,5,32,4,101.87,101.71,101.76,101.65,99.35,99.19,99.24,99.13,24100,24100,24100,24100,4,1.9,2.6,1.3,0.1,0,12.9,10.9,7.9,0,0,0,,05:25:00,1786361100,5.42,21:59:00,1786420740,21.98,16.57,4,4,23,24,12,13,,,,,,6,3.4,3.5,1,,,,
2026-08-09,22.7,17.6,17.85,13,,,78,59.8,58.5,39,11.2,9.3,9.5,7.8,18,9.75,9,0,,,101.74,101.69,101.67,101.61,99.22,99.17,99.15,99.09,24100,24100,24100,24100,1.7,1.4,1.4,1.2,0.1,0,12.8,10.8,7.8,0,0,0,,05:22:00,1786274520,5.37,22:02:00,1786334520,22.03,16.67,4,4,22,22,13,13,,,,,,7,4.6,4.5,2,,,,
2026-08-08,20.9,16.96,17,13.1,,,81,62.6,62,43,10.8,9.6,8.9,7,11,6.92,5.5,0,,,101.89,101.81,101.79,101.7,99.36,99.28,99.27,99.18,24100,24100,24100,24100,1.6,1.2,1.3,1,1,0,12,10,7,0,0,0,,05:19:00,1786187940,5.32,22:05:00,1786248300,22.08,16.77,4,4,20,20,12,13,,,,,,8,6.5,6.5,5,,,,
2026-08-07,20.2,15.9,16.35,12.5,,,88,68.2,68,48,11.2,9.8,9.4,7.7,18,11.12,11,4,,,101.83,101.79,101.75,101.67,99.3,99.25,99.22,99.14,24100,24100,24100,24100,1.3,1.1,1.1,1,1.6,0,11.3,9.3,6.3,0,0,0,,05:16:00,1786101360,5.27,22:09:00,1786162140,22.15,16.88,4,4,19,19,11,11,,,,,,8,6.9,6,4,,,,
2026-08-06,16.8,14.14,14.15,11.5,,,100,76.5,79,58,11.7,9.9,9.3,7,27,19.08,18.5,10,41,35,101.68,101.58,101.53,101.39,99.14,99.04,98.99,98.85,24100,23633.3,18500,12900,1.5,1.1,1.2,1,3.8,0,9.2,7.2,4.2,0,0,0,,05:14:00,1786014840,5.23,22:12:00,1786075920,22.2,16.97,4,4,18,18,11,11,,,,,,8,6.6,5,2,,,,
2026-08-05,14.2,12.29,12.25,10.3,,,100,85.4,83,66,12.6,9.8,9.8,6.9,36,25.04,26.5,17,55,34,101.35,100.95,100.99,100.64,98.81,98.43,98.47,98.14,24100,22966.7,18500,12900,2,1.2,1.5,1,5.8,0,7.2,5.2,2.2,3.2,3.2,0,,05:11:00,1785928260,5.18,22:15:00,1785989700,22.25,17.07,3,3,14,16,11,11,,,,,,8,7.7,7,6,,,,
2026-08-04,20.6,15.55,17.1,13.6,,,100,81.7,78.5,57,16.2,12.1,11.8,7.5,37,18.17,18.5,0,61,33,101,100.73,100.79,100.58,98.49,98.23,98.29,98.09,24100,20495.8,14450,4800,3,1.8,2.2,1.4,0.9,0,12.1,10.1,7.1,5.9,5.9,0,,05:08:00,1785841680,5.13,22:18:00,1785903480,22.3,17.17,3,3,19,19,11,12,,,,,,8,7.4,7,6,,,,
2026-08-03,20.2,14.55,12.8,5.4,,,85,61.8,65,45,10.4,7,7,3.6,22,12.71,12.5,3,35,15,101.72,101.49,101.39,101.06,99.17,98.95,98.86,98.55,24100,24100,24100,24100,1.5,1.4,1.3,1.1,5.2,0,7.8,5.8,2.8,0,0,0,,05:05:00,1785755100,5.08,22:21:00,1785817260,22.35,17.27,4,4,21,21,13,14,,,,,,7,3.6,4,1,,,,
2026-08-02,17.7,13.19,13.7,9.7,,,73,55.2,57,41,5.4,4.2,4.2,3.1,36,24.08,21.5,7,52,35,101.58,101.23,101.22,100.86,99.04,98.7,98.7,98.36,24100,24100,24100,24100,1.5,1.3,1.3,1.1,4.3,0,8.7,6.7,3.7,0,0,0,,05:02:00,1785668520,5.03,22:23:00,1785730980,22.38,17.35,4,4,18,18,9,10,,,,,,7,5.3,4.5,2,,,,
2026-08-01,21.6,17.43,17.25,12.9,,,100,66.9,65.5,31,14.3,10.4,9.1,3.8,25,15.62,14,3,39,33,101.08,100.86,100.9,100.72,98.57,98.36,98.4,98.23,24100,24100,24100,24100,1.6,1.4,1.3,1,0.8,0,12.2,10.2,7.2,0,0,0,,05:00:00,1785582000,5,22:26:00,1785644760,22.43,17.43,4,4,21,21,9,10,,,,,,8,5.2,5,2,,,,
2026-07-31,23.2,17.5,16.7,10.2,,,100,65.3,71.5,43,12.1,10.4,10.3,8.6,27,12.58,13.5,0,35,15,101.58,101.41,101.33,101.08,99.06,98.9,98.81,98.57,24100,24100,24100,24100,1.6,1.3,1.3,1,1.3,0,11.7,9.7,6.7,0,0,0,,04:57:00,1785495420,4.95,22:29:00,1785558540,22.48,17.53,4,4,22,22,13,13,,,,,,8,4.2,4.5,1,,,,
2026-07-30,21.4,15.5,15.39,9.4,,,100,72.8,73,46,11.6,10.1,10.2,8.8,22,12.88,13,4,32,28,101.56,101.31,101.3,101.04,99.03,98.79,98.78,98.54,24100,24100,24100,24100,1.4,1.2,1.2,1,2.6,0,10.4,8.4,5.4,0,0,0,,04:54:00,1785408840,4.9,22:32:00,1785472320,22.53,17.63,4,4,22,22,12,13,,,,,,7,4.3,4.5,2,,,,
2026-07-29,24.4,18.27,17.14,9.9,25,,100,65.5,70,40,12.9,10.8,11.1,9.2,31,15.71,15.5,0,41,31,101,100.77,100.83,100.67,98.5,98.28,98.34,98.18,24100,24100,24100,24100,5,1.7,3,1,0.9,0,12.1,10.1,7.1,0,0,0,,04:51:00,1785322260,4.85,22:35:00,1785386100,22.58,17.73,5,5,22,25,12,12,,,,,,8,4,4.5,1,,,,
2026-07-28,21.5,16,15.8,10.1,,,100,82,76,52,14.4,12.6,12.4,10.4,16,9.38,9.5,3,,,101.03,100.9,100.89,100.76,98.51,98.39,98.38,98.25,24100,24100,24100,24100,3,1.3,2,1,2.2,0,10.8,8.8,5.8,0,0,0,,04:49:00,1785235740,4.82,22:38:00,1785299880,22.63,17.82,4,5,20,21,12,12,,,,,,8,6,5.5,3,,,,
2026-07-27,15.2,12.65,11.39,7.6,,,100,76.8,81.5,63,13.3,8.6,8.9,4.5,14,7.08,7,0,,,101.46,101.32,101.26,101.07,98.92,98.79,98.74,98.55,24100,21300,18500,12900,3,2.1,2.2,1.4,6.6,0,6.4,4.4,1.4,2.2,2.2,0,,04:46:00,1785149160,4.77,22:41:00,1785213660,22.68,17.92,4,4,17,17,11,13,,,,,,8,7.5,6.5,5,,,,
2026-07-26,17.5,11.8,11.9,6.3,,,76,55.5,56,36,4.2,2.7,2.6,1.1,22,13.04,12.5,3,37,32,101.55,101.46,101.46,101.36,98.99,98.91,98.9,98.81,24100,24100,24100,24100,2.3,1.5,1.6,1,6.1,0,6.9,4.9,1.9,0,0,0,,04:43:00,1785062580,4.72,22:43:00,1785127380,22.72,18,5,5,16,16,8,9,,,,,,8,6.2,5.5,3,,,,
2026-07-25,16.3,12.34,12.45,8.6,,,100,92.7,87.5,75,14.7,11.1,9.7,4.6,32,16.83,18,4,41,32,101.31,100.77,100.83,100.35,98.77,98.26,98.31,97.86,24100,16054.2,13250,2400,7,1.9,4,1,5.5,0,7.5,5.5,2.5,9.4,9.4,0,,04:40:00,1784976000,4.67,22:46:00,1785041160,22.77,18.1,4,4,16,17,8,8,,,,,,8,8,8,8,,,,
2026-07-24,20.1,16.62,16.2,12.3,,,75,63.6,61,47,12.3,9.7,9.6,6.9,35,22.62,22.5,10,55,16,100.6,100.36,100.42,100.24,98.1,97.86,97.92,97.75,24100,24100,24100,24100,3,1.9,2.1,1.2,1.8,0,11.2,9.2,6.2,0,0,0,,04:38:00,1784889480,4.63,22:49:00,1784954940,22.82,18.18,5,5,20,20,14,15,,,,,,8,4.7,4.5,1,,,,
2026-07-23,20.9,16.17,16.6,12.3,,,76,58.6,60,44,9.6,7.9,8,6.3,29,18.46,17,5,42,7,101.21,100.95,100.93,100.65,98.71,98.45,98.43,98.15,24100,24100,24100,24100,2.1,1.8,1.8,1.4,1.4,0,11.6,9.6,6.6,0,0,0,,04:35:00,1784802900,4.58,22:51:00,1784868660,22.85,18.27,5,5,22,22,14,14,,,,,,8,4,4.5,1,,,,
2026-07-22,24.8,19.88,20.3,15.8,25,,80,55.3,59,38,13.5,10.3,10.9,8.4,31,15.21,18,5,39,9,101.31,101.23,101.23,101.15,98.81,98.74,98.73,98.65,24100,17554.2,15250,6400,10,5.1,5.8,1.6,0,2.3,15.3,13.3,10.3,0,0,0,,04:32:00,1784716320,4.53,22:54:00,1784782440,22.9,18.37,5,5,25,25,15,15,,,,,,8,6,5.5,3,,,,
2026-07-21,26.1,19.87,19.3,12.5,28,,100,66.7,71,42,15.5,12.9,13.2,10.8,21,9.46,13,5,32,17,102.02,101.62,101.62,101.23,99.5,99.11,99.12,98.74,24100,12370.8,13650,3200,10,6.2,5.8,1.7,0,1.3,14.3,12.3,9.3,0,0,0,,04:30:00,1784629800,4.5,22:57:00,1784696220,22.95,18.45,5,5,24,25,15,16,,,,,,8,5.4,5,2,,,,
2026-07-20,24.2,20.25,20.6,17,25,,74,58.5,58.5,43,12.8,11.7,11.4,10,21,9.46,12.5,4,,,102.17,102.05,101.97,101.77,99.65,99.53,99.46,99.26,24100,22700,21700,19300,11,3.4,6,1,0,2.6,15.6,13.6,10.6,0,0,0,,04:27:00,1784543220,4.45,22:59:00,1784609940,22.98,18.53,5,5,25,25,16,16,,,,,,8,7.5,7,6,,,,
2026-07-19,25.1,20.06,20.35,15.6,28,,70,59,58,46,13.7,11.8,11.7,9.7,28,17.83,16,4,41,31,101.7,101.15,101.24,100.79,99.19,98.66,98.75,98.31,24100,6845.8,12650,1200,11,10.3,8.5,6,0,2.4,15.3,13.3,10.3,0,0,0,,04:25:00,1784456700,4.42,23:02:00,1784523720,23.03,18.62,5,5,26,26,18,19,,,,,,8,7.3,7,6,,,,
2026-07-18,27.9,21.2,20,12.1,29,,89,51,60,31,11.8,9.6,10,8.2,20,11.46,11.5,3,,,101.35,101.06,101.05,100.75,98.85,98.57,98.56,98.28,24100,22166.7,16900,9700,7,2.6,4,1,0,2,15,13,10,0,0,0,,04:22:00,1784370120,4.37,23:04:00,1784437440,23.07,18.7,5,5,28,28,18,19,,,,,,7,2.4,3.5,0,,,,
2026-07-17,25.7,20.45,20.7,15.7,25,,81,53.3,54.5,28,14.2,9.9,9.9,5.6,27,17.17,15.5,4,41,31,101.5,101.26,101.08,100.67,99,98.77,98.6,98.2,24100,16575,12850,1600,11,4.9,6,1,0,2.7,15.7,13.7,10.7,0,0,0,,04:20:00,1784283600,4.33,23:06:00,1784351160,23.1,18.77,5,5,26,26,15,16,,,,,,8,2.5,4.5,1,,,,
2026-07-16,28.9,22.8,22.35,15.8,31,,78,54.1,56,34,14.3,12.7,12.7,11,31,19.12,20,9,45,15,100.94,100.76,100.75,100.56,98.46,98.28,98.28,98.1,24100,21566.7,18500,12900,4,2.1,2.5,1,0,4.3,17.4,15.3,12.3,0,0,0,,04:17:00,1784197020,4.28,23:09:00,1784264940,23.15,18.87,5,5,29,29,16,17,,,,,,4,2.1,2.5,1,,,,
2026-07-15,26.3,21.04,20.2,14.1,28,,100,62.6,68,36,15.8,12.8,12.8,9.8,26,14.71,16.5,7,35,16,101.57,101.29,101.27,100.97,99.07,98.8,98.78,98.49,19300,13558.3,12850,6400,6,4.2,3.8,1.7,0,2.2,15.2,13.2,10.2,0,0,0,,04:15:00,1784110500,4.25,23:11:00,1784178660,23.18,18.93,5,5,26,26,18,18,,,,,,6,1.4,3,0,,,,
2026-07-14,27.3,20.66,20.1,12.9,29,,88,63,63.5,39,14.5,13,12.6,10.7,15,9.21,7.5,0,,,101.59,101.47,101.4,101.21,99.08,98.98,98.9,98.72,9700,5879.2,7250,4800,10,7.5,7.2,4.4,0,2.1,15.1,13.1,10.1,0,0,0,,04:12:00,1784023920,4.2,23:13:00,1784092380,23.22,19.02,5,5,28,28,17,17,,,,,,8,7.8,7,6,,,,
2026-07-13,27.7,20.9,19.1,10.5,28,,100,53.5,65.5,31,12.2,10,10,7.8,21,9.67,12,3,32,26,101.19,100.79,100.83,100.46,98.7,98.3,98.33,97.96,24100,17675,15250,6400,8,2.8,4.5,1,0,1.1,14.1,12.1,9.1,0,0,0,,04:10:00,1783937400,4.17,23:15:00,1784006100,23.25,19.08,5,5,27,27,17,17,,,,,,8,5.5,5,2,,,,
2026-07-12,22.2,16.99,15.5,8.8,,,89,62.1,66.5,44,10.9,9.3,9.4,8,16,6,8,0,,,100.7,100.51,100.51,100.33,98.2,98.02,98.02,97.85,24100,24100,24100,24100,1,1,1,1,2.5,0,10.5,8.5,5.5,0,0,0,,04:08:00,1783850880,4.13,23:17:00,1783919820,23.28,19.15,4,4,20,20,13,13,,,,,,8,5.2,5,2,,,,
2026-07-11,22.5,16.44,15.55,8.6,,,100,61.5,69.5,39,11.6,8.4,9,6.4,21,9.25,10.5,0,28,16,100.82,100.77,100.76,100.69,98.32,98.27,98.26,98.19,24100,24100,24100,24100,1,1,1,1,2.5,0,10.6,8.6,5.5,0.5,0.5,0,,04:06:00,1783764360,4.1,23:19:00,1783833540,23.32,19.22,5,5,22,22,12,12,,,,,,7,4.3,5,3,,,,
2026-07-10,21.6,16.49,15.8,10,,,85,60.4,64.5,44,10,8.5,8.7,7.4,26,13.96,13,0,33,6,100.66,100.45,100.5,100.33,98.16,97.95,98,97.84,24100,24100,24100,24100,1,1,1,1,2.2,0,10.8,8.8,5.8,0,0,0,,04:03:00,1783677780,4.05,23:21:00,1783747260,23.35,19.3,5,5,21,21,12,12,,,,,,8,5.1,5,2,,,,
2026-07-09,20.2,16.19,15.7,11.2,,,100,65.5,72.5,45,14.3,9.3,10.4,6.6,33,21.58,21.5,10,46,13,100.48,100.34,100.32,100.15,97.97,97.86,97.83,97.69,24100,24100,24100,24100,1,1,1,1,2.3,0,10.7,8.7,5.7,0.6,0.6,0,,04:01:00,1783591260,4.02,23:23:00,1783660980,23.38,19.37,4,4,20,20,11,11,,,,,,8,4.7,5,2,,,,
2026-07-08,25.6,20.62,20,14.4,25,,54,37,39,24,7.1,5,4.8,2.6,36,22.25,24,12,50,10,101.66,101.15,101.06,100.46,99.14,98.66,98.56,97.99,24100,22366.7,20100,16100,5,2.3,3,1,0,2,15,13,10,0,0,0,,03:59:00,1783504740,3.98,23:25:00,1783574700,23.42,19.43,5,5,26,26,13,13,,,,,,5,2.6,2.5,0,,,,
2026-07-07,22.5,17.22,14.9,7.3,,,78,41.6,49.5,21,8.1,2.6,3.4,-1.4,18,10.17,10.5,3,28,17,101.97,101.87,101.82,101.66,99.44,99.34,99.29,99.14,24100,21566.7,20100,16100,6,3.1,4,2,3.1,0,9.9,7.9,4.9,0,0,0,,03:57:00,1783418220,3.95,23:27:00,1783488420,23.45,19.5,5,5,23,23,13,13,,,,,,4,1.8,2.5,1,,,,
2026-07-06,20.8,15.21,14.15,7.5,,,78,45.1,49,20,6.1,2,1.2,-3.7,18,9.58,9,0,28,34,101.84,101.77,101.7,101.56,99.31,99.23,99.17,99.03,24100,9433.3,13450,2800,11,9.5,6.5,2,3.8,0,9.2,7.2,4.2,0,0,0,,03:55:00,1783331700,3.92,23:28:00,1783402080,23.47,19.55,5,5,21,21,9,11,,,,,,8,6.1,5,2,,,,
2026-07-05,19.6,16.12,16.35,13.1,,,67,51.9,53,39,8.5,6.1,6,3.6,30,22.25,20,10,48,32,101.55,101.26,101.22,100.89,99.02,98.75,98.71,98.4,24100,19754.2,14450,4800,,,,,1.6,0,11.3,9.3,6.3,0,0,0,,03:54:00,1783245240,3.9,23:30:00,1783315800,23.5,19.6,5,5,21,21,12,12,,,,,,8,5.9,5,2,,,,
2026-07-04,23.6,18.45,17.05,10.5,,,100,58,65,30,13.4,8.7,8.8,4.1,21,11.42,13,5,33,15,100.87,100.71,100.76,100.64,98.38,98.21,98.26,98.14,24100,24100,24100,24100,,,,,0.9,0,12.1,10.1,7,0,0,0,,03:52:00,1783158720,3.87,23:31:00,1783229460,23.52,19.65,5,5,23,24,12,12,,,,,,7,5,5,3,,,,
2026-07-03,22,17.27,17.85,13.7,25,,93,78,78.5,64,15.6,13.4,12.4,9.2,34,21.33,21,8,54,15,100.66,100.63,100.62,100.58,98.18,98.14,98.13,98.08,24100,18500,16900,9700,,,,,0.1,0,12.8,10.8,7.8,0,0,0,,03:50:00,1783072200,3.83,23:32:00,1783143120,23.53,19.7,5,5,23,23,11,12,,,,,,8,6.7,5.5,3,,,,
2026-07-02,27.7,21.52,22.25,16.8,29,,92,53.5,64.5,37,15.7,11.4,11.9,8.1,35,21.25,21.5,8,50,14,100.78,100.7,100.69,100.6,98.31,98.23,98.22,98.13,24100,16695.8,14450,4800,,,,,0,4.2,17.2,15.2,12.2,2.2,2.2,0,,03:49:00,1782985740,3.82,23:33:00,1783056780,23.55,19.73,5,5,29,29,14,17,,,,,,8,4.8,5,2,,,,
2026-07-01,28.4,23.8,23.75,19.1,28,,59,39.9,42.5,26,12.1,9,9.2,6.2,34,17.83,22,10,54,15,100.98,100.9,100.88,100.77,98.51,98.42,98.41,98.3,24100,12404.2,14450,4800,,,,,0,5.8,18.8,16.8,13.8,0,0,0,,03:47:00,1782899220,3.78,23:34:00,1782970440,23.57,19.78,5,5,29,29,19,19,,,,,,8,5,4.5,1,,,,
2026-06-30,29.5,24.98,24.4,19.3,30,,62,41.7,44.5,27,12.6,10.7,10.6,8.5,21,13.96,13,5,33,16,101,100.92,100.92,100.84,98.53,98.45,98.45,98.38,24100,16291.7,15250,6400,,,,,0,6.4,19.4,17.4,14.4,0,0,0,,03:46:00,1782812760,3.77,23:36:00,1782884160,23.6,19.83,5,5,29,29,19,19,,,,,,8,2.6,4.5,1,,,,
2026-06-29,30.1,24.56,23.95,17.8,32,,66,45,47.5,29,13.4,11.5,11.2,9,33,16.38,18.5,4,48,15,101.22,101.07,101.08,100.93,98.74,98.6,98.6,98.46,24100,23700,21700,19300,1,1,1,1,0,6,18.9,16.9,13.9,0,0,0,,03:45:00,1782726300,3.75,23:36:00,1782797760,23.6,19.85,5,5,30,30,20,20,,,,,,3,1.1,1.5,0,,,,
2026-06-28,31.1,24.48,23.05,15,32,,79,45.8,52.5,26,13.9,11,11.3,8.8,12,6.42,6,0,,,101.38,101.27,101.28,101.19,98.9,98.79,98.81,98.71,24100,24100,24100,24100,2,1.4,1.5,1,0,5,18.1,16.1,13.1,0,0,0,,03:44:00,1782639840,3.73,23:37:00,1782711420,23.62,19.88,5,5,29,29,18,18,,,,,,6,2.1,3,0,,,,
2026-06-27,30.3,24.21,23.45,16.6,30,,75,47,46.5,18,13.9,10.8,8.4,2.9,18,10.29,10.5,3,,,101.17,101.02,100.99,100.82,98.69,98.54,98.51,98.34,24100,24100,24100,24100,2,1.3,1.5,1,0,5.5,18.4,16.4,13.4,0,0,0,,03:43:00,1782553380,3.72,23:38:00,1782625080,23.63,19.92,5,5,29,29,17,18,,,,,,8,4.7,4.5,1,,,,
2026-06-26,27.9,22.37,21.9,15.9,30,,76,53.1,55,34,13.1,11.8,11.8,10.4,20,11.75,12,4,,,100.79,100.68,100.7,100.61,98.32,98.21,98.23,98.14,24100,24100,24100,24100,2,1.3,1.5,1,0,3.9,16.9,14.9,11.9,0,0,0,,03:42:00,1782466920,3.7,23:38:00,1782538680,23.63,19.93,5,5,27,27,16,16,,,,,,5,2.4,2.5,0,,,,
2026-06-25,26.8,21.11,21.75,16.7,29,,70,54.3,54,38,13.1,11.4,11.1,9.1,28,15.25,16.5,5,39,10,101.16,100.9,100.92,100.68,98.67,98.42,98.44,98.21,24100,24100,24100,24100,2,1.5,1.5,1,0,3.8,16.8,14.8,11.8,0,0,0,,03:41:00,1782380460,3.68,23:39:00,1782452340,23.65,19.97,5,5,25,25,15,15,,,,,,8,4.9,5,2,,,,
2026-06-24,26.4,21.28,19.35,12.3,27,,73,48.5,52,31,11.8,9.6,9.6,7.3,21,10,10.5,0,30,14,101.84,101.58,101.52,101.21,99.32,99.08,99.02,98.72,24100,24100,24100,24100,1,1,1,1,0,1.4,14.3,12.3,9.3,0,0,0,,03:41:00,1782294060,3.68,23:39:00,1782365940,23.65,19.97,5,5,26,26,15,16,,,,,,8,5.6,5,2,,,,
2026-06-23,25.8,19.99,19.25,12.7,26,,73,49.3,49,25,11.3,8.3,7.5,3.8,18,9.12,9,0,28,15,102.04,101.94,101.92,101.8,99.51,99.42,99.4,99.29,24100,24100,24100,24100,1,1,1,1,0,1.2,14.2,12.2,9.2,0,0,0,,03:40:00,1782207600,3.67,23:39:00,1782279540,23.65,19.98,5,5,24,24,13,14,,,,,,4,2,2.5,1,,,,
2026-06-22,22,15.91,14.7,7.4,,,100,58,66.5,33,9.4,6.8,7,4.7,14,8.54,7,0,,,102.17,102.1,102.08,101.99,99.63,99.56,99.54,99.46,24100,24100,24100,24100,1,1,1,1,3.3,0,9.7,7.7,4.7,0,0,0,,03:40:00,1782121200,3.67,23:39:00,1782193140,23.65,19.98,5,5,21,21,11,11,,,,,,8,3.5,4.5,1,,,,
2026-06-21,19.3,14.5,14.55,9.8,,,78,63.4,62.5,47,9.2,7.5,7.6,6,19,10.5,11.5,4,,,102.26,102.18,102.17,102.08,99.7,99.64,99.62,99.55,24100,24100,24100,24100,,,,,3.5,0,9.6,7.5,4.5,0,0,0,,03:39:00,1782034740,3.65,23:39:00,1782106740,23.65,20,4,5,16,16,8,8,,,,,,8,4.4,4.5,1,,,,
2026-06-20,18,13.76,14.45,10.9,,,74,60,59.5,45,7.2,6,6,4.7,17,12.54,10.5,4,,,102.28,102.24,102.23,102.18,99.73,99.69,99.68,99.63,24100,24100,24100,24100,,,,,3.5,0,9.4,7.5,4.5,0,0,0,,03:39:00,1781948340,3.65,23:39:00,1782020340,23.65,20,4,5,17,17,9,10,,,,,,8,6.9,5.5,3,,,,
2026-06-19,17.1,13.63,14.05,11,,,73,58,58.5,44,6.6,5.3,5.3,4.1,24,19.33,18.5,13,41,4,102.23,102.17,102.14,102.04,99.68,99.62,99.59,99.5,24100,24100,24100,24100,1,1,1,1,4,0,9.1,7,4,0,0,0,,03:39:00,1781861940,3.65,23:38:00,1781933880,23.63,19.98,5,5,18,18,9,9,,,,,,8,7.1,6,4,,,,
2026-06-18,18.9,15.31,15.8,12.7,,,63,49.2,47,31,6.6,4.5,3.5,0.5,29,19,19,9,45,36,102.02,101.88,101.88,101.74,99.48,99.35,99.35,99.21,24100,24100,24100,24100,1,1,1,1,2.2,0,10.8,8.8,5.8,0,0,0,,03:39:00,1781775540,3.65,23:38:00,1781847480,23.63,19.98,5,5,19,19,11,11,,,,,,8,6.2,5.5,3,,,,
2026-06-17,20.4,16.43,15.89,11.4,,,52,36.2,35.5,19,3.4,0.9,-0.6,-4.6,23,13.42,14.5,6,39,3,101.71,101.45,101.42,101.13,99.18,98.93,98.9,98.62,24100,24100,24100,24100,1,1,1,1,2.1,0,10.9,8.9,5.9,0,0,0,,03:40:00,1781689200,3.67,23:37:00,1781761020,23.62,19.95,5,5,21,21,10,10,,,,,,7,4.8,4.5,2,,,,
2026-06-16,21.1,17.11,16.8,12.5,,,56,38.5,41,26,4.8,2.5,2.5,0.2,28,20.12,19,10,46,9,101.12,100.97,101.03,100.93,98.61,98.47,98.52,98.43,24100,24100,24100,24100,,,,,1.2,0,11.8,9.8,6.8,0,0,0,,03:40:00,1781602800,3.67,23:37:00,1781674620,23.62,19.95,5,5,20,20,11,12,,,,,,7,2,3.5,0,,,,
2026-06-15,23,17.82,15.25,7.5,,,77,40.2,50,23,7,2.9,3.4,-0.2,27,14.79,16,5,45,9,101.96,101.53,101.47,100.98,99.43,99.01,98.96,98.48,24100,24100,24100,24100,,,,,2.8,0,10.2,8.2,5.2,0,0,0,,03:41:00,1781516460,3.68,23:36:00,1781588160,23.6,19.92,5,5,23,23,13,14,,,,,,3,1.8,2,1,,,,
2026-06-14,23.4,17.93,17.35,11.3,,,100,47.4,62,24,12.2,4.8,6.5,0.7,21,12.33,14,7,33,7,102.27,102.1,102.06,101.86,99.73,99.56,99.53,99.34,24100,24100,24100,24100,1,1,1,1,0.6,0,12.3,10.3,7.3,0,0,0,,03:41:00,1781430060,3.68,23:35:00,1781501700,23.58,19.9,5,5,22,22,10,11,,,,,,3,1.5,2,1,,,,
2026-06-13,23.9,16.69,16.04,8.2,,,85,59,56,27,12,7.9,7.4,2.8,25,9.71,12.5,0,37,2,102.12,101.9,101.92,101.72,99.57,99.37,99.38,99.19,24100,24100,24100,24100,1,1,1,1,2,0,11,9,6,1.2,1.2,0,,03:42:00,1781343720,3.7,23:34:00,1781415240,23.57,19.87,5,5,20,22,11,12,,,,,,8,6.4,6,4,,,,
2026-06-12,19.1,13.72,13.55,8,,,73,51.6,55,37,7.3,3.6,4.7,2,26,14.54,16.5,7,32,16,102.33,102.22,102.21,102.08,99.77,99.67,99.65,99.53,24100,24100,24100,24100,1,1,1,1,4.5,0,8.6,6.5,3.5,0,0,0,,03:43:00,1781257380,3.72,23:32:00,1781328720,23.53,19.82,5,5,21,21,10,11,,,,,,8,3.9,4.5,1,,,,
2026-06-11,18.5,13.63,13.2,7.9,,,73,47.8,52,31,3.9,2.2,1.8,-0.4,27,18.96,17,7,41,1,102.07,101.9,101.84,101.61,99.52,99.35,99.29,99.06,24100,24100,24100,24100,1,1,1,1,4.8,0,8.2,6.2,3.2,0,0,0,,03:44:00,1781171040,3.73,23:31:00,1781242260,23.52,19.78,5,5,19,19,8,8,,,,,,7,3.7,4,1,,,,
2026-06-10,13.7,9.82,10.19,6.7,,,100,70.7,77.5,55,7.7,4.5,5.7,3.6,36,23.08,24,12,52,36,101.6,101,100.99,100.37,99.05,98.46,98.45,97.85,24100,22900,16900,9700,1,1,1,1,7.8,0,5.2,3.2,0.2,1.2,1.2,0,,03:45:00,1781084700,3.75,23:30:00,1781155800,23.5,19.75,4,4,16,16,6,6,,,,,,8,7.7,7.5,7,,,,
2026-06-09,12.2,10.02,9.8,7.4,,,95,74.6,78,61,8.7,5.7,6.5,4.3,27,17.92,16.5,6,39,2,100.34,100,100.08,99.82,97.82,97.5,97.58,97.33,24100,23100,18500,12900,1,1,1,1,8.2,0,4.8,2.8,0,2.2,2.2,0,,03:46:00,1780998360,3.77,23:28:00,1781069280,23.47,19.7,2,2,14,14,8,9,,,,,,8,7.6,7.5,7,,,,
2026-06-08,18.4,13.74,13.7,9,,,76,61,62.5,49,7.5,6.3,5.8,4,19,13.71,9.5,0,,,100.48,100.17,100.16,99.84,97.97,97.68,97.67,97.36,24100,24100,24100,24100,1,1,1,1,4.3,0,8.7,6.7,3.7,0,0,0,,03:47:00,1780912020,3.78,23:27:00,1780982820,23.45,19.67,4,5,19,19,10,10,,,,,,8,6,4.5,1,,,,
2026-06-07,15.3,10.8,10.25,5.2,,,73,55.9,57,41,4.7,2.2,2.4,0.1,21,13.42,12,3,,,100.75,100.63,100.62,100.5,98.22,98.1,98.11,97.99,24100,24100,24100,24100,1,1,1,1,7.8,0,5.2,3.2,0.2,0,0,0,,03:49:00,1780825740,3.82,23:25:00,1780896300,23.42,19.6,5,5,16,16,8,8,,,,,,2,1.6,1.5,1,,,,
2026-06-06,14.5,8.58,9.6,4.7,,,90,69.9,63.5,37,6.3,2.9,2.9,-0.5,35,19.75,19.5,4,46,3,100.71,100.59,100.57,100.43,98.17,98.06,98.04,97.92,24100,24100,24100,24100,1,1,1,1,8.4,0,4.6,2.6,0,0,0,0,,03:50:00,1780739400,3.83,23:23:00,1780809780,23.38,19.55,5,5,16,16,6,7,,,,,,8,6.3,5.5,3,,,,
2026-06-05,17.3,13.53,13.15,9,,,99,71.7,72,45,10.6,8.2,6.5,2.5,31,16.54,17,3,45,1,100.39,100.19,100.21,100.03,97.89,97.7,97.72,97.54,24100,22566.7,20100,16100,2,1.3,1.5,1,4.8,0,8.2,6.2,3.1,3.5,3.5,0,,03:51:00,1780653060,3.85,23:21:00,1780723260,23.35,19.5,3,3,18,19,8,10,,,,,,8,7.8,7.5,7,,,,
2026-06-04,22.8,15.99,13.95,5.1,,,72,42,48,24,4.7,2.4,1.6,-1.5,15,9.42,7.5,0,,,101.1,100.76,100.76,100.41,98.57,98.25,98.24,97.92,24100,22833.3,20100,16100,9,3.4,5,1,4,0,8.9,7,4,0,0,0,,03:53:00,1780566780,3.88,23:19:00,1780636740,23.32,19.43,5,5,20,20,11,11,,,,,,8,3.5,4.5,1,,,,
2026-06-03,19.2,13.62,13.64,8.1,,,60,41.3,43.5,27,3.1,0.3,0.2,-2.8,32,19.46,21,10,45,18,102.48,101.82,101.81,101.13,99.92,99.28,99.26,98.6,24100,23233.3,20100,16100,7,2.5,4,1,4.4,0,8.6,6.6,3.6,0,0,0,,03:55:00,1780480500,3.92,23:17:00,1780550220,23.28,19.37,5,5,19,19,9,9,,,,,,7,3.5,4,1,,,,
2026-06-02,19.9,13.62,12,4.1,,,79,43.5,51.5,24,3.5,-0.1,-0.5,-4.5,18,10.96,11,4,,,103.3,103.03,102.92,102.54,100.71,100.45,100.35,99.98,24100,24100,24100,24100,1,1,1,1,6,0,7,5,2,0,0,0,,03:57:00,1780394220,3.95,23:15:00,1780463700,23.25,19.3,5,5,22,22,7,8,,,,,,7,2.7,3.5,0,,,,
2026-06-01,16.9,11.5,11.75,6.6,,,89,63.7,66,43,6.2,4.5,4.5,2.8,23,13.83,13.5,4,33,18,103.24,103.04,103.02,102.8,100.65,100.46,100.44,100.22,24100,24100,24100,24100,1,1,1,1,6.2,0,6.8,4.8,1.8,0,0,0,,03:59:00,1780307940,3.98,23:13:00,1780377180,23.22,19.23,5,5,18,18,9,10,,,,,,8,4.6,5,2,,,,
2026-05-31,14.7,11.78,10.8,6.9,,,83,64.8,69,55,6.5,5.3,5.3,4.2,18,10.79,9,0,,,102.77,102.57,102.5,102.23,100.19,100,99.93,99.67,24100,24100,24100,24100,1,1,1,1,7.2,0,5.8,3.8,0.8,0,0,0,,04:01:00,1780221660,4.02,23:11:00,1780290660,23.18,19.17,4,4,17,17,7,10,,,,,,8,6.8,5,2,,,,
2026-05-30,20.7,13.64,13.35,6,,,100,65.8,72,44,12.2,7,8,3.8,31,20.67,18.5,6,50,8,102.19,100.92,100.89,99.6,99.63,98.41,98.39,97.15,24100,23012.5,13450,2800,2,1.1,1.5,1,4.7,0,8.3,6.3,3.4,0.8,0.8,0,,04:03:00,1780135380,4.05,23:08:00,1780204080,23.13,19.08,5,5,18,18,9,9,,,,,,8,5.3,5,2,,,,
2026-05-29,28.2,19.59,19.39,10.6,28,,54,37.6,38.5,23,8.2,4.4,4.7,1.2,39,29.54,24,9,58,11,101.31,100.66,100.57,99.83,98.79,98.17,98.08,97.38,24100,24100,24100,24100,2,1.1,1.5,1,0,1.4,14.4,12.4,9.4,0,0,0,,04:05:00,1780049100,4.08,23:06:00,1780117560,23.1,19.02,5,5,28,28,12,13,,,,,,8,5.1,5,2,,,,
2026-05-28,20.1,14.44,14.15,8.2,,,88,40.1,54,20,7.9,-0.4,1.7,-4.5,25,16,15,5,41,22,101.31,100.9,100.86,100.42,98.79,98.39,98.36,97.92,24100,24100,24100,24100,1.1,1,1.1,1,3.8,0,9.2,7.2,4.2,0,0,0,,04:07:00,1779962820,4.12,23:04:00,1780031040,23.07,18.95,5,5,19,19,9,10,,,,,,6,2,3.5,1,,,,
2026-05-27,20.8,13.21,11.95,3.1,,,95,62.4,62.5,30,8.5,5.3,5,1.6,30,11.12,16.5,3,46,19,101.17,100.76,100.75,100.34,98.62,98.24,98.23,97.84,24100,24100,24100,24100,1,1,1,1,6,0,7,5,2,0,0,0,,04:09:00,1779876540,4.15,23:01:00,1779944460,23.02,18.87,4,4,19,19,7,9,,,,,,8,4.5,5,2,,,,
2026-05-26,16.1,9.79,9.35,2.6,,,100,77.8,79,58,9.4,5.9,6.5,3.5,21,8.5,10.5,0,,,101.75,101.49,101.42,101.09,99.18,98.93,98.87,98.56,24100,23766.7,20100,16100,1,1,1,1,8.7,0,4.3,2.4,0,0,0,0,,04:11:00,1779790260,4.18,22:59:00,1779857940,22.98,18.8,3,3,16,16,6,9,,,,,,8,6.9,5,2,,,,
2026-05-25,11.7,6.86,6.94,2.2,,,100,96.1,89,78,8.3,6.3,5.3,2.3,16,9.17,8,0,,,101.59,100.96,100.86,100.14,99.01,98.41,98.31,97.61,24100,12395.8,12450,800,1,1,1,1,11.1,0,1.9,0,0,0,0,0,,04:14:00,1779704040,4.23,22:56:00,1779771360,22.93,18.7,4,4,11,11,3,5,,,,,,8,7.7,7.5,7,,,,
2026-05-24,14.7,10.4,11.14,7.6,,,100,90.3,81.5,63,10.9,8.8,8.7,6.4,26,12.75,13,0,35,3,100.07,99.63,99.72,99.36,97.55,97.13,97.22,96.88,24100,19625,13650,3200,4,1.8,2.5,1,6.9,0,6.1,4.1,1.1,7.7,7.7,0,,04:16:00,1779617760,4.27,22:54:00,1779684840,22.9,18.63,3,3,13,17,5,5,,,,,,8,7.6,7.5,7,,,,
2026-05-23,19.6,13.24,13.35,7.1,,,85,54.8,59,33,6.3,3.8,3.7,1.1,22,10.79,13,4,28,14,100.4,100.23,100.14,99.88,97.89,97.73,97.64,97.39,24100,24100,24100,24100,1,1,1,1,4.7,0,8.3,6.3,3.4,0,0,0,,04:19:00,1779531540,4.32,22:51:00,1779598260,22.85,18.53,4,4,18,18,11,11,,,,,,7,6.3,5.5,4,,,,
2026-05-22,19.2,13.66,12.8,6.4,,,76,53.8,57.5,39,5.8,4.1,4.2,2.6,21,10.62,12,3,32,10,100.44,100.34,100.35,100.25,97.94,97.84,97.85,97.76,24100,24100,24100,24100,1,1,1,1,5.2,0,7.8,5.8,2.8,0,0,0,,04:21:00,1779445260,4.35,22:48:00,1779511680,22.8,18.45,4,4,20,20,7,7,,,,,,8,5.2,5,2,,,,
2026-05-21,16.7,12.35,11.25,5.8,,,79,58.1,59.5,40,5.7,4.1,4,2.4,26,15.75,17,8,33,17,101.65,101.16,101.08,100.52,99.1,98.63,98.56,98.01,24100,24100,24100,24100,1,1,1,1,6.8,0,6.2,4.2,1.2,0,0,0,,04:24:00,1779359040,4.4,22:46:00,1779425160,22.77,18.37,4,4,17,17,7,7,,,,,,8,6,5,2,,,,
2026-05-20,18.6,12.35,11.35,4.1,,,71,50,53,35,4.4,2,1.8,-0.7,20,8.83,10,0,,,101.68,101.46,101.38,101.08,99.13,98.92,98.84,98.55,24100,24100,24100,24100,3,1.3,2,1,6.7,0,6.3,4.3,1.4,0,0,0,,04:26:00,1779272760,4.43,22:43:00,1779338580,22.72,18.28,4,4,18,18,5,6,,,,,,8,6.9,6,4,,,,
2026-05-19,17.5,12.28,12.05,6.6,,,56,38,42.5,29,0.4,-1.9,-2,-4.4,31,20.79,17.5,4,48,15,101.06,100.92,100.96,100.86,98.53,98.39,98.43,98.34,24100,24100,24100,24100,1,1,1,1,6,0,7,5,2,0,0,0,,04:29:00,1779186540,4.48,22:40:00,1779252000,22.67,18.18,4,4,17,17,7,7,,,,,,8,6.4,6,4,,,,
2026-05-18,14.5,7.23,6.95,-0.6,,-6,56,41,42.5,29,-1.8,-5.6,-5.1,-8.4,43,28.42,30,17,59,15,102.04,101.49,101.53,101.03,99.43,98.92,98.96,98.49,24100,24100,24100,24100,1,1,1,1,11.1,0,2,0,0,0,0,0,,04:32:00,1779100320,4.53,22:38:00,1779165480,22.63,18.1,4,4,13,13,6,7,,,,,,8,3.3,4.5,1,,,,
2026-05-17,3.9,-0.38,-0.9,-5.7,,-12,73,51.5,53,33,-8.4,-9.7,-9.8,-11.3,24,14.25,14,4,32,17,102.77,102.54,102.43,102.09,100.14,99.92,99.81,99.48,24100,24100,24100,24100,1.1,1,1.1,1,18.9,0,0,0,0,0,0,0,,04:34:00,1779014040,4.57,22:35:00,1779078900,22.58,18.02,4,4,7,7,-3,0,,,,,,1,0.8,0.5,0,,,,
2026-05-16,8.2,3.05,2.89,-2.4,,-6,73,47.9,52,31,-5.9,-7.5,-7.5,-9,22,12.17,11,0,35,2,102.51,102.04,102.14,101.78,99.89,99.43,99.53,99.18,24100,24100,24100,24100,1.1,1,1.1,1,15.1,0,0,0,0,0,0,0,,04:37:00,1778927820,4.62,22:32:00,1778992320,22.53,17.92,4,4,8,8,-6,-6,,,,,,7,2.8,4,1,,,,
2026-05-15,5.5,0.32,-0.1,-5.7,,-12,71,50.8,53.5,36,-6.4,-9.1,-8.9,-11.5,23,10.71,11.5,0,35,8,101.78,101.72,101.67,101.57,99.17,99.11,99.07,98.97,24100,24100,24100,24100,1.1,1,1.1,1,18.1,0,0,0,0,0,0,0,,04:40:00,1778841600,4.67,22:29:00,1778905740,22.48,17.82,4,4,6,6,-5,-3,,,,,,8,5.7,4.5,1,,,,
2026-05-14,5.7,0.88,1,-3.7,,-11,79,51.1,56,33,-4.7,-8.8,-8.8,-12.8,36,27.38,27,18,48,6,101.56,101.33,101.33,101.1,98.96,98.74,98.74,98.53,24100,24100,24100,24100,1.2,1.1,1.1,1,17,0,0,0,0,0,0,0,,04:43:00,1778755380,4.72,22:26:00,1778819160,22.43,17.72,4,4,6,6,-6,-6,,,,,,7,3.1,4,1,,,,
2026-05-13,9.9,4.67,4.95,0,,,87,62.1,65.5,44,-0.6,-2.4,-2.6,-4.6,32,23.38,23,14,46,5,101.56,101.26,101.29,101.02,98.99,98.69,98.72,98.45,24100,24100,24100,24100,4,1.2,2.5,1,13.1,0,0,0,0,0,0,0,,04:45:00,1778669100,4.75,22:24:00,1778732640,22.4,17.65,3,3,9,9,-2,-1,,,,,,8,5.5,4.5,1,,,,
2026-05-12,13,6.75,7.9,2.8,,,82,67,65,48,2.5,0.8,1.1,-0.3,17,10.71,10,3,,,101.71,101.61,101.59,101.47,99.14,99.04,99.03,98.92,24100,24100,24100,24100,1,1,1,1,10.1,0,2.9,0.9,0,0,0,0,,04:48:00,1778582880,4.8,22:21:00,1778646060,22.35,17.55,3,3,11,11,1,1,,,,,,8,5.9,4.5,1,,,,
2026-05-11,15.6,9.51,8.15,0.7,,,99,61.5,68.5,38,3.4,1.7,1.8,0.2,23,13.46,11.5,0,32,31,101.43,100.78,100.83,100.24,98.88,98.24,98.3,97.72,24100,24100,24100,24100,2,1.1,1.5,1,9.8,0,3.1,1.1,0,0,0,0,,04:51:00,1778496660,4.85,22:18:00,1778559480,22.3,17.45,4,4,13,13,1,3,,,,,,8,5,4.5,1,,,,
2026-05-10,13.6,8.32,9.15,4.7,,,71,51.4,55.5,40,2.3,-1.3,-1.4,-5,30,20.29,15,0,42,15,101.14,100.52,100.67,100.2,98.57,97.98,98.12,97.67,24100,24100,24100,24100,1.1,1,1.1,1,8.8,0,4.2,2.1,0,0,0,0,,04:54:00,1778410440,4.9,22:15:00,1778472900,22.25,17.35,4,4,12,12,4,5,,,,,,8,6.5,6,4,,,,
2026-05-09,9.2,3.57,4.39,-0.4,,-5,84,66.2,65.5,47,-1.8,-2.4,-2.5,-3.1,24,18.21,18.5,13,33,12,102.17,101.87,101.69,101.21,99.56,99.27,99.1,98.64,24100,24100,24100,24100,1,1,1,1,13.6,0,0,0,0,0,0,0,0,04:57:00,1778324220,4.95,22:12:00,1778386320,22.2,17.25,4,4,8,10,-1,4,,,,,,8,7.4,7,6,,,,
2026-05-08,7.4,4.07,4.4,1.4,,,86,70.2,72.5,59,0.3,-1,-1.2,-2.6,18,11.25,11.5,5,,,102.07,101.92,101.87,101.67,99.47,99.33,99.28,99.09,24100,24100,24100,24100,2,1.2,1.5,1,13.6,0,0,0,0,0,0,0,,05:00:00,1778238000,5,22:09:00,1778299740,22.15,17.15,3,3,9,9,-1,-1,,,,,,8,7.2,6.5,5,,,,
2026-05-07,8.5,5.37,5.75,3,,,77,54,59.5,42,-0.3,-3.4,-2.5,-4.6,17,10.42,10.5,4,29,7,101.65,101.35,101.41,101.17,99.07,98.78,98.84,98.61,24100,24100,24100,24100,2,1.2,1.5,1,12.2,0,0.8,0,0,0,0,0,0,05:03:00,1778151780,5.05,22:07:00,1778213220,22.12,17.07,3,3,7,7,-1,-1,,,,,,8,7.9,7.5,7,,,,
2026-05-06,9.4,5.39,5.6,1.8,,,51,42.9,41.5,32,-4,-6.4,-6.5,-8.9,35,25,21,7,52,14,101.65,101.29,101.36,101.07,99.06,98.72,98.78,98.51,24100,24100,24100,24100,2,1.1,1.5,1,12.4,0,0.6,0,0,0,0,0,7,05:06:00,1778065560,5.1,22:04:00,1778126640,22.07,16.97,3,3,6,6,1,1,,,,,,8,6.6,5.5,3,,,,
2026-05-05,7.1,1.87,1.25,-4.6,,-7,95,59.9,67.5,40,-4.2,-5.8,-7.3,-10.5,28,16.92,16.5,5,37,13,102.63,102.31,102.17,101.71,100,99.69,99.56,99.12,24100,24100,24100,24100,1,1,1,1,16.8,0,0,0,0,0,0,0,15,05:09:00,1777979340,5.15,22:01:00,1778040060,22.02,16.87,4,4,8,8,-1,0,,,,,,6,2.5,3.5,1,,,,
2026-05-04,3.2,-0.88,-0.19,-3.6,,-8,90,75,76,62,-3.2,-4.9,-4.9,-6.6,12,7.38,7.5,3,,,102.62,102.49,102.44,102.26,99.99,99.86,99.81,99.63,24100,24100,24100,24100,1,1,1,1,18.2,0,0,0,0,0,0,0,15,05:12:00,1777893120,5.2,21:58:00,1777953480,21.97,16.77,1,2,3,3,-8,-6,,,,,,8,6.2,4.5,1,,,,
2026-05-03,1.4,-1.4,-1.6,-4.6,,-11,87,74.4,75.5,64,-3.7,-5.5,-5.5,-7.2,21,15.17,14.5,8,32,5,102.22,101.64,101.55,100.88,99.59,99.03,98.94,98.3,24100,23900,21700,19300,1,1,1,1,19.6,0,0,0,0,0,0,0,17,05:15:00,1777806900,5.25,21:55:00,1777866900,21.92,16.67,2,2,3,3,-5,-4,,,,,,8,7.8,7,6,,,,
2026-05-02,5.8,1.67,1.29,-3.2,,-7,94,72.6,74.5,55,-2.3,-3,-3.1,-3.9,24,15.67,14.5,5,37,8,101.65,101.23,101.22,100.78,99.05,98.64,98.62,98.2,24100,24100,24100,24100,1,1,1,1,16.7,0,0,0,0,0,0,0,20,05:18:00,1777720680,5.3,21:52:00,1777780320,21.87,16.57,3,3,5,5,-4,-2,,,,,,8,3.9,4.5,1,,,,
2026-05-01,5.5,3.17,2.7,-0.1,,,97,79.4,81,65,1.5,-0.2,-0.3,-2.1,41,24.92,22.5,4,63,30,101.62,101.07,101.1,100.57,99.02,98.5,98.51,98.01,24100,24100,24100,24100,1,1,1,1,15.3,0,0,0,0,0.9,0.9,0,30,05:21:00,1777634460,5.35,21:49:00,1777693740,21.82,16.47,3,3,5,5,-4,-2,,,,,,8,6,5,2,,,,
2026-04-30,8,3.49,2.75,-2.5,,-5,85,65.9,68.5,52,-1,-2.5,-2.8,-4.5,30,15.96,18.5,7,42,13,101.78,101.38,101.23,100.68,99.19,98.8,98.66,98.12,24100,24100,24100,24100,1,1,1,1,15.2,0,0,0,0,0,0,0,33,05:25:00,1777548300,5.42,21:46:00,1777607160,21.77,16.35,4,4,7,7,0,1,,,,,,8,6,5,2,,,,
2026-04-29,8.3,2.58,1.9,-4.5,,-9,91,64.6,68,45,-2.6,-3.9,-4.3,-6,25,14.17,12.5,0,32,13,102.02,101.83,101.85,101.68,99.4,99.23,99.24,99.09,24100,24100,24100,24100,2,1.1,1.5,1,16.1,0,0,0,0,0,0,0,35,05:28:00,1777462080,5.47,21:44:00,1777520640,21.73,16.27,4,4,8,8,-3,-3,,,,,,7,4.2,4,1,,,,
2026-04-28,4.6,-2.17,-2.25,-9.1,,-13,86,72.6,69,52,-3,-6.6,-6.7,-10.4,17,9.62,10.5,4,,,101.98,101.91,101.93,101.87,99.35,99.28,99.29,99.24,24100,24100,24100,24100,3,1.2,2,1,20.2,0,0,0,0,0,0,0,36,05:31:00,1777375860,5.52,21:41:00,1777434060,21.68,16.17,4,4,4,4,-8,-8,,,,,,7,4.3,4.5,2,,,,
2026-04-27,-2.1,-6.47,-7.15,-12.2,,-19,88,74.2,74.5,61,-7.5,-10.4,-10.7,-13.8,16,11.54,11,6,,,102.32,102.17,102.13,101.95,99.68,99.52,99.49,99.31,24100,24100,24100,24100,1,1,1,1,25.1,0,0,0,0,0,0,0,38,05:34:00,1777289640,5.57,21:38:00,1777347480,21.63,16.07,3,4,0,0,-8,-7,,,,,,7,3.3,4,1,,,,
2026-04-26,0,-5.03,-5.3,-10.6,,-18,76,61,61,46,-8.7,-11.7,-11.9,-15.2,23,18.33,19,15,33,11,103.11,102.74,102.74,102.36,100.45,100.09,100.08,99.72,24100,24100,24100,24100,,,,,23.3,0,0,0,0,0,0,0,38,05:37:00,1777203420,5.62,21:35:00,1777260900,21.58,15.97,4,4,-1,-1,-10,-8,,,,,,2,0.7,1,0,,,,
2026-04-25,1.6,-4.85,-5.1,-11.8,,-20,80,64.5,62.5,45,-6.8,-10.8,-10.7,-14.5,24,17.38,17,10,35,7,103.47,103.32,103.31,103.14,100.79,100.65,100.64,100.48,24100,24100,24100,24100,,,,,23.1,0,0,0,0,0,0,0,38,05:40:00,1777117200,5.67,21:32:00,1777174320,21.53,15.87,3,3,0,0,-9,-8,,,,,,3,1.2,2,1,,,,
2026-04-24,0.6,-6.66,-7.3,-15.2,,-22,80,63.3,64.5,49,-8.1,-12.7,-13,-17.9,21,12.46,13,5,,,103.75,103.63,103.62,103.48,101.05,100.94,100.93,100.8,24100,24100,24100,24100,,,,,25.3,0,0,0,0,0,0,0,38,05:44:00,1777031040,5.73,21:29:00,1777087740,21.48,15.75,3,3,0,0,-11,-10,,,,,,4,1.3,2,0,,,,
2026-04-23,-0.9,-6.17,-6.45,-12,,-18,79,57.8,58,37,-11.2,-13.6,-13.4,-15.7,17,11.67,11,5,,,103.64,103.32,103.2,102.77,100.95,100.65,100.53,100.12,24100,24100,24100,24100,,,,,24.4,0,0,0,0,0,0,0,35,05:47:00,1776944820,5.78,21:27:00,1777001220,21.45,15.67,3,3,-1,-1,-14,-13,,,,,,2,1.2,1,0,,,,
2026-04-22,1.8,-4.7,-6.69,-15.2,,-20,91,67.8,69,47,-7.5,-10.2,-11.7,-15.9,16,8.38,8,0,,,102.72,102.22,102.26,101.81,100.08,99.57,99.62,99.17,80500,26450,52300,24100,,,,,24.7,0,0,0,0,0,0,0,37,05:50:00,1776858600,5.83,21:24:00,1776914640,21.4,15.57,3,3,-1,0,-11,-9,,,,,,8,5.8,4.5,1,,,,
2026-04-21,-1,-6.13,-5.6,-10.2,,-16,86,71.2,71.5,57,-8.4,-10.7,-10.6,-12.8,15,8.42,9,3,,,101.76,101.35,101.35,100.93,99.12,98.72,98.71,98.3,24100,23766.7,20100,16100,,,,,23.6,0,0,0,0,0,0,0,40,05:53:00,1776772380,5.88,21:21:00,1776828060,21.35,15.47,3,3,-2,-2,-13,-12,,,,,,8,7.1,6,4,,,,
2026-04-20,-3.5,-7.65,-8.55,-13.6,,-19,84,72.4,71.5,59,-9.6,-11.9,-12.4,-15.3,31,14.12,15.5,0,46,31,100.91,100.7,100.59,100.27,98.27,98.07,97.97,97.67,24100,23766.7,20100,16100,,,,,26.6,0,0,0,0,0,0,0,40,05:56:00,1776686160,5.93,21:18:00,1776741480,21.3,15.37,3,3,-4,-4,-10,-7,,,,,,8,6.1,5,2,,,,
2026-04-19,-2.1,-4.9,-4.8,-7.5,,-15,92,86.5,85.5,79,-3.8,-6.8,-7.2,-10.5,34,21.96,20,6,50,31,101.59,100.38,100.65,99.72,98.95,97.78,98.04,97.14,24100,10716.7,12650,1200,,,,,22.8,0,0,0,0,3.8,0,7.7,36,06:00:00,1776600000,6,21:15:00,1776654900,21.25,15.25,1,1,0,0,-10,-9,,,,,,8,7.8,7,6,,,,
2026-04-18,-5.2,-10.84,-12.2,-19.2,,-27,78,62.7,64,50,-12.6,-16.9,-17.3,-22,23,15.62,15.5,8,,,102.49,102.24,102.08,101.68,99.79,99.56,99.42,99.04,24100,24100,24100,24100,,,,,30.2,0,0,0,0,0,0,0,40,06:03:00,1776513780,6.05,21:12:00,1776568320,21.2,15.15,3,3,-2,-2,-8,-5,,,,,,8,4.3,4,0,,,,
2026-04-17,-5.9,-13.41,-14.7,-23.5,,-31,83,64,63,43,-14.7,-19.2,-20.1,-25.4,14,8.17,7,0,,,102.41,102.29,102.31,102.2,99.72,99.59,99.62,99.51,24100,24100,24100,24100,,,,,32.7,0,0,0,0,0,0,0,40,06:06:00,1776427560,6.1,21:10:00,1776481800,21.17,15.07,3,3,-6,-6,-19,-17,,,,,,7,2.5,3.5,0,,,,
2026-04-16,-6.7,-11.4,-11.25,-15.8,,-23,81,74.7,72,63,-10.7,-15.1,-15.3,-19.9,18,12.96,13.5,9,,,102.28,102.05,102.1,101.91,99.58,99.37,99.41,99.23,24100,15737.5,13250,2400,,,,,29.2,0,0,0,0,0.6,0,1.2,39,06:09:00,1776341340,6.15,21:07:00,1776395220,21.12,14.97,1,1,-5,-5,-15,-15,,,,,,8,7.6,6,4,,,,
2026-04-15,-11.3,-16.23,-16.64,-22,,-31,64,55.9,53.5,43,-18.3,-23.2,-22.7,-27.1,21,12.62,12.5,4,,,102.69,102.54,102.5,102.31,99.96,99.82,99.78,99.61,24100,24100,24100,24100,,,,,34.6,0,0,0,0,0,0,0,39,06:13:00,1776255180,6.22,21:04:00,1776308640,21.07,14.85,2,2,-8,-8,-16,-12,,,,,,8,5.8,5,2,,,,
2026-04-14,-11.4,-17.07,-17.05,-22.7,,-34,61,47.5,48,35,-22.7,-26,-26.2,-29.7,26,21.38,21,16,35,6,102.41,101.96,101.95,101.49,99.69,99.25,99.25,98.8,24100,24100,24100,24100,,,,,35,0,0,0,0,0,0,0,37,06:16:00,1776168960,6.27,21:01:00,1776222060,21.02,14.75,3,3,-11,-11,-20,-18,,,,,,7,3.2,3.5,0,,,,
2026-04-13,-10.5,-16.47,-16.39,-22.3,,-34,70,56.7,57,44,-20.3,-23.4,-23.6,-27,28,23.88,24.5,21,39,8,101.61,101.46,101.46,101.3,98.94,98.77,98.78,98.61,24100,24100,24100,24100,1,1,1,1,34.4,0,0,0,0,0,0,0,40,06:19:00,1776082740,6.32,20:58:00,1776135480,20.97,14.65,3,3,-9,-9,-20,-18,,,,,,7,4.3,4.5,2,,,,
2026-04-12,-3.1,-8.71,-9.9,-16.7,,-26,90,62.7,65,40,-12.6,-15,-16.5,-20.4,25,11.58,12.5,0,33,8,101.54,101.3,101.36,101.17,98.89,98.66,98.71,98.53,24100,24100,24100,24100,2,1.1,1.5,1,27.9,0,0,0,0,0,0,0,40,06:23:00,1775996580,6.38,20:56:00,1776048960,20.93,14.55,3,3,-2,-2,-17,-17,,,,,,8,3.9,5,2,,,,
2026-04-11,-5.9,-10.57,-10.25,-14.6,,-21,72,54.6,54,36,-13.1,-18.2,-17.9,-22.6,16,9.25,8,0,,,102.24,101.88,101.83,101.43,99.57,99.21,99.17,98.78,24100,24100,24100,24100,1,1,1,1,28.2,0,0,0,0,0,0,0,42,06:26:00,1775910360,6.43,20:53:00,1775962380,20.88,14.45,1,2,-5,-5,-13,-12,,,,,,8,7,5.5,3,,,,
2026-04-10,-5.7,-10.7,-11.45,-17.2,,-24,80,61,61.5,43,-12.2,-17,-17.1,-22.1,16,8.75,9.5,3,,,102.46,102.35,102.35,102.24,99.78,99.67,99.67,99.57,24100,24100,24100,24100,3,1.4,2,1,29.4,0,0,0,0,0,0,0,,06:29:00,1775824140,6.48,20:50:00,1775875800,20.83,14.35,2,2,-5,-5,-14,-14,,,,,,8,6.3,6,4,,,,
2026-04-09,-7.4,-13.2,-13.45,-19.5,,-29,79,66.1,63.5,48,-15,-18.4,-19.4,-23.8,23,9.92,11.5,0,37,5,102.45,102.31,102.27,102.1,99.77,99.63,99.61,99.45,24100,24100,24100,24100,2,1.1,1.5,1,31.4,0,0,0,0,0,0,0,42,06:32:00,1775737920,6.53,20:47:00,1775789220,20.78,14.25,2,2,-5,-5,-18,-17,,,,,,7,4.9,5,3,,,,
2026-04-08,0.9,-5.57,-6.6,-14.1,,-19,83,65,64,45,-4.6,-11.3,-10.9,-17.3,28,12.79,15.5,3,39,3,101.99,101.55,101.65,101.31,99.35,98.91,99.01,98.68,24100,21162.5,14450,4800,2,1.2,1.5,1,24.6,0,0,0,0,0,0,0,45,06:36:00,1775651760,6.6,20:45:00,1775702700,20.75,14.15,2,2,-1,-1,-14,-12,,,,,,8,7.5,6.5,5,,,,
2026-04-07,0.2,-7.98,-8.15,-16.5,,-24,65,45.1,45,25,-15.4,-18.6,-18.2,-21.1,15,9.25,7.5,0,,,102.36,102.22,102.12,101.87,99.69,99.56,99.46,99.23,24100,24100,24100,24100,2,1.1,1.5,1,26.1,0,0,0,0,0,0,0,45,06:39:00,1775565540,6.65,20:42:00,1775616120,20.7,14.05,2,2,-2,-2,-12,-11,,,,,,7,2.3,4,1,,,,
2026-04-06,-2.1,-11.75,-12.7,-23.3,,-29,82,59.8,62.5,43,-12.8,-18.5,-20.1,-27.3,21,13.21,12,3,,,103.99,103.12,103.17,102.36,101.22,100.4,100.46,99.69,24100,24100,24100,24100,2,1.1,1.5,1,30.7,0,0,0,0,0,0,0,52,06:42:00,1775479320,6.7,20:39:00,1775529540,20.65,13.95,2,2,-3,-3,-16,-16,,,,,,3,1.2,1.5,0,,,,
2026-04-05,-8.4,-15.52,-15.35,-22.3,,-32,82,65.4,64.5,47,-17.4,-20.9,-21,-24.6,15,8.04,7.5,0,,,104.41,104.24,104.22,104.02,101.65,101.48,101.46,101.26,24100,24100,24100,24100,2,1.1,1.5,1,33.4,0,0,0,0,0,0,0,54,06:46:00,1775393160,6.77,20:36:00,1775442960,20.6,13.83,2,2,-7,-7,-21,-20,,,,,,2,0.5,1,0,,,,
2026-04-04,-3.6,-10.78,-11.9,-20.2,,-21,84,64.1,64.5,45,-13.4,-16.7,-18.5,-23.6,16,8.33,8,0,,,103.98,103.46,103.5,103.02,101.25,100.75,100.79,100.33,24100,24100,24100,24100,3,1.2,2,1,29.9,0,0,0,0,0,0,0,54,06:49:00,1775306940,6.82,20:34:00,1775356440,20.57,13.75,1,2,-4,-4,-20,-20,,,,,,7,3.5,4,1,,,,
2026-04-03,-1,-9.2,-9.69,-18.4,,-25,88,62.4,63,38,-11.2,-15.8,-15.7,-20.2,13,7.5,6.5,0,,,102.97,102.73,102.73,102.48,100.29,100.04,100.04,99.79,24100,24100,24100,24100,3,1.1,2,1,27.7,0,0,0,0,0,0,0,57,06:52:00,1775220720,6.87,20:31:00,1775269860,20.52,13.65,2,2,-2,-2,-18,-17,,,,,,6,1.6,3,0,,,,
2026-04-02,-3.6,-13.97,-13.6,-23.6,,-33,86,71,68,50,-12.7,-18.4,-19.3,-25.9,14,8.04,7,0,,,102.47,102.38,102.36,102.24,99.77,99.67,99.66,99.55,24100,24100,24100,24100,2,1,1.5,1,31.6,0,0,0,0,0,0,0,59,06:56:00,1775134560,6.93,20:28:00,1775183280,20.47,13.53,2,2,-4,-4,-18,-16,,,,,,5,1.9,2.5,0,,,,
2026-04-01,-6.1,-12.59,-13.89,-21.7,,-27,91,75.2,74,57,-12.6,-16.3,-17.6,-22.7,16,10.67,10.5,5,,,102.23,102,102,101.77,99.54,99.31,99.32,99.1,24100,23100,20100,16100,1.2,1,1.1,1,31.9,0,0,0,0,0,0,0,59,06:59:00,1775048340,6.98,20:25:00,1775096700,20.42,13.43,2,2,-6,-5,-21,-21,,,,,,8,4.2,4,0,,,,
2026-03-31,-6.2,-11.8,-11.45,-16.7,,-23,89,78.2,76,63,-11.8,-15,-14.6,-17.4,18,11.33,9,0,,,102.04,101.85,101.89,101.74,99.36,99.18,99.22,99.07,24100,24100,24100,24100,2,1.1,1.5,1,29.4,0,0,0,0,0,0,0,59,07:02:00,1774962120,7.03,20:23:00,1775010180,20.38,13.35,1,1,-5,-5,-17,-13,,,,,,8,6.8,6,4,,,,
2026-03-30,-5,-11.47,-11.2,-17.4,,-21,92,83.7,76,60,-9.8,-13.8,-14.4,-19.1,14,7.38,7,0,,,102.33,102.21,102.19,102.06,99.64,99.54,99.51,99.38,24100,21891.7,14450,4800,7,1.5,4,1,29.2,0,0,0,0,0,0,0,59,07:06:00,1774875960,7.1,20:20:00,1774923600,20.33,13.23,1,1,-5,-5,-16,-15,,,,,,8,7,6.5,5,,,,
2026-03-29,-5.7,-8.91,-9.4,-13.1,,-17,80,67.2,65,50,-12.2,-14,-14.2,-16.2,17,9.92,10,3,,,102.31,102.26,102.24,102.18,99.64,99.59,99.58,99.51,24100,23166.7,16900,9700,1,1,1,1,27.4,0,0,0,0,0,0,0,58,07:09:00,1774789740,7.15,20:17:00,1774837020,20.28,13.13,2,2,-7,-7,-14,-14,,,,,,8,7.7,7.5,7,,,,
2026-03-28,-6.5,-12.88,-13.7,-20.9,,-29,78,63.7,63,48,-13,-18.6,-18.3,-23.6,16,10,10,4,,,102.77,102.46,102.49,102.22,100.05,99.75,99.8,99.54,24100,23500,16900,9700,2,1,1.5,1,31.7,0,0,0,0,0,0,0,58,07:12:00,1774703520,7.2,20:14:00,1774750440,20.23,13.03,1,1,-11,-11,-15,-15,,,,,,8,4.9,4,0,,,,
2026-03-27,-9.6,-17.4,-19.35,-29.1,,-33,85,68.4,67,49,-18.6,-22.3,-25.2,-31.9,15,8.96,9,3,,,103.41,103.2,103.11,102.8,100.65,100.45,100.37,100.08,24100,24100,24100,24100,5,1.6,3,1,37.4,0,0,0,0,0,0,0,58,07:16:00,1774617360,7.27,20:12:00,1774663920,20.2,12.93,1,1,-12,-12,-25,-23,,,,,,2,0.6,1,0,,,,
2026-03-26,-13.3,-20.16,-20.6,-27.9,,-37,84,73.2,72,60,-19.7,-23.9,-24.9,-30.1,21,14.46,15,9,33,27,103.49,103.45,103.45,103.42,100.7,100.67,100.67,100.65,24100,24100,24100,24100,1,1,1,1,38.6,0,0,0,0,0,0,0,59,07:19:00,1774531140,7.32,20:09:00,1774577340,20.15,12.83,1,1,-13,-13,-27,-25,,,,,,8,3.4,4,0,,,,
2026-03-25,-17.4,-23.83,-24.2,-31,,-40,77,66.3,66.5,56,-24.1,-28.6,-29,-33.9,28,14.92,17.5,7,35,33,103.51,103.45,103.45,103.39,100.7,100.64,100.64,100.59,24100,24100,24100,24100,1,1,1,1,42.2,0,0,0,0,0,0,0,59,07:22:00,1774444920,7.37,20:06:00,1774490760,20.1,12.73,1,1,-17,-17,-24,-24,,,,,,4,1,2,0,,,,
2026-03-24,-18.3,-26.82,-28.5,-38.7,,-47,70,54.6,55.5,41,-28.1,-33.7,-34.7,-41.3,16,9.88,10.5,5,,,103.66,103.54,103.53,103.39,100.8,100.7,100.69,100.57,24100,24100,24100,24100,5,1.8,3,1,46.5,0,0,0,0,0,0,0,60,07:26:00,1774358760,7.43,20:03:00,1774404180,20.05,12.62,1,1,-23,-23,-34,-33,,,,,,1,0.3,0.5,0,,,,
2026-03-23,-24.1,-31.48,-31.75,-39.4,,-49,71,56.8,56,41,-33.9,-37.7,-38.4,-42.8,12,6.21,6,0,,,103.66,103.59,103.57,103.47,100.8,100.73,100.72,100.63,24100,24100,24100,24100,2,1.5,1.5,1,49.8,0,0,0,0,0,0,0,62,07:29:00,1774272540,7.48,20:01:00,1774317660,20.02,12.53,1,1,-24,-24,-37,-35,,,,,,1,0.5,0.5,0,,,,
2026-03-22,-23.8,-26.94,-28.4,-33,,-44,80,62.2,63.5,47,-29,-32.4,-33.5,-38,27,15.75,16.5,6,37,31,103.45,102.99,103,102.56,100.61,100.19,100.21,99.8,24100,23633.3,18500,12900,1,1,1,1,46.4,0,0,0,0,0,0,0,63,07:32:00,1774186320,7.53,19:58:00,1774231080,19.97,12.43,1,1,-21,-21,-36,-35,,,,,,8,1.8,4,0,,,,
2026-03-21,-15.9,-19.65,-19.89,-23.9,,-33,77,63.4,64,51,-23.6,-25.1,-25.8,-27.9,27,12.58,13.5,0,39,30,102.52,102.37,102.38,102.25,99.77,99.64,99.64,99.52,24100,24100,24100,24100,2,1.1,1.5,1,37.9,0,0,0,0,0,0,0,66,07:36:00,1774100160,7.6,19:55:00,1774144500,19.92,12.32,1,1,-16,-16,-28,-28,,,,,,8,3.7,4.5,1,,,,
2026-03-20,-15.2,-21.1,-21.75,-28.3,,-36,79,63.4,62,45,-24.5,-26.6,-27.4,-30.4,14,8.12,7,0,,,102.66,102.48,102.39,102.12,99.9,99.73,99.64,99.38,24100,24100,24100,24100,1,1,1,1,39.8,0,0,0,0,0,0,0,66,07:39:00,1774013940,7.65,19:53:00,1774057980,19.88,12.23,1,1,-16,-16,-25,-23,,,,,,8,4.9,4.5,1,,,,
2026-03-19,-16.6,-20.45,-21.85,-27.1,,-35,80,72.8,69.5,59,-20.4,-24.2,-25.5,-30.6,17,10.79,8.5,0,,,102.05,101.58,101.68,101.31,99.31,98.85,98.95,98.59,24100,19666.7,12650,1200,1,1,1,1,39.9,0,0,0,0,0.5,0,1,65,07:42:00,1773927720,7.7,19:50:00,1773971400,19.83,12.13,1,1,-16,-16,-27,-27,,,,,,8,6.7,5.5,3,,,,
2026-03-18,-17.1,-21.3,-21.75,-26.4,,-33,84,71.1,70.5,57,-24.1,-25.4,-26.2,-28.3,18,10.83,11.5,5,,,101.34,101.04,101.06,100.78,98.61,98.33,98.35,98.09,24100,20145.8,13650,3200,1,1,1,1,39.8,0,0,0,0,0.4,0.2,0.4,67,07:46:00,1773841560,7.77,19:47:00,1773884820,19.78,12.02,1,1,-16,-16,-28,-27,,,,,,8,3.3,4.5,1,,,,
2026-03-17,-14.8,-18.14,-18.35,-21.9,,-31,84,71.1,70,56,-20.7,-22.3,-22.6,-24.5,27,14.71,16,5,37,5,100.79,100.51,100.53,100.27,98.09,97.84,97.85,97.61,24100,20954.2,15250,6400,1,1,1,1,36.4,0,0,0,0,0,0,0,66,07:49:00,1773755340,7.82,19:44:00,1773798240,19.73,11.92,1,1,-15,-15,-23,-20,,,,,,8,5.3,5,2,,,,
2026-03-16,-14.9,-21.33,-22.5,-30.1,,-40,81,69,69,57,-19.4,-25.7,-25.9,-32.5,32,21.42,21,10,45,7,102.86,101.69,101.64,100.41,100.07,98.94,98.9,97.73,24100,21083.3,14450,4800,1,1,1,1,40.5,0,0,0,0,0,0,0,66,07:52:00,1773669120,7.87,19:42:00,1773711720,19.7,11.83,1,1,-15,-15,-19,-18,,,,,,8,5.7,4,0,,,,
2026-03-15,-19.2,-25.9,-26.1,-33,,-42,79,69,65,51,-26.7,-30.2,-30.8,-34.9,17,8.46,8.5,0,,,103.37,103.17,103.11,102.84,100.57,100.36,100.31,100.06,24100,24100,24100,24100,1,1,1,1,44.1,0,0,0,0,0,0,0,70,07:56:00,1773582960,7.93,19:39:00,1773625140,19.65,11.72,1,1,-21,-21,-31,-29,,,,,,3,0.8,1.5,0,,,,
2026-03-14,-17.9,-26.26,-27.55,-37.2,,-42,80,67,66,52,-25.4,-30.8,-32.4,-39.3,15,8,7.5,0,,,102.79,102.59,102.64,102.49,100,99.79,99.86,99.71,24100,24100,24100,24100,4,1.7,2.5,1,45.5,0,0,0,0,0,0,0,70,07:59:00,1773496740,7.98,19:36:00,1773538560,19.6,11.62,1,1,-22,-22,-31,-30,,,,,,7,3.1,3.5,0,,,,
2026-03-13,-18.9,-25.45,-24.95,-31,,-41,80,71.4,66,52,-25.8,-29.4,-29.6,-33.3,18,12.42,12.5,7,,,102.61,102.43,102.44,102.27,99.81,99.64,99.65,99.5,24100,24100,24100,24100,2,1,1.5,1,43,0,0,0,0,0,0,0,70,08:02:00,1773410520,8.03,19:33:00,1773451980,19.55,11.52,1,1,-21,-21,-35,-34,,,,,,6,2,3,0,,,,
2026-03-12,-18.9,-26.25,-27.2,-35.5,,-45,78,69.9,67.5,57,-25.5,-30.3,-32.2,-38.9,19,11.5,13,7,,,102.53,102.46,102.43,102.34,99.72,99.67,99.64,99.56,24100,24100,24100,24100,1,1,1,1,45.2,0,0,0,0,0,0,0,70,08:06:00,1773324360,8.1,19:31:00,1773365460,19.52,11.42,1,1,-20,-20,-31,-31,,,,,,5,1.9,3,1,,,,
2026-03-11,-21.3,-25.51,-26.5,-31.7,,-39,78,68.8,65.5,53,-27.8,-29.8,-29.9,-32.1,19,11.46,11.5,4,,,102.63,102.54,102.54,102.45,99.84,99.75,99.75,99.67,24100,23433.3,20100,16100,1,1,1,1,44.5,0,0,0,0,0,0,0,70,08:09:00,1773238140,8.15,19:28:00,1773278880,19.47,11.32,1,1,-22,-22,-35,-35,,,,,,8,4,4.5,1,,,,
2026-03-10,-21.5,-27.84,-27.7,-33.9,,-43,77,68.5,65.5,54,-28.4,-32,-32.9,-37.3,13,6.92,6.5,0,,,102.5,102.35,102.31,102.11,99.68,99.55,99.51,99.34,24100,24100,24100,24100,2,1.1,1.5,1,45.7,0,0,0,0,0,0,0,71,08:12:00,1773151920,8.2,19:25:00,1773192300,19.42,11.22,1,1,-23,-23,-31,-30,,,,,,8,3.8,4.5,1,,,,
2026-03-09,-19.3,-28.18,-28.65,-38,,-45,78,70,67.5,57,-25,-32.1,-32.8,-40.5,23,8.62,11.5,0,,,102.1,101.74,101.77,101.45,99.32,98.95,98.99,98.67,24100,24100,24100,24100,2,1.2,1.5,1,46.6,0,0,0,0,0,0,0,72,08:15:00,1773065700,8.25,19:22:00,1773105720,19.37,11.12,1,1,-24,-24,-37,-36,,,,,,7,3.2,4,1,,,,
2026-03-08,-21.6,-27.03,-27.05,-32.5,,-43,79,69.8,68.5,58,-28,-31.1,-31.6,-35.2,12,8.65,8.5,5,,,101.39,100.96,100.92,100.44,98.62,98.21,98.17,97.72,24100,24100,24100,24100,2,1.1,1.5,1,45,0,0,0,0,0,0,0,73,08:19:00,1772979540,8.32,19:19:00,1773019140,19.32,11,1,1,-24,-24,-33,-32,,,,,,7,4.6,4,1,,,,
2026-03-07,-18.4,-23.36,-24.5,-30.6,,-40,78,71.6,70,62,-24,-27.2,-27.9,-31.9,23,15.54,15,7,33,5,100.65,100.27,100.35,100.05,97.91,97.56,97.62,97.32,24100,19616.7,14450,4800,1,1,1,1,42.5,0,0,0,0,0.3,0,0.5,73,07:22:00,1772893320,7.37,18:17:00,1772932620,18.28,10.92,1,1,-19,-19,-31,-30,,,,,,8,6.1,5.5,3,,,,
2026-03-06,-21,-28.48,-27.9,-34.8,,-46,78,70.2,67.5,57,-27.6,-32.4,-32.5,-37.5,15,10.33,9,3,,,102.12,101.8,101.48,100.84,99.34,99.01,98.71,98.09,24100,24100,24100,24100,2,1.1,1.5,1,45.9,0,0,0,0,0,0,0,73,07:25:00,1772807100,7.42,18:14:00,1772846040,18.23,10.82,1,1,-23,-23,-30,-28,,,,,,8,1.4,4,0,,,,
2026-03-05,-22.7,-25.18,-25.54,-28.4,,-39,75,71.3,69.5,64,-27.5,-29,-29.4,-31.4,19,13.75,11.5,4,,,101.72,101.5,101.53,101.33,98.94,98.74,98.76,98.57,24100,13312.5,12650,1200,1,1,1,1,43.5,0,0,0,0,2.1,0,4.4,71,07:29:00,1772720940,7.48,18:11:00,1772759460,18.18,10.7,,,-22,-22,-32,-32,,,,,,8,7.4,4.5,1,,,,
2026-03-04,-25.2,-31.31,-32.9,-40.6,,-51,71,65.6,63,55,-30.6,-35.8,-37,-43.4,29,16.92,18.5,8,37,14,103.42,102.6,102.61,101.79,100.53,99.76,99.77,99.01,24100,18441.7,14050,4000,2,1.1,1.5,1,50.9,0,0,0,0,0,0,0,70,07:32:00,1772634720,7.53,18:08:00,1772672880,18.13,10.6,1,1,-24,-24,-40,-27,,,,,,7,5.1,4.5,2,,,,
2026-03-03,-30.3,-35.12,-34.54,-38.8,,-53,70,61.2,60.5,51,-37.7,-40.2,-40,-42.4,25,14.04,12.5,0,52,32,103.55,103.31,103.1,102.65,100.67,100.44,100.24,99.81,24100,24100,24100,24100,4,1.5,2.5,1,52.5,0,0,0,0,0,0,0,,07:35:00,1772548500,7.58,18:05:00,1772586300,18.08,10.5,1,1,-31,-30,-41,-39,,,,,,4,1.1,2,0,,,,
2026-03-02,-26.6,-31.7,-33.2,-39.8,,-50,77,72.5,66,55,-30.1,-35.1,-36.4,-42.7,37,13.79,21,5,54,32,102.55,102.39,102.42,102.28,99.72,99.55,99.59,99.46,24100,22095.8,13650,3200,2,1.2,1.5,1,51.2,0,0,0,0,0,0,0,72,07:38:00,1772462280,7.63,18:03:00,1772499780,18.05,10.42,,,-26,-25,-39,-38,,,,,,8,4.8,4,0,,,,
2026-03-01,-26,-32.67,-32.2,-38.4,,-51,75,70.1,66,57,-31.1,-36.5,-36.4,-41.7,18,11.54,12,6,,,102.57,102.31,102.31,102.06,99.72,99.48,99.48,99.23,24100,23633.3,18500,12900,2,1,1.5,1,50.2,0,0,0,0,0,0,0,72,07:42:00,1772376120,7.7,18:00:00,1772413200,18,10.3,,,-29,-28,-39,-37,,,,,,8,2.6,4,0,,,,
2026-02-28,-26.6,-33.47,-33.04,-39.5,,-51,77,71.8,72.5,68,-30.5,-36.9,-36.9,-43.3,13,8.25,8.5,4,,,103.07,102.47,102.58,102.09,100.21,99.62,99.74,99.26,24100,17266.7,12450,800,1,1,1,1,51,0,0,0,0,0.2,0,0.4,72,07:45:00,1772289900,7.75,17:57:00,1772326620,17.95,10.2,,,-26,-26,-39,-37,,,,,,8,3,4,0,,,,
2026-02-27,-28.1,-35.77,-35.65,-43.2,,-53,75,66.2,66,57,-34.6,-40,-40.5,-46.5,12,7.67,8,4,,,103.45,103.34,103.27,103.1,100.56,100.45,100.4,100.25,24100,21504.2,12850,1600,3,1.5,2,1,53.6,0,0,0,0,0,0,0,72,07:48:00,1772203680,7.8,17:54:00,1772240040,17.9,10.1,,,-31,-31,-39,-37,,,,,,2,0.9,1,0,,,,
2026-02-26,-28.7,-32.41,-33.1,-37.5,,-50,70,65.1,63.5,57,-33.5,-36.9,-37.4,-41.2,28,18.83,17.5,7,35,4,103.17,102.12,102.14,101.12,100.31,99.31,99.34,98.38,24100,24100,24100,24100,1,1,1,1,51.1,0,0,0,0,0,0,0,,07:51:00,1772117460,7.85,17:51:00,1772153460,17.85,10,,,-31,-27,-41,-40,,,,,,3,1.3,1.5,0,,,,
2026-02-25,-17.9,-22.65,-23.29,-28.7,,-42,80,75.2,75,70,-21.8,-25.9,-27.5,-33.2,21,14.25,15.5,10,,,101.07,100.5,100.63,100.19,98.33,97.79,97.91,97.49,24100,17829.2,13650,3200,1,1,1,1,41.3,0,0,0,0,0.4,0,1,72,07:54:00,1772031240,7.9,17:48:00,1772066880,17.8,9.9,,,-18,-18,-30,-28,,,,,,8,5.8,5,2,,,,
2026-02-24,-23.1,-26.63,-27.8,-32.5,,-40,77,74.4,72,67,-26.3,-29.9,-30.4,-34.6,13,9.38,9,5,,,101.21,100.75,100.74,100.28,98.44,98,98.01,97.57,24100,23500,16900,9700,3,1.2,2,1,45.8,0,0,0,0,0,0,0,72,07:58:00,1771945080,7.97,17:45:00,1771980300,17.75,9.78,,,-21,-21,-25,-23,,,,,,8,4.2,4.5,1,,,,
2026-02-23,-26.9,-29.94,-30,-33.1,,-45,77,74.8,73.5,70,-30.7,-33.1,-33.3,-35.9,20,12.75,13.5,7,,,103.22,102.04,102.24,101.26,100.37,99.23,99.43,98.48,24100,24100,24100,24100,2,1,1.5,1,48,0,0,0,0,0,0,0,72,08:01:00,1771858860,8.02,17:43:00,1771893780,17.72,9.7,,,-24,-24,-27,-27,,,,,,8,3,4,0,,,,
2026-02-22,-30.1,-35.36,-36.79,-43.5,,-52,71,65.4,64.5,58,-34.5,-39.7,-40.9,-47.2,20,11.58,10,0,,,105.96,104.91,104.67,103.39,103.01,101.98,101.78,100.54,24100,17691.7,12450,800,3,1.1,2,1,54.8,0,0,0,0,0,0,0,,08:04:00,1771772640,8.07,17:40:00,1771807200,17.67,9.6,,,-29,-29,-32,-32,,,,,,3,0.8,1.5,0,,,,
2026-02-21,-27.7,-35.75,-33.79,-39.9,,-54,68,60.5,60.5,53,-38,-40.9,-41.1,-44.2,23,13.08,15,7,35,1,106.1,105.77,105.46,104.82,103.13,102.85,102.54,101.96,24100,24100,24100,24100,1,1,1,1,51.8,0,0,0,0,0,0,0,42,08:07:00,1771686420,8.12,17:37:00,1771720620,17.62,9.5,,,-32,-32,-39,-38,,,,,,3,1.1,1.5,0,,,,
2026-02-20,-16.2,-22.16,-21.95,-27.7,,-45,79,73.3,71.5,64,-20.5,-25.7,-27.8,-35.1,26,12.29,15,4,41,33,104.61,102.93,103.22,101.84,101.76,100.15,100.41,99.06,24100,22966.7,18500,12900,1,1,1,1,40,0,0,0,0,0,0,0,74,08:10:00,1771600200,8.17,17:34:00,1771634040,17.57,9.4,,,-21,-21,-38,-36,,,,,,8,5.4,4,0,,,,
2026-02-19,-24.8,-30.79,-31.45,-38.1,,-51,73,70.8,70,67,-28.2,-34.5,-34.6,-41.1,21,13.96,12,3,32,14,102.66,102.04,102.21,101.76,99.79,99.21,99.38,98.97,24100,24100,24100,24100,1,1,1,1,49.5,0,0,0,0,0,0,0,47,08:13:00,1771513980,8.22,17:31:00,1771547460,17.52,9.3,,,-25,-25,-30,-28,,,,,,8,4.8,4,0,,,,
2026-02-18,-34,-38.18,-39.25,-44.5,,-52,71,66.5,66,61,-38.9,-42.3,-43.7,-48.5,23,11.21,13,3,,,104.19,103.7,103.5,102.8,101.26,100.78,100.6,99.93,24100,15387.5,12250,400,5,1.4,3,1,57.2,0,0,0,0,0,0,0,74,08:16:00,1771427760,8.27,17:28:00,1771460880,17.47,9.2,,,-35,-33,-37,-36,,,,,,1,0.4,0.5,0,,,,
2026-02-17,-32.3,-36.84,-36.95,-41.6,,-52,71,65.9,64.5,58,-38.1,-41.1,-41.5,-44.8,20,11.33,10,0,,,104.22,104,103.91,103.6,101.29,101.1,101.02,100.75,24100,24100,24100,24100,4,1.1,2.5,1,55,0,0,0,0,0,0,0,74,08:20:00,1771341600,8.33,17:25:00,1771374300,17.42,9.08,,,-34,-34,-42,-41,,,,,,5,0.6,2.5,0,,,,
2026-02-16,-25,-30.54,-30.05,-35.1,,-45,76,72.4,71.5,67,-29,-34,-33.5,-37.9,26,10.71,13,0,33,32,103.55,102.67,102.78,102.02,100.7,99.84,99.95,99.2,24100,22295.8,14450,4800,2,1.1,1.5,1,48,0,0,0,0,0,0,0,74,08:23:00,1771255380,8.38,17:22:00,1771287720,17.37,8.98,,,-27,-26,-39,-38,,,,,,7,3.2,3.5,0,,,,
2026-02-15,-26.3,-30.86,-30.6,-34.9,,-44,78,73.7,74.5,71,-29.1,-34.1,-33.8,-38.4,21,8.48,10.5,0,,,101.97,101.8,101.79,101.61,99.15,99.01,99.01,98.86,24100,23613,18500,12900,3,1.2,2,1,48.6,0,0,0,0,0,0,0,75,08:26:00,1771169160,8.43,17:19:00,1771201140,17.32,8.88,,,-25,-23,-33,-32,,,,,,8,2.8,4,0,,,,
2026-02-14,-20.3,-22.23,-22.6,-24.9,,-38,82,81.1,80,78,-22.9,-24.6,-25.6,-28.4,24,14.38,14,4,37,33,101.61,101.48,101.5,101.39,98.87,98.74,98.77,98.66,24100,15562.5,12450,800,1,1,1,1,40.6,0,0,0,0,0,0,0,75,08:29:00,1771082940,8.48,17:16:00,1771114560,17.27,8.78,,,-19,-19,-27,-25,,,,,,8,6.8,5,2,,,,
2026-02-13,-21.2,-22.91,-23.25,-25.3,,-33,82,80.8,80.5,79,-23.4,-25.4,-25.6,-27.8,12,7.58,6,0,,,101.48,101.23,101.19,100.89,98.74,98.49,98.45,98.16,24100,20637.5,12450,800,1,1,1,1,41.2,0,0,0,0,0,0,0,75,08:32:00,1770996720,8.53,17:13:00,1771027980,17.22,8.68,,,-16,-16,-24,-21,,,,,,8,7.4,4,0,,,,
2026-02-12,-22.3,-24.97,-24.9,-27.5,,-38,83,76.8,77.5,72,-25.1,-27.9,-28.1,-31.1,17,12.42,12,7,,,101.29,101.09,101.06,100.83,98.53,98.34,98.31,98.1,24100,23433.3,20100,16100,1,1,1,1,42.9,0,0,0,0,0,0,0,75,08:35:00,1770910500,8.58,17:10:00,1770941400,17.17,8.58,,,-19,-19,-21,-18,,,,,,8,7.8,6,4,,,,
2026-02-11,-23.5,-28.7,-27.65,-31.8,,-43,77,71.7,72,67,-28.8,-32.3,-32,-35.3,18,12.62,11.5,5,,,101.47,101.33,101.33,101.2,98.69,98.56,98.56,98.43,24100,21829.2,15250,6400,1.2,1,1.1,1,45.6,0,0,0,0,0.2,0,0.4,75,08:38:00,1770824280,8.63,17:07:00,1770854820,17.12,8.48,,,-23,-23,-28,-25,,,,,,8,6.9,4.5,1,,,,
2026-02-10,-22.6,-24.97,-26.2,-29.8,,-39,78,76.1,76,74,-25.7,-28,-29.3,-32.9,19,13.25,13.5,8,,,102.51,101.62,101.8,101.08,99.7,98.86,99.02,98.34,24100,12800,12650,1200,1.2,1.1,1.1,1,44.2,0,0,0,0,2.5,0,6.2,70,08:41:00,1770738060,8.68,17:04:00,1770768240,17.07,8.38,,,-20,-20,-28,-28,,,,,,8,7.4,4.5,1,,,,
2026-02-09,-25.3,-28.13,-28.95,-32.6,,-42,76,71.1,71,66,-28.8,-31.8,-32.2,-35.7,22,13.96,13.5,5,30,30,102.68,102.4,102.26,101.84,99.87,99.61,99.48,99.09,24100,24100,24100,24100,2,1.4,1.6,1.2,47,0,0,0,0,0,0,0,70,08:44:00,1770651840,8.73,17:01:00,1770681660,17.02,8.28,,,-27,-27,-29,-28,,,,,,8,6.4,5.5,3,,,,
2026-02-08,-20.7,-22.93,-23.25,-25.8,,-36,78,75.9,74.5,71,-24.2,-26.1,-26.4,-28.6,17,11.67,8.5,0,,,101.86,101.69,101.72,101.57,99.11,98.94,98.97,98.83,24100,18145.8,14450,4800,1.4,1.2,1.2,1,41.2,0,0,0,0,2.8,0,6.6,68,08:47:00,1770565620,8.78,16:58:00,1770595080,16.97,8.18,,,-20,-20,-25,-24,,,,,,8,7,4,0,,,,
2026-02-07,-20.4,-22.02,-21.85,-23.3,,-34,79,75.2,76,73,-23.3,-25.3,-24.9,-26.6,19,14.42,13.5,8,,,102.2,102.04,102.02,101.84,99.45,99.29,99.27,99.1,24100,19316.7,13450,2800,1.4,1.1,1.2,1,39.9,0,0,0,0,1,0,3.2,64,08:50:00,1770479400,8.83,16:55:00,1770508500,16.92,8.08,,,-22,-20,-24,-24,,,,,,8,7.6,7.5,7,,,,
2026-02-06,-20.8,-23.37,-23.15,-25.5,,-36,78,75.9,75.5,73,-23.7,-26.5,-26.2,-28.8,17,12.29,11.5,6,,,102.96,102.22,102.38,101.81,100.17,99.46,99.61,99.06,24100,14208.3,13250,2400,1.1,1,1.1,1,41.1,0,0,0,0,1.4,0,3.4,59,08:52:00,1770393120,8.87,16:52:00,1770421920,16.87,8,,,-21,-21,-24,-23,,,,,,8,8,8,8,,,,
2026-02-05,-23,-24.59,-24.2,-25.4,,-36,73,70.4,71,69,-26.9,-28.5,-28.1,-29.2,21,13,14,7,,,103.25,102.96,102.72,102.19,100.45,100.17,99.95,99.45,24100,23029.2,15250,6400,1.7,1.4,1.4,1,42.2,0,0,0,0,0,0,0,59,08:55:00,1770306900,8.92,16:49:00,1770335340,16.82,7.9,,,-21,-21,-27,-23,,,,,,8,7,6,4,,,,
2026-02-04,-15.6,-18.43,-19.55,-23.5,,-33,85,78.2,78.5,72,-17.8,-21.3,-22.4,-26.9,35,20.17,22.5,10,45,30,102.2,101.25,101.31,100.42,99.46,98.56,98.6,97.74,24100,17504.2,12650,1200,1.7,1.4,1.5,1.3,37.5,0,0,0,0,2.2,0,6,58,08:58:00,1770220680,8.97,16:46:00,1770248760,16.77,7.8,,,-16,-16,-23,-22,,,,,,8,4.7,4.5,1,,,,
2026-02-03,-17.5,-22.24,-22.2,-26.9,,-37,83,78,78,73,-18.9,-25.1,-24.4,-29.8,30,18.75,20.5,11,45,11,103.22,102.67,102.2,101.18,100.44,99.91,99.46,98.47,24100,20733.3,13450,2800,1.6,1.4,1.4,1.3,40.2,0,0,0,0,0,0,0,53,09:01:00,1770134460,9.02,16:43:00,1770162180,16.72,7.7,,,-19,-19,-18,-18,,,,,,8,5.2,4.5,1,,,,
2026-02-02,-15.2,-16.78,-17.29,-19.4,,-29,88,84.6,84,80,-17.2,-18.8,-20.2,-23.2,18,12,11.5,5,,,102.51,101.86,102.05,101.59,99.77,99.15,99.33,98.89,24100,17333.3,14450,4800,1.6,1.4,1.4,1.3,35.3,0,0,0,0,0.8,0,1,52,09:04:00,1770048240,9.07,16:40:00,1770075600,16.67,7.6,,,-14,-14,-24,-23,,,,,,8,7.8,7,6,,,,
2026-02-01,-17,-19.89,-21.2,-25.4,,-34,87,83.4,83.5,80,-18.7,-22,-22.6,-26.6,18,13.79,14,10,,,102.63,102.12,102.19,101.76,99.86,99.38,99.46,99.05,24100,23766.7,20100,16100,1.5,1.4,1.4,1.3,39.2,0,0,0,0,0,0,0,52,09:06:00,1769961960,9.1,16:37:00,1769989020,16.62,7.52,,,-20,-15,-19,-17,,,,,,8,8,8,8,,,,
2026-01-31,-16.9,-23.27,-21.2,-25.5,,-36,82,75.9,76,70,-23.8,-26.4,-25.9,-28,18,13.96,13.5,9,,,102.9,102.67,102.53,102.16,100.11,99.91,99.78,99.45,24100,24100,24100,24100,1.7,1.5,1.6,1.4,39.2,0,0,0,0,0,0,0,52,09:09:00,1769875740,9.15,16:34:00,1769902440,16.57,7.42,,,-20,-20,-24,-23,,,,,,7,2.2,3.5,0,,,,
2026-01-30,-12.5,-13.75,-14.7,-16.9,,-28,91,86.1,83.5,76,-13.9,-15.6,-17.5,-21.1,25,11.96,16,7,,,102.1,102,102.01,101.93,99.41,99.31,99.33,99.24,24100,19762.5,14450,4800,1.7,1.6,1.6,1.4,32.7,0,0,0,0,1.2,0.8,1.2,52,09:12:00,1769789520,9.2,16:31:00,1769815860,16.52,7.32,,,-14,-14,-24,-23,,,,,,8,8,8,8,,,,
2026-01-29,-12.5,-13.77,-14.3,-16.1,,-25,90,85.7,86,82,-14.2,-15.7,-16.1,-18.1,23,11.12,11.5,0,39,11,102.11,101.99,102.01,101.91,99.4,99.29,99.31,99.21,24100,9866.7,12850,1600,1.7,1.6,1.6,1.4,32.3,0,0,0,0,3,0,4.8,49,09:14:00,1769703240,9.23,16:28:00,1769729280,16.47,7.23,,,-11,-11,-15,-15,,,,,,8,8,8,8,,,,
2026-01-28,-15.7,-19.55,-19.85,-24,,-35,82,70.3,73,64,-18.4,-23.7,-22.9,-27.5,30,24.42,22.5,15,41,10,103.22,102.73,102.67,102.13,100.42,99.96,99.92,99.41,24100,20012.5,12850,1600,1.5,1.4,1.4,1.3,37.9,0,0,0,0,0,0,0,48,09:17:00,1769617020,9.28,16:25:00,1769642700,16.42,7.13,,,-17,-17,-17,-16,,,,,,8,6.7,5.5,3,,,,
2026-01-27,-23.7,-27.93,-28.35,-33,,-43,76,73.7,74,72,-26.8,-31.3,-31.3,-35.8,23,13.83,15.5,8,,,103.38,103.32,103.32,103.27,100.53,100.49,100.49,100.45,24100,24100,24100,24100,1.7,1.4,1.5,1.3,46.4,0,0,0,0,0,0,0,48,09:20:00,1769530800,9.33,16:22:00,1769556120,16.37,7.03,,,-25,-25,-25,-24,,,,,,8,7.2,7,6,,,,
2026-01-26,-27.4,-31.52,-31.6,-35.8,,-45,76,74.1,74,72,-31.1,-34.7,-34.8,-38.4,16,8.67,8,0,,,103.28,103.07,102.97,102.65,100.43,100.24,100.15,99.87,24100,24100,24100,24100,2.3,1.8,1.8,1.3,49.6,0,0,0,0,0,0,0,48,09:22:00,1769444520,9.37,16:19:00,1769469540,16.32,6.95,,,-30,-29,-34,-33,,,,,,6,1.5,3,0,,,,
2026-01-25,-16.6,-21.2,-23.45,-30.3,,-41,86,80.5,80.5,75,-19.2,-23.7,-26,-32.8,26,13.71,14.5,3,35,35,102.61,102.08,102.19,101.76,99.84,99.33,99.43,99.02,24100,21700,16900,9700,2,1.6,1.6,1.3,41.5,0,0,0,0,0.8,0,1.6,48,09:25:00,1769358300,9.42,16:17:00,1769383020,16.28,6.87,,,-19,-17,-35,-34,,,,,,8,6.4,4.5,1,,,,
2026-01-24,-19.4,-28.47,-27,-34.6,,-45,83,76,77.5,72,-21.1,-31.5,-29.4,-37.8,25,15.58,14.5,4,37,15,103.6,102.91,102.72,101.84,100.74,100.08,99.91,99.08,24100,15804.2,12850,1600,1.5,1.3,1.4,1.2,45,0,0,0,0,1.2,0,2.4,45,09:27:00,1769272020,9.45,16:14:00,1769296440,16.23,6.78,,,-19,-19,-23,-18,,,,,,8,5.4,4.5,1,,,,
2026-01-23,-27.1,-30.67,-31,-34.9,,-45,76,74.3,74,72,-30.3,-33.9,-34.2,-38.2,15,11.33,11.5,8,,,104.38,103.75,103.93,103.48,101.49,100.89,101.06,100.63,24100,21020.8,14450,4800,2,1.4,1.6,1.2,49,0,0,0,0,0,0,0,45,09:29:00,1769185740,9.48,16:11:00,1769209860,16.18,6.7,,,-24,-24,-32,-31,,,,,,8,5.1,4.5,1,,,,
2026-01-22,-31.2,-33.95,-34.35,-37.5,,-46,75,72.7,73,71,-34.7,-37.3,-37.6,-40.6,13,7.62,6.5,0,,,105.1,104.87,104.78,104.47,102.17,101.97,101.87,101.57,24100,22233.3,16900,9700,2.1,1.7,1.8,1.4,52.4,0,0,0,0,0,0,0,45,09:32:00,1769099520,9.53,16:08:00,1769123280,16.13,6.6,,,-32,-31,-36,-36,,,,,,7,2.6,3.5,0,,,,
2026-01-21,-19.2,-26.08,-27.2,-35.2,,-42,76,71.9,70,64,-23.3,-29.8,-30.2,-37.2,24,11.42,14.5,5,41,31,104.64,103.93,103.92,103.21,101.77,101.12,101.12,100.47,24100,24100,24100,24100,2,1.7,1.7,1.4,45.2,0,0,0,0,0,0,0,45,09:34:00,1769013240,9.57,16:05:00,1769036700,16.08,6.52,,,-26,-22,-37,-34,,,,,,8,3.8,4.5,1,,,,
2026-01-20,-6.5,-16.3,-15.45,-24.4,,-34,92,77.7,80.5,69,-8.8,-19.4,-16.6,-24.4,52,27.79,29.5,7,76,33,103.15,102.34,102.33,101.5,100.42,99.62,99.61,98.81,24100,14562.5,12850,1600,1.7,1.4,1.4,1,33.5,0,0,0,0,1.9,0,3.8,42,09:36:00,1768926960,9.6,16:02:00,1768950120,16.03,6.43,,,-12,-8,-24,-21,,,,,,8,5.8,4.5,1,,,,
2026-01-19,-21,-23.85,-25.5,-30,,-39,82,79.8,78.5,75,-23.4,-26.4,-28.1,-32.8,17,6.75,8.5,0,,,103.22,102.94,102.93,102.64,100.4,100.15,100.14,99.87,24100,14562.5,13050,2000,1.7,1.4,1.4,1.2,43.5,0,0,0,0,0.9,0,1.8,39,09:39:00,1768840740,9.65,15:59:00,1768863540,15.98,6.33,,,-20,-20,-25,-24,,,,,,8,6.4,4.5,1,,,,
2026-01-18,-23.3,-28.24,-27.65,-32,,-40,80,77.2,77.5,75,-26.2,-31.1,-30.4,-34.7,16,6.88,8,0,,,104.12,103.66,103.66,103.2,101.29,100.83,100.83,100.38,24100,24100,24100,24100,2.1,1.8,1.8,1.4,45.6,0,0,0,0,0,0,0,39,09:41:00,1768754460,9.68,15:57:00,1768777020,15.95,6.27,,,-26,-26,-30,-30,,,,,,8,4,4,0,,,,
2026-01-17,-19.8,-22.86,-23.95,-28.1,,-39,78,75,74,70,-23.6,-26.1,-27.6,-31.5,23,16.96,17.5,12,32,12,104.05,102.7,102.86,101.66,101.22,99.93,100.06,98.9,24100,22491.7,13650,3200,1.7,1.4,1.4,1.2,42,0,0,0,0,0,0,0,40,09:43:00,1768668180,9.72,15:54:00,1768690440,15.9,6.18,,,-19,-19,-32,-31,,,,,,8,5.3,4,0,,,,
2026-01-16,-23.3,-29.29,-29.4,-35.5,,-44,75,72.5,71,67,-26.4,-32.8,-31.9,-37.4,23,13.71,13.5,4,35,12,104.57,103.74,103.22,101.87,101.72,100.9,100.4,99.09,24100,24100,24100,24100,2.2,1.4,1.6,1,47.4,0,0,0,0,0,0,0,40,09:45:00,1768581900,9.75,15:51:00,1768603860,15.85,6.1,,,-21,-21,-25,-20,,,,,,8,5.2,4,0,,,,
2026-01-15,-16.3,-22.18,-21.95,-27.6,,-42,78,73.1,74,70,-20.6,-25.8,-26.3,-32,47,30.08,33,19,63,31,104.35,102.94,102.53,100.72,101.52,100.19,99.79,98.07,24100,23633.3,18500,12900,1.2,1.1,1.1,1,40,0,0,0,0,0,0,0,40,09:47:00,1768495620,9.78,15:48:00,1768517280,15.8,6.02,,,-18,-18,-32,-30,,,,,,8,4.8,4.5,1,,,,
2026-01-14,-5.8,-11.56,-12.1,-18.4,,-29,96,88.9,87.5,79,-6.6,-13.1,-13,-19.4,38,25.54,22,6,59,30,101.26,99.91,100.13,99,98.58,97.28,97.49,96.4,24100,21500,16900,9700,1.3,1,1.1,1,30.1,0,0,0,0,0,0,0,40,09:49:00,1768409340,9.82,15:46:00,1768430760,15.77,5.95,,,-2,-2,-19,-19,,,,,,8,7.7,6,4,,,,
2026-01-13,-14.5,-16.25,-16.95,-19.4,,-27,89,85.2,85.5,82,-16.4,-18.2,-18.5,-20.6,23,12.38,13.5,4,,,101.87,101.54,101.47,101.07,99.17,98.85,98.78,98.4,24100,18391.7,12650,1200,1.6,1.2,1.4,1.1,35,0,0,0,0,2.6,0,5.2,35,09:51:00,1768323060,9.85,15:43:00,1768344180,15.72,5.87,,,-15,-14,-15,-14,,,,,,8,6.3,5,2,,,,
2026-01-12,-13.2,-15.31,-17.04,-20.9,,-30,86,83.1,83.5,81,-15.8,-17.6,-18.9,-21.9,23,14.62,16.5,10,,,101.04,100.4,100.53,100.01,98.37,97.73,97.85,97.33,24100,18954.2,15250,6400,1.2,1.1,1.1,1,35,0,0,0,0,0.3,0,0.6,35,09:52:00,1768236720,9.87,15:41:00,1768257660,15.68,5.82,,,-14,-14,-16,-15,,,,,,8,8,8,8,,,,
2026-01-11,-19.4,-21.68,-22.9,-26.4,,-32,83,81.8,81,79,-21.8,-24,-25,-28.2,18,10.88,9,0,,,100.71,100.48,100.36,100,98.01,97.79,97.67,97.32,24100,23766.7,20100,16100,3,1.4,2,1.1,40.9,0,0,0,0,0,0,0,35,09:54:00,1768150440,9.9,15:38:00,1768171080,15.63,5.73,,,-22,-18,-22,-20,,,,,,8,4.2,4,0,,,,
2026-01-10,-17.9,-23.11,-25.2,-32.5,,-43,85,80.4,79.5,74,-20.4,-25.6,-27.4,-34.3,27,17.33,15,3,37,9,102.11,100.59,100.96,99.8,99.31,97.85,98.21,97.11,24100,18395.8,12650,1200,2,1.2,1.5,1,43.2,0,0,0,0,2.3,0,4.6,32,09:56:00,1768064160,9.93,15:36:00,1768084560,15.6,5.67,,,-16,-16,-23,-21,,,,,,8,6.1,5,2,,,,
2026-01-09,-24.3,-28.33,-29,-33.7,,-43,77,75.6,75,73,-27.9,-31.4,-32.4,-36.8,14,8.29,7,0,,,102.49,102.32,102.25,102.02,99.69,99.53,99.47,99.25,24100,23500,16900,9700,4,1.8,2.6,1.2,47,0,0,0,0,0,0,0,32,09:57:00,1767977820,9.95,15:33:00,1767997980,15.55,5.6,,,-28,-26,-34,-31,,,,,,8,4.9,4.5,1,,,,
2026-01-08,-24.6,-26.09,-26.2,-27.8,,-38,77,74.5,75.5,74,-27.7,-29.4,-29.4,-31,17,11.96,13,9,,,101.99,101.46,101.43,100.87,99.22,98.69,98.67,98.12,24100,17358.3,13650,3200,1.3,1.2,1.2,1.1,44.2,0,0,0,0,0.4,0.2,0.8,31,09:59:00,1767891540,9.98,15:31:00,1767911460,15.52,5.53,,,-26,-26,-30,-30,,,,,,8,8,8,8,,,,
2026-01-07,-24.9,-27.33,-27.5,-30.1,,-40,77,74.9,75,73,-28.2,-30.5,-30.2,-32.3,18,13.96,14,10,,,100.82,100.07,100.06,99.3,98.06,97.34,97.33,96.61,24100,23433.3,20100,16100,1.6,1.4,1.4,1.1,45.5,0,0,0,0,0,0,0,31,10:00:00,1767805200,10,15:29:00,1767824940,15.48,5.48,,,-24,-24,-29,-27,,,,,,8,6.9,6,4,,,,
2026-01-06,-23.6,-25.77,-27.2,-30.8,,-41,79,77.1,76.5,74,-26.9,-28.7,-29.8,-32.6,18,11.79,11.5,5,,,99.72,99.2,99.37,99.02,97,96.5,96.67,96.33,24100,14912.5,12850,1600,1.3,1.2,1.1,1,45.2,0,0,0,0,1.3,0,2.7,30,10:01:00,1767718860,10.02,15:27:00,1767738420,15.45,5.43,,,-23,-23,-33,-31,,,,,,8,7.3,5,2,,,,
2026-01-05,-24.5,-27.77,-29.7,-34.9,,-41,78,75.6,75.5,73,-27.9,-30.8,-32.1,-36.4,10,4.58,5,0,,,101.25,100.6,100.53,99.81,98.5,97.86,97.79,97.08,24100,20429.2,15250,6400,3,1.6,2,1.1,47.7,0,0,0,0,1.2,0,2.2,30,10:02:00,1767632520,10.03,15:25:00,1767651900,15.42,5.38,,,-23,-23,-34,-28,,,,,,8,5.2,4.5,1,,,,
2026-01-04,-24.6,-25.89,-26.55,-28.5,,-36,78,76.3,76.5,75,-27.8,-28.9,-29.6,-31.4,13,8.29,8,3,,,102.15,101.76,101.73,101.31,99.35,98.98,98.95,98.56,24100,15391.7,12850,1600,1.2,1.1,1.1,1.1,44.5,0,0,0,0,1.8,0,3.2,28,10:03:00,1767546180,10.05,15:23:00,1767565380,15.38,5.33,,,-28,-26,-28,-27,,,,,,8,8,8,8,,,,
2026-01-03,-27.6,-29.99,-30.55,-33.5,,-43,76,74.8,74.5,73,-30.9,-33.1,-33.5,-36.1,10,4.12,5,0,,,102.55,102.38,102.35,102.15,99.72,99.56,99.53,99.35,24100,24100,24100,24100,2,1.5,1.6,1.2,48.5,0,0,0,0,0,0,0,28,10:04:00,1767459840,10.07,15:21:00,1767478860,15.35,5.28,,,-30,-29,-34,-32,,,,,,8,7,6,4,,,,
2026-01-02,-29.5,-31.64,-31.3,-33.1,,-46,75,73.7,74,73,-33,-34.9,-34.6,-36.3,19,12.71,14,9,,,102.6,102.52,102.53,102.47,99.76,99.69,99.7,99.64,24100,24100,24100,24100,1.6,1.5,1.4,1.3,49.3,0,0,0,0,0,0,0,28,10:05:00,1767373500,10.08,15:19:00,1767392340,15.32,5.23,,,-29,-29,-34,-34,,,,,,7,2.5,3.5,0,,,,
2026-01-01,-28.2,-31.19,-30.85,-33.5,,-44,75,74,73.5,72,-31.6,-34.4,-34,-36.5,16,11.04,10.5,5,,,103.17,102.94,102.89,102.62,100.34,100.1,100.06,99.78,24100,24100,24100,24100,2,1.6,1.6,1.3,48.9,0,0,0,0,0,0,0,28,10:06:00,1767287160,10.1,15:17:00,1767305820,15.28,5.18,,,-27,-27,-34,-33,,,,,,7,4.4,3.5,0,,,,
2025-12-31,-26.9,-28.68,-28.75,-30.6,,-45,75,74.1,74,73,-30.2,-31.9,-31.9,-33.7,27,21.92,20,13,37,8,104.08,103.54,103.62,103.17,101.23,100.7,100.79,100.35,24100,24100,24100,24100,1.4,1.3,1.3,1.2,46.8,0,0,0,0,0,0,0,28,10:07:00,1767200820,10.12,15:15:00,1767219300,15.25,5.13,,,-27,-27,-33,-32,,,,,,7,5.4,4,1,,,,
2025-12-30,-22.9,-27.06,-26.54,-30.2,,-44,79,75,76,73,-26.9,-30.2,-30.2,-33.6,22,17.04,16.5,11,32,8,104.17,103.81,103.67,103.16,101.32,100.98,100.85,100.37,24100,23433.3,20100,16100,1.4,1.3,1.4,1.3,44.5,0,0,0,0,0,0,0,28,10:07:00,1767114420,10.12,15:13:00,1767132780,15.22,5.1,,,-25,-24,-31,-30,,,,,,8,5.2,4,0,,,,
2025-12-29,-21.8,-22.51,-22.45,-23.1,,-34,81,80.7,80.5,80,-24.3,-25,-25.2,-26.2,18,12.42,13.5,9,,,103.08,102.74,102.83,102.59,100.3,99.96,100.06,99.82,24100,8787.5,12850,1600,1.5,1.3,1.4,1.2,40.5,0,0,0,0,1.9,0,3.4,24,10:08:00,1767028080,10.13,15:12:00,1767046320,15.2,5.07,,,-23,-23,-27,-27,,,,,,8,7.8,6.5,5,,,,
2025-12-28,-22.8,-27.17,-29.4,-36,,-45,81,77,76,71,-25.3,-30,-31.7,-38.1,25,18.67,18,11,37,7,103.49,103.04,103.08,102.66,100.62,100.21,100.25,99.88,24100,16616.7,15250,6400,1.2,1.1,1.1,1,47.4,0,0,0,0,1,0,2,22,10:08:00,1766941680,10.13,15:10:00,1766959800,15.17,5.03,,,-26,-26,-26,-25,,,,,,8,6.2,5,2,,,,
2025-12-27,-32.9,-35.49,-35.9,-38.9,,-49,73,71,71,69,-36.8,-39,-39.6,-42.5,10,7.29,7,4,,,103.58,103.29,103.14,102.71,100.69,100.42,100.28,99.88,24100,24100,24100,24100,2.1,1.6,1.6,1.1,53.9,0,0,0,0,0,0,0,22,10:08:00,1766855280,10.13,15:09:00,1766873340,15.15,5.02,,,-35,-33,-39,-37,,,,,,3,0.8,1.5,0,,,,
2025-12-26,-18.8,-26.37,-26.2,-33.6,,-43,84,77.9,78,72,-20.9,-29.1,-28.9,-37,22,12.46,13.5,5,37,33,102.62,102.05,102.05,101.47,99.8,99.28,99.26,98.71,24100,24100,24100,24100,1.9,1.6,1.6,1.3,44.2,0,0,0,0,0,0,0,22,10:08:00,1766768880,10.13,15:08:00,1766786880,15.13,5,,,-25,-25,-34,-32,,,,,,8,4.5,4,0,,,,
2025-12-25,-24.1,-27.76,-28.15,-32.2,,-42,80,76.5,77,74,-25.6,-30.7,-30.4,-35.1,27,12.12,16,5,37,16,101.57,101.24,101.31,101.05,98.81,98.47,98.55,98.29,24100,24100,24100,24100,1.6,1.4,1.4,1.2,46.1,0,0,0,0,0,0,0,22,10:08:00,1766682480,10.13,15:07:00,1766700420,15.12,4.98,,,-22,-22,-28,-26,,,,,,8,3.9,4,0,,,,
2025-12-24,-22.8,-28.09,-29.2,-35.6,,-44,80,76.2,76,72,-25.6,-31.1,-31.7,-37.8,27,13.29,16,5,39,17,102.77,102.43,102.2,101.63,99.92,99.61,99.39,98.87,24100,24100,24100,24100,1.6,1.4,1.4,1.3,47.2,0,0,0,0,0,0,0,22,10:08:00,1766596080,10.13,15:06:00,1766613960,15.1,4.97,,,-26,-25,-30,-29,,,,,,8,3.5,4,0,,,,
2025-12-23,-32.1,-34.26,-34.29,-36.5,,-45,72,71.6,71.5,71,-36.2,-37.7,-37.7,-39.2,10,6.5,5,0,,,102.66,102.29,102.37,102.07,99.8,99.45,99.53,99.25,24100,24100,24100,24100,2.1,1.8,1.8,1.5,52.3,0,0,0,0,0,0,0,22,10:08:00,1766509680,10.13,15:06:00,1766527560,15.1,4.97,,,-31,-31,-37,-37,,,,,,4,1.1,2,0,,,,
2025-12-22,-27.9,-32.49,-32.95,-38,,-47,76,73,73,70,-31,-35.8,-35.8,-40.5,11,7.42,8,5,,,102.87,102.53,102.49,102.1,100.01,99.68,99.64,99.27,24100,20766.7,16900,9700,2.4,1.8,2,1.5,51,0,0,0,0,0,0,0,22,10:07:00,1766423220,10.12,15:05:00,1766441100,15.08,4.97,,,-30,-27,-37,-36,,,,,,8,4.9,4,0,,,,
2025-12-21,-29.4,-34.33,-33,-36.6,,-48,74,71.8,72,70,-34.3,-37.8,-37,-39.8,18,11.83,12.5,7,,,102.92,102.65,102.51,102.11,100.06,99.81,99.69,99.32,24100,24100,24100,24100,1.7,1.6,1.6,1.5,51,0,0,0,0,0,0,0,,10:07:00,1766336820,10.12,15:04:00,1766354640,15.07,4.95,,,-30,-28,-37,-35,,,,,,1,0.5,0.5,0,,,,
2025-12-20,-24.1,-26.64,-26.85,-29.6,,-42,79,77.5,77,75,-26.9,-29.5,-30.1,-33.3,17,12.38,13,9,32,32,102.02,101.46,101.59,101.17,99.23,98.7,98.83,98.42,24100,23362.5,15250,6400,1.7,1.6,1.6,1.5,44.9,0,0,0,0,0,0,0,22,10:06:00,1766250360,10.1,15:04:00,1766268240,15.07,4.97,,,-23,-23,-36,-35,,,,,,8,3.7,4,0,,,,
2025-12-19,-24.2,-27.16,-28.35,-32.5,,-41,79,77.1,76.5,74,-27.2,-30,-31,-34.8,16,11.58,12,8,,,101.13,101.03,101.04,100.96,98.37,98.27,98.28,98.19,24100,24100,24100,24100,1.9,1.7,1.7,1.5,46.4,0,0,0,0,0,0,0,22,10:06:00,1766163960,10.1,15:04:00,1766181840,15.07,4.97,,,-25,-25,-29,-29,,,,,,7,2.7,3.5,0,,,,
2025-12-18,-24.3,-27.4,-28.05,-31.8,,-41,79,76.9,76.5,74,-27.3,-30.3,-31.1,-34.8,16,11.5,11.5,7,,,101.58,101.47,101.38,101.18,98.81,98.69,98.61,98.41,24100,24100,24100,24100,2.1,1.8,1.8,1.4,46,0,0,0,0,0,0,0,22,10:05:00,1766077500,10.08,15:03:00,1766095380,15.05,4.97,,,-25,-25,-32,-31,,,,,,8,2.6,4.5,1,,,,
2025-12-17,-27.5,-35.13,-34,-40.5,,-51,77,71.3,72.5,68,-29.7,-38.6,-37,-44.2,13,6.83,6.5,0,,,101.58,101.38,101.33,101.09,98.76,98.55,98.53,98.29,24100,20625,13650,3200,4,2.1,2.6,1.2,52,0,0,0,0,0,0,0,22,10:04:00,1765991040,10.07,15:03:00,1766008980,15.05,4.98,,,-30,-30,-33,-29,,,,,,7,3,3.5,0,,,,
2025-12-16,-27.8,-30.76,-33.04,-38.3,,-48,77,74.6,73,69,-30.9,-33.9,-36.5,-42,12,7.54,8,4,,,101.18,101,101.03,100.89,98.41,98.23,98.27,98.12,24100,22495.8,14450,4800,5,2.1,3.2,1.5,51,0,0,0,0,0,0,0,22,10:03:00,1765904580,10.05,15:03:00,1765922580,15.05,5,,,-25,-25,-38,-31,,,,,,8,4.2,4,0,,,,
2025-12-15,-24.5,-26.27,-26.2,-27.9,,-38,79,77.8,77.5,76,-27.4,-29.1,-29.6,-31.7,17,10.58,11.5,6,,,102.04,101.46,101.58,101.11,99.26,98.7,98.81,98.35,24100,23766.7,20100,16100,1.7,1.6,1.6,1.4,44.2,0,0,0,0,0,0,0,22,10:01:00,1765818060,10.02,15:04:00,1765836240,15.07,5.05,,,-26,-26,-33,-30,,,,,,8,6,4.5,1,,,,
2025-12-14,-25.7,-27.55,-27.95,-30.2,,-39,78,76.8,76.5,75,-28.3,-30.5,-30.6,-32.8,14,9,9.5,5,,,102.11,102.02,102.02,101.93,99.31,99.23,99.23,99.15,24100,24100,24100,24100,2,1.6,1.6,1.3,46,0,0,0,0,0,0,0,22,10:00:00,1765731600,10,15:04:00,1765749840,15.07,5.07,,,-28,-27,-30,-29,,,,,,7,4.8,4,1,,,,
2025-12-13,-24.7,-27.61,-28.45,-32.2,,-40,79,76.7,77,75,-27.6,-30.5,-30.6,-33.6,13,7,8,3,,,102.26,102.06,102.1,101.93,99.45,99.26,99.3,99.15,24100,24100,24100,24100,1.6,1.4,1.4,1.1,46.5,0,0,0,0,0,0,0,22,09:59:00,1765645140,9.98,15:04:00,1765663440,15.07,5.08,,,-26,-25,-31,-28,,,,,,8,5.4,5.5,3,,,,
2025-12-12,-29.7,-34.96,-33.95,-38.2,,-48,76,71.7,72.5,69,-31.9,-38.4,-36.8,-41.7,14,7.33,7,0,,,103.95,103.11,103.13,102.31,101.06,100.23,100.26,99.47,24100,17279.2,15250,6400,2.1,1.6,1.6,1.2,52,0,0,0,0,0,0,0,22,09:57:00,1765558620,9.95,15:05:00,1765577100,15.08,5.13,,,-32,-24,-33,-24,,,,,,8,2.8,4.5,1,,,,
2025-12-11,-29.1,-33.05,-32.45,-35.8,,-47,75,73,73,71,-32.8,-36.4,-36,-39.1,15,11.08,11,7,,,103.96,103.54,103.4,102.84,101.08,100.69,100.55,100.02,24100,24100,24100,24100,1.8,1.5,1.6,1.3,50.5,0,0,0,0,0,0,0,22,09:56:00,1765472160,9.93,15:05:00,1765490700,15.08,5.15,,,-33,-32,-36,-36,,,,,,4,2.1,2,0,,,,
2025-12-10,-24,-26.7,-26.75,-29.5,,-40,78,77,77,76,-27.5,-29.6,-30.5,-33.5,18,10.83,11.5,5,,,102.82,102.51,102.61,102.39,100,99.73,99.81,99.61,24100,23766.7,20100,16100,1.7,1.5,1.4,1.2,44.8,0,0,0,0,0,0,0,22,09:54:00,1765385640,9.9,15:06:00,1765404360,15.1,5.2,,,-24,-24,-31,-30,,,,,,8,5.7,5,2,,,,
2025-12-09,-23.1,-23.82,-23.95,-24.8,,-35,78,76.8,76.5,75,-26.3,-26.8,-26.8,-27.2,17,14.58,13.5,10,,,102.55,102.19,102.17,101.79,99.77,99.43,99.4,99.03,24100,15670.8,14450,4800,1.5,1.3,1.4,1.2,42,0,0,0,0,0,0,0,22,09:52:00,1765299120,9.87,15:07:00,1765318020,15.12,5.25,,,-24,-24,-27,-27,,,,,,8,8,7.5,7,,,,
2025-12-08,-24.7,-26.25,-27.2,-29.7,,-38,78,76.5,76.5,75,-27.1,-29.2,-29.6,-32.2,18,12.83,13,8,,,102.34,102.1,102.06,101.78,99.53,99.31,99.27,99.02,24100,14995.8,14450,4800,1.5,1.3,1.3,1.1,45.2,0,0,0,0,0,0,0,22,09:50:00,1765212600,9.83,15:08:00,1765231680,15.13,5.3,,,-26,-26,-26,-26,,,,,,8,7.7,7.5,7,,,,
2025-12-07,-27.8,-29.2,-29.3,-30.8,,-42,77,75.4,75.5,74,-30.8,-32.3,-32.4,-34,15,10.88,11.5,8,,,102.74,102.59,102.54,102.34,99.91,99.77,99.72,99.53,24100,19233.3,16900,9700,1.7,1.3,1.4,1.2,47.3,0,0,0,0,0,0,0,28,09:48:00,1765126080,9.8,15:09:00,1765145340,15.15,5.35,,,-26,-26,-30,-29,,,,,,8,6.1,4.5,1,,,,
2025-12-06,-29.7,-33.7,-33.75,-37.8,,-46,76,72.8,73,70,-32.1,-37,-36.4,-40.7,11,7.38,7.5,4,,,102.71,102.58,102.51,102.32,99.87,99.73,99.68,99.49,24100,23100,20100,16100,3,1.9,2.1,1.2,51.8,0,0,0,0,0,0,0,28,09:46:00,1765039560,9.77,15:10:00,1765059000,15.17,5.4,,,-32,-32,-30,-30,,,,,,7,2.7,4,1,,,,
2025-12-05,-25,-31.23,-30.15,-35.3,,-44,78,75.9,75,72,-30,-34.2,-34.1,-38.3,14,8.88,9.5,5,,,102.54,102.41,102.4,102.26,99.76,99.6,99.6,99.43,24100,23766.7,20100,16100,2.3,1.7,1.8,1.4,48.1,0,0,0,0,0,0,0,28,09:44:00,1764953040,9.73,15:11:00,1764972660,15.18,5.45,,,-28,-27,-35,-33,,,,,,7,1.9,3.5,0,,,,
2025-12-04,-12.9,-17.67,-19,-25.1,,-37,90,83.6,83.5,77,-14.3,-19.8,-21.6,-28.8,40,23.88,27,14,54,33,102.46,101.79,101.83,101.2,99.71,99.09,99.12,98.53,24100,16779.2,13650,3200,2.2,1.8,1.8,1.4,37,0,0,0,0,1,0,2.2,27,09:42:00,1764866520,9.7,15:13:00,1764886380,15.22,5.52,,,-17,-16,-28,-27,,,,,,8,5.6,4.5,1,,,,
2025-12-03,-11,-16.41,-19.7,-28.4,,-31,88,86.8,84.5,81,-15.8,-18.1,-20.9,-25.9,23,13.67,15,7,37,16,102.2,101.27,101.58,100.96,99.42,98.56,98.84,98.27,24100,10508.3,12550,1000,1.7,1.3,1.4,1,37.7,0,0,0,0,3.1,0,8.8,21,09:40:00,1764780000,9.67,15:14:00,1764800040,15.23,5.57,,,-12,-12,-18,-17,,,,,,8,7.4,6,4,,,,
2025-12-02,-16.9,-27.46,-24.29,-31.7,,-40,85,77.6,79.5,74,-20.5,-30.2,-27.6,-34.8,13,8.75,9,5,,,102.96,102.64,102.49,102.02,100.15,99.87,99.74,99.32,24100,24100,24100,24100,1.7,1.4,1.4,1.2,42.3,0,0,0,0,0,0,0,18,09:37:00,1764693420,9.62,15:15:00,1764713700,15.25,5.63,,,-30,-26,-28,-25,,,,,,8,3.8,4,0,,,,
2025-12-01,-11.6,-13.31,-14.3,-17,,-27,91,89.7,88.5,86,-12.8,-14.7,-16.2,-19.6,21,12.62,13,5,,,101.93,101.4,101.53,101.14,99.23,98.73,98.86,98.48,24100,19033.3,16900,9700,1.4,1.3,1.3,1.2,32.3,0,0,0,0,0.2,0,0.6,17,09:35:00,1764606900,9.58,15:17:00,1764627420,15.28,5.7,,,-14,-12,-31,-30,,,,,,8,8,8,8,,,,
2025-11-30,-12.6,-13.31,-13.5,-14.4,,-22,90,89.4,89.5,89,-13.9,-14.7,-14.4,-15,18,11.58,13,8,,,102.4,102.14,102.06,101.71,99.68,99.45,99.36,99.03,24100,15412.5,14450,4800,1.4,1.3,1.3,1.2,31.5,0,0,0,0,1.4,0,3.6,15,09:33:00,1764520380,9.55,15:19:00,1764541140,15.32,5.77,,,-14,-14,-18,-13,,,,,,8,8,8,8,,,,
2025-11-29,-13.1,-17.65,-18.45,-23.8,,-29,89,85.8,85,81,-14.8,-19.5,-20.1,-25.5,16,7.38,8,0,,,103.34,103.05,102.89,102.44,100.61,100.31,100.17,99.72,24100,18958.3,12250,400,1.6,1.4,1.3,1,36.5,0,0,0,0,0,0,0,14,09:30:00,1764433800,9.5,15:20:00,1764454800,15.33,5.83,,,-19,-19,-18,-16,,,,,,8,4.9,4.5,1,,,,
2025-11-28,-13.1,-14.53,-15.2,-17.3,,-21,90,88.5,88.5,87,-14.5,-16,-16.4,-18.2,7,3.62,3.5,0,,,103.83,103.61,103.58,103.34,101.08,100.87,100.85,100.61,24100,24100,24100,24100,1.5,1.3,1.2,1,33.2,0,0,0,0,0,0,0,14,09:28:00,1764347280,9.47,15:22:00,1764368520,15.37,5.9,,,-15,-14,-23,-20,,,,,,8,7.8,7.5,7,,,,
2025-11-27,-11.4,-13.25,-13.2,-15,,-23,91,89.8,88.5,86,-13.3,-14.6,-16.1,-18.9,20,12.88,13.5,7,,,103.84,103.75,103.72,103.61,101.09,101.02,100.99,100.89,24100,23766.7,20100,16100,1.4,1.3,1.3,1.2,31.2,0,0,0,0,0,0,0,14,09:25:00,1764260700,9.42,15:24:00,1764282240,15.4,5.98,,,-12,-12,-20,-16,,,,,,8,7.6,6,4,,,,
2025-11-26,-9.5,-13.24,-14.7,-19.9,,-25,93,89.7,88.5,84,-10.6,-14.6,-16.2,-21.9,17,10.54,11,5,,,103.58,103.16,103.19,102.81,100.86,100.44,100.47,100.08,24100,15925,12650,1200,1.5,1.3,1.4,1.2,32.7,0,0,0,0,2.3,0,4.6,9,09:23:00,1764174180,9.38,15:26:00,1764195960,15.43,6.05,,,-12,-12,-16,-14,,,,,,8,7.2,5.5,3,,,,
2025-11-25,-12.2,-14.65,-15.55,-18.9,,-25,91,88.4,88,85,-13.5,-16.2,-16.8,-20.1,10,6.33,7,4,,,102.78,102.6,102.6,102.41,100.06,99.89,99.89,99.72,24100,21041.7,13050,2000,1.5,1.3,1.4,1.2,33.5,0,0,0,0,0,0,0,9,09:20:00,1764087600,9.33,15:28:00,1764109680,15.47,6.13,,,-14,-12,-18,-14,,,,,,8,6.1,5,2,,,,
2025-11-24,-8.5,-11.55,-11.05,-13.6,,-21,94,91.4,91.5,89,-9.4,-12.7,-12.2,-15.1,16,10.96,11.5,7,,,102.38,101.97,101.95,101.53,99.69,99.3,99.29,98.89,24100,19062.5,13450,2800,1.4,1.2,1.2,1.1,29.1,0,0,0,0,0,0,0,11,09:17:00,1764001020,9.28,15:30:00,1764023400,15.5,6.22,,,-9,-9,-17,-16,,,,,,8,7.5,5,2,,,,
2025-11-23,-6.6,-8.13,-10.64,-14.7,,-15,96,94.5,94,92,-7.1,-8.8,-9.5,-11.9,20,10.88,12,4,33,31,101.5,100.96,100.92,100.33,98.86,98.33,98.28,97.7,24100,12958.3,12250,400,1.2,1,1.1,1,28.6,0,0,0,0,0,0,0,11,09:14:00,1763914440,9.23,15:32:00,1763937120,15.53,6.3,,,-7,-7,-13,-11,,,,,,8,7.9,7.5,7,,,,
2025-11-22,-6,-12.47,-11.35,-16.7,,-21,93,90.5,89.5,86,-9.6,-13.7,-13.8,-18,14,6.62,7,0,,,100.28,99.71,99.76,99.25,97.64,97.09,97.15,96.66,24100,17304.2,12250,400,1.6,1.3,1.3,1,29.4,0,0,0,0,0,0,0,11,09:12:00,1763827920,9.2,15:34:00,1763850840,15.57,6.37,,,-9,-7,-13,-12,,,,,,8,2.5,4,0,,,,
2025-11-21,-0.7,-5.22,-4.39,-8.1,,-15,100,97.4,97.5,95,-0.9,-5.6,-4.8,-8.7,32,19.92,18,4,41,13,100,99.36,99.54,99.09,97.38,96.78,96.95,96.53,24100,21391.7,12450,800,1.1,1,1.1,1,22.4,0,0,0,0,0.4,0,0.8,10,09:09:00,1763741340,9.15,15:37:00,1763764620,15.62,6.47,,,-3,-3,-8,-8,,,,,,8,7.2,4,0,,,,
2025-11-20,-7.2,-13.6,-14.7,-22.2,,-26,95,89.5,89,83,-7.8,-15,-15.2,-22.7,33,17.29,16.5,0,50,10,101.79,101.19,100.93,100.07,99.09,98.51,98.26,97.44,24100,19270.8,12350,600,1.5,1.2,1.2,1,32.7,0,0,0,0,0,0,0,10,09:06:00,1763654760,9.1,15:39:00,1763678340,15.65,6.55,,,-8,-8,-8,-7,,,,,,8,5.5,4,0,,,,
2025-11-19,-12,-15,-15.75,-19.5,,-28,92,88.3,88.5,85,-13.1,-16.5,-17.1,-21,17,12.42,11,5,,,101.76,101.29,101.34,100.91,99.06,98.61,98.65,98.25,24100,21162.5,15250,6400,1.5,1.2,1.3,1.1,33.8,0,0,0,0,0,0,0,12,09:03:00,1763568180,9.05,15:41:00,1763592060,15.68,6.63,,,-12,-12,-17,-17,,,,,,8,5.6,4,0,,,,
2025-11-18,-10.2,-16.85,-15.45,-20.7,,-26,91,87.1,87.5,84,-14.1,-18.5,-18.4,-22.6,13,6.29,6.5,0,,,101.05,100.97,100.93,100.81,98.36,98.3,98.26,98.17,24100,24100,24100,24100,2.2,1.6,1.6,1.1,33.5,0,0,0,0,0,0,0,12,09:01:00,1763481660,9.02,15:44:00,1763505840,15.73,6.72,,,-13,-13,-18,-13,,,,,,8,3.8,4,0,,,,
2025-11-17,-8.7,-9.98,-10.05,-11.4,,-22,92,87.6,85.5,79,-9.9,-11.7,-11.6,-13.2,36,21.71,22,8,46,8,101.82,101.07,101.24,100.67,99.16,98.43,98.6,98.03,24100,12879.2,12650,1200,1.4,1.3,1.3,1.2,28.1,0,0,0,0,3.8,0,8,5,08:58:00,1763395080,8.97,15:46:00,1763419560,15.77,6.8,,,-11,-11,-18,-14,,,,,,8,7.8,7,6,,,,
2025-11-16,-8.1,-10.41,-12.89,-17.7,,-19,93,87.6,88,83,-9.8,-12.1,-12.5,-15.2,30,16.54,17.5,5,42,12,101.88,101.82,101.82,101.76,99.22,99.15,99.15,99.08,24100,24100,24100,24100,1.2,1.1,1.1,1,30.9,0,0,0,0,0,0,0,5,08:55:00,1763308500,8.92,15:49:00,1763333340,15.82,6.9,,,-13,-10,-13,-13,,,,,,8,7.7,7,6,,,,
2025-11-15,-10.8,-14.01,-15.05,-19.3,,-25,90,86.5,85,80,-13.1,-15.8,-17.2,-21.3,13,8.04,8,3,,,101.72,101.38,101.35,100.97,99.04,98.71,98.67,98.31,24100,24100,24100,24100,1.7,1.3,1.4,1.2,33,0,0,0,0,0,0,0,5,08:52:00,1763221920,8.87,15:51:00,1763247060,15.85,6.98,,,-15,-11,-21,-19,,,,,,8,3.6,4.5,1,,,,
2025-11-14,-7.6,-10.97,-11.1,-14.6,,-22,93,88.8,89.5,86,-9.4,-12.5,-12.9,-16.5,25,17.75,16.5,8,35,35,100.9,100.43,100.46,100.01,98.25,97.8,97.83,97.4,24100,20958.3,15250,6400,1.3,1.2,1.2,1.1,29.1,0,0,0,0,0.6,0,1,5,08:49:00,1763135340,8.82,15:54:00,1763160840,15.9,7.08,,,-10,-10,-19,-17,,,,,,8,6.6,4,0,,,,
2025-11-13,-6.4,-8.54,-8.4,-10.4,,-17,96,94.7,94.5,93,-7.1,-9.2,-9.2,-11.2,23,15.67,15.5,8,33,2,101.43,100.71,100.73,100.03,98.79,98.08,98.11,97.42,24100,8491.7,12850,1600,1.1,1,1.1,1,26.4,0,0,0,0,0.2,0,0.6,3,08:46:00,1763048760,8.77,15:56:00,1763074560,15.93,7.17,,,-8,-8,-11,-10,,,,,,8,8,8,8,,,,
2025-11-12,-5.9,-8.19,-7.7,-9.5,,-16,97,90.4,91.5,86,-8.8,-9.5,-9.4,-10,22,14,13.5,5,37,30,101.52,101.36,101.29,101.06,98.88,98.72,98.65,98.43,24100,21125,13250,2400,1.4,1.2,1.2,1,25.7,0,0,0,0,0,0,0,3,08:43:00,1762962180,8.72,15:59:00,1762988340,15.98,7.27,,,-8,-8,-11,-10,,,,,,8,7.5,6,4,,,,
2025-11-11,-3,-4.88,-4.45,-5.9,,-14,95,90.4,90,85,-4.5,-6.2,-6.6,-8.7,25,21.12,19.5,14,41,30,100.99,100.47,100.4,99.82,98.37,97.87,97.81,97.25,24100,23700,21700,19300,1,1,1,1,22.4,0,0,0,0,0,0,0,1,08:40:00,1762875600,8.67,16:01:00,1762902060,16.02,7.35,,,-3,-3,-8,-8,,,,,,8,7.9,7.5,7,,,,
2025-11-10,0.4,-0.47,-1.45,-3.3,,-10,100,97,95,90,0.4,-0.9,-2,-4.5,28,17.17,14,0,45,27,99.77,99.11,99.21,98.65,97.2,96.57,96.66,96.12,24100,12350,12450,800,1,1,1,1,19.4,0,0,0,0,6.6,1.6,6,7,08:37:00,1762789020,8.62,16:04:00,1762815840,16.07,7.45,,,0,1,-6,-6,,,,,,8,8,8,8,,,,
2025-11-09,0.8,-0.3,-0.54,-1.9,,-8,100,92.6,93,86,0.2,-1.4,-1.5,-3.2,26,20.42,20,14,39,13,102.17,101.13,100.74,99.32,99.53,98.53,98.15,96.77,24100,18708.3,12850,1600,1,1,1,1,18.5,0,0,0,0,6.6,0,12,0,08:34:00,1762702440,8.57,16:07:00,1762729620,16.12,7.55,,,0,0,-1,0,,,,,,8,8,8,8,,,,
2025-11-08,0.1,-4.67,-3.9,-7.9,,-16,93,89.4,88.5,84,-1.5,-6.2,-5.7,-9.8,36,25.75,27,18,46,15,102.5,102.36,102.34,102.18,99.84,99.71,99.69,99.54,24100,23300,16900,9700,1.1,1,1.1,1,21.9,0,0,0,0,0,0,0,0,08:31:00,1762615860,8.52,16:10:00,1762643400,16.17,7.65,,,-2,-2,-4,-3,,,,,,8,8,8,8,,,,
2025-11-07,-7.8,-9.72,-9.85,-11.9,,-21,88,81.6,82,76,-9.9,-12.3,-11.9,-13.9,34,26.46,28,22,45,11,102.22,102.1,102.12,102.02,99.56,99.43,99.45,99.35,24100,24100,24100,24100,1.2,1.1,1.1,1.1,27.9,0,0,0,0,0,0,0,0,08:28:00,1762529280,8.47,16:13:00,1762557180,16.22,7.75,,,-11,-11,-10,-9,,,,,,8,7,6,4,,,,
2025-11-06,-8.9,-11.15,-11.15,-13.4,,-23,88,84.5,84,80,-11.8,-13.3,-13.5,-15.2,29,21.75,22,15,41,8,102.51,102.43,102.37,102.23,99.82,99.74,99.69,99.55,24100,23766.7,20100,16100,1.1,1.1,1.1,1,29.1,0,0,0,0,0,0,0,0,08:26:00,1762442760,8.43,16:15:00,1762470900,16.25,7.82,,,-11,-10,-14,-13,,,,,,8,6,4,0,,,,
2025-11-05,-10.9,-12.62,-12.3,-13.7,,-22,90,82.7,80,70,-13.1,-15,-14.6,-16.1,22,15.17,14.5,7,33,7,102.65,102.54,102.53,102.41,99.95,99.84,99.83,99.72,24100,24100,24100,24100,1.1,1,1.1,1,30.3,0,0,0,0,0,0,0,0,08:23:00,1762356180,8.38,16:18:00,1762384680,16.3,7.92,,,-10,-10,-17,-16,,,,,,7,4,4,1,,,,
2025-11-04,-4.4,-8.28,-8.25,-12.1,,-18,91,83.2,82.5,74,-5.8,-10.7,-9.8,-13.7,18,12.5,12,6,,,102.44,101.86,101.73,101.02,99.76,99.22,99.09,98.41,24100,24100,24100,24100,1.4,1.2,1.2,1,26.2,0,0,0,0,0,0,0,0,08:20:00,1762269600,8.33,16:21:00,1762298460,16.35,8.02,,,-6,-6,-18,-17,,,,,,8,5.6,4.5,1,,,,
2025-11-03,0.5,-2.01,-2.04,-4.6,,-11,91,86,85,79,-1.6,-4,-3.9,-6.2,29,22.21,22.5,16,42,29,100.92,100.1,100.24,99.56,98.32,97.53,97.67,97.01,24100,16941.7,13650,3200,1,1,1,1,20,0,0,0,0,0.2,0,0.4,0,08:17:00,1762183020,8.28,16:24:00,1762212240,16.4,8.12,,,-1,-1,-8,-8,,,,,,8,7.6,6.5,5,,,,
2025-11-02,1,-0.08,-1.1,-3.2,,-5,100,95.6,94,88,0.1,-0.7,-0.9,-1.9,17,9.48,8.5,0,,,99.5,99.03,99.03,98.56,96.95,96.5,96.5,96.05,24100,24100,24100,24100,1,1,1,1,19.1,0,0,0,0,0,0,0,,08:14:00,1762096440,8.23,16:27:00,1762126020,16.45,8.22,,,2,2,-3,-3,,,,,,8,6.8,6,4,,,,
2025-11-01,5.8,3.46,2.44,-0.9,,-4,99,90.9,85.5,72,3.9,2,1.8,-0.3,36,15.42,20.5,5,52,16,98.8,98.43,98.52,98.24,96.28,95.92,96.01,95.75,24100,23100,16900,9700,1.1,1,1.1,1,15.6,0,0,0,0,2.1,2.1,0,,09:11:00,1762009860,9.18,17:30:00,1762039800,17.5,8.32,,,6,6,0,0,,,,,,8,4.8,4.5,1,,,,
2025-10-31,4,2.94,2.95,1.9,,,98,89.9,89.5,81,2.7,1.4,1.7,0.7,42,31.08,32,22,61,14,101.33,100.3,100.12,98.92,98.74,97.74,97.57,96.4,24100,22900,16900,9700,1,1,1,1,15.1,0,0,0,0,2.4,2.4,0,0,09:08:00,1761923280,9.13,17:33:00,1761953580,17.55,8.42,,,5,5,0,3,,,,,,8,7.2,7,6,,,,
2025-10-30,2.5,0.12,-0.05,-2.6,,-6,100,97,95,90,1.4,-0.3,-0.6,-2.5,30,17.17,17,4,41,16,102.15,101.84,101.77,101.39,99.52,99.22,99.16,98.8,24100,17841.7,12450,800,1,1,1,1,18.1,0,0,0,0,0.2,0,0.4,2,09:05:00,1761836700,9.08,17:36:00,1761867360,17.6,8.52,,,2,2,-3,1,,,,,,8,7.8,7.5,7,,,,
2025-10-29,0.5,-0.65,-0.89,-2.3,,-5,100,100,99.5,99,0.4,-0.7,-0.9,-2.3,13,7.25,6.5,0,,,102.09,101.91,101.93,101.77,99.47,99.29,99.31,99.15,24100,12837.5,12250,400,1,1,1,1,18.9,0,0,0,0,0,0,0,3,09:02:00,1761750120,9.03,17:39:00,1761781140,17.65,8.62,,,-1,-1,-3,-2,,,,,,8,8,7.5,7,,,,
2025-10-28,-2.2,-3.41,-3.5,-4.8,,-11,99,93,92.5,86,-2.3,-4.4,-4.2,-6.1,23,12.21,13.5,4,32,4,102.24,102.15,102.11,101.97,99.61,99.52,99.47,99.34,24100,14125,12850,1600,1,1,1,1,21.5,0,0,0,0,2.2,0,3.2,0,08:59:00,1761663540,8.98,17:42:00,1761694920,17.7,8.72,,,-2,-2,-3,-3,,,,,,8,6.8,5,2,,,,
2025-10-27,-0.5,-1.76,-2.04,-3.6,,-9,90,86.6,86,82,-2.3,-3.7,-3.8,-5.2,32,22.12,23.5,15,41,3,102.02,101.66,101.72,101.42,99.39,99.05,99.11,98.82,24100,23766.7,20100,16100,1.1,1,1.1,1,20,0,0,0,0,0,0,0,0,08:56:00,1761576960,8.93,17:45:00,1761608700,17.75,8.82,,,0,0,-8,-8,,,,,,8,6.9,5.5,3,,,,
2025-10-26,3.6,1.3,1.4,-0.8,,-6,99,93.2,92.5,86,1.4,0.3,-0.4,-2.3,20,13.5,12,4,,,101.39,100.83,100.63,99.87,98.79,98.25,98.06,97.33,24100,22762.5,15250,6400,1,1,1,1,16.6,0,0,0,0,0,0,0,,08:54:00,1761490440,8.9,17:48:00,1761522480,17.8,8.9,,,2,2,-3,-2,,,,,,8,7.4,5.5,3,,,,
2025-10-25,5.2,3.38,2.9,0.6,,,100,96.4,96,92,4.2,2.9,2.5,0.9,22,9.58,13,4,32,31,99.78,99.47,99.56,99.35,97.24,96.94,97.03,96.82,24100,24100,24100,24100,1.1,1,1.1,1,15.1,0,0,0,0,0,0,0,,08:51:00,1761403860,8.85,17:51:00,1761436260,17.85,9,,,6,6,0,0,,,,,,8,7.5,5.5,3,,,,
2025-10-24,10.3,7.14,6.2,2.1,,,99,80.9,83.5,68,4.8,4,3.8,2.7,25,17.79,16.5,8,41,16,99.49,99.31,99.34,99.2,96.97,96.81,96.83,96.7,24100,24100,24100,24100,1.1,1,1.1,1,11.8,0,1.2,0,0,0,0,0,,08:48:00,1761317280,8.8,17:54:00,1761350040,17.9,9.1,1,1,9,9,2,3,,,,,,8,5.2,5,2,,,,
2025-10-23,8.7,6.33,5.9,3.1,,,87,78.8,77.5,68,3.8,2.9,2.5,1.3,36,28.88,29.5,23,54,12,100.64,99.97,100.03,99.43,98.07,97.44,97.49,96.92,24100,24100,24100,24100,1,1,1,1,12.1,0,0.9,0,0,0,0,0,,08:45:00,1761230700,8.75,17:57:00,1761263820,17.95,9.2,1,1,8,8,5,7,,,,,,8,6.4,5,2,,,,
2025-10-22,3.1,-0.37,-0.74,-4.6,,-7,99,91,89.5,80,1.2,-1.7,-1.8,-4.7,30,17.33,17.5,5,45,11,101.68,101.39,101.22,100.76,99.06,98.79,98.62,98.18,24100,24100,24100,24100,1,1,1,1,18.7,0,0,0,0,0,0,0,0,08:42:00,1761144120,8.7,18:00:00,1761177600,18,9.3,,,2,3,3,4,,,,,,8,7.1,5,2,,,,
2025-10-21,1.8,-0.34,-0.74,-3.3,,-8,100,97.8,96.5,93,1.2,-0.7,-1.4,-4,17,11,11.5,6,,,101.59,101.03,101.12,100.66,98.98,98.44,98.53,98.09,24100,14166.7,13050,2000,1,1,1,1,18.7,0,0,0,0,1.9,1.9,0,0,08:39:00,1761057540,8.65,18:03:00,1761091380,18.05,9.4,,,2,2,-7,-5,,,,,,8,7.8,7.5,7,,,,
2025-10-20,3,-0.28,-1.29,-5.6,,-9,99,90.2,84,69,1.3,-1.8,-1.9,-5,14,7.25,7,0,,,101.39,101.16,101.06,100.72,98.78,98.56,98.46,98.14,24100,22700,16900,9700,1.1,1,1.1,1,19.3,0,0,0,0,1.3,1.3,0,,08:37:00,1760971020,8.62,18:07:00,1761005220,18.12,9.5,,,0,0,-1,-1,,,,,,8,7.2,4.5,1,,,,
2025-10-19,1.7,-1.95,-1.6,-4.9,,-8,100,91.2,86.5,73,-2.2,-3.3,-3.5,-4.7,14,9.29,8.5,3,,,101.34,101.05,101.07,100.81,98.73,98.45,98.48,98.22,24100,20920.8,12650,1200,1,1,1,1,19.6,0,0,0,0,0,0,0,,08:34:00,1760884440,8.57,18:10:00,1760919000,18.17,9.6,1,1,0,0,-5,-4,,,,,,8,4.7,4,0,,,,
2025-10-18,1.8,-0.82,-0.49,-2.8,,-8,100,87.3,85,70,-1.1,-2.8,-2.5,-3.8,23,14.92,16,9,33,30,100.81,100.47,100.39,99.98,98.22,97.89,97.82,97.42,24100,22233.3,16900,9700,1,1,1,1,18.5,0,0,0,0,0,0,0,,08:31:00,1760797860,8.52,18:13:00,1760832780,18.22,9.7,1,1,0,0,-3,-3,,,,,,8,6.9,6,4,,,,
2025-10-17,3.6,1.1,1.85,0.1,,,100,96.6,95.5,91,1.8,0.6,0.3,-1.2,22,13,14,6,,,99.93,99.46,99.57,99.21,97.37,96.92,97.03,96.68,24100,17079.2,13650,3200,1,1,1,1,16.1,0,0,0,0,2.6,2.2,0.4,,08:28:00,1760711280,8.47,18:16:00,1760746560,18.27,9.8,,,3,3,-2,-1,,,,,,8,7.8,6.5,5,,,,
2025-10-16,3.6,2.17,1.8,0,,,98,87.4,89.5,81,1.9,0.3,0.3,-1.3,30,14.21,15,0,48,33,100.62,100.19,100.03,99.44,98.06,97.64,97.48,96.9,24100,22433.3,20100,16100,1,1,1,1,16.2,0,0,0,0,2.9,2.9,0,,08:25:00,1760624700,8.42,18:19:00,1760660340,18.32,9.9,1,1,3,3,2,2,,,,,,8,7.5,5,2,,,,
2025-10-15,9.3,5.62,6.3,3.3,,,97,87,84.5,72,6.6,3.6,3.9,1.2,34,23.04,22.5,11,50,13,100.88,99.94,100.15,99.43,98.32,97.41,97.62,96.92,24100,23766.7,20100,16100,1.1,1,1.1,1,11.7,0,1.3,0,0,4,4,0,,08:23:00,1760538180,8.38,18:22:00,1760574120,18.37,9.98,,,8,8,1,2,,,,,,8,7.2,6.5,5,,,,
2025-10-14,10.7,4.01,4.69,-1.3,,-4,98,74.2,68.5,39,3.6,-0.6,0.2,-3.1,16,8.17,8,0,,,101.26,100.89,100.87,100.48,98.67,98.32,98.29,97.92,24100,24100,24100,24100,1.5,1.1,1.2,1,13.3,0,0,0,0,0,0,0,,08:20:00,1760451600,8.33,18:26:00,1760487960,18.43,10.1,1,1,8,8,2,3,,,,,,8,4.8,4.5,1,,,,
2025-10-13,5.1,3.6,2.04,-1,,,79,65,63.5,48,-0.9,-2.5,-3,-5.2,28,16.21,17,6,42,19,101.54,100.95,101.03,100.53,98.94,98.38,98.46,97.98,24100,24100,24100,24100,1,1,1,1,16,0,0,0,0,0,0,0,,08:17:00,1760365020,8.28,18:29:00,1760401740,18.48,10.2,1,1,6,6,2,2,,,,,,8,5.2,4,0,,,,
2025-10-12,1.9,-0.38,-0.25,-2.4,,-7,92,80.1,80,68,-1.6,-3.4,-3,-4.3,26,15.88,15.5,5,39,29,101.98,101.79,101.71,101.44,99.36,99.18,99.1,98.84,24100,24100,24100,24100,1,1,1,1,18.2,0,0,0,0,0,0,0,,08:14:00,1760278440,8.23,18:32:00,1760315520,18.53,10.3,1,1,2,2,-3,-2,,,,,,8,5,4,0,,,,
2025-10-11,3.5,1.74,1.1,-1.3,,-7,97,85.4,79.5,62,2.5,-0.6,-0.9,-4.4,37,28.54,27,17,59,35,101.4,100.51,100.59,99.78,98.8,97.95,98.02,97.24,24100,19100,16900,9700,1.1,1,1.1,1,16.9,0,0,0,0,6.5,5.1,2,,08:12:00,1760191920,8.2,18:35:00,1760229300,18.58,10.38,1,1,2,2,-2,-1,,,,,,8,6.9,5,2,,,,
2025-10-10,7.8,4.9,4.7,1.6,,,94,83,81.5,69,4.1,2.2,2.7,1.3,35,17.29,19.5,4,46,4,101.69,100.92,100.8,99.9,99.13,98.37,98.24,97.36,24100,24100,24100,24100,1,1,1,1,13.3,0,0,0,0,0.8,0.8,0,,08:09:00,1760105340,8.15,18:39:00,1760143140,18.65,10.5,,,7,7,2,2,,,,,,8,7.3,5.5,3,,,,
2025-10-09,12.7,7.08,7.94,3.2,,,98,81.7,78.5,59,5.6,4,3.8,2.1,25,13,16.5,8,37,30,101.64,101.19,101.3,100.96,99.07,98.63,98.74,98.4,24100,21020.8,14450,4800,1,1,1,1,10.1,0,2.9,0.9,0,0,0,0,,08:06:00,1760018760,8.1,18:42:00,1760056920,18.7,10.6,1,1,10,10,0,0,,,,,,8,7.9,7.5,7,,,,
2025-10-08,5.9,4.02,4.3,2.7,,,99,87.9,87.5,76,3.1,2.1,2.4,1.6,22,13.67,11,0,,,101.05,100.78,100.75,100.45,98.48,98.22,98.19,97.9,24100,23700,21700,19300,1,1,1,1,13.7,0,0,0,0,0.4,0.4,0,,08:03:00,1759932180,8.05,18:45:00,1759970700,18.75,10.7,1,1,6,6,1,2,,,,,,8,8,8,8,,,,
2025-10-07,8,3.97,4.59,1.2,,,99,72.2,81.5,64,3,-0.7,-0.4,-3.8,28,19.75,20,12,37,12,101.02,100.53,100.65,100.29,98.44,97.97,98.09,97.74,24100,22900,20100,16100,1,1,1,1,13.4,0,0,0,0,2,2,0,,08:01:00,1759845660,8.02,18:48:00,1759884480,18.8,10.78,1,1,5,5,4,5,,,,,,8,7.5,7.5,7,,,,
2025-10-06,2.5,-1.86,-4,-10.5,,-12,95,74.3,71,47,-3.5,-6.1,-6.1,-8.7,24,12,14.5,5,32,12,102.07,101.76,101.59,101.11,99.43,99.13,98.97,98.52,24100,24100,24100,24100,1,1,1,1,22,0,0,0,0,0,0,0,,07:58:00,1759759080,7.97,18:52:00,1759798320,18.87,10.9,1,1,3,3,1,1,,,,,,8,3.4,4.5,1,,,,
2025-10-05,4.4,-0.06,-0.34,-5.1,,-9,97,76.1,73,49,-0.5,-3.9,-4.6,-8.7,35,17.33,21.5,8,55,32,102.03,101.69,101.76,101.48,99.41,99.09,99.14,98.88,24100,24100,24100,24100,1,1,1,1,18.3,0,0,0,0,0,0,0,0,07:55:00,1759672500,7.92,18:55:00,1759712100,18.92,11,1,1,2,2,-7,-3,,,,,,8,5.1,4.5,1,,,,
2025-10-04,5.6,3.05,0.79,-4,,-4,93,76.9,76,59,2.6,-0.8,-1.2,-5,35,24.12,17.5,0,54,31,101.86,101.21,101.04,100.22,99.25,98.64,98.47,97.69,24100,24100,24100,24100,1,1,1,1,17.2,0,0,0,0,0,0,0,,07:53:00,1759585980,7.88,18:58:00,1759625880,18.97,11.08,1,1,3,4,-1,4,,,,,,8,6.5,4.5,1,,,,
2025-10-03,11.3,8.61,8.4,5.5,,,94,78,77,60,8.2,4.9,4.7,1.1,34,18.58,21.5,9,48,32,100.13,99.71,99.76,99.4,97.6,97.2,97.25,96.9,24100,23900,21700,19300,1,1,1,1,9.6,0,3.4,1.4,0,0,0,0,,07:50:00,1759499400,7.83,19:02:00,1759539720,19.03,11.2,1,1,11,11,2,4,,,,,,8,5.2,4,0,,,,
2025-10-02,10.9,7.78,7.2,3.5,,,92,81.3,80,68,7.2,4.7,5,2.7,34,16,17,0,42,14,101.22,100.91,100.69,100.16,98.65,98.35,98.14,97.64,24100,24100,24100,24100,1,1,1,1,10.8,0,2.2,0.2,0,0,0,0,,07:47:00,1759412820,7.78,19:05:00,1759453500,19.08,11.3,1,1,11,11,4,6,,,,,,8,5.6,4.5,1,,,,
2025-10-01,8.9,6.1,5.8,2.7,,,100,90.7,85,70,6.6,4.6,4.4,2.2,14,9.17,7,0,,,101.19,100.98,101.03,100.86,98.62,98.43,98.47,98.32,24100,21562.5,12850,1600,1,1,1,1,12.2,0,0.8,0,0,0,0,0,,07:45:00,1759326300,7.75,19:08:00,1759367280,19.13,11.38,1,1,9,9,1,1,,,,,,8,6.8,6,4,,,,
2025-09-30,13.4,8.87,9.65,5.9,,,100,89.5,81.5,63,8.6,7.1,7.3,6.1,18,10.58,11.5,5,32,27,100.83,100.56,100.58,100.33,98.29,98.03,98.05,97.81,24100,16629.2,15250,6400,1,1,1,1,8.3,0,4.7,2.6,0,0,0,0,,07:42:00,1759239720,7.7,19:12:00,1759281120,19.2,11.5,1,1,8,9,5,5,,,,,,8,6.4,5.5,3,,,,
2025-09-29,10.4,6.99,6.3,2.2,,,100,92,90.5,81,7.5,5.7,5.1,2.7,30,20.62,20.5,11,42,11,101.74,101.25,101.12,100.5,99.16,98.69,98.57,97.97,24100,15687.5,12450,800,1,1,1,1,11.7,0,1.3,0,0,1.6,1.6,0,,07:39:00,1759153140,7.65,19:15:00,1759194900,19.25,11.6,1,1,10,10,7,9,,,,,,8,6.9,4,0,,,,
2025-09-28,10.4,5.2,6.2,2,,,100,94.8,85.5,71,6,4.4,4,2,17,9,8.5,0,,,101.74,101.15,101.01,100.28,99.16,98.58,98.45,97.74,24100,17612.5,12250,400,1,1,1,1,11.8,0,1.2,0,0,0,0,0,,07:37:00,1759066620,7.62,19:18:00,1759108680,19.3,11.68,1,1,11,12,2,5,,,,,,8,3,4,0,,,,
2025-09-27,13.5,7.06,8.65,3.8,,,100,89,78.5,57,8.6,5.2,6.1,3.6,13,6.92,6.5,0,,,100.23,99.7,99.8,99.36,97.69,97.19,97.28,96.86,24100,12700,12150,200,4,2.2,2.5,1,9.3,0,3.6,1.6,0,0,0,0,,07:34:00,1758980040,7.57,19:21:00,1759022460,19.35,11.78,1,1,13,13,4,4,,,,,,8,4.5,4.5,1,,,,
2025-09-26,14.2,8.25,8.75,3.3,,,100,81.8,72,44,6.2,4.8,4.1,2,14,7.25,7,0,,,99.79,99.59,99.62,99.44,97.28,97.08,97.11,96.94,24100,14404.2,14450,4800,7,2.9,4,1,9.2,0,3.8,1.8,0,0,0,0,,07:31:00,1758893460,7.52,19:25:00,1758936300,19.42,11.9,1,1,12,12,3,3,,,,,,6,1.5,3,0,,,,
2025-09-25,13.2,9.38,8.69,4.2,,,100,84.9,81,62,9.2,6.8,6.8,4.4,27,15.92,17.5,8,41,15,101.18,100.54,100.51,99.83,98.62,98.01,97.98,97.33,24100,20358.3,14450,4800,4,1.2,2.5,1,9.3,0,3.7,1.7,0,0,0,0,,07:29:00,1758806940,7.48,19:28:00,1758850080,19.47,11.98,1,2,12,12,4,5,,,,,,8,4.7,4,0,,,,
2025-09-24,10.6,7.95,7.3,4,,,97,85.5,81.5,66,7.2,5.6,5.2,3.1,18,11.5,11,4,,,101.25,100.94,100.89,100.54,98.69,98.4,98.36,98.02,24100,24100,24100,24100,1,1,1,1,10.7,0,2.3,0.3,0,0,0,0,,07:26:00,1758720360,7.43,19:31:00,1758763860,19.52,12.08,1,1,11,11,5,5,,,,,,8,5.7,4,0,,,,
2025-09-23,14.2,10.23,10.85,7.5,,,100,86,78.5,57,10.9,7.8,8,5,26,16.79,15.5,5,46,26,100.5,100,100.12,99.74,97.98,97.49,97.61,97.23,24100,18887.5,14450,4800,3,1.4,2,1,7.2,0,5.8,3.8,0.8,3.5,3.5,0,,07:23:00,1758633780,7.38,19:35:00,1758677700,19.58,12.2,1,2,13,13,7,8,,,,,,8,5.7,4.5,1,,,,
2025-09-22,14.8,10.2,10.1,5.4,,,94,77,74,54,9.5,6.2,6.8,4.2,20,12.04,12.5,5,28,24,100.22,99.99,99.9,99.58,97.71,97.49,97.4,97.1,24100,22062.5,13250,2400,2,1.1,1.5,1,7.9,0,5.1,3.1,0.1,0,0,0,,07:21:00,1758547260,7.35,19:38:00,1758591480,19.63,12.28,2,2,15,15,10,11,,,,,,8,4.5,4.5,1,,,,
2025-09-21,19.1,15.35,14.85,10.6,,,88,64.6,63.5,39,11.7,8.5,7.8,4,33,18.92,21.5,10,50,19,99.53,99.21,99.22,98.92,97.05,96.74,96.76,96.46,24100,24100,24100,24100,1,1,1,1,3.1,0,9.8,7.8,4.8,0,0,0,,07:18:00,1758460680,7.3,19:41:00,1758505260,19.68,12.38,2,2,18,18,9,10,,,,,,8,6.4,6,4,,,,
2025-09-20,18.5,13.22,13.75,9,,,90,75.9,73,56,11,9,9,7,30,18.54,19,8,45,14,100.41,99.76,99.79,99.17,97.9,97.27,97.3,96.7,24100,22033.3,16900,9700,2,1.1,1.5,1,4.2,0,8.8,6.8,3.8,0,0,0,,07:15:00,1758374100,7.25,19:45:00,1758419100,19.75,12.5,2,2,18,18,14,15,,,,,,8,6.2,4.5,1,,,,
2025-09-19,16.7,12.16,11.6,6.5,,,88,74,71,54,9.9,7.5,6.7,3.4,21,12.33,13,5,33,15,100.76,100.68,100.61,100.46,98.24,98.16,98.09,97.95,24100,24100,24100,24100,2,1,1.5,1,6.4,0,6.6,4.6,1.6,0,0,0,,07:13:00,1758287580,7.22,19:48:00,1758332880,19.8,12.58,2,2,17,17,10,11,,,,,,7,3.4,3.5,0,,,,
2025-09-18,19.2,15.55,14.95,10.7,,,79,67.2,66.5,54,11.6,9.4,7.5,3.3,32,19.96,20.5,9,50,15,100.91,100.64,100.68,100.44,98.41,98.14,98.18,97.95,24100,24100,24100,24100,1,1,1,1,3,0,9.9,8,5,0,0,0,,07:10:00,1758201000,7.17,19:52:00,1758246720,19.87,12.7,2,2,18,18,8,9,,,,,,6,2.3,3,0,,,,
2025-09-17,19.7,14.08,14,8.3,,,100,80.8,79.5,59,11.8,10.5,10.1,8.4,27,19.21,18,9,42,10,102.11,101.68,101.55,100.98,99.55,99.13,99.01,98.47,24100,23766.7,20100,16100,1,1,1,1,4,0,9,7,4,0,0,0,,07:08:00,1758114480,7.13,19:55:00,1758160500,19.92,12.78,3,3,21,21,12,13,,,,,,7,2.9,3.5,0,,,,
2025-09-16,14.3,10.94,10.5,6.7,,,100,89.7,86.5,73,11.5,9.3,9.3,7.2,22,12.62,12.5,3,32,15,102.19,102.1,102.05,101.91,99.62,99.53,99.49,99.35,24100,24100,24100,24100,1,1,1,1,7.5,0,5.5,3.5,0.5,0,0,0,,07:05:00,1758027900,7.08,19:58:00,1758074280,19.97,12.88,2,3,15,15,9,9,,,,,,8,6.8,4,0,,,,
2025-09-15,14.5,12.16,12.25,10,,,98,94,90,82,12.3,11.2,11.1,9.8,18,12.71,11.5,5,32,29,101.81,101.31,101.4,100.99,99.26,98.78,98.87,98.48,24100,21900,20100,16100,1,1,1,1,5.8,0,7.2,5.2,2.2,2.6,2.6,0,,07:02:00,1757941320,7.03,20:02:00,1757988120,20.03,13,1,1,15,15,9,9,,,,,,8,8,7.5,7,,,,
2025-09-14,18.9,15.05,15.75,12.6,,,90,76.3,74,58,13,10.8,11,9,22,12.5,13.5,5,32,3,101.17,101.08,101.08,100.98,98.65,98.57,98.56,98.47,24100,15758.3,15250,6400,4,2.5,2.5,1,2.2,0,10.8,8.8,5.8,0.7,0.7,0,,07:00:00,1757854800,7,20:05:00,1757901900,20.08,13.08,2,2,20,20,14,15,,,,,,8,7.7,7.5,7,,,,
2025-09-13,21.1,13.91,13.7,6.3,,,96,73.8,67,38,11.1,8.9,8.7,6.3,12,6.5,6,0,,,101.11,100.97,100.94,100.78,98.59,98.46,98.43,98.28,24100,6866.7,12850,1600,11,6.5,7,3,4.3,0,8.7,6.7,3.7,0,0,0,,06:57:00,1757768220,6.95,20:08:00,1757815680,20.13,13.18,2,3,21,21,10,13,,,,,,8,5,4,0,,,,
2025-09-12,21.5,16.43,16.05,10.6,,,92,72.7,73.5,55,12.6,11.3,10.2,7.8,21,13.54,14,7,,,100.76,100.5,100.56,100.36,98.26,98,98.06,97.86,24100,24100,24100,24100,3,1.6,2,1,2,0,11.1,9.1,6,0,0,0,,06:54:00,1757681640,6.9,20:12:00,1757729520,20.2,13.3,3,3,22,22,10,10,,,,,,8,6.8,5.5,3,,,,
2025-09-11,19.2,13.76,12.95,6.7,,,100,76.8,77.5,55,11.1,9.4,8.9,6.8,30,18.17,17,4,45,14,101.2,100.9,100.81,100.42,98.66,98.38,98.29,97.92,24100,24100,24100,24100,2,1,1.5,1,5,0,8,6,3,0,0,0,,06:52:00,1757595120,6.87,20:15:00,1757643300,20.25,13.38,3,3,18,18,12,13,,,,,,7,4.4,3.5,0,,,,
2025-09-10,14.6,11.78,10.95,7.3,,,100,89.7,87.5,75,11.2,10.1,9.2,7.2,26,13.58,13,0,39,30,101.19,100.74,100.75,100.3,98.65,98.22,98.22,97.79,24100,20295.8,14450,4800,4,1.6,2.5,1,7,0,6,4,0.9,0,0,0,,06:49:00,1757508540,6.82,20:18:00,1757557080,20.3,13.48,2,2,14,14,8,8,,,,,,8,6.5,4,0,,,,
2025-09-09,14.7,11.45,11.8,8.9,,,100,85.3,85.5,71,13,9,9,5,23,14.96,13.5,4,37,14,101.19,100.68,100.75,100.31,98.64,98.15,98.22,97.8,24100,19750,12450,800,2,1.3,1.5,1,6.2,0,6.8,4.8,1.8,8.2,8.2,0,,06:46:00,1757421960,6.77,20:22:00,1757470920,20.37,13.6,1,1,16,16,11,12,,,,,,8,5.9,5,2,,,,
2025-09-08,11.4,8.51,7.9,4.4,,,92,75.1,76,60,5.7,4.2,4.2,2.6,23,15.38,16.5,10,32,12,101.73,101.54,101.48,101.23,99.17,98.98,98.92,98.68,24100,24100,24100,24100,2,1.1,1.5,1,10.1,0,2.9,0.9,0,0,0,0,,06:44:00,1757335440,6.73,20:25:00,1757384700,20.42,13.68,3,3,15,15,8,10,,,,,,8,7.2,5,2,,,,
2025-09-07,15.3,12.2,11.5,7.7,,,85,65,64,43,10.7,5.5,6.2,1.7,29,17.79,18.5,8,41,3,101.7,101.54,101.47,101.25,99.15,99,98.94,98.72,24100,22966.7,18500,12900,4,1.6,2.5,1,6.5,0,6.5,4.5,1.5,0,0,0,,06:41:00,1757248860,6.68,20:28:00,1757298480,20.47,13.78,3,3,16,16,7,8,,,,,,8,4.5,5,2,,,,
2025-09-06,17.7,13.58,14.45,11.2,,,84,71,68.5,53,10.8,8.3,8.9,7.1,30,19.5,17,4,45,13,101.39,101.12,101.19,100.98,98.86,98.6,98.66,98.46,24100,23766.7,20100,16100,2,1.4,1.5,1,3.5,0,9.4,7.5,4.5,0,0,0,,06:38:00,1757162280,6.63,20:32:00,1757212320,20.53,13.9,3,3,18,18,8,8,,,,,,8,5.9,4,0,,,,
2025-09-05,17.5,12.32,12.35,7.2,,,97,70.8,72.5,48,8.4,6.8,7,5.6,24,18.54,18.5,13,37,15,102.05,101.76,101.73,101.41,99.49,99.21,99.18,98.88,24100,24100,24100,24100,4,1.8,2.5,1,5.7,0,7.3,5.3,2.4,0,0,0,,06:36:00,1757075760,6.6,20:35:00,1757126100,20.58,13.98,3,3,18,18,10,11,,,,,,8,3,4.5,1,,,,
2025-09-04,15.7,10.61,10.14,4.6,,,100,81.8,77,54,8.5,7.3,7,5.4,18,10.88,11.5,5,,,102.43,102.28,102.25,102.07,99.86,99.71,99.69,99.51,24100,24100,24100,24100,3,1.4,2,1,7.9,0,5.1,3.1,0.1,0,0,0,,06:33:00,1756989180,6.55,20:38:00,1757039880,20.63,14.08,3,3,16,16,8,9,,,,,,8,3.8,4,0,,,,
2025-09-03,17.3,13.26,13.25,9.2,,,100,77.7,75.5,51,12,9.1,8.7,5.4,34,18.67,18.5,3,61,31,102.24,101.6,101.75,101.27,99.68,99.06,99.21,98.74,24100,19616.7,14450,4800,7,2.8,4,1,4.8,0,8.2,6.2,3.2,4.1,4.1,0,,06:30:00,1756902600,6.5,20:42:00,1756953720,20.7,14.2,2,3,17,17,7,8,,,,,,8,6.5,5,2,,,,
2025-09-02,13.9,10.16,9.69,5.5,,,80,68.6,68.5,57,9.5,4.6,5.3,1.1,33,21.67,23.5,14,46,15,102.92,102.36,102.21,101.5,100.32,99.78,99.64,98.96,24100,18095.8,15250,6400,11,5.4,6.5,2,8.3,0,4.7,2.7,0,0,0,0,,06:28:00,1756816080,6.47,20:45:00,1756867500,20.75,14.28,3,3,17,17,12,12,,,,,,8,6.5,5.5,3,,,,
2025-09-01,12.2,7.78,6.9,1.6,,,83,56.8,59.5,36,2,-0.7,-0.4,-2.7,17,10,8.5,0,33,1,103.04,102.94,102.83,102.62,100.44,100.34,100.25,100.05,24100,22300,21700,19300,7,3,4,1,11.1,0,1.9,0,0,0,0,0,,06:25:00,1756729500,6.42,20:48:00,1756781280,20.8,14.38,3,3,12,12,4,4,,,,,,7,3.3,4,1,,,,
2025-08-31,15.9,11.17,10.45,5,,,73,51.9,55,37,3.9,1.3,1.4,-1,27,13.21,16.5,6,35,35,102.55,102.22,102.25,101.95,99.98,99.66,99.7,99.41,24100,10770.8,12850,1600,11,8,6.5,2,7.5,0,5.5,3.5,0.4,0,0,0,,06:22:00,1756642920,6.37,20:52:00,1756695120,20.87,14.5,4,4,17,17,2,3,,,,,,8,7.2,6,4,,,,
2025-08-30,23.7,18.11,16.1,8.5,25,,90,58.6,63,36,14.9,9.4,7.5,0.2,46,22.46,27.5,9,59,35,101.88,100.81,101.03,100.19,99.35,98.32,98.53,97.72,24100,17712.5,13050,2000,11,4.8,6,1,1.9,0,11.1,9.1,6.1,0,0,0,,06:20:00,1756556400,6.33,20:55:00,1756608900,20.92,14.58,4,4,24,24,8,9,,,,,,7,3.7,3.5,0,,,,
2025-08-29,23.6,19.2,19.2,14.8,26,,94,72,72,50,15.7,13.8,13.9,12.2,30,17.17,20.5,11,37,15,101.54,101.26,101.11,100.68,99.04,98.76,98.62,98.2,24100,16829.2,15250,6400,11,4.6,6.5,2,0,1.2,14.2,12.2,9.2,0,0,0,,06:17:00,1756469820,6.28,20:58:00,1756522680,20.97,14.68,4,4,26,26,18,18,,,,,,8,5.3,4.5,1,,,,
2025-08-28,28.8,21.71,21.05,13.3,29,,84,52,56,28,13.1,10.4,10.2,7.4,28,15.29,16.5,5,42,36,101.49,101.04,101.04,100.6,99,98.56,98.56,98.13,24100,17158.3,12650,1200,11,4.8,6,1,0,3,16.1,14.1,11.1,0,0,0,,06:14:00,1756383240,6.23,21:01:00,1756436460,21.02,14.78,4,4,27,27,14,14,,,,,,8,5.7,5,2,,,,
2025-08-27,25.2,19.5,20.2,15.2,27,,86,68.8,66.5,47,15,13.4,13.6,12.1,26,17.54,17.5,9,39,16,101.29,100.98,100.99,100.68,98.78,98.49,98.49,98.2,24100,24100,24100,24100,3,2,2,1,0,2.2,15.2,13.2,10.2,0,0,0,,06:12:00,1756296720,6.2,21:05:00,1756350300,21.08,14.88,4,4,25,25,14,14,,,,,,8,3.4,4,0,,,,
2025-08-26,23.4,16.88,17.85,12.3,,,97,76.9,68,39,14.4,12.3,11.5,8.6,20,12.25,10,0,28,16,101.65,101.5,101.48,101.31,99.13,98.98,98.97,98.8,24100,22766.7,20100,16100,5,2.5,3,1,0.1,0,12.8,10.8,7.8,0,0,0,,06:09:00,1756210140,6.15,21:08:00,1756264080,21.13,14.98,4,4,23,23,14,14,,,,,,8,4,4,0,,,,
2025-08-25,22.1,18.25,18,13.9,,,92,65.5,71,50,15.1,11.6,12.2,9.4,24,15,15.5,7,35,17,101.48,101.36,101.35,101.22,98.97,98.86,98.84,98.71,24100,21966.7,16900,9700,6,3.3,4,2,0,0,13,11,8,0.4,0.4,0,,06:06:00,1756123560,6.1,21:11:00,1756177860,21.18,15.08,4,4,22,22,13,14,,,,,,8,6.2,5.5,3,,,,
2025-08-24,25.6,19.29,20.2,14.8,28,,93,69.8,69.5,46,14.2,13.3,12.4,10.7,18,9.92,11,4,,,101.41,101.11,101.19,100.97,98.9,98.61,98.69,98.48,24100,24100,24100,24100,3,1.3,2,1,0,2.2,15.2,13.2,10.2,0,0,0,,06:04:00,1756037040,6.07,21:15:00,1756091700,21.25,15.18,4,4,24,24,14,14,,,,,,8,6.5,6.5,5,,,,
2025-08-23,19.8,15.91,14.05,8.3,,,99,79.9,81.5,64,13.6,12.3,11.9,10.3,29,13.83,14.5,0,35,16,102.48,102.14,101.99,101.5,99.93,99.6,99.46,98.98,24100,24100,24100,24100,1,1,1,1,4,0,9.1,7,4,0,0,0,,06:01:00,1755950460,6.02,21:18:00,1756005480,21.3,15.28,4,4,20,20,15,15,,,,,,8,5,5.5,3,,,,
2025-08-22,19.7,15.33,14.89,10.1,,,100,74.6,76.5,53,11.9,10.5,10.5,9.1,22,12.75,14,6,28,15,102.61,102.55,102.53,102.46,100.06,100,99.99,99.91,24100,24100,24100,24100,1,1,1,1,3.1,0,9.9,7.9,4.9,0,0,0,,05:58:00,1755863880,5.97,21:21:00,1755919260,21.35,15.38,3,3,21,21,12,13,,,,,,8,4.4,4,0,,,,
2025-08-21,22.5,16.95,17.14,11.8,,,84,61,59,34,11.3,8.7,8.4,5.5,23,11.88,14,5,35,36,102.48,102.24,102.22,101.95,99.93,99.71,99.67,99.42,24100,24100,24100,24100,4,1.2,2.5,1,0.9,0,12.1,10.1,7.1,0,0,0,,05:55:00,1755777300,5.92,21:24:00,1755833040,21.4,15.48,4,4,22,22,12,12,,,,,,5,2.2,2.5,0,,,,
2025-08-20,21.9,16.4,16.5,11.1,,,96,70.9,69.5,43,13.2,10.5,10.7,8.2,11,8.08,7.5,4,,,101.94,101.76,101.76,101.58,99.41,99.23,99.23,99.05,24100,24100,24100,24100,5,3.1,3.5,2,1.5,0,11.5,9.5,6.5,1.1,1.1,0,,05:53:00,1755690780,5.88,21:28:00,1755746880,21.47,15.58,4,4,21,21,11,12,,,,,,8,5.8,4,0,,,,
2025-08-19,21.6,15.45,16.89,12.2,,,91,74.7,69.5,48,12.3,10.7,10.6,8.8,21,9.54,10.5,0,,,101.56,101.42,101.43,101.31,99.04,98.89,98.91,98.78,24100,21291.7,14450,4800,11,4,6,1,1.1,0,11.9,9.9,6.9,0.3,0.3,0,,05:50:00,1755604200,5.83,21:31:00,1755660660,21.52,15.68,3,4,20,20,11,11,,,,,,8,7.1,6.5,5,,,,
2025-08-18,14.8,13.18,13.05,11.3,,,95,86.2,83.5,72,12.3,10.9,10.9,9.5,20,13,13.5,7,,,101.3,101.05,101.07,100.84,98.77,98.52,98.54,98.32,24100,22833.3,16900,9700,1,1,1,1,5,0,8.1,6,3,0.5,0.5,0,,05:47:00,1755517620,5.78,21:34:00,1755574440,21.57,15.78,1,3,16,16,11,11,,,,,,8,7.3,7,6,,,,
2025-08-17,16.8,14.18,14.3,11.8,,,85,72.8,73,61,11.1,9.4,9.6,8,22,12.71,13.5,5,32,9,101.3,101.05,101.08,100.85,98.79,98.54,98.56,98.33,24100,17766.7,16100,8100,11,5.5,6,1,3.7,0,9.3,7.3,4.3,0.5,0.5,0,,05:44:00,1755431040,5.73,21:37:00,1755488220,21.62,15.88,1,1,14,14,12,13,,,,,,8,7.3,6.5,5,,,,
2025-08-16,22,16.76,16.75,11.5,,,78,58.1,56.5,35,11.3,7.9,8.1,4.9,28,14.92,16,4,45,16,101.6,101.51,101.46,101.32,99.08,98.99,98.94,98.81,24100,19500,16100,8100,11,4.3,6,1,1.2,0,11.8,9.8,6.8,0,0,0,,05:42:00,1755344520,5.7,21:40:00,1755402000,21.67,15.97,4,4,22,22,13,14,,,,,,8,3.6,4,0,,,,
2025-08-15,23,16.31,15.9,8.8,,,87,60.3,63.5,40,9.9,8.1,8.4,6.9,17,8.5,10,3,33,35,101.51,101.39,101.38,101.24,98.99,98.87,98.86,98.73,24100,23633.3,18500,12900,10,3.2,5.5,1,2.1,0,10.9,8.9,5.9,0.6,0.6,0,,05:39:00,1755257940,5.65,21:44:00,1755315840,21.73,16.08,4,4,23,23,11,12,,,,,,8,4.8,4,0,,,,
2025-08-14,21.4,15.4,14.64,7.9,,,88,62.6,62.5,37,9.5,7.7,7.7,5.8,17,9.08,8.5,0,,,101.62,101.39,101.39,101.17,99.08,98.86,98.87,98.66,24100,17220.8,14450,4800,11,7.9,6.5,2,3.4,0,9.6,7.6,4.6,0,0,0,,05:36:00,1755171360,5.6,21:47:00,1755229620,21.78,16.18,4,4,20,20,11,12,,,,,,8,5.5,5,2,,,,
2025-08-13,20.1,14.2,14.2,8.3,,,78,55.4,57,36,6.7,4.9,5,3.4,17,10.71,11.5,6,32,8,101.86,101.75,101.74,101.61,99.32,99.21,99.2,99.08,24100,24100,24100,24100,3,1.1,2,1,3.8,0,9.2,7.2,4.2,0,0,0,,05:33:00,1755084780,5.55,21:50:00,1755143400,21.83,16.28,4,4,19,19,9,10,,,,,,7,3.4,4,1,,,,
2025-08-12,17.8,13.74,14.1,10.4,,,74,52.8,52.5,31,6.6,3.7,3.3,0,27,18.92,19,11,39,9,101.81,101.72,101.72,101.63,99.27,99.18,99.18,99.1,24100,24100,24100,24100,2,1.2,1.5,1,3.9,0,9.1,7.1,4.1,0,0,0,,05:30:00,1754998200,5.5,21:53:00,1755057180,21.88,16.38,4,4,18,18,8,9,,,,,,7,5.6,5,3,,,,
