date,max_temperature,avg_hourly_temperature,avg_temperature,min_temperature,max_humidex,min_windchill,max_relative_humidity,avg_hourly_relative_humidity,avg_relative_humidity,min_relative_humidity,max_dew_point,avg_hourly_dew_point,avg_dew_point,min_dew_point,max_wind_speed,avg_hourly_wind_speed,avg_wind_speed,min_wind_speed,max_wind_gust,wind_gust_dir_10s,max_pressure_sea,avg_hourly_pressure_sea,avg_pressure_sea,min_pressure_sea,max_pressure_station,avg_hourly_pressure_station,avg_pressure_station,min_pressure_station,max_visibility,avg_hourly_visibility,avg_visibility,min_visibility,max_health_index,avg_hourly_health_index,avg_health_index,min_health_index,heatdegdays,cooldegdays,growdegdays_5,growdegdays_7,growdegdays_10,precipitation,rain,snow,snow_on_ground,sunrise_hhmm,sunrise_unixtime,sunrise_f,sunset_hhmm,sunset_unixtime,sunset_f,daylight,min_uv_forecast,max_uv_forecast,min_high_temperature_forecast,max_high_temperature_forecast,min_low_temperature_forecast,max_low_temperature_forecast,solar_radiation,max_cloud_cover_4,avg_hourly_cloud_cover_4,avg_cloud_cover_4,min_cloud_cover_4,max_cloud_cover_8,avg_hourly_cloud_cover_8,avg_cloud_cover_8,min_cloud_cover_8,max_cloud_cover_10,avg_hourly_cloud_cover_10,avg_cloud_cover_10,min_cloud_cover_10
2026-08-11,9.9,6.36,6.4,2.9,,,91,79,79.5,68,4,2.9,2.8,1.6,15,7.92,7.5,0,,,101.41,101.17,101.16,100.91,100.99,100.75,100.74,100.49,48300,44266.7,36200,24100,,,,,11.6,0,1.4,0,0,0,,,,04:15:00,1786436100,4.25,21:02:00,1786496520,21.03,16.78,4,4,10,10,3,4,,,,,,5,2.4,3,1,,,,
2026-08-10,8.6,6.42,6.55,4.5,,,92,85.2,84,76,5.2,4.1,4.2,3.2,27,16.71,18.5,10,32,15,101.55,101.44,101.46,101.37,101.13,101.02,101.04,100.95,48300,43258.3,36200,24100,,,,,11.4,0,1.6,0,0,0,,,,04:12:00,1786349520,4.2,21:05:00,1786410300,21.08,16.88,4,4,9,9,4,4,,,,,,8,6.2,5.5,3,,,,
2026-08-09,8.7,5.9,6.15,3.6,,,92,84.1,79,66,4.3,3.4,3.3,2.3,38,27.88,26,14,44,15,101.74,101.66,101.65,101.57,101.32,101.23,101.24,101.15,48300,43258.3,36200,24100,,,,,11.8,0,1.1,0,0,0,,,,04:09:00,1786262940,4.15,21:09:00,1786324140,21.15,17,4,4,9,9,5,5,,,,,,8,6.7,6,4,,,,
2026-08-08,12,7.66,7.75,3.5,,,82,68.8,68.5,55,3.4,2.2,2.4,1.4,30,14.17,15,0,41,14,101.82,101.73,101.72,101.62,101.4,101.31,101.3,101.2,48300,43258.3,36200,24100,,,,,10.2,0,2.8,0.8,0,0,,,,04:06:00,1786176360,4.1,21:12:00,1786237920,21.2,17.1,4,4,11,11,5,5,,,,,,8,4.8,4.5,1,,,,
2026-08-07,12.1,8.56,8.65,5.2,,,87,66.8,69,51,4.6,2.7,2.8,1,10,5.12,5,0,,,102.03,101.91,101.89,101.76,101.6,101.49,101.47,101.34,48300,43258.3,36200,24100,,,,,9.3,0,3.6,1.6,0,0,,,,04:03:00,1786089780,4.05,21:15:00,1786151700,21.25,17.2,4,4,12,12,5,6,,,,,,8,5,5,2,,,,
2026-08-06,9.9,7.52,7.1,4.3,,,99,84.6,83.5,68,7.4,5,4.7,2,23,8.71,11.5,0,,,101.97,101.79,101.81,101.64,101.54,101.36,101.38,101.22,48300,36616.7,28200,8100,,,,,10.9,0,2.1,0.1,0,1.8,,,,04:00:00,1786003200,4,21:19:00,1786065540,21.32,17.32,3,3,9,9,5,5,,,,,,8,6.5,5,2,,,,
2026-08-05,7.7,6.41,6.45,5.2,,,98,94.5,94,90,6.6,5.6,5.6,4.6,27,16.96,18,9,37,15,101.71,101.63,101.62,101.54,101.28,101.21,101.2,101.12,48300,28429.2,26550,4800,,,,,11.6,0,1.4,0,0,18.9,,,,03:57:00,1785916620,3.95,21:22:00,1785979320,21.37,17.42,1,1,8,8,5,5,,,,,,8,8,7.5,7,,,,
2026-08-04,9.7,7.38,7.4,5.1,,,93,87.8,87.5,82,7.3,5.5,5.7,4.1,35,11.83,17.5,0,35,14,101.8,101.63,101.67,101.54,101.38,101.21,101.25,101.12,48300,44266.7,36200,24100,,,,,10.6,0,2.4,0.4,0,0.5,,,,03:54:00,1785830040,3.9,21:25:00,1785893100,21.42,17.52,4,4,10,11,6,6,,,,,,8,6.2,4.5,1,,,,
2026-08-03,13.9,10.12,9.75,5.6,,,91,77.1,77.5,64,7.9,6.2,6,4.2,13,5.96,6.5,0,,,102.2,102,101.99,101.78,101.78,101.58,101.57,101.36,48300,45275,36200,24100,,,,,8.2,0,4.8,2.8,0,0,,,,03:50:00,1785743400,3.83,21:28:00,1785806880,21.47,17.63,4,4,13,13,4,4,,,,,,4,1.9,2,0,,,,
2026-08-02,18.6,12.47,12.55,6.5,,,93,72.8,69.5,46,9.1,7.4,7.3,5.6,22,12.46,11,0,,,102.05,101.78,101.69,101.33,101.63,101.36,101.27,100.91,48300,44266.7,36200,24100,,,,,5.5,0,7.5,5.5,2.5,0,,,,03:47:00,1785656820,3.78,21:32:00,1785720720,21.53,17.75,4,4,16,16,7,7,,,,,,7,4,4,1,,,,
2026-08-01,15.8,8.37,10.05,4.3,,,98,88.3,84,70,10.3,6.4,7,3.8,45,19.54,24,3,51,17,101.26,100.82,100.85,100.43,100.84,100.4,100.42,100.01,48300,34466.7,26550,4800,,,,,8,0,5,3,0.1,0.6,,,,03:44:00,1785570240,3.73,21:35:00,1785634500,21.58,17.85,2,2,9,9,6,7,,,,,,8,7.1,5.5,3,,,,
2026-07-31,8.4,4.81,6,3.6,,,99,98,97,95,5.4,4.5,4.5,3.5,32,17.54,16,0,35,16,101.26,100.81,100.86,100.45,100.84,100.39,100.43,100.03,32200,9995.8,16600,1000,,,,,12,0,1,0,0,12.3,,,,03:41:00,1785483660,3.68,21:38:00,1785548280,21.63,17.95,1,1,8,8,6,7,,,,,,8,6.9,5,2,,,,
2026-07-30,9.2,6.03,6.85,4.5,,,95,90.7,89,83,6.2,4.6,5,3.8,36,17.42,20,4,42,16,101.31,101.2,101.17,101.04,100.89,100.78,100.76,100.62,48300,43933.3,36200,24100,,,,,11.2,0,1.8,0,0,1.4,,,,03:38:00,1785397080,3.63,21:41:00,1785462060,21.68,18.05,1,1,8,8,7,7,,,,,,8,7.6,7,6,,,,
2026-07-29,8.5,5.32,5.4,2.3,,,100,92.9,91.5,83,5.7,4.2,4.1,2.5,17,7.96,8.5,0,,,101.28,101.19,101.16,101.04,100.86,100.77,100.74,100.62,48300,37008.3,24350,400,,,,,12.6,0,0.4,0,0,4.4,,,,03:35:00,1785310500,3.58,21:44:00,1785375840,21.73,18.15,4,4,9,9,5,6,,,,,,8,7.5,7,6,,,,
2026-07-28,8.8,5.74,5.8,2.8,,,99,96.1,94,89,7.3,5.2,5,2.8,15,7.67,7.5,0,,,101.03,100.8,100.86,100.7,100.61,100.38,100.44,100.28,48300,23108.3,24550,800,,,,,12.2,0,0.8,0,0,1,,,,03:32:00,1785223920,3.53,21:48:00,1785289680,21.8,18.27,2,3,11,11,5,7,,,,,,8,7.6,7,6,,,,
2026-07-27,8.2,5.92,6.19,4.2,,,99,97.9,97,95,7.5,5.6,5.8,4.2,18,8.04,9,0,,,101.19,100.94,100.97,100.74,100.76,100.52,100.54,100.32,40200,7650,20500,800,,,,,11.8,0,1.2,0,0,4.9,,,,03:29:00,1785137340,3.48,21:51:00,1785203460,21.85,18.37,1,1,7,7,6,6,,,,,,8,8,8,8,,,,
2026-07-26,5.9,3.69,4.09,2.3,,,98,95.6,92.5,87,4.6,3.1,3.2,1.8,28,21.12,15.5,3,31,15,101.2,101.02,101.04,100.88,100.77,100.6,100.61,100.46,48300,24545.8,26550,4800,,,,,13.9,0,0,0,0,4.4,,,,03:26:00,1785050760,3.43,21:54:00,1785117240,21.9,18.47,1,1,5,7,3,5,,,,,,8,8,7.5,7,,,,
2026-07-25,10.7,7.62,6.94,3.2,,,96,83.5,83,70,7,4.9,4.5,2,23,11.42,11.5,0,31,16,100.98,100.93,100.91,100.83,100.56,100.51,100.49,100.41,48300,44604.2,36200,24100,,,,,11.1,0,1.9,0,0,0.2,,,,03:23:00,1784964180,3.38,21:57:00,1785031020,21.95,18.57,5,5,9,9,4,4,,,,,,8,6.3,5,2,,,,
2026-07-24,12.3,9.25,9.55,6.8,,,98,85.2,83.5,69,7.3,6.8,6.7,6,10,5,5,0,,,100.82,100.51,100.59,100.36,100.4,100.09,100.17,99.94,48300,41575,36200,24100,,,,,8.4,0,4.5,2.5,0,1.1,,,,03:20:00,1784877600,3.33,22:00:00,1784944800,22,18.67,3,3,11,11,6,7,,,,,,8,8,7.5,7,,,,
2026-07-23,17,9.38,11.2,5.4,,,98,82.2,75.5,53,7.9,6.3,5.9,3.9,27,8.92,13.5,0,33,11,100.66,100.5,100.52,100.38,100.24,100.08,100.11,99.97,48300,40912.5,24950,1600,,,,,6.8,0,6.2,4.2,1.2,2.5,,,,03:17:00,1784791020,3.28,22:03:00,1784858580,22.05,18.77,3,3,14,18,6,8,,,,,,8,7.4,5.5,3,,,,
2026-07-22,13.9,9.95,10.3,6.7,,,98,85.6,85.5,73,9.1,7.6,7.9,6.7,10,5.58,5,0,,,100.72,100.6,100.54,100.36,100.3,100.19,100.12,99.95,48300,45362.5,25150,2000,,,,,7.7,0,5.3,3.3,0.3,0.6,,,,03:14:00,1784704440,3.23,22:06:00,1784772360,22.1,18.87,4,4,14,14,7,7,,,,,,8,5.3,5.5,3,,,,
2026-07-21,17.8,12.31,12,6.2,,,91,71.5,70.5,50,9.5,7,7.1,4.7,28,15.38,17,6,35,35,100.77,100.41,100.49,100.22,100.35,99.99,100.08,99.81,48300,46283.3,36200,24100,,,,,6,0,7,5,2,0.3,,,,03:11:00,1784617860,3.18,22:09:00,1784686140,22.15,18.97,4,4,14,17,6,6,,,,,,8,7.2,7,6,,,,
2026-07-20,6.7,5.2,5.2,3.7,,,98,92.5,92.5,87,4.7,4.1,4,3.3,28,11.92,14,0,31,15,100.94,100.86,100.83,100.71,100.52,100.44,100.4,100.29,48300,36758.3,26550,4800,,,,,12.8,0,0.2,0,0,0.5,,,,03:08:00,1784531280,3.13,22:12:00,1784599920,22.2,19.07,4,4,9,9,4,5,,,,,,8,8,8,8,,,,
2026-07-19,11.5,8.22,7.95,4.4,,,93,76.5,77,61,4.7,4.2,4.2,3.8,21,11.21,12,3,,,100.71,100.49,100.53,100.35,100.29,100.07,100.11,99.93,48300,47291.7,36200,24100,,,,,10.1,0,3,1,0,0,,,,03:05:00,1784444700,3.08,22:14:00,1784513640,22.23,19.15,4,4,13,13,5,8,,,,,,8,7.5,7,6,,,,
2026-07-18,15.2,10.93,11.64,8.1,,,89,72.6,74.5,60,8,6.1,6.2,4.5,25,12.54,12.5,0,32,8,100.46,100.38,100.36,100.26,100.04,99.96,99.94,99.85,48300,47291.7,36200,24100,,,,,6.4,0,6.6,4.6,1.6,0.9,,,,03:02:00,1784358120,3.03,22:17:00,1784427420,22.28,19.25,3,3,12,14,8,8,,,,,,8,7.5,6.5,5,,,,
2026-07-17,14.4,11.47,11,7.6,,,82,65.2,67.5,53,6.7,5.1,5.5,4.3,46,19.38,24.5,3,39,5,100.68,100.56,100.56,100.45,100.27,100.15,100.15,100.03,48300,46283.3,36200,24100,,,,,7,0,6,4,1,0,,,,02:59:00,1784271540,2.98,22:20:00,1784341200,22.33,19.35,2,2,11,11,8,8,,,,,,8,7.6,7.5,7,,,,
2026-07-16,20.9,14.72,15.2,9.5,,,79,51.3,55,31,6.3,4.2,3.4,0.4,50,27.46,27,4,62,4,101.18,100.95,100.94,100.7,100.76,100.53,100.53,100.29,48300,44475,30600,12900,,,,,2.8,0,10.2,8.2,5.2,1.6,,,,02:56:00,1784184960,2.93,22:23:00,1784254980,22.38,19.45,4,4,15,19,7,9,,,,,,8,4.6,4.5,1,,,,
2026-07-15,20.9,13.65,13.05,5.2,,,77,53.5,55,33,6.2,3.9,4,1.9,29,10.83,16.5,4,46,7,101.05,100.92,100.94,100.84,100.63,100.5,100.52,100.42,48300,48300,48300,48300,,,,,5,0,8.1,6,3,0,,,,02:53:00,1784098380,2.88,22:25:00,1784168700,22.42,19.53,4,4,19,19,10,10,,,,,,4,2.1,2.5,1,,,,
2026-07-14,14.3,9.78,9.75,5.2,,,91,72.6,75,59,7.5,5,4.7,1.9,31,14.5,17.5,4,36,15,100.81,100.6,100.62,100.44,100.39,100.18,100.2,100.02,48300,48300,48300,48300,,,,,8.2,0,4.8,2.8,0,0,,,,02:50:00,1784011800,2.83,22:28:00,1784082480,22.47,19.63,4,4,12,12,5,6,,,,,,7,3.7,4.5,2,,,,
2026-07-13,16.1,12.96,12.35,8.6,,,94,82.2,82,70,11.2,9.9,9.4,7.7,18,7.62,9,0,,,101.07,100.93,100.89,100.72,100.65,100.51,100.48,100.3,48300,47962.5,44250,40200,,,,,5.7,0,7.3,5.3,2.4,0.2,,,,02:48:00,1783925280,2.8,22:30:00,1783996200,22.5,19.7,4,4,18,18,8,9,,,,,,8,5.4,4.5,1,,,,
2026-07-12,17.5,12.41,11.9,6.3,,,91,71.5,73,55,10.8,7.2,8.2,5.6,21,7.79,10.5,0,,,101.05,100.98,100.98,100.91,100.63,100.56,100.56,100.49,48300,48300,48300,48300,,,,,6.1,0,6.9,4.9,1.9,0.1,,,,02:45:00,1783838700,2.75,22:33:00,1783909980,22.55,19.8,4,4,17,17,8,8,,,,,,8,6.2,5.5,3,,,,
2026-07-11,18,12.11,12.5,7,,,87,60.8,64,41,6.5,4.5,5,3.5,22,12.88,12.5,3,30,31,101.07,100.97,100.9,100.74,100.65,100.55,100.49,100.32,48300,48300,48300,48300,,,,,5.5,0,7.5,5.5,2.5,0.4,,,,02:42:00,1783752120,2.7,22:35:00,1783823700,22.58,19.88,4,4,17,17,8,8,,,,,,8,4.3,4.5,1,,,,
2026-07-10,19.2,14.21,12.8,6.4,,,84,55.3,57,30,7.7,4.7,4.2,0.7,35,25.42,19.5,4,42,32,100.71,100.23,100.32,99.93,100.29,99.82,99.9,99.52,48300,48300,48300,48300,,,,,5.2,0,7.8,5.8,2.8,0,,,,02:40:00,1783665600,2.67,22:38:00,1783737480,22.63,19.97,4,4,18,18,5,6,,,,,,5,2,3,1,,,,
2026-07-09,11.4,8.81,8.85,6.3,,,86,80.4,80.5,75,7.3,5.6,5.8,4.2,18,8.83,9,0,,,99.98,99.9,99.87,99.75,99.56,99.48,99.45,99.34,48300,47625,44250,40200,,,,,9.2,0,3.8,1.8,0,0,,,,02:37:00,1783579020,2.62,22:40:00,1783651200,22.67,20.05,3,3,13,13,7,7,,,,,,8,6.1,4.5,1,,,,
2026-07-08,12.9,9.74,9.75,6.6,,,86,69.5,72,58,6,4.4,4.4,2.8,18,9.58,9,0,,,100.14,99.83,99.89,99.65,99.73,99.42,99.49,99.24,48300,48300,48300,48300,,,,,8.2,0,4.8,2.8,0,0,,,,02:35:00,1783492500,2.58,22:42:00,1783564920,22.7,20.12,4,5,13,13,7,8,,,,,,8,6.7,6,4,,,,
2026-07-07,19.2,14.43,13.5,7.8,,,70,55.5,55.5,41,7.4,5.5,5.7,3.9,21,9.79,12,3,,,101.02,100.62,100.58,100.14,100.61,100.21,100.17,99.73,48300,48300,48300,48300,,,,,4.5,0,8.5,6.5,3.5,0,,,,02:33:00,1783405980,2.55,22:44:00,1783478640,22.73,20.18,5,5,20,20,9,9,,,,,,7,5.4,5,3,,,,
2026-07-06,24.3,17.68,16.14,8,,,72,41.5,46.5,21,5.5,3.7,2.8,0,37,24.17,25,13,42,33,101.52,101.26,101.27,101.03,101.1,100.85,100.86,100.62,48300,48300,48300,48300,,,,,1.9,0,11.1,9.1,6.1,0,,,,02:30:00,1783319400,2.5,22:46:00,1783392360,22.77,20.27,5,5,24,24,11,12,,,,,,6,3,3.5,1,,,,
2026-07-05,24.9,17.62,17.89,10.9,26,,83,56,56.5,30,13,7.8,7.5,2.1,45,30.42,29,13,48,32,101.46,101.34,101.35,101.23,101.04,100.93,100.93,100.82,48300,48300,48300,48300,,,,,0.1,0,12.9,10.9,7.9,0,,,,02:28:00,1783232880,2.47,22:48:00,1783306080,22.8,20.33,5,5,22,22,11,11,,,,,,7,3.1,4,1,,,,
2026-07-04,20.4,11.47,12,3.6,,,82,59.1,57,32,8.5,2.9,4.7,0.8,31,13.79,15.5,0,37,33,101.86,101.59,101.58,101.29,101.43,101.16,101.15,100.87,48300,48300,48300,48300,,,,,6,0,7,5,2,0,,,,02:26:00,1783146360,2.43,22:50:00,1783219800,22.83,20.4,5,5,19,19,9,9,,,,,,8,5.8,5.5,3,,,,
2026-07-03,10.2,7.55,6.94,3.7,,,79,72.1,72,65,5.5,2.9,3.5,1.4,23,15,15.5,8,33,15,101.64,101.25,101.13,100.62,101.21,100.83,100.71,100.21,48300,48300,48300,48300,,,,,11.1,0,1.9,0,0,0,,,,02:24:00,1783059840,2.4,22:51:00,1783133460,22.85,20.45,5,5,12,12,5,5,,,,,,8,5,5,2,,,,
2026-07-02,17.2,10.44,10.75,4.3,,,87,66.9,65.5,44,6.3,4.1,4,1.8,44,20.58,22,0,48,34,101.14,100.75,100.81,100.49,100.72,100.33,100.39,100.07,48300,48300,48300,48300,,,,,7.2,0,5.8,3.8,0.8,0,,,,02:22:00,1782973320,2.37,22:53:00,1783047180,22.88,20.52,5,5,17,17,4,5,,,,,,8,5.7,4.5,1,,,,
2026-07-01,8.8,6,6.65,4.5,,,96,80.2,84.5,73,4.6,2.8,2.9,1.2,15,9.29,7.5,0,,,101.23,101.15,101.16,101.08,100.81,100.73,100.74,100.66,48300,48300,48300,48300,,,,,11.3,0,1.6,0,0,0,,,,02:21:00,1782886860,2.35,22:54:00,1782960840,22.9,20.55,5,5,16,16,3,5,,,,,,8,4.8,5,2,,,,
2026-06-30,19.4,12.43,12,4.6,,,98,78.6,71.5,45,11.6,8.3,8.1,4.5,38,21.17,21,4,41,33,101.03,100.73,100.83,100.63,100.61,100.31,100.41,100.21,48300,43629.2,24450,600,,,,,6,0,7,5,2,0.1,,,,02:19:00,1782800340,2.32,22:56:00,1782874560,22.93,20.62,5,5,15,15,5,6,,,,,,8,5.7,5,2,,,,
2026-06-29,14.5,8.61,9.44,4.4,,,94,88.6,87,80,11,6.8,7.1,3.2,28,12.5,14,0,35,16,101.07,100.93,100.88,100.68,100.65,100.51,100.46,100.26,48300,45275,32200,16100,,,,,8.6,0,4.4,2.4,0,1.9,,,,02:18:00,1782713880,2.3,22:57:00,1782788220,22.95,20.65,4,4,15,15,5,7,,,,,,8,7,6,4,,,,
2026-06-28,20.6,15.64,15.6,10.6,,,79,55.3,56.5,34,8.6,6.2,6.2,3.8,36,27.04,26.5,17,42,32,101.14,100.99,100.99,100.85,100.72,100.57,100.58,100.44,48300,48300,48300,48300,,,,,2.4,0,10.6,8.6,5.6,0,,,,02:16:00,1782627360,2.27,22:58:00,1782701880,22.97,20.7,5,5,19,19,7,7,,,,,,8,5.3,4.5,1,,,,
2026-06-27,20.8,14.49,14.35,7.9,,,79,61.1,63,47,9.1,6.9,7,5,41,18.04,20.5,0,50,34,101.2,101.03,101.03,100.87,100.78,100.61,100.62,100.46,48300,48300,48300,48300,,,,,3.6,0,9.3,7.3,4.3,0,,,,02:15:00,1782540900,2.25,22:59:00,1782615540,22.98,20.73,5,5,19,19,12,12,,,,,,8,5.4,4.5,1,,,,
2026-06-26,19.1,14.07,14,8.9,,,84,55.8,54.5,25,6.6,4.5,2.4,-1.8,36,25.79,23,10,36,32,101.61,101.41,101.4,101.2,101.19,100.99,100.99,100.78,48300,48300,48300,48300,,,,,4,0,9,7,4,0,,,,02:14:00,1782454440,2.23,22:59:00,1782529140,22.98,20.75,5,5,17,17,9,11,,,,,,8,5,5,2,,,,
2026-06-25,16.6,13.15,12.8,9,,,92,71.5,71,50,10.2,7.9,7.7,5.1,40,25.42,25.5,11,45,32,101.47,101.2,101.23,100.99,101.05,100.78,100.81,100.57,48300,48300,48300,48300,,,,,5.2,0,7.8,5.8,2.8,0,,,,02:13:00,1782367980,2.22,23:00:00,1782442800,23,20.78,4,4,16,16,6,7,,,,,,8,6.9,5,2,,,,
2026-06-24,21.5,13.87,15.65,9.8,,,85,71.1,62.5,40,11.2,8.5,9.1,7,29,17.17,14.5,0,53,35,101.39,101.18,101.19,100.98,100.97,100.76,100.77,100.57,48300,47629.2,40250,32200,,,,,2.4,0,10.7,8.7,5.7,0,,,,02:12:00,1782281520,2.2,23:00:00,1782356400,23,20.8,4,4,18,18,10,11,,,,,,8,4.9,4.5,1,,,,
2026-06-23,19.6,12.4,11.1,2.6,,,87,63.8,62.5,38,10.2,5.2,5.7,1.1,37,16.21,18.5,0,44,34,101.99,101.73,101.7,101.41,101.56,101.31,101.27,100.99,48300,48300,48300,48300,,,,,6.9,0,6.1,4.1,1.1,0,,,,02:12:00,1782195120,2.2,23:01:00,1782270060,23.02,20.82,5,5,16,19,9,10,,,,,,8,4.9,4.5,1,,,,
2026-06-22,7.8,4.95,4.59,1.4,,,89,76.5,78,67,2.5,1.1,1,-0.5,17,9.88,8.5,0,,,101.89,101.78,101.65,101.42,101.46,101.35,101.23,101,48300,48300,48300,48300,,,,,13.4,0,0,0,0,0,,,,02:11:00,1782108660,2.18,23:01:00,1782183660,23.02,20.83,5,5,9,9,3,4,,,,,,5,2.4,3,1,,,,
2026-06-21,16.2,7.65,8.85,1.5,,,89,71.3,67,45,5.8,2.5,2.6,-0.6,33,20.21,16.5,0,31,16,101.34,100.95,101.01,100.68,100.92,100.53,100.59,100.26,48300,48300,48300,48300,,,,,9.2,0,3.8,1.8,0,0,,,,02:11:00,1782022260,2.18,23:01:00,1782097260,23.02,20.83,5,5,8,13,2,3,,,,,,7,3.4,4,1,,,,
2026-06-20,19.6,10.72,11.7,3.8,,,77,57.8,56.5,36,8.2,2.4,4,-0.3,40,17.33,20,0,42,33,101.53,101.12,101.11,100.69,101.11,100.7,100.69,100.27,48300,48300,48300,48300,,,,,6.3,0,6.7,4.7,1.7,0,,,,02:11:00,1781935860,2.18,23:00:00,1782010800,23,20.82,5,5,16,16,7,7,,,,,,6,2.9,3.5,1,,,,
2026-06-19,11.6,7.34,7.55,3.5,,,78,62.4,61.5,45,2,0.5,0.5,-1,12,6.5,6,0,,,101.81,101.64,101.65,101.5,101.38,101.22,101.23,101.08,48300,48300,48300,48300,,,,,10.4,0,2.5,0.6,0,0,,,,02:11:00,1781849460,2.18,23:00:00,1781924400,23,20.82,6,6,10,11,5,5,,,,,,6,3,4,2,,,,
2026-06-18,13,7.58,7.2,1.4,,,87,65,69.5,52,2.2,1.2,1.1,0,9,5.04,4.5,0,,,102.06,101.91,101.93,101.8,101.63,101.48,101.5,101.38,48300,48300,48300,48300,,,,,10.8,0,2.2,0.2,0,0,,,,02:11:00,1781763060,2.18,22:59:00,1781837940,22.98,20.8,6,6,10,10,2,4,,,,,,4,3.2,2.5,1,,,,
2026-06-17,8.2,4.9,5.15,2.1,,,90,81,81,72,4.2,1.9,2.4,0.5,31,15.46,17,3,31,15,102.05,101.84,101.85,101.65,101.62,101.41,101.42,101.22,48300,48300,48300,48300,,,,,12.8,0,0.2,0,0,0.1,,,,02:12:00,1781676720,2.2,22:59:00,1781751540,22.98,20.78,5,5,9,9,4,4,,,,,,8,6.9,5.5,3,,,,
2026-06-16,6.1,3.9,3.4,0.7,,,99,80.2,83.5,68,1.4,0.7,0.6,-0.2,28,15.75,14,0,41,14,101.76,101.58,101.61,101.45,101.33,101.15,101.17,101.02,48300,46387.5,25350,2400,,,,,14.6,0,0,0,0,0,,,,02:12:00,1781590320,2.2,22:58:00,1781665080,22.97,20.77,5,5,6,6,4,4,,,,,,8,6.5,5.5,3,,,,
2026-06-15,5.9,2.46,2.75,-0.4,,-3,99,85.4,84.5,70,1.9,0.2,0,-2,32,14.58,16,0,35,16,102.03,101.89,101.9,101.78,101.6,101.46,101.47,101.35,48300,36812.5,24350,400,,,,,15.2,0,0,0,0,0,,,,02:13:00,1781503980,2.22,22:57:00,1781578620,22.95,20.73,5,5,5,5,0,3,,,,,,8,3.7,4.5,1,,,,
2026-06-14,4.2,1.36,1.95,-0.3,,-2,96,88.8,84.5,73,0.5,-0.4,-0.7,-1.9,25,11.42,14.5,4,,,102.26,102.11,102.12,101.98,101.83,101.68,101.69,101.55,48300,34312.5,24950,1600,,,,,16.1,0,0,0,0,0,,,,02:14:00,1781417640,2.23,22:55:00,1781492100,22.92,20.68,3,5,6,6,0,0,,,,,,8,5,4.5,1,,,,
2026-06-13,4.2,2.11,1.95,-0.3,,,94,83.5,84.5,75,0.4,-0.4,-0.4,-1.3,36,24,18,0,46,15,102.25,102.09,102.1,101.94,101.82,101.66,101.67,101.51,48300,43133.3,24950,1600,,,,,16.1,0,0,0,0,0,,,,02:15:00,1781331300,2.25,22:54:00,1781405640,22.9,20.65,5,5,4,4,1,2,,,,,,8,4.4,4.5,1,,,,
2026-06-12,9,5.26,5,1,,,85,69.2,70.5,56,2.1,0,0.7,-0.7,19,8.5,9.5,0,,,101.97,101.88,101.89,101.82,101.54,101.45,101.47,101.39,48300,48300,48300,48300,,,,,13,0,0,0,0,0,,,,02:16:00,1781244960,2.27,22:53:00,1781319180,22.88,20.62,5,5,9,9,2,2,,,,,,3,1.9,1.5,0,,,,
2026-06-11,10.8,5.66,5.9,1,,,91,73.5,78.5,66,2.8,1.2,1.2,-0.3,13,6.46,6.5,0,,,101.95,101.85,101.88,101.81,101.53,101.43,101.45,101.38,48300,48300,48300,48300,,,,,12.1,0,0.9,0,0,0,,,,02:17:00,1781158620,2.28,22:51:00,1781232660,22.85,20.57,5,5,10,10,2,4,,,,,,5,2.3,3,1,,,,
2026-06-10,14.3,6.55,6.05,-2.2,,-4,84,62.2,65.5,47,3.2,-0.4,-0.8,-4.8,26,14.04,13,0,32,32,102.01,101.83,101.86,101.7,101.58,101.41,101.43,101.28,48300,48300,48300,48300,,,,,11.9,0,1.1,0,0,0,,,,02:19:00,1781072340,2.32,22:49:00,1781146140,22.82,20.5,5,5,8,8,3,3,,,,,,7,3.4,4,1,,,,
2026-06-09,4.3,2.64,1.35,-1.6,,,91,75.2,75,59,1.5,-1.4,-1.5,-4.5,21,11.38,12,3,28,15,102.31,102.19,102.14,101.98,101.88,101.76,101.72,101.55,48300,48300,48300,48300,,,,,16.6,0,0,0,0,,,,,02:20:00,1780986000,2.33,22:47:00,1781059620,22.78,20.45,4,4,6,6,-1,0,,,,,,8,5.6,5,2,,,,
2026-06-08,12.1,6.84,6.95,1.8,,,86,72,70,54,4,2,2,0.1,27,11.12,13.5,0,,,101.94,101.36,101.51,101.09,101.51,100.94,101.09,100.67,48300,48300,48300,48300,,,,,11.1,0,2,0,0,0,,,,02:22:00,1780899720,2.37,22:45:00,1780973100,22.75,20.38,5,5,12,12,3,3,,,,,,8,6.5,5.5,3,,,,
2026-06-07,7.5,4.02,4.09,0.7,,,92,79,81,70,1.8,0.6,0.6,-0.5,14,6.04,7,0,,,101.36,101.28,101.26,101.15,100.94,100.85,100.84,100.73,48300,48300,48300,48300,,,,,13.9,0,0,0,0,0,,,0,02:24:00,1780813440,2.4,22:43:00,1780886580,22.72,20.32,3,3,8,8,0,4,,,,,,8,6.6,6.5,5,,,,
2026-06-06,10.1,5.53,5.4,0.7,,,97,76.5,78.5,60,2.6,1.5,1.3,0,33,19.46,18,3,40,32,101.3,100.99,100.94,100.58,100.88,100.57,100.51,100.15,48300,48300,48300,48300,,,,,12.6,0,0.4,0,0,0,,,0,02:25:00,1780727100,2.42,22:41:00,1780800060,22.68,20.27,4,4,8,8,3,3,,,,,,8,3.8,4.5,1,,,,
2026-06-05,2.2,0.62,0.7,-0.8,,-3,93,82.7,82.5,72,-0.1,-2,-2.3,-4.5,9,6.62,6,3,,,100.94,100.6,100.68,100.41,100.51,100.17,100.25,99.99,48300,43600,24950,1600,,,,,17.3,0,0,0,0,0.6,,,0,02:27:00,1780640820,2.45,22:39:00,1780713540,22.65,20.2,2,2,4,4,1,2,,,,,,8,7.8,7.5,7,,,,
2026-06-04,2.3,0.52,0.54,-1.2,,-8,80,72.7,73.5,67,-2.8,-3.9,-4,-5.2,33,22.75,21,9,41,34,101.23,101.13,101.1,100.96,100.8,100.7,100.67,100.53,48300,48300,48300,48300,,,,,17.5,0,0,0,0,,,,0,02:30:00,1780554600,2.5,22:36:00,1780626960,22.6,20.1,4,4,4,4,0,0,,,,,,8,8,8,8,,,,
2026-06-03,3.4,0.44,0.8,-1.8,,-10,83,71,72,61,-2.5,-4.3,-4.1,-5.7,39,32.5,29,19,39,31,101.21,101.13,101.08,100.95,100.78,100.69,100.65,100.52,48300,48300,48300,48300,,,,,17.2,0,0,0,0,,,,0,02:32:00,1780468320,2.53,22:34:00,1780540440,22.57,20.03,4,4,2,2,-1,-1,,,,,,8,7.5,7,6,,,,
2026-06-02,4.3,1.34,1.2,-1.9,,-9,93,78.8,80.5,68,-0.2,-2,-3,-5.8,41,32.04,32.5,24,48,34,101.72,101.24,101.31,100.9,101.29,100.81,100.88,100.47,48300,45545.8,27350,6400,,,,,16.8,0,0,0,0,0,,,0,02:34:00,1780382040,2.57,22:31:00,1780453860,22.52,19.95,4,5,5,5,-2,-2,,,,,,8,7.7,7,6,,,,
2026-06-01,5.2,2.4,2.65,0.1,,,93,85,85,77,1.4,0.1,0,-1.5,48,31.92,33.5,19,46,32,102.47,102.11,102.13,101.79,102.04,101.69,101.7,101.36,48300,47629.2,40250,32200,,,,,15.3,0,0,0,0,0,,,0,02:36:00,1780295760,2.6,22:29:00,1780367340,22.48,19.88,5,5,5,5,2,2,,,,,,8,7.7,7.5,7,,,,
2026-05-31,6.4,3.13,3.25,0.1,,,92,80.4,81,70,1.3,0,0.2,-1,38,29.71,27.5,17,40,32,102.61,102.48,102.44,102.28,102.18,102.05,102.01,101.85,48300,48300,48300,48300,,,,,14.8,0,0,0,0,0,,,1,02:39:00,1780209540,2.65,22:26:00,1780280760,22.43,19.78,4,4,8,8,1,2,,,,,,8,3.6,4.5,1,,,,
2026-05-30,6.1,3.45,2.8,-0.5,,-5,86,73.4,74,62,0.6,-0.9,-1.4,-3.3,35,24.12,20.5,6,40,34,102.42,102.27,102.29,102.17,101.99,101.84,101.86,101.74,48300,48300,48300,48300,,,,,15.2,0,0,0,0,0,,,1,02:41:00,1780123260,2.68,22:23:00,1780194180,22.38,19.7,4,4,10,10,2,2,,,,,,7,1.7,3.5,0,,,,
2026-05-29,8.6,2.97,3.15,-2.3,,-3,84,65.5,65,46,-0.2,-3.1,-3,-5.9,18,7.83,9,0,,,102.86,102.71,102.65,102.45,102.42,102.27,102.22,102.02,48300,47291.7,36200,24100,,,,,14.8,0,0,0,0,0,,,1,02:44:00,1780037040,2.73,22:21:00,1780107660,22.35,19.62,4,4,7,7,0,1,,,,,,2,0.3,1,0,,,,
2026-05-28,2.9,0.43,0.39,-2.1,,-7,89,73.5,71.5,54,-2.5,-3.9,-4.8,-7,22,11.71,11,0,,,102.93,102.86,102.86,102.79,102.49,102.42,102.42,102.36,48300,48300,48300,48300,,,,,17.6,0,0,0,0,0,,,1,02:46:00,1779950760,2.77,22:18:00,1780021080,22.3,19.53,4,4,4,4,-1,-1,,,,,,8,5.8,4.5,1,,,,
2026-05-27,2.6,0.73,0.75,-1.1,,-7,89,84.7,83.5,78,-1.1,-1.6,-1.8,-2.5,38,27.96,28.5,19,37,14,102.8,102.65,102.57,102.33,102.37,102.21,102.14,101.9,48300,48300,48300,48300,,,,,17.2,0,0,0,0,0,,,1,02:49:00,1779864540,2.82,22:15:00,1779934500,22.25,19.43,4,4,3,3,0,0,,,,,,8,6.8,6.5,5,,,,
2026-05-26,3.1,0.24,-0.09,-3.3,,-5,98,88.5,88,78,-0.4,-1.5,-2,-3.7,25,14,12.5,0,35,13,102.29,102.03,102.06,101.83,101.86,101.6,101.63,101.4,48300,39679.2,24350,400,,,,,18.1,0,0,0,0,0.1,,,1,02:52:00,1779778320,2.87,22:12:00,1779847920,22.2,19.33,4,4,3,3,-1,0,,,,,,8,5,4,0,,,,
2026-05-25,3.3,0.48,0.14,-3,,-7,90,83,83.5,77,-0.1,-2.1,-2.2,-4.4,10,6.67,5,0,,,102.02,101.87,101.88,101.74,101.59,101.44,101.45,101.31,48300,48300,48300,48300,,,,,17.9,0,0,0,0,0,,,0,02:54:00,1779692040,2.9,22:09:00,1779761340,22.15,19.25,4,4,5,5,-1,1,,,,,,5,3,3,1,,,,
2026-05-24,0.1,-2.35,-2.25,-4.6,,-9,89,80.5,82,75,-3.1,-5.3,-5.3,-7.6,16,10.46,8,0,,,102.58,102.36,102.3,102.01,102.14,101.92,101.86,101.58,48300,48300,48300,48300,,,,,20.2,0,0,0,0,0,,,0,02:57:00,1779605820,2.95,22:06:00,1779674760,22.1,19.15,4,4,3,3,-4,-3,,,,,,8,5.9,4.5,1,,,,
2026-05-23,1.5,-0.9,-1.25,-4,,-10,85,75.7,75.5,66,-2.2,-4.7,-4.5,-6.9,32,25.29,24.5,17,40,34,102.52,102.21,102.24,101.96,102.08,101.78,101.81,101.53,48300,48300,48300,48300,,,,,19.2,0,0,0,0,0,,,0,03:00:00,1779519600,3,22:03:00,1779588180,22.05,19.05,3,3,0,0,-5,-4,,,,,,8,7.5,6,4,,,,
2026-05-22,2.5,0.32,0.55,-1.4,,-8,88,77.5,76.5,65,-2.5,-3.2,-3.4,-4.3,27,18.25,18.5,10,35,33,102,101.91,101.85,101.69,101.57,101.48,101.42,101.26,48300,48300,48300,48300,,,,,17.4,0,0,0,0,0,,,1,03:03:00,1779433380,3.05,22:00:00,1779501600,22,18.95,4,4,4,4,-1,-1,,,,,,8,6.8,5.5,3,,,,
2026-05-21,3.3,0.33,0.39,-2.5,,-8,88,82,81,74,-0.5,-2.4,-2.9,-5.2,34,22.54,21.5,9,35,34,101.67,101.47,101.5,101.33,101.24,101.04,101.07,100.9,48300,45145.8,26550,4800,,,,,17.6,0,0,0,0,0.1,,,1,03:06:00,1779347160,3.1,21:57:00,1779415020,21.95,18.85,3,3,3,3,-2,-2,,,,,,8,7.3,7,6,,,,
2026-05-20,3.1,0.93,0.8,-1.5,,-5,80,67.8,70.5,61,-2.9,-4.4,-4.3,-5.8,26,16.21,13,0,38,5,101.39,101.34,101.33,101.27,100.96,100.91,100.9,100.84,48300,44937.5,36200,24100,,,,,17.2,0,0,0,0,0.1,,,1,03:09:00,1779260940,3.15,21:54:00,1779328440,21.9,18.75,3,3,2,2,-3,-3,,,,,,8,7.3,7,6,,,,
2026-05-19,2.5,-0.36,0.19,-2.1,,-8,94,85.8,82,70,-1.1,-2.5,-2.6,-4.2,37,26.5,23,9,39,35,101.33,101.28,101.26,101.18,100.9,100.85,100.83,100.75,48300,18650,24750,1200,,,,,17.8,0,0,0,0,0.6,,,3,03:12:00,1779174720,3.2,21:51:00,1779241860,21.85,18.65,1,1,2,2,-1,-1,,,,,,8,7.6,6.5,5,,,,
2026-05-18,-0.6,-1.45,-1.6,-2.6,,-7,97,92.7,92.5,88,-1.9,-2.5,-2.6,-3.4,24,11.79,12,0,,,101.35,101.25,101.18,101.01,100.92,100.82,100.75,100.58,12900,5920.8,7650,2400,,,,,19.6,0,0,0,0,6,,,2,03:15:00,1779088500,3.25,21:48:00,1779155280,21.8,18.55,1,1,0,0,-2,-2,,,,,,8,7.8,7,6,,,,
2026-05-17,1.1,-0.71,-0.55,-2.2,,-6,94,77.6,79.5,65,-2.7,-4.2,-4.1,-5.5,21,11.33,10.5,0,33,8,100.96,100.59,100.65,100.35,100.53,100.16,100.22,99.92,48300,43933.3,32200,16100,,,,,18.6,0,0,0,0,0.5,,,1,03:18:00,1779002280,3.3,21:45:00,1779068700,21.75,18.45,3,3,1,1,-3,-2,,,,,,8,7.4,7,6,,,,
2026-05-16,1,-2.97,-3.75,-8.5,,-14,80,68.1,70.5,61,-4.3,-8.1,-8.2,-12,17,9.29,8.5,0,28,10,100.92,100.62,100.65,100.39,100.49,100.19,100.22,99.96,48300,47291.7,36200,24100,,,,,21.8,0,0,0,0,0,,,1,03:21:00,1778916060,3.35,21:42:00,1778982120,21.7,18.35,3,3,-1,-1,-7,-5,,,,,,8,4.2,4.5,1,,,,
2026-05-15,-3.5,-5.6,-5.7,-7.9,,-13,80,68.6,69,58,-8.4,-10.6,-10.1,-11.7,27,16.12,13.5,0,35,35,100.93,100.78,100.81,100.7,100.5,100.35,100.38,100.27,48300,37287.5,33800,19300,,,,,23.7,0,0,0,0,0.1,,,1,03:24:00,1778829840,3.4,21:38:00,1778895480,21.63,18.23,3,3,-4,-4,-9,-9,,,,,,8,8,8,8,,,,
2026-05-14,-0.5,-2.88,-3.5,-6.5,,-13,98,79.2,80.5,63,-0.9,-6.1,-6.2,-11.5,41,24.46,23,5,36,34,100.81,100.67,100.65,100.5,100.38,100.24,100.22,100.07,48300,35675,26550,4800,,,,,21.5,0,0,0,0,0.1,,,2,03:27:00,1778743620,3.45,21:35:00,1778808900,21.58,18.13,3,3,0,0,-7,-7,,,,,,8,7.8,7.5,7,,,,
2026-05-13,0.6,-1.63,-2.45,-5.5,,-8,96,85.2,87,78,-1.1,-3.8,-3.8,-6.5,29,14.75,14.5,0,35,16,100.99,100.81,100.76,100.54,100.56,100.38,100.33,100.11,48300,41387.5,29000,9700,,,,,20.4,0,0,0,0,0,,,2,03:30:00,1778657400,3.5,21:32:00,1778722320,21.53,18.03,3,3,0,0,-2,-2,,,,,,8,7.2,6.5,5,,,,
2026-05-12,-1.6,-2.56,-3,-4.4,,-10,85,80.4,80,75,-4.1,-5.5,-5.2,-6.2,41,24.67,25,9,33,32,100.98,100.8,100.82,100.65,100.55,100.37,100.39,100.22,48300,44266.7,36200,24100,,,,,21,0,0,0,0,0,,,3,03:34:00,1778571240,3.57,21:29:00,1778635740,21.48,17.92,3,3,1,1,-4,-3,,,,,,8,6.3,6,4,,,,
2026-05-11,2,0.1,0.05,-1.9,,-8,90,83.3,83,76,-1.6,-2.4,-2.5,-3.5,32,17.17,16,0,49,34,101.1,100.92,100.88,100.66,100.67,100.49,100.45,100.23,48300,43258.3,36200,24100,,,,,17.9,0,0,0,0,0,,,8,03:37:00,1778485020,3.62,21:26:00,1778549160,21.43,17.82,3,3,2,2,-4,-4,,,,,,8,6.4,5,2,,,,
2026-05-10,0.2,-1.1,-0.9,-2,,-8,97,91.5,87,77,-1.5,-2.4,-2.7,-3.9,27,19.58,17.5,8,31,16,100.94,100.5,100.52,100.1,100.51,100.07,100.1,99.68,48300,13254.2,24950,1600,,,,,18.9,0,0,0,0,0.5,,,7,03:40:00,1778398800,3.67,21:23:00,1778462580,21.38,17.72,1,1,0,0,-2,-2,,,,,,8,7,4.5,1,,,,
2026-05-09,2.9,0.85,0.54,-1.8,,-5,97,86.2,85.5,74,0.4,-1.2,-1.6,-3.5,30,11.58,15,0,39,29,100.09,99.39,99.42,98.76,99.67,98.97,99,98.34,48300,15387.5,25350,2400,,,,,17.5,0,0,0,0,3.3,,,6,03:43:00,1778312580,3.72,21:19:00,1778375940,21.32,17.6,1,1,2,2,-2,-1,,,,,,8,7.8,6,4,,,,
2026-05-08,3.5,1.42,1.35,-0.8,,-5,96,79.2,80.5,65,-0.2,-1.9,-1.8,-3.4,40,16.88,20,0,48,33,100.73,99.86,99.78,98.82,100.3,99.44,99.35,98.4,48300,28295.8,25750,3200,,,,,16.6,0,0,0,0,2.1,,,8,03:46:00,1778226360,3.77,21:16:00,1778289360,21.27,17.5,1,2,2,4,0,2,,,,,,8,7.9,7.5,7,,,,
2026-05-07,2.1,0.51,0.55,-1,,-6,95,88.2,87.5,80,-0.3,-1.2,-1.8,-3.2,37,18.17,21.5,6,35,14,100.78,100.33,100.36,99.93,100.35,99.91,99.93,99.51,48300,35137.5,26550,4800,,,,,17.4,0,0,0,0,0.3,,,12,03:50:00,1778140200,3.83,21:13:00,1778202780,21.22,17.38,3,3,2,2,-4,-4,,,,,,8,7.3,5,2,,,,
2026-05-06,4.4,3,2.45,0.5,,,79,71.3,73,67,-0.7,-1.7,-2.4,-4.1,47,31.04,33.5,20,39,12,100.62,100.28,100.37,100.11,100.19,99.86,99.94,99.69,48300,37087.5,29000,9700,,,,,15.6,0,0,0,0,0,,,18,03:53:00,1778053980,3.88,21:10:00,1778116200,21.17,17.28,3,3,3,4,0,2,,,,,,8,7.3,6.5,5,,,,
2026-05-05,2.3,-0.6,-0.75,-3.8,,-10,80,71.4,73.5,67,-2.9,-5.2,-6,-9,41,22.75,23,5,35,10,101.53,100.9,101.06,100.59,101.1,100.47,100.63,100.16,48300,30445.8,27350,6400,,,,,18.8,0,0,0,0,2.2,,,19,03:56:00,1777967760,3.93,21:07:00,1778029620,21.12,17.18,1,1,0,0,0,0,,,,,,8,7.7,7.5,7,,,,
2026-05-04,-1.9,-3.99,-4.45,-7,,-15,82,73.3,74.5,67,-6,-8.1,-7.8,-9.6,27,14.42,15.5,4,43,10,101.74,101.64,101.61,101.48,101.31,101.21,101.18,101.05,48300,37025,25750,3200,,,,,22.4,0,0,0,0,0.1,,,19,04:00:00,1777881600,4,21:04:00,1777943040,21.07,17.07,3,4,-1,-1,-6,-5,,,,,,8,7.3,5,2,,,,
2026-05-03,-2,-4.42,-4.5,-7,,-15,89,73.3,76.5,64,-6.5,-8.6,-8.3,-10.2,39,24.88,21,3,54,10,102.16,101.79,101.83,101.49,101.72,101.36,101.39,101.06,48300,32395.8,26550,4800,,,,,22.5,0,0,0,0,0.4,,,19,04:03:00,1777795380,4.05,21:01:00,1777856460,21.02,16.97,3,3,-2,-2,-7,-6,,,,,,8,7.3,6.5,5,,,,
2026-05-02,-0.9,-8.28,-8.64,-16.4,,-29,89,71.8,74,59,-6.7,-12.6,-13.8,-20.9,35,14.83,17.5,0,41,32,102.42,102.32,102.31,102.2,101.98,101.88,101.87,101.76,48300,44266.7,36200,24100,,,,,26.6,0,0,0,0,0.1,,,19,04:06:00,1777709160,4.1,20:57:00,1777769820,20.95,16.85,4,4,-4,-4,-7,-7,,,,,,8,5.8,5,2,,,,
2026-05-01,-5.7,-11.14,-11.3,-16.9,,-25,89,78.9,79.5,70,-9.5,-14.2,-13.8,-18,37,20.12,18.5,0,40,31,102.35,102.2,102.17,101.98,101.9,101.76,101.72,101.54,48300,44266.7,36200,24100,,,,,29.3,0,0,0,0,0,,,19,04:10:00,1777623000,4.17,20:54:00,1777683240,20.9,16.73,4,4,-7,-7,-13,-13,,,,,,7,3.5,4.5,2,,,,
2026-04-30,-8.3,-13.28,-14.7,-21.1,,-27,86,75.3,76.5,67,-12.9,-16.8,-17.7,-22.5,10,4.21,5,0,,,101.96,101.7,101.69,101.41,101.52,101.26,101.24,100.97,48300,42250,36200,24100,,,,,32.7,0,0,0,0,,,,19,04:13:00,1777536780,4.22,20:51:00,1777596660,20.85,16.63,3,3,-9,-9,-12,-12,,,,,,3,0.9,1.5,0,,,,
2026-04-29,-8.5,-13.75,-13.7,-18.9,,-29,84,70,74.5,65,-13.9,-18.1,-18.1,-22.4,32,22.71,16,0,37,32,101.62,101.39,101.44,101.25,101.18,100.95,100.99,100.81,48300,42250,36200,24100,,,,,31.7,0,0,0,0,,,,20,04:16:00,1777450560,4.27,20:48:00,1777510080,20.8,16.53,3,3,-7,-7,-18,-16,,,,,,5,1,2.5,0,,,,
2026-04-28,-9,-14.8,-15.15,-21.3,,-30,78,70.8,69,60,-14.3,-19,-19.1,-23.9,23,7.83,11.5,0,31,30,102.22,101.93,101.94,101.65,101.77,101.48,101.49,101.21,48300,41241.7,36200,24100,,,,,33.1,0,0,0,0,,,,20,04:20:00,1777364400,4.33,20:45:00,1777423500,20.75,16.42,3,3,-11,-11,-18,-18,,,,,,8,6.5,6.5,5,,,,
2026-04-27,-14,-17.56,-17.55,-21.1,,-34,75,71.4,68.5,62,-18.7,-21.6,-21.6,-24.5,35,26.92,27,19,33,35,102.94,102.53,102.58,102.22,102.48,102.07,102.12,101.77,48300,42250,36200,24100,,,,,35.5,0,0,0,0,,,,20,04:23:00,1777278180,4.38,20:42:00,1777336920,20.7,16.32,3,3,-12,-12,-19,-18,,,,,,8,5.2,5,2,,,,
2026-04-26,-15.2,-17.93,-18.14,-21.1,,-33,75,71.4,71.5,68,-19.4,-21.9,-21.8,-24.2,40,32.29,30,20,44,33,103.49,103.3,103.22,102.94,103.04,102.85,102.76,102.49,48300,42250,36200,24100,,,,,36.1,0,0,0,0,,,,21,04:27:00,1777192020,4.45,20:39:00,1777250340,20.65,16.2,3,3,-12,-12,-21,-17,,,,,,4,1.1,2,0,,,,
2026-04-25,-8.5,-11.7,-13.2,-17.9,,-26,78,72.9,72,66,-12.8,-15.7,-15.7,-18.5,41,33.62,32.5,24,40,34,104.05,103.8,103.76,103.47,103.6,103.35,103.31,103.02,80500,42583.3,52300,24100,,,,,31.2,0,0,0,0,,,,23,04:30:00,1777105800,4.5,20:36:00,1777163760,20.6,16.1,3,3,-6,-4,-19,-14,,,,,,7,4.6,4.5,2,,,,
2026-04-24,-6.8,-10.08,-10.45,-14.1,,-24,87,78.7,78,69,-10.9,-13.1,-13.6,-16.2,29,15.12,14.5,0,38,33,104.1,103.86,103.88,103.65,103.65,103.41,103.42,103.2,48300,38825,27350,6400,,,,,28.4,0,0,0,0,,,,21,04:33:00,1777019580,4.55,20:33:00,1777077180,20.55,16,3,3,-6,-6,-14,-11,,,,,,8,4.3,5,2,,,,
2026-04-23,-9.7,-16.07,-17.89,-26.1,,-32,81,75,72.5,64,-14.2,-19.6,-21.1,-28.1,29,13.29,14.5,0,32,32,103.74,103.65,103.58,103.41,103.28,103.19,103.11,102.95,48300,41241.7,36200,24100,,,,,35.9,0,0,0,0,,,,23,04:37:00,1776933420,4.62,20:30:00,1776990600,20.5,15.88,3,3,-7,-7,-12,-9,,,,,,8,5.7,4,0,,,,
2026-04-22,-12.7,-19.46,-20.45,-28.2,,-33,80,71.3,49,18,-18.4,-23.8,-25.5,-32.6,27,12.92,13.5,0,,,103.36,102.81,102.96,102.55,102.9,102.35,102.5,102.1,48300,41241.7,36200,24100,,,,,38.5,0,0,0,0,,,,24,04:40:00,1776847200,4.67,20:27:00,1776904020,20.45,15.78,2,2,-11,-11,-19,-19,,,,,,3,0.7,1.5,0,,,,
2026-04-21,-11.8,-16.47,-18.7,-25.6,,-28,82,72.8,71.5,61,-17.8,-20.4,-22.3,-26.8,22,10.5,11,0,,,102.64,102.38,102.14,101.65,102.19,101.94,101.7,101.21,48300,42250,36200,24100,,,,,36.7,0,0,0,0,,,,25,04:44:00,1776761040,4.73,20:23:00,1776817380,20.38,15.65,2,2,-12,-12,-20,-19,,,,,,8,3.5,4,0,,,,
2026-04-20,-7.8,-10.67,-13.7,-19.6,,-23,79,67.8,68.5,58,-10.1,-15.6,-15.5,-20.9,19,13.83,11.5,4,41,22,101.56,100.41,100.42,99.29,101.12,99.98,99.99,98.86,48300,39233.3,32200,16100,,,,,31.7,0,0,0,0,,,,28,04:47:00,1776674820,4.78,20:20:00,1776730800,20.33,15.55,2,2,-8,-8,-20,-19,,,,,,8,6.3,5,2,,,,
2026-04-19,-4.5,-8.9,-10.3,-16.1,,-22,95,84.3,85.5,76,-5.5,-11.1,-12.6,-19.7,25,9.83,12.5,0,35,10,100.66,99.59,99.82,98.98,100.22,99.15,99.39,98.55,48300,8308.3,24450,600,,,,,28.3,0,0,0,0,,,,15,04:51:00,1776588660,4.85,20:17:00,1776644220,20.28,15.43,1,1,-6,-6,-11,-9,,,,,,8,6,4.5,1,,,,
2026-04-18,-12.7,-15.38,-15.35,-18,,-27,82,71.2,71.5,61,-17.8,-19.5,-19.4,-21,31,20.04,15.5,0,36,35,102,101.56,101.38,100.75,101.55,101.12,100.93,100.31,48300,39362.5,25750,3200,,,,,33.4,0,0,0,0,,,,15,04:54:00,1776502440,4.9,20:14:00,1776557640,20.23,15.33,2,2,-13,-13,-16,-15,,,,,,8,4.2,4.5,1,,,,
2026-04-17,-11.2,-13.15,-14.25,-17.3,,-28,80,77,76,72,-14.6,-16.4,-17.1,-19.5,39,29.21,27,15,39,32,101.9,101.5,101.49,101.07,101.46,101.06,101.04,100.63,48300,30729.2,26150,4000,,,,,32.2,0,0,0,0,,,,15,04:58:00,1776416280,4.97,20:11:00,1776471060,20.18,15.22,1,2,-12,-10,-18,-17,,,,,,8,6.9,5.5,3,,,,
2026-04-16,-13.4,-18.37,-19.75,-26.1,,-42,81,75.1,74.5,68,-16.5,-21.8,-22.9,-29.3,55,39.46,37.5,20,50,32,100.97,100.5,100.57,100.16,100.53,100.05,100.12,99.72,48300,21825,24550,800,,,,,37.8,0,0,0,0,,,,15,05:01:00,1776330060,5.02,20:08:00,1776384480,20.13,15.12,1,2,-15,-14,-23,-17,,,,,,8,5.5,4,0,,,,
2026-04-15,-15.6,-18.13,-19.14,-22.7,,-31,77,67.4,67,57,-20.2,-22.8,-23,-25.8,29,13.25,16,3,65,33,100.61,100.18,100.31,100,100.16,99.74,99.86,99.56,48300,27016.7,25750,3200,,,,,37.1,0,0,0,0,,,,15,05:05:00,1776243900,5.08,20:05:00,1776297900,20.08,15,2,2,-17,-17,-27,-23,,,,,,8,6.1,5.5,3,,,,
2026-04-14,-4.7,-17.19,-12.9,-21.1,,-33,100,68.3,73.5,47,-4.1,-21.9,-16.4,-28.7,68,25.75,37.5,7,69,13,100.76,100.35,100.02,99.28,100.31,99.91,99.58,98.85,48300,28375,24250,200,,,,,30.9,0,0,0,0,,,,15,05:08:00,1776157680,5.13,20:02:00,1776211320,20.03,14.9,2,2,-21,-18,-24,-24,,,,,,8,3.8,4.5,1,,,,
2026-04-13,-3.8,-11.16,-12.9,-22,,-25,97,84.6,83.5,70,-5,-13.3,-14.1,-23.2,68,38.21,34,0,86,13,101.94,100.61,100.67,99.4,101.49,100.17,100.23,98.97,48300,14775,24950,1600,,,,,30.9,0,0,0,0,,,,16,05:12:00,1776071520,5.2,19:59:00,1776124740,19.98,14.78,1,1,-6,-6,-23,-22,,,,,,8,6.3,4,0,,,,
2026-04-12,-15.6,-19.83,-20.6,-25.6,,-29,84,72.4,76,68,-20.4,-23.6,-24.1,-27.7,7,4.17,3.5,0,,,102.31,102.24,102.14,101.98,101.86,101.79,101.69,101.53,48300,40233.3,36200,24100,,,,,38.6,0,0,0,0,,,,16,05:15:00,1775985300,5.25,19:56:00,1776038160,19.93,14.68,1,1,-15,-15,-20,-20,,,,,,8,4.1,4,0,,,,
2026-04-11,-15.1,-20.49,-20.95,-26.8,,-32,75,68.9,69.5,64,-19.9,-24.8,-25,-30.1,18,7.46,9,0,,,102.18,102.1,101.99,101.81,101.73,101.65,101.55,101.36,48300,40233.3,36200,24100,,,,,39,0,0,0,0,,,,16,05:19:00,1775899140,5.32,19:53:00,1775951580,19.88,14.57,1,1,-16,-16,-24,-24,,,,,,7,1.5,3.5,0,,,,
2026-04-10,-10.3,-14.61,-16.89,-23.5,,-32,84,74.7,71.5,59,-14.8,-18.2,-21.2,-27.7,20,10.92,11.5,3,28,30,101.75,101.3,101.42,101.09,101.3,100.86,100.98,100.65,48300,27654.2,25350,2400,,,,,34.9,0,0,0,0,,,,16,05:22:00,1775812920,5.37,19:50:00,1775865000,19.83,14.47,1,1,-10,-10,-28,-25,,,,,,8,5.1,4,0,,,,
2026-04-09,-12.5,-17,-18.39,-24.3,,-30,79,71.6,72,65,-17.7,-21,-22.1,-26.4,17,10.12,8.5,0,,,101.39,101.31,101.24,101.09,100.94,100.86,100.8,100.65,48300,37954.2,29000,9700,,,,,36.4,0,0,0,0,,,,16,05:26:00,1775726760,5.43,19:47:00,1775778420,19.78,14.35,1,2,-14,-13,-17,-16,,,,,,8,6.5,5,2,,,,
2026-04-08,-9.6,-13.66,-15.85,-22.1,,-32,82,73.3,74.5,67,-13.5,-17.5,-19.2,-25,31,12.83,15.5,0,40,33,101.05,100.24,100.36,99.66,100.61,99.8,99.92,99.22,48300,25470.8,26550,4800,,,,,33.9,0,0,0,0,,,,15,05:29:00,1775640540,5.48,19:45:00,1775691900,19.75,14.27,,,-10,-8,-22,-22,,,,,,8,6.3,5,2,,,,
2026-04-07,-9.5,-15.88,-15.9,-22.3,,-38,83,77.2,75,67,-12,-19,-18.6,-25.1,44,32.17,29,14,42,35,99.88,99.62,99.68,99.48,99.44,99.18,99.24,99.04,32200,9166.7,16700,1200,,,,,33.9,0,0,0,0,,,,15,05:33:00,1775554380,5.55,19:42:00,1775605320,19.7,14.15,,,-10,-10,-16,-13,,,,,,8,7,5,2,,,,
2026-04-06,-21.6,-24.23,-24.85,-28.1,,-43,75,71.1,71.5,68,-25.2,-28.1,-28.6,-32,47,34,34,21,51,32,100.83,100.44,100.4,99.97,100.38,99.99,99.95,99.52,48300,23887.5,28200,8100,,,,,42.9,0,0,0,0,,,,15,05:36:00,1775468160,5.6,19:39:00,1775518740,19.65,14.05,1,1,-16,-16,-21,-16,,,,,,8,5.3,4.5,1,,,,
2026-04-05,-16.4,-20.52,-21.1,-25.8,,-36,81,72.2,73.5,66,-21.4,-24.4,-25.2,-29,27,12.96,13.5,0,,,101.81,101.25,101.33,100.85,101.36,100.8,100.88,100.4,48300,39562.5,36200,24100,,,,,39.1,0,0,0,0,,,,16,05:40:00,1775382000,5.67,19:36:00,1775432160,19.6,13.93,1,1,-15,-15,-24,-21,,,,,,8,3.7,4,0,,,,
2026-04-04,-17.7,-20.07,-20.85,-24,,-35,79,70.5,71,63,-22.5,-24.2,-24.9,-27.3,29,16.17,14.5,0,32,32,102.52,102.34,102.2,101.89,102.06,101.88,101.75,101.44,48300,32575,27350,6400,,,,,38.9,0,0,0,0,,,,15,05:43:00,1775295780,5.72,19:33:00,1775345580,19.55,13.83,1,1,-19,-19,-25,-23,,,,,,8,6.3,4.5,1,,,,
2026-04-03,-22.1,-25.35,-25.75,-29.4,,-43,71,68.4,68.5,66,-26.7,-29.6,-29.9,-33.2,38,22.75,19,0,36,33,102.57,102.51,102.49,102.41,102.11,102.05,102.03,101.95,48300,39225,36200,24100,,,,,43.8,0,0,0,0,,,,15,05:47:00,1775209620,5.78,19:30:00,1775259000,19.5,13.72,1,1,-20,-20,-25,-23,,,,,,7,4,4,1,,,,
2026-04-02,-18.8,-23.34,-23.45,-28.1,,-40,75,68.9,69.5,64,-24.2,-27.6,-27.6,-31.1,28,11.71,14,0,32,34,102.41,102.25,102.29,102.17,101.95,101.79,101.83,101.71,48300,22716.7,27350,6400,,,,,41.5,0,0,0,0,,,,15,05:50:00,1775123400,5.83,19:27:00,1775172420,19.45,13.62,1,1,-19,-19,-28,-27,,,,,,8,5.8,5.5,3,,,,
2026-04-01,-21.9,-25.8,-26.85,-31.8,,-46,70,65.8,66,62,-27.4,-30.5,-31.4,-35.4,26,16.25,15,4,,,102.18,101.96,101.87,101.56,101.72,101.5,101.41,101.1,48300,39562.5,36200,24100,,,,,44.9,0,0,0,0,,,,15,05:54:00,1775037240,5.9,19:24:00,1775085840,19.4,13.5,1,1,-23,-23,-30,-29,,,,,,7,4.6,4,1,,,,
2026-03-31,-23.8,-28.54,-28.6,-33.4,,-47,70,66.9,66.5,63,-28.8,-32.9,-32.7,-36.6,36,20.29,18,0,32,33,101.53,101.19,101.26,100.98,101.07,100.73,100.79,100.52,48300,37208.3,36200,24100,,,,,46.6,0,0,0,0,,,,15,05:57:00,1774951020,5.95,19:21:00,1774999260,19.35,13.4,1,1,-23,-23,-32,-30,,,,,,1,0.8,0.5,0,,,,
2026-03-30,-24.2,-27.91,-28.1,-32,,-45,72,65.3,64.5,57,-29.2,-32.6,-32.6,-36,26,11.42,13,0,,,101.22,101.09,101.11,101,100.76,100.63,100.65,100.54,48300,34858.3,36200,24100,,,,,46.1,0,0,0,0,,,,16,06:01:00,1774864860,6.02,19:18:00,1774912680,19.3,13.28,1,1,-24,-24,-30,-30,,,,,,7,4.6,3.5,0,,,,
2026-03-29,-25.7,-30.41,-30.54,-35.4,,-50,66,63.2,63,60,-31.3,-35.3,-35.6,-39.9,27,19.29,20,13,34,33,101.36,101.2,101.14,100.93,100.9,100.74,100.69,100.47,48300,38216.7,36200,24100,,,,,48.5,0,0,0,0,,,,16,06:04:00,1774778640,6.07,19:15:00,1774826100,19.25,13.18,1,1,-26,-26,-30,-30,,,,,,4,1.8,2,0,,,,
2026-03-28,-29.1,-31.29,-31.65,-34.2,,-49,66,63.9,63.5,61,-34.5,-36,-36,-37.6,37,26.54,27.5,18,34,34,100.93,100.68,100.74,100.54,100.47,100.22,100.28,100.08,48300,37208.3,36200,24100,,,,,49.6,0,0,0,0,,,,15,06:08:00,1774692480,6.13,19:12:00,1774739520,19.2,13.07,1,1,-25,-25,-33,-30,,,,,,6,2.1,3,0,,,,
2026-03-27,-26,-29.3,-29.5,-33,,-43,74,64.8,66.5,59,-31.5,-34,-33.9,-36.3,16,8.58,9.5,3,,,101.28,101.17,101.08,100.89,100.82,100.71,100.62,100.43,48300,34858.3,36200,24100,,,,,47.5,0,0,0,0,,,,15,06:11:00,1774606260,6.18,19:09:00,1774652940,19.15,12.97,1,1,-23,-23,-31,-28,,,,,,7,4.2,3.5,0,,,,
2026-03-26,-24.3,-26.38,-27.45,-30.6,,-35,75,68.5,66.5,58,-28.9,-30.6,-31.1,-33.2,8,4.71,4,0,,,101.15,101,101.03,100.92,100.69,100.54,100.58,100.46,48300,25262.5,26550,4800,,,,,45.5,0,0,0,0,,,,15,06:15:00,1774520100,6.25,19:07:00,1774566420,19.12,12.87,1,1,-22,-22,-32,-31,,,,,,8,5.6,4.5,1,,,,
2026-03-25,-22.1,-24.9,-25.25,-28.4,,-34,74,67.3,67.5,61,-27.6,-29.4,-29.4,-31.1,9,4.88,4.5,0,,,101.57,101.38,101.32,101.07,101.12,100.93,100.87,100.62,48300,32583.3,30600,12900,,,,,43.2,0,0,0,0,,,,15,06:18:00,1774433880,6.3,19:04:00,1774479840,19.07,12.77,1,1,-22,-22,-28,-28,,,,,,8,5.1,5,2,,,,
2026-03-24,-19.8,-21.84,-22.55,-25.3,,-32,67,61.1,62,57,-25.9,-27.5,-27.6,-29.2,21,11.12,10.5,0,40,23,101.4,100.81,100.87,100.34,100.95,100.36,100.42,99.89,48300,27416.7,27350,6400,,,,,40.5,0,0,0,0,,,,15,06:22:00,1774347720,6.37,19:01:00,1774393260,19.02,12.65,1,1,-20,-20,-27,-27,,,,,,8,7.3,6,4,,,,
2026-03-23,-16.8,-21.16,-21.5,-26.2,,-32,77,70.4,68.5,60,-20.4,-25.3,-24.5,-28.6,27,12.83,13.5,0,33,14,101.22,100.78,100.76,100.29,100.77,100.33,100.31,99.85,48300,23125,25750,3200,,,,,39.5,0,0,0,0,,,,16,06:25:00,1774261500,6.42,18:58:00,1774306680,18.97,12.55,,,-19,-19,-27,-26,,,,,,8,6,4.5,1,,,,
2026-03-22,-22.3,-24.86,-26.05,-29.8,,-33,78,73.9,74,70,-26.4,-28.3,-28.9,-31.3,8,2.46,4,0,,,101.58,101.43,101.42,101.25,101.12,100.97,100.96,100.8,48300,23404.2,28200,8100,,,,,44,0,0,0,0,,,,15,06:29:00,1774175340,6.48,18:55:00,1774220100,18.92,12.43,1,1,-20,-20,-25,-24,,,,,,8,6.7,6.5,5,,,,
2026-03-21,-24.5,-28.49,-28.75,-33,,-41,75,71.7,70,65,-29.2,-32.1,-32.8,-36.3,10,4.08,5,0,,,101.63,101.58,101.58,101.53,101.17,101.12,101.12,101.07,48300,35600,33800,19300,,,,,46.8,0,0,0,0,,,,15,06:32:00,1774089120,6.53,18:52:00,1774133520,18.87,12.33,1,1,-23,-23,-28,-25,,,,,,8,2.9,4.5,1,,,,
2026-03-20,-22.7,-26.02,-27.6,-32.5,,-40,75,71,70.5,66,-27.5,-29.9,-30.9,-34.3,10,5,5,0,,,101.84,101.69,101.69,101.54,101.38,101.23,101.23,101.08,48300,33558.3,25750,3200,,,,,45.6,0,0,0,0,,,,15,06:36:00,1774002960,6.6,12:49:00,1774025340,12.82,6.22,1,1,-21,-21,-29,-27,,,,,,8,4.7,5,2,,,,
2026-03-19,-21.4,-25.2,-25.7,-30,,-41,74,69.4,68,62,-26.1,-29.3,-30.3,-34.5,14,6.38,7,0,,,101.87,101.5,101.38,100.88,101.41,101.04,100.92,100.42,48300,19495.8,25750,3200,,,,,43.7,0,0,0,0,,,,16,06:39:00,1773916740,6.65,18:46:00,1773960360,18.77,12.12,1,1,-23,-23,-29,-29,,,,,,8,5.5,4.5,1,,,,
2026-03-18,-22.5,-29.16,-27.95,-33.4,,-54,74,67.7,68,62,-26.8,-33.4,-31.9,-36.9,58,35.83,33,8,62,33,100.85,99.73,99.82,98.79,100.39,99.28,99.37,98.35,48300,12566.7,24250,200,,,,,46,0,0,0,0,,,,15,06:43:00,1773830580,6.72,18:43:00,1773873780,18.72,12,,,-30,-29,-30,-29,,,,,,8,2.6,4,0,,,,
2026-03-17,-20.8,-26.88,-27.6,-34.4,,-42,73,66.4,65.5,58,-24.6,-31.4,-31.2,-37.8,25,10.5,12.5,0,42,1,102.25,100.85,100.64,99.04,101.79,100.4,100.19,98.6,48300,19700,25750,3200,,,,,45.6,0,0,0,0,,,,16,06:46:00,1773744360,6.77,18:40:00,1773787200,18.67,11.9,1,1,-23,-23,-29,-28,,,,,,8,4.3,4,0,,,,
2026-03-16,-27.2,-29.93,-30.75,-34.3,,-40,71,65,65.5,60,-32.6,-34.6,-34.5,-36.4,10,4.29,5,0,,,102.57,102.44,102.37,102.17,102.1,101.97,101.9,101.71,48300,38216.7,36200,24100,,,,,48.8,0,0,0,0,,,,16,06:50:00,1773658200,6.83,18:37:00,1773700620,18.62,11.78,1,1,-26,-26,-31,-31,,,,,,7,1.5,3.5,0,,,,
2026-03-15,-24.9,-27.18,-28.5,-32.1,,-40,74,65.5,63.5,53,-30.1,-31.9,-32.5,-34.9,11,4.33,5.5,0,,,102.17,101.91,101.84,101.52,101.71,101.45,101.38,101.06,48300,35866.7,32200,16100,,,,,46.5,0,0,0,0,,,,16,06:53:00,1773571980,6.88,18:35:00,1773614100,18.58,11.7,1,1,-26,-26,-32,-30,,,,,,8,4.5,4,0,,,,
2026-03-14,-23.7,-27.55,-28.04,-32.4,,-40,79,71.7,73.5,68,-27.5,-31.2,-31.5,-35.5,8,2.75,4,0,,,101.44,101.03,101.14,100.84,100.98,100.57,100.68,100.38,48300,30362.5,26550,4800,,,,,46,0,0,0,0,,,,16,06:57:00,1773485820,6.95,18:32:00,1773527520,18.53,11.58,1,1,-23,-23,-33,-33,,,,,,8,5.1,4,0,,,,
2026-03-13,-26.5,-29.54,-29.3,-32.1,,-44,71,68.7,68,65,-31,-33.6,-33.4,-35.8,23,16.67,15,7,,,101.7,101.57,101.45,101.2,101.24,101.11,100.99,100.74,48300,36200,36200,24100,,,,,47.3,0,0,0,0,,,,16,07:00:00,1773399600,7,18:29:00,1773440940,18.48,11.48,1,1,-26,-26,-32,-31,,,,,,2,0.7,1,0,,,,
2026-03-12,-26.2,-29.1,-28.9,-31.6,,-43,70,67.4,67,64,-31,-33.4,-33.3,-35.6,21,15.08,14,7,,,101.84,101.77,101.75,101.66,101.38,101.31,101.29,101.2,48300,36200,36200,24100,,,,,46.9,0,0,0,0,,,,16,07:04:00,1773313440,7.07,18:26:00,1773354360,18.43,11.37,1,1,-25,-25,-34,-34,,,,,,4,0.8,2,0,,,,
2026-03-11,-23.7,-25.64,-27.15,-30.6,,-44,77,71.2,71,65,-26.5,-29.4,-30.6,-34.7,68,40.21,43,18,45,32,101.83,101.1,100.89,99.94,101.37,100.64,100.44,99.5,48300,15612.5,24250,200,,,,,45.1,0,0,0,0,,,,16,07:07:00,1773227220,7.12,18:23:00,1773267780,18.38,11.27,1,1,-25,-25,-32,-32,,,,,,7,2.6,3.5,0,,,,
2026-03-10,-18.8,-23.57,-22.85,-26.9,,-43,78,74.8,73.5,69,-22.1,-26.9,-26.6,-31,81,47,51,21,89,26,99.9,99.48,99.56,99.22,99.45,99.03,99.11,98.78,24100,5129.2,12150,200,,,,,40.9,0,0,0,0,0,,,16,07:11:00,1773141060,7.18,18:20:00,1773181200,18.33,11.15,,,-17,-17,-28,-26,,,,,,8,6.7,6.5,5,,,,
2026-03-09,-23.8,-25.61,-25.7,-27.6,,-44,74,69.9,70,66,-28.5,-29.6,-29.9,-31.4,47,30.38,30.5,14,35,33,99.77,99.64,99.55,99.33,99.32,99.19,99.11,98.89,48300,24533.3,25350,2400,,,,,43.7,0,0,0,0,0.1,,,16,07:14:00,1773054840,7.23,18:17:00,1773094620,18.28,11.05,1,1,-23,-23,-29,-25,,,,,,7,3.6,3.5,0,,,,
2026-03-08,-15.6,-19.87,-20.65,-25.7,,-40,79,76,75.5,72,-19.2,-23.1,-23.4,-27.7,45,19.78,22.5,0,59,34,99.25,98.87,98.94,98.64,98.81,98.43,98.5,98.2,48300,11100,25350,2400,,,,,38.6,0,0,0,0,1.6,,,17,07:18:00,1772968680,7.3,18:14:00,1773008040,18.23,10.93,,,-17,-17,-27,-27,,,,,,8,6.7,5.5,3,,,,
2026-03-07,-21.9,-26.62,-27.3,-32.7,,-40,79,71.6,72,65,-25.1,-30.3,-30.2,-35.4,12,5.42,6,0,,,101.48,100.09,100.24,99,101.02,99.63,99.79,98.56,48300,26012.5,26550,4800,,,,,45.3,0,0,0,0,6.4,,,16,06:21:00,1772882460,6.35,17:11:00,1772921460,17.18,10.83,1,1,-23,-23,-25,-25,,,,,,8,6.6,4,0,,,,
2026-03-06,-26.1,-29.71,-29.5,-32.9,,-45,72,66.5,67.5,63,-31.4,-34.1,-33.8,-36.2,25,15.04,12.5,0,34,31,102.15,102.02,101.86,101.57,101.69,101.56,101.4,101.11,48300,36200,36200,24100,,,,,47.5,0,0,0,0,7.2,,,16,06:25:00,1772796300,6.42,17:08:00,1772834880,17.13,10.72,1,1,-26,-26,-32,-31,,,,,,4,1.3,2,0,,,,
2026-03-05,-18.9,-23.88,-24.5,-30.1,,-45,80,73.7,73.5,67,-21.6,-27.4,-27.9,-34.2,57,42.42,41,25,63,33,101.86,101.01,100.81,99.75,101.4,100.56,100.36,99.31,24100,8300,12250,400,,,,,42.5,0,0,0,0,0,,,16,06:28:00,1772710080,6.47,17:05:00,1772748300,17.08,10.62,,,-24,-23,-32,-26,,,,,,7,3,3.5,0,,,,
2026-03-04,-18.4,-20.31,-21.2,-24,,-34,80,74.4,74,68,-21.3,-23.7,-24.2,-27.2,40,24.88,25,10,60,32,99.72,99.36,99.46,99.19,99.28,98.92,99.01,98.75,24100,9591.7,13650,3200,,,,,39.2,0,0,0,0,0.7,,,16,06:31:00,1772623860,6.52,17:02:00,1772661720,17.03,10.52,,,-19,-19,-26,-25,,,,,,8,7.7,7.5,7,,,,
2026-03-03,-22.2,-23.3,-23,-23.8,,-38,73,69.8,69.5,66,-26.6,-27.4,-27.4,-28.2,33,22.92,21,9,33,33,100.01,99.65,99.7,99.39,99.56,99.21,99.25,98.95,48300,27941.7,32200,16100,,,,,41,0,0,0,0,0,,,16,06:35:00,1772537700,6.58,16:59:00,1772575140,16.98,10.4,,,-22,-22,-27,-26,,,,,,8,7.2,6.5,5,,,,
2026-03-02,-20.8,-21.76,-21.95,-23.1,,-40,78,75.5,74.5,71,-24.1,-25,-25.4,-26.8,70,44.75,48.5,27,42,32,100.11,99.85,99.83,99.55,99.66,99.41,99.39,99.11,24100,6937.5,12150,200,,,,,40,0,0,0,0,0,,,15,06:38:00,1772451480,6.63,16:56:00,1772488560,16.93,10.3,,,-22,-22,-26,-24,,,,,,8,6.7,4.5,1,,,,
2026-03-01,-22.3,-25.13,-24.6,-26.9,,-45,78,74.2,74,70,-25.5,-28.5,-28,-30.5,73,52.88,47,21,89,34,100.3,99.93,99.93,99.55,99.85,99.48,99.47,99.1,19300,3787.5,9650,0,,,,,42.6,0,0,0,0,2.8,,,16,06:42:00,1772365320,6.7,16:53:00,1772401980,16.88,10.18,,,-22,-22,-25,-23,,,,,,8,5.4,4.5,1,,,,
2026-02-28,-23.3,-25.49,-25.85,-28.4,,-41,72,69.2,69,66,-27.5,-29.6,-29.6,-31.6,26,15.38,16.5,7,37,34,100.69,100.56,100.51,100.33,100.24,100.11,100.06,99.88,48300,34520.8,36200,24100,,,,,43.9,0,0,0,0,0,,,16,06:45:00,1772279100,6.75,16:50:00,1772315400,16.83,10.08,,,-22,-22,-29,-28,,,,,,8,4.6,4.5,1,,,,
2026-02-27,-16.3,-20.6,-21.15,-26,,-36,83,74.3,75.5,68,-19.6,-24.1,-24.1,-28.6,26,12.96,13,0,,,100.36,99.75,99.83,99.29,99.91,99.31,99.38,98.85,48300,28025,29000,9700,,,,,39.1,0,0,0,0,0,,,17,06:49:00,1772192940,6.82,16:47:00,1772228820,16.78,9.97,,,-16,-16,-27,-27,,,,,,8,6.9,5,2,,,,
2026-02-26,-16.6,-20.87,-21.5,-26.4,,-35,83,72.5,72.5,62,-20.4,-24.6,-25.2,-30.1,21,11.04,10.5,0,,,101.38,100.53,100.46,99.54,100.92,100.08,100.01,99.1,48300,14883.3,25750,3200,,,,,39.5,0,0,0,0,1.4,,,16,06:52:00,1772106720,6.87,16:44:00,1772142240,16.73,9.87,,,-19,-19,-20,-18,,,,,,8,7.6,6.5,5,,,,
2026-02-25,-26.2,-29.38,-29.54,-32.9,,-40,69,65.2,65,61,-30.7,-34,-33.7,-36.7,8,3.79,4,0,,,101.89,101.73,101.66,101.43,101.43,101.27,101.2,100.97,48300,33512.5,36200,24100,,,,,47.5,0,0,0,0,0,,,16,06:55:00,1772020500,6.92,16:41:00,1772055660,16.68,9.77,,,-28,-28,-30,-29,,,,,,8,5.2,4.5,1,,,,
2026-02-24,-25.9,-28.56,-29.25,-32.6,,-39,67,62.9,63,59,-31.6,-33.6,-33.6,-35.6,14,5.25,7,0,,,101.93,101.9,101.89,101.85,101.47,101.44,101.43,101.39,48300,34179.2,36200,24100,,,,,47.2,0,0,0,0,0,,,16,06:59:00,1771934340,6.98,16:38:00,1771969080,16.63,9.65,,,-28,-28,-34,-34,,,,,,6,3.3,3.5,1,,,,
2026-02-23,-25.3,-27.57,-28.3,-31.3,,-43,68,59.2,60,52,-31.2,-33.3,-33.6,-36.1,23,9.83,11.5,0,31,26,102.35,102.13,102.12,101.89,101.88,101.67,101.65,101.43,48300,28804.2,36200,24100,,,,,46.3,0,0,0,0,0,,,16,07:02:00,1771848120,7.03,16:35:00,1771882500,16.58,9.55,,,-27,-25,-36,-36,,,,,,8,6.5,4.5,1,,,,
2026-02-22,-16.7,-29.5,-25.15,-33.6,,-49,75,63.4,65,55,-21.2,-34.4,-29.6,-38.1,39,17.58,19.5,0,31,34,102.61,102.36,102.24,101.86,102.14,101.9,101.78,101.41,48300,31504.2,26150,4000,,,,,43.1,0,0,0,0,0,,,16,07:05:00,1771761900,7.08,16:32:00,1771795920,16.53,9.45,,,-34,-31,-36,-34,,,,,,8,3.2,4,0,,,,
2026-02-21,-16.4,-23.07,-22.4,-28.4,,-42,81,71.5,72,63,-20,-26.9,-26.7,-33.4,30,8.58,15,0,36,28,102.89,102.46,102.4,101.91,102.42,102,101.94,101.46,48300,23662.5,25750,3200,,,,,40.4,0,0,0,0,0.3,,,16,07:09:00,1771675740,7.15,16:28:00,1771709280,16.47,9.32,,,-21,-21,-34,-32,,,,,,8,6.2,4,0,,,,
2026-02-20,-26.9,-29.9,-29.7,-32.5,,-53,69,67.4,67.5,66,-31.6,-34.2,-34,-36.5,59,39.75,44,29,42,32,102.92,102.79,102.63,102.34,102.45,102.32,102.16,101.88,32200,13870.8,17300,2400,,,,,47.7,0,0,0,0,0,,,16,07:12:00,1771589520,7.2,16:25:00,1771622700,16.42,9.22,,,-27,-27,-33,-30,,,,,,3,0.9,1.5,0,,,,
2026-02-19,-23.3,-27.39,-27.6,-31.9,,-51,75,72.5,71.5,68,-26.9,-30.9,-31.3,-35.7,54,46,43.5,33,65,31,102.42,101.92,102,101.59,101.96,101.46,101.55,101.14,19300,4141.7,10250,1200,,,,,45.6,0,0,0,0,0,,,21,07:15:00,1771503300,7.25,16:22:00,1771536120,16.37,9.12,,,-18,-18,-31,-30,,,,,,6,2.4,3,0,,,,
2026-02-18,-18.3,-21.12,-22.2,-26.1,,-36,80,77.6,76.5,73,-21.1,-24,-24.7,-28.3,28,10,14,0,41,32,102.07,101.88,101.84,101.61,101.61,101.42,101.39,101.16,32200,16016.7,17700,3200,,,,,40.2,0,0,0,0,0.8,,,19,07:19:00,1771417140,7.32,16:19:00,1771449540,16.32,9,,,-16,-16,-23,-23,,,,,,8,6.5,4,0,,,,
2026-02-17,-11.5,-20,-18.6,-25.7,,-39,88,76.5,80.5,73,-13.6,-23.1,-21.1,-28.6,43,22.5,21.5,0,39,32,101.99,101.7,101.68,101.37,101.54,101.25,101.24,100.93,48300,33312.5,33800,19300,,,,,36.6,0,0,0,0,0,,,19,07:22:00,1771330920,7.37,16:16:00,1771362960,16.27,8.9,,,-14,-10,-23,-18,,,,,,8,3.8,4,0,,,,
2026-02-16,-8,-9.95,-11.05,-14.1,,-19,91,86.5,84,77,-9.5,-11.8,-12.3,-15.1,37,17.21,18.5,0,31,14,101.37,101.25,101.28,101.19,100.93,100.81,100.84,100.75,32200,15062.5,16700,1200,,,,,29.1,0,0,0,0,0.2,,,16,07:25:00,1771244700,7.42,16:13:00,1771276380,16.22,8.8,,,-10,-8,-14,-12,,,,,,8,5.8,5,2,,,,
2026-02-15,-9.6,-11.43,-11.95,-14.3,,-18,87,82.1,82,77,-11.6,-13.9,-13.9,-16.2,26,11.29,13,0,29,14,101.56,101.45,101.43,101.3,101.12,101.01,100.99,100.86,48300,23954.2,25750,3200,,,,,29.9,0,0,0,0,0.4,,,20,07:29:00,1771158540,7.48,16:10:00,1771189800,16.17,8.68,,,-12,-12,-14,-14,,,,,,8,7.2,6.5,5,,,,
2026-02-14,-10.2,-12.66,-12.8,-15.4,,-15,90,87.5,87,84,-12.2,-14.3,-14.5,-16.8,5,1.17,2.5,0,,,101.53,101.38,101.41,101.29,101.09,100.94,100.97,100.85,24100,15333.3,12850,1600,,,,,30.8,0,0,0,0,1.7,,,18,07:32:00,1771072320,7.53,16:06:00,1771103160,16.1,8.57,,,-10,-10,-18,-16,,,,,,8,6.2,4.5,1,,,,
2026-02-13,-13.2,-15.47,-15.65,-18.1,,-23,87,85,85,83,-15,-17.4,-17.5,-20,8,1.62,4,0,,,102.15,101.78,101.78,101.42,101.7,101.33,101.34,100.98,48300,28620.8,27350,6400,,,,,33.6,0,0,0,0,0.1,,,16,07:35:00,1770986100,7.58,16:03:00,1771016580,16.05,8.47,,,-12,-12,-15,-13,,,,,,8,6.8,7,6,,,,
2026-02-12,-16,-19.01,-19,-22,,-26,84,82.1,82,80,-18.2,-21.3,-21.4,-24.6,9,3.75,4.5,0,,,102.61,102.46,102.4,102.19,102.15,102,101.94,101.74,24100,7570.8,12450,800,,,,,37,0,0,0,0,0,,,16,07:38:00,1770899880,7.63,16:00:00,1770930000,16,8.37,,,-15,-15,-15,-15,,,,,,8,5.7,5,2,,,,
2026-02-11,-21.1,-22.65,-22.85,-24.6,,-38,84,74.2,77,70,-23.6,-26.1,-26,-28.4,36,17.42,18,0,43,30,102.6,102.5,102.47,102.35,102.14,102.04,102.01,101.89,48300,30041.7,24750,1200,,,,,40.9,0,0,0,0,0,,,16,07:41:00,1770813660,7.68,15:57:00,1770843420,15.95,8.27,,,-23,-23,-22,-22,,,,,,8,7.2,6.5,5,,,,
2026-02-10,-21.9,-23.93,-23.6,-25.3,,-41,76,73,73.5,71,-25.5,-27.5,-27.1,-28.8,44,29.88,31.5,19,37,33,102.34,102.29,102.27,102.2,101.88,101.83,101.81,101.74,48300,27208.3,30600,12900,,,,,41.6,0,0,0,0,0,,,16,07:45:00,1770727500,7.75,15:54:00,1770756840,15.9,8.15,,,-20,-20,-23,-22,,,,,,7,6.1,5.5,4,,,,
2026-02-09,-18,-20.92,-21.35,-24.7,,-40,78,74,74.5,71,-21.2,-24.4,-24.8,-28.4,39,30.92,30.5,22,46,33,102.19,101.93,101.95,101.71,101.73,101.48,101.5,101.26,48300,20770.8,25750,3200,,,,,39.4,0,0,0,0,0,,,20,07:48:00,1770641280,7.8,15:50:00,1770670200,15.83,8.03,,,-13,-13,-23,-21,,,,,,8,6.6,6,4,,,,
2026-02-08,-17.9,-19.88,-21,-24.1,,-38,79,76.3,77,75,-21.1,-23.1,-24.2,-27.4,31,22.92,23.5,16,31,32,102.05,101.91,101.89,101.72,101.59,101.46,101.43,101.27,32200,11670.8,16900,1600,,,,,39,0,0,0,0,0.9,,,16,07:51:00,1770555060,7.85,15:47:00,1770583620,15.78,7.93,,,-13,-13,-25,-15,,,,,,8,7.2,6,4,,,,
2026-02-07,-24.1,-27.6,-27.05,-30,,-47,76,70.9,70,64,-28.1,-31.4,-31.1,-34.2,41,29.33,29,17,42,32,102.47,102.37,102.26,102.06,102.01,101.91,101.81,101.6,48300,29191.7,25350,2400,,,,,45,0,0,0,0,0,,,16,07:54:00,1770468840,7.9,15:44:00,1770497040,15.73,7.83,,,-23,-21,-26,-20,,,,,,8,7.5,6.5,5,,,,
2026-02-06,-27.4,-30.26,-30.4,-33.4,,-49,73,67.5,69,65,-31.3,-34.5,-34.4,-37.5,32,19.75,16,0,38,32,102.41,102.09,102.05,101.69,101.94,101.62,101.59,101.23,48300,31162.5,36200,24100,,,,,48.4,0,0,0,0,0,,,16,07:57:00,1770382620,7.95,15:41:00,1770410460,15.68,7.73,,,-30,-28,-31,-28,,,,,,8,6.5,5,2,,,,
2026-02-05,-21.2,-27.27,-26.25,-31.3,,-46,79,69.4,72,65,-24.1,-31.3,-29.6,-35.1,33,27.33,21,9,37,32,101.65,101.27,101.31,100.97,101.19,100.82,100.86,100.52,48300,30487.5,32200,16100,,,,,44.2,0,0,0,0,0,,,16,08:00:00,1770296400,8,15:38:00,1770323880,15.63,7.63,,,-26,-26,-30,-30,,,,,,7,4.8,3.5,0,,,,
2026-02-04,-20.3,-22.04,-22.7,-25.1,,-31,81,78.5,78.5,76,-23.3,-24.8,-25.3,-27.3,8,2.54,4,0,,,101.09,101.03,101.02,100.95,100.64,100.58,100.57,100.5,40200,17966.7,22500,4800,,,,,40.7,0,0,0,0,0.1,,,16,08:03:00,1770210180,8.05,15:34:00,1770237240,15.57,7.52,,,-19,-19,-26,-26,,,,,,8,6.1,5.5,3,,,,
2026-02-03,-21.3,-25.39,-25.9,-30.5,,-43,82,73.1,74.5,67,-23.9,-28.9,-28.9,-33.9,37,15.38,18.5,0,31,30,101.45,101.15,101.18,100.91,100.99,100.69,100.72,100.46,48300,24220.8,26150,4000,,,,,43.9,0,0,0,0,0,,,16,08:06:00,1770123960,8.1,15:31:00,1770150660,15.52,7.42,,,-21,-21,-26,-25,,,,,,8,3.5,4,0,,,,
2026-02-02,-22.1,-26.07,-26.4,-30.7,,-40,71,68.5,67,63,-26.9,-30.3,-30.4,-33.9,25,15.46,14.5,4,35,36,102.03,101.87,101.76,101.48,101.57,101.41,101.29,101.02,48300,33175,36200,24100,,,,,44.4,0,0,0,0,0,,,16,08:09:00,1770037740,8.15,15:28:00,1770064080,15.47,7.32,,,-24,-24,-27,-27,,,,,,7,1.6,3.5,0,,,,
2026-02-01,-21.1,-23.65,-23.3,-25.5,,-40,72,69.4,69,66,-26.7,-27.8,-27.8,-28.9,41,29.08,28,15,43,33,101.98,101.76,101.74,101.49,101.52,101.3,101.28,101.04,48300,31495.8,36200,24100,,,,,41.3,0,0,0,0,0,,,16,08:12:00,1769951520,8.2,15:25:00,1769977500,15.42,7.22,,,-25,-24,-29,-29,,,,,,8,5.9,4.5,1,,,,
2026-01-31,-22.9,-24.55,-24.15,-25.4,,-42,72,69.5,69.5,67,-27.8,-28.6,-28.6,-29.5,43,35.04,36.5,30,41,34,101.52,101.41,101.42,101.33,101.06,100.96,100.97,100.88,48300,31775,29000,9700,,,,,42.1,0,0,0,0,0,,,16,08:15:00,1769865300,8.25,15:21:00,1769890860,15.35,7.1,,,-22,-22,-28,-26,,,,,,7,5,4.5,2,,,,
2026-01-30,-21.9,-23.22,-23.29,-24.7,,-41,78,75.2,75.5,73,-24.9,-26.5,-26.4,-28,52,39.62,40.5,29,47,32,101.69,101.55,101.53,101.38,101.24,101.1,101.08,100.93,16100,6187.5,8350,600,,,,,41.3,0,0,0,0,0,,,16,08:18:00,1769779080,8.3,15:18:00,1769804280,15.3,7,,,-21,-21,-26,-26,,,,,,6,1.5,3,0,,,,
2026-01-29,-17,-19.08,-19.6,-22.2,,-37,81,77.9,78.5,76,-19.9,-22.1,-22.5,-25.1,64,40.92,44,24,59,33,102.07,101.94,101.89,101.71,101.62,101.49,101.44,101.26,48300,14720.8,25350,2400,,,,,37.6,0,0,0,0,0,,,16,08:21:00,1769692860,8.35,15:15:00,1769717700,15.25,6.9,,,-16,-16,-25,-23,,,,,,3,1.2,1.5,0,,,,
2026-01-28,-9.2,-14.06,-13.8,-18.4,,-31,83,79.8,80,77,-12.3,-16.8,-16.4,-20.6,39,28.79,24,9,57,33,102.12,101.79,101.71,101.3,101.67,101.35,101.26,100.86,48300,29020.8,25750,3200,,,,,31.8,0,0,0,0,0,,,16,08:24:00,1769606640,8.4,15:12:00,1769631120,15.2,6.8,,,-13,-13,-18,-18,,,,,,8,4.1,4,0,,,,
2026-01-27,-10.4,-13.47,-12.8,-15.2,,-27,81,78.6,78.5,76,-14.3,-16.4,-16.2,-18.1,43,16.75,21.5,0,55,36,101.27,100.81,100.91,100.56,100.83,100.37,100.48,100.12,48300,31158.3,36200,24100,,,,,30.8,0,0,0,0,0,,,16,08:27:00,1769520420,8.45,15:08:00,1769544480,15.13,6.68,,,-13,-13,-16,-16,,,,,,8,7.5,7,6,,,,
2026-01-26,-11.1,-12.78,-12.6,-14.1,,-25,82,80.1,80,78,-14.6,-15.5,-15.6,-16.6,37,22.88,18.5,0,51,33,100.77,100.54,100.48,100.19,100.33,100.1,100.04,99.75,48300,27470.8,32200,16100,,,,,30.6,0,0,0,0,0.1,,,16,08:30:00,1769434200,8.5,15:05:00,1769457900,15.08,6.58,,,-9,-9,-15,-14,,,,,,8,7.2,6.5,5,,,,
2026-01-25,-9.6,-12.21,-11.5,-13.4,,-26,86,80.8,81.5,77,-13.3,-14.8,-14.7,-16,57,39.29,28.5,0,50,33,100.12,99.82,99.87,99.62,99.68,99.39,99.44,99.19,48300,24312.5,24750,1200,,,,,29.5,0,0,0,0,0,,,16,08:32:00,1769347920,8.53,15:02:00,1769371320,15.03,6.5,,,-9,-9,-15,-13,,,,,,8,6.5,5,2,,,,
2026-01-24,-6.8,-10.09,-9.15,-11.5,,-24,87,82.4,77,67,-11.3,-12.6,-12.3,-13.4,55,23.12,27.5,0,67,32,99.81,99.65,99.51,99.21,99.38,99.22,99.08,98.78,48300,14804.2,25350,2400,,,,,27.1,0,0,0,0,0.8,,,16,08:35:00,1769261700,8.58,14:59:00,1769284740,14.98,6.4,,,-10,-8,-17,-17,,,,,,8,6.4,5,2,,,,
2026-01-23,-6.7,-15.88,-13.15,-19.6,,-29,81,76.7,76,71,-11.5,-19.1,-17.2,-22.9,43,24.58,26.5,10,34,31,99.99,99.5,99.56,99.14,99.54,99.06,99.12,98.71,48300,19775,26550,4800,,,,,31.1,0,0,0,0,0.1,,,16,08:38:00,1769175480,8.63,14:56:00,1769198160,14.93,6.3,,,-16,-16,-14,-14,,,,,,8,7.8,7,6,,,,
2026-01-22,-19.6,-25.38,-24.3,-29,,-45,76,72.3,70,64,-23.4,-29,-28.5,-33.6,43,30.21,30.5,18,46,31,101.22,100.79,100.67,100.11,100.76,100.33,100.21,99.66,24100,9916.7,12350,600,,,,,42.3,0,0,0,0,0,,,16,08:40:00,1769089200,8.67,14:52:00,1769111520,14.87,6.2,,,-24,-24,-24,-22,,,,,,8,3.7,4.5,1,,,,
2026-01-21,-24.5,-27.64,-27.25,-30,,-47,67,65,64.5,62,-30.6,-32.4,-32.5,-34.4,39,24.38,19.5,0,47,32,101.23,101.14,101.15,101.07,100.77,100.68,100.69,100.61,48300,32166.7,36200,24100,,,,,45.2,0,0,0,0,0,,,16,08:43:00,1769002980,8.72,14:49:00,1769024940,14.82,6.1,,,-24,-24,-31,-26,,,,,,7,3.8,4,1,,,,
2026-01-20,-23.5,-25.53,-25.7,-27.9,,-34,77,69.4,70,63,-27.7,-29.6,-29.4,-31.2,10,4.33,5,0,,,101.38,101.24,101.24,101.11,100.92,100.79,100.79,100.66,48300,26795.8,32200,16100,,,,,43.7,0,0,0,0,0,,,16,08:46:00,1768916760,8.77,14:46:00,1768938360,14.77,6,,,-24,-24,-28,-28,,,,,,8,5.4,5.5,3,,,,
2026-01-19,-26,-28.07,-28.15,-30.3,,-38,71,68.8,68.5,66,-30.8,-32.1,-32.1,-33.4,10,5.5,5,0,,,101.49,101.4,101.3,101.11,101.03,100.94,100.84,100.65,48300,32166.7,36200,24100,,,,,46.1,0,0,0,0,0,,,16,08:48:00,1768830480,8.8,14:43:00,1768851780,14.72,5.92,,,-28,-25,-31,-31,,,,,,6,2.7,3,0,,,,
2026-01-18,-22.6,-26.97,-25.8,-29,,-41,73,65.1,66.5,60,-26.6,-31.7,-30.1,-33.5,35,12.46,17.5,0,39,31,101.03,100.1,100.12,99.22,100.57,99.65,99.67,98.78,48300,31262.5,25350,2400,,,,,43.8,0,0,0,0,0,,,16,08:51:00,1768744260,8.85,14:40:00,1768765200,14.67,5.82,,,-28,-25,-31,-28,,,,,,7,3.1,3.5,0,,,,
2026-01-17,-4.1,-15.05,-13.55,-23,,-37,85,76.2,73.5,62,-9.1,-18.4,-17.6,-26,49,36.25,31,13,50,33,99.16,98.72,98.83,98.49,98.72,98.29,98.39,98.07,48300,22979.2,24750,1200,,,,,31.6,0,0,0,0,0,,,16,08:53:00,1768657980,8.88,14:37:00,1768678620,14.62,5.73,,,-18,-17,-25,-23,,,,,,8,7.3,6,4,,,,
2026-01-16,-4.2,-15.45,-14.3,-24.4,,-41,82,72.8,71.5,61,-10.5,-19.4,-19,-27.5,54,35.08,32.5,11,56,33,100.12,99.41,99.4,98.68,99.67,98.97,98.96,98.25,32200,20837.5,20150,8100,,,,,32.3,0,0,0,0,0.1,,,16,08:55:00,1768571700,8.92,14:34:00,1768592040,14.57,5.65,,,-9,-9,-16,-14,,,,,,8,5.6,4,0,,,,
2026-01-15,-18.5,-21.86,-21.45,-24.4,,-40,75,73.8,73.5,72,-22.4,-25.4,-25,-27.6,43,31.33,32,21,57,31,100.84,100.63,100.52,100.21,100.39,100.18,100.08,99.76,48300,29016.7,30600,12900,,,,,39.5,0,0,0,0,0,,,16,08:57:00,1768485420,8.95,14:31:00,1768505460,14.52,5.57,,,-14,-14,-23,-14,,,,,,8,4.8,4,0,,,,
2026-01-14,-10.6,-13.7,-14.7,-18.8,,-31,85,78,77,69,-13,-16.8,-17.5,-22,34,14.83,17,0,36,32,100.7,100.44,100.34,99.98,100.26,100,99.91,99.55,24100,16875,13650,3200,,,,,32.7,0,0,0,0,0.7,,,16,09:00:00,1768399200,9,14:28:00,1768418880,14.47,5.47,,,-13,-13,-23,-18,,,,,,8,7.6,7.5,7,,,,
2026-01-13,-9.9,-11.16,-11.35,-12.8,,-22,71,65.8,66,61,-14.3,-16.4,-16.5,-18.7,40,25.42,22,4,40,9,99.89,99.42,99.53,99.18,99.46,98.99,99.11,98.75,32200,26462.5,28150,24100,,,,,29.4,0,0,0,0,0,,,16,09:02:00,1768312920,9.03,14:25:00,1768332300,14.42,5.38,,,-13,-11,-18,-16,,,,,,8,7.6,7,6,,,,
2026-01-12,-10,-13.65,-13.45,-16.9,,-25,84,75.6,77,70,-12.6,-17.1,-16.4,-20.1,39,16.42,19.5,0,53,13,100.64,100.07,99.97,99.29,100.19,99.63,99.53,98.86,48300,22654.2,26550,4800,,,,,31.4,0,0,0,0,0.2,,,16,09:04:00,1768226640,9.07,14:22:00,1768245720,14.37,5.3,,,-13,-13,-16,-16,,,,,,8,7.9,7.5,7,,,,
2026-01-11,-16.8,-23.01,-21.35,-25.9,,-41,80,73,73.5,67,-21.5,-26.6,-25.6,-29.8,53,20.88,26.5,0,62,32,101.03,100.92,100.86,100.69,100.58,100.47,100.41,100.24,48300,24391.7,24450,600,,,,,39.4,0,0,0,0,0.1,,,16,09:06:00,1768140360,9.1,14:20:00,1768159200,14.33,5.23,,,-24,-24,-23,-21,,,,,,8,4.1,4.5,1,,,,
2026-01-10,-8.9,-12.75,-14.14,-19.4,,-34,83,81.5,79.5,76,-11.7,-15.3,-16.1,-20.4,65,36.96,34,3,75,32,100.7,100.57,100.59,100.49,100.26,100.13,100.16,100.05,24100,10104.2,12250,400,,,,,32.1,0,0,0,0,0.1,,,18,09:08:00,1768054080,9.13,14:17:00,1768072620,14.28,5.15,,,-12,-10,-25,-23,,,,,,8,6.8,5,2,,,,
2026-01-09,-8.7,-13.3,-13.85,-19,,-25,86,83.5,83.5,81,-10.9,-15.5,-15.9,-20.9,10,3.54,5,0,,,101.4,101.16,101.08,100.76,100.95,100.72,100.63,100.32,32200,18904.2,17700,3200,,,,,31.9,0,0,0,0,0.7,,,17,09:09:00,1767967740,9.15,14:14:00,1767986040,14.23,5.08,,,-14,-11,-13,-11,,,,,,8,7.2,6,4,,,,
2026-01-08,-8.4,-12.76,-14.1,-19.8,,-23,89,84.6,84.5,80,-10.7,-14.8,-15.7,-20.6,18,5.96,9,0,30,11,101.39,101.12,101.06,100.74,100.95,100.68,100.62,100.3,32200,19025,18500,4800,,,,,32.1,0,0,0,0,0.5,,,17,09:11:00,1767881460,9.18,14:12:00,1767899520,14.2,5.02,,,-8,-8,-19,-14,,,,,,8,5.5,4.5,1,,,,
2026-01-07,-8.1,-9.62,-9.85,-11.6,,-14,87,79,78.5,70,-11.2,-12.6,-12.3,-13.5,9,4.08,4.5,0,,,100.71,99.99,99.94,99.18,100.27,99.56,99.51,98.75,48300,28279.2,28200,8100,,,,,27.9,0,0,0,0,0.1,,,15,09:13:00,1767795180,9.22,14:09:00,1767812940,14.15,4.93,,,-11,-11,-14,-14,,,,,,8,7.8,7.5,7,,,,
2026-01-06,-6.1,-7.47,-7.2,-8.3,,-15,77,72.9,71.5,66,-9.4,-11.6,-11.3,-13.2,36,13.5,18,0,43,13,99.15,98.93,98.98,98.81,98.72,98.51,98.56,98.39,48300,30487.5,36200,24100,,,,,25.2,0,0,0,0,0,,,16,09:14:00,1767708840,9.23,14:07:00,1767726420,14.12,4.88,,,-8,-8,-12,-11,,,,,,8,7.7,7.5,7,,,,
2026-01-05,1.7,-4.42,-2.7,-7.1,,-17,88,76.1,73,58,-4.6,-8.1,-7.7,-10.7,51,37.42,30,9,63,13,99.25,98.94,98.81,98.37,98.83,98.52,98.39,97.95,24100,16504.2,12850,1600,,,,,20.7,0,0,0,0,0,,,16,09:16:00,1767622560,9.27,14:04:00,1767639840,14.07,4.8,,,-8,-5,-10,-10,,,,,,8,6.2,5.5,3,,,,
2026-01-04,2.5,-1.05,-0.5,-3.5,,-10,92,78.2,80,68,-1.5,-4.5,-4.3,-7.2,47,18.67,23.5,0,36,8,99.89,99.4,99.24,98.59,99.47,98.98,98.82,98.17,24100,19183.3,14050,4000,,,,,18.5,0,0,0,0,0.7,,,16,09:17:00,1767536220,9.28,14:02:00,1767553320,14.03,4.75,,,0,2,-4,-1,,,,,,8,7.7,6.5,5,,,,
2026-01-03,3.5,0.19,-0.05,-3.6,,-10,97,86.2,84.5,72,0.1,-1.9,-2.9,-5.9,38,23.04,21,4,46,12,100.16,99.68,99.8,99.43,99.73,99.26,99.37,99.01,48300,18800,24750,1200,,,,,18.1,0,0,0,0,0.6,,,16,09:18:00,1767449880,9.3,14:00:00,1767466800,14,4.7,,,1,3,-4,-3,,,,,,8,7.1,6.5,5,,,,
2026-01-02,-2.3,-8.44,-6.1,-9.9,,-20,86,66.5,70,54,-6.8,-13.7,-11.8,-16.7,40,22.46,24.5,9,35,10,101.76,101.38,101.06,100.35,101.32,100.94,100.62,99.92,48300,26804.2,24950,1600,,,,,24.1,0,0,0,0,1.2,,,16,09:19:00,1767363540,9.32,13:58:00,1767380280,13.97,4.65,,,-10,-10,-9,-8,,,,,,8,6.6,6,4,,,,
2026-01-01,-1.8,-6.06,-5.85,-9.9,,-20,88,68.7,73,58,-6.5,-11,-11.1,-15.7,66,38.96,41,16,49,17,100.92,100,99.99,99.07,100.49,99.57,99.57,98.65,48300,25591.7,27350,6400,,,,,23.9,0,0,0,0,0.3,,,16,09:20:00,1767277200,9.33,13:56:00,1767293760,13.93,4.6,,,-6,-3,-12,-11,,,,,,8,7.2,5.5,3,,,,
2025-12-31,4.2,2.62,1.1,-2,,-9,93,79.6,81,69,0.8,-0.6,-2.4,-5.5,55,37.79,39.5,24,94,14,99.5,99.07,99.18,98.86,99.1,98.65,98.77,98.44,40200,26258.3,29750,19300,,,,,16.9,0,0,0,0,1.3,,,19,09:21:00,1767190860,9.35,13:54:00,1767207240,13.9,4.55,,,5,5,-5,-4,,,,,,8,7.5,7,6,,,,
2025-12-30,3.1,-11.91,-7.4,-17.9,,-30,92,80,82,72,-0.7,-14.7,-11.2,-21.6,39,17.38,19.5,0,70,10,101.91,101.21,100.78,99.65,101.46,100.76,100.34,99.22,32200,22104.2,16900,1600,,,,,25.4,0,0,0,0,1.3,,,20,09:22:00,1767104520,9.37,13:52:00,1767120720,13.87,4.5,,,-1,-1,-7,0,,,,,,8,7.7,7,6,,,,
2025-12-29,-11.2,-14.79,-14.85,-18.5,,-32,84,75.6,74.5,65,-14.4,-18.2,-18.1,-21.8,47,34.58,33,19,52,32,102.36,101.3,101.47,100.59,101.91,100.86,101.03,100.15,48300,17116.7,24750,1200,,,,,32.9,0,0,0,0,0,,,20,09:22:00,1767018120,9.37,13:50:00,1767034200,13.83,4.47,,,-12,-12,-18,-16,,,,,,8,6.7,5,2,,,,
2025-12-28,-9.4,-12.49,-13.55,-17.7,,-29,79,73,73.5,68,-13.4,-16.4,-17.2,-21,28,16.08,15.5,3,40,32,102.68,102.53,102.56,102.43,102.23,102.08,102.11,101.98,48300,31158.3,36200,24100,,,,,31.6,0,0,0,0,0,,,20,09:23:00,1766931780,9.38,13:49:00,1766947740,13.82,4.43,,,-15,-12,-20,-20,,,,,,8,7.5,7,6,,,,
2025-12-27,-10.4,-13.02,-14.89,-19.4,,-23,77,70.7,70,63,-13.8,-17.3,-18.8,-23.7,30,18.58,16.5,3,40,16,102.72,102.54,102.45,102.18,102.27,102.09,102,101.73,48300,31158.3,36200,24100,,,,,32.9,0,0,0,0,0,,,20,09:23:00,1766845380,9.38,13:48:00,1766861280,13.8,4.42,,,-11,-11,-16,-16,,,,,,8,7.1,6,4,,,,
2025-12-26,-16,-20.46,-19.75,-23.5,,-30,75,67.9,66.5,58,-21.4,-25,-24.4,-27.4,10,6.04,5,0,,,102.29,102.17,102.11,101.93,101.84,101.72,101.66,101.48,48300,31158.3,36200,24100,,,,,37.8,0,0,0,0,0,,,19,09:23:00,1766758980,9.38,13:46:00,1766774760,13.77,4.38,,,-18,-18,-23,-22,,,,,,7,2.2,3.5,0,,,,
2025-12-25,-14.9,-16.65,-17.3,-19.7,,-24,71,63.9,63,55,-20.7,-22,-22.8,-24.9,17,7.17,8.5,0,,,101.84,100.95,100.96,100.09,101.39,100.51,100.52,99.65,48300,30150,36200,24100,,,,,35.3,0,0,0,0,0,,,20,09:23:00,1766672580,9.38,13:45:00,1766688300,13.75,4.37,,,-18,-18,-24,-21,,,,,,8,6,5.5,3,,,,
2025-12-24,-13.8,-15.86,-18.14,-22.5,,-27,73,62.1,63.5,54,-19.7,-21.6,-22.5,-25.3,23,12.46,11.5,0,38,20,100.16,100,100.01,99.86,99.72,99.56,99.57,99.42,48300,31158.3,36200,24100,,,,,36.1,0,0,0,0,0,,,20,09:23:00,1766586180,9.38,13:44:00,1766601840,13.73,4.35,,,-16,-16,-22,-22,,,,,,8,5.6,4,0,,,,
2025-12-23,-14.8,-17.82,-18.3,-21.8,,-29,77,67.8,67.5,58,-21.2,-22.5,-23.1,-25.1,16,6.96,8,0,,,100.18,100.1,100.08,99.99,99.74,99.66,99.64,99.55,48300,29950,33800,19300,,,,,36.3,0,0,0,0,0,,,20,09:23:00,1766499780,9.38,13:44:00,1766515440,13.73,4.35,,,-21,-21,-22,-16,,,,,,8,6.7,6.5,5,,,,
2025-12-22,-13.7,-15.43,-17.25,-20.8,,-26,80,65.5,68.5,57,-19.4,-20.6,-21.1,-22.7,27,14.46,15.5,4,43,24,100,99.85,99.76,99.53,99.56,99.41,99.32,99.09,48300,30820.8,36200,24100,,,,,35.2,0,0,0,0,0,,,20,09:23:00,1766413380,9.38,13:43:00,1766428980,13.72,4.33,,,-17,-13,-19,-19,,,,,,8,7.1,6.5,5,,,,
2025-12-21,-15.4,-18.6,-18.45,-21.5,,-30,82,76.6,77.5,73,-19.6,-21.8,-21.9,-24.1,27,11.12,13.5,0,31,31,99.49,99.2,99.14,98.79,99.05,98.76,98.7,98.35,48300,31158.3,36200,24100,,,,,36.5,0,0,0,0,0,,,20,09:22:00,1766326920,9.37,13:42:00,1766342520,13.7,4.33,,,-17,-17,-18,-16,,,,,,8,6.4,5,2,,,,
2025-12-20,-14.3,-19.38,-19.64,-25,,-33,80,74.3,75,70,-18.5,-22.9,-22.5,-26.5,34,14.79,21,8,36,33,99.29,98.94,98.89,98.49,98.85,98.5,98.45,98.05,48300,29345.8,26550,4800,,,,,37.6,0,0,0,0,0,,,21,09:21:00,1766240460,9.35,13:42:00,1766256120,13.7,4.35,,,-18,-12,-22,-19,,,,,,8,5,4,0,,,,
2025-12-19,-10.1,-13.89,-14.75,-19.4,,-26,84,73,73,62,-13.6,-17.8,-18.2,-22.9,39,19.12,19.5,0,76,22,99.21,98.72,98.69,98.18,98.77,98.29,98.26,97.75,48300,18616.7,24750,1200,,,,,32.8,0,0,0,0,0.7,,,20,09:20:00,1766154000,9.33,13:42:00,1766169720,13.7,4.37,,,-10,-10,-16,-15,,,,,,8,6.9,5,2,,,,
2025-12-18,-14.3,-18.85,-19,-23.7,,-34,81,68,70,59,-18.5,-23.4,-23.2,-28,54,25.75,30.5,7,63,22,98.52,98.35,98.16,97.8,98.09,97.92,97.73,97.37,48300,25941.7,24450,600,,,,,37,0,0,0,0,0,,,20,09:20:00,1766067600,9.33,13:41:00,1766083260,13.68,4.35,,,-21,-21,-21,-18,,,,,,8,6.4,6,4,,,,
2025-12-17,-7.6,-13.71,-14,-20.4,,-30,87,77.5,79.5,72,-10.3,-16.8,-16.6,-22.8,48,13.83,24,0,67,31,98.61,98.11,97.97,97.33,98.17,97.68,97.54,96.91,32200,14616.7,16500,800,,,,,32,0,0,0,0,,,,20,09:18:00,1765981080,9.3,13:41:00,1765996860,13.68,4.38,,,-10,-10,-23,-23,,,,,,8,7.4,5.5,3,,,,
2025-12-16,-9.2,-15.57,-16.39,-23.6,,-32,83,77.7,76,69,-12.8,-18.6,-19.2,-25.6,22,13.67,15,8,32,11,99.06,98.61,98.77,98.48,98.63,98.18,98.34,98.05,48300,24579.2,26550,4800,,,,,34.4,0,0,0,0,0,,,20,09:17:00,1765894620,9.28,13:42:00,1765910520,13.7,4.42,,,-13,-11,-23,-21,,,,,,8,5.9,5,2,,,,
2025-12-15,-10.1,-16.02,-18.7,-27.3,,-35,83,76.4,72.5,62,-13,-19.3,-22.4,-31.8,25,12.42,12.5,0,31,12,100.98,100.13,100.07,99.15,100.52,99.69,99.62,98.72,40200,21358.3,21700,3200,,,,,36.7,0,0,0,0,0.3,,,20,09:16:00,1765808160,9.27,13:42:00,1765824120,13.7,4.43,,,-13,-13,-13,-11,,,,,,8,6.9,5.5,3,,,,
2025-12-14,-23.2,-26.21,-25.85,-28.5,,-40,74,70.9,69.5,65,-27.5,-30,-30.2,-32.9,25,13.5,16,7,36,33,101.27,101.16,101.09,100.92,100.81,100.7,100.64,100.47,40200,28462.5,32150,24100,,,,,43.9,0,0,0,0,0,,,20,09:14:00,1765721640,9.23,13:42:00,1765737720,13.7,4.47,,,-25,-25,-28,-25,,,,,,5,2.6,2.5,0,,,,
2025-12-13,-21.8,-24.23,-24.2,-26.6,,-44,76,74.5,74,72,-25.3,-27.5,-27.4,-29.6,54,35.96,32,10,47,33,100.9,100.43,100.44,99.97,100.45,99.98,99.98,99.52,24100,10237.5,12450,800,,,,,42.2,0,0,0,0,0,,,20,09:13:00,1765635180,9.22,13:43:00,1765651380,13.72,4.5,,,-22,-22,-26,-25,,,,,,5,1.4,2.5,0,,,,
2025-12-12,-20.4,-22.97,-23.35,-26.3,,-42,82,77.5,76,70,-23.4,-25.9,-26.8,-30.1,43,27.46,28.5,14,52,33,100.55,100.19,100.26,99.96,100.1,99.74,99.81,99.51,48300,16945.8,25350,2400,,,,,41.4,0,0,0,0,0,,,20,09:11:00,1765548660,9.18,13:44:00,1765565040,13.73,4.55,,,-19,-19,-28,-23,,,,,,7,3.3,3.5,0,,,,
2025-12-11,-16,-18.93,-18.39,-20.8,,-35,81,77.2,78,75,-19,-22,-21.3,-23.6,48,33.62,35.5,23,42,33,100.7,100.54,100.49,100.28,100.26,100.1,100.05,99.84,48300,30158.3,28200,8100,,,,,36.4,0,0,0,0,0,,,20,09:09:00,1765462140,9.15,13:45:00,1765478700,13.75,4.6,,,-18,-16,-21,-19,,,,,,2,1,1,0,,,,
2025-12-10,-8.3,-13.12,-12.8,-17.3,,-29,92,84,85,78,-10.2,-15.3,-14.8,-19.5,34,18.42,19,4,45,32,100.27,99.98,100,99.74,99.83,99.54,99.57,99.31,48300,27775,25750,3200,,,,,30.8,0,0,0,0,0,,,20,09:07:00,1765375620,9.12,13:46:00,1765392360,13.77,4.65,,,-11,-11,-16,-16,,,,,,8,4,4,0,,,,
2025-12-09,-1.4,-6.19,-6.7,-12,,-16,77,69,70.5,64,-7.4,-11,-10.8,-14.1,18,7.71,9,0,,,99.71,99.63,99.64,99.58,99.28,99.2,99.22,99.15,48300,31158.3,36200,24100,,,,,24.7,0,0,0,0,0,,,20,09:06:00,1765289160,9.1,13:47:00,1765306020,13.78,4.68,,,-6,-6,-15,-14,,,,,,8,4,4,0,,,,
2025-12-08,-2.2,-5.51,-7.3,-12.4,,-21,88,73.6,76.5,65,-8,-9.6,-10.9,-13.9,25,10.5,12.5,0,32,7,100.05,99.82,99.83,99.61,99.61,99.39,99.4,99.19,48300,30491.7,28200,8100,,,,,25.3,0,0,0,0,0,,,20,09:03:00,1765202580,9.05,13:48:00,1765219680,13.8,4.75,,,-5,-2,-7,-7,,,,,,8,5.8,4,0,,,,
2025-12-07,-11.5,-15.86,-14.95,-18.4,,-30,84,79,80,76,-14.4,-18.7,-17.9,-21.3,33,28.96,28,23,32,32,100.6,100.34,100.33,100.07,100.16,99.9,99.89,99.63,48300,25683.3,28200,8100,,,,,33,0,0,0,0,0.1,,,20,09:01:00,1765116060,9.02,13:49:00,1765133340,13.82,4.8,,,-11,-11,-14,-11,,,,,,8,3.3,4,0,,,,
2025-12-06,-9.3,-12.38,-13.35,-17.4,,-27,86,73.1,75,64,-13.9,-16.3,-16.8,-19.6,23,10.21,13,3,32,31,100.67,100.56,100.56,100.44,100.23,100.12,100.12,100.01,48300,32166.7,36200,24100,,,,,31.4,0,0,0,0,0,,,20,08:59:00,1765029540,8.98,13:50:00,1765047000,13.83,4.85,,,-11,-9,-18,-16,,,,,,8,4.6,4,0,,,,
2025-12-05,-7.1,-8.29,-8.69,-10.3,,-20,69,62.6,63.5,58,-12.9,-14.2,-14.2,-15.5,49,29.58,28.5,8,37,17,100.47,99.99,99.9,99.34,100.04,99.56,99.48,98.91,48300,31158.3,36200,24100,,,,,26.7,0,0,0,0,0,,,13,08:57:00,1764943020,8.95,13:52:00,1764960720,13.87,4.92,,,-7,-7,-15,-9,,,,,,8,5,5.5,3,,,,
2025-12-04,-6.6,-8.48,-9.14,-11.7,,-19,90,69.2,75,60,-8.2,-13.2,-12.6,-16.9,51,24,25.5,0,62,17,99.74,99.22,99.31,98.89,99.31,98.79,98.88,98.46,48300,24079.2,24350,400,,,,,27.1,0,0,0,0,1.8,,,13,08:54:00,1764856440,8.9,13:53:00,1764874380,13.88,4.98,,,-6,-6,-10,-9,,,,,,8,6.4,6,4,,,,
2025-12-03,-11,-16.32,-15.95,-20.9,,-28,86,79.9,74.5,63,-16.6,-19.1,-19.6,-22.5,20,9.67,10,0,,,100.25,100.14,100.04,99.83,99.81,99.7,99.61,99.4,48300,31158.3,36200,24100,,,,,34,0,0,0,0,0,,,13,08:52:00,1764769920,8.87,13:55:00,1764788100,13.92,5.05,,,-16,-13,-19,-13,,,,,,8,5,4,0,,,,
2025-12-02,-9.7,-14.2,-15.2,-20.7,,-28,81,74.8,74.5,68,-15,-17.8,-18.8,-22.5,15,7.75,7.5,0,,,100.01,99.69,99.77,99.53,99.57,99.25,99.33,99.1,48300,32166.7,36200,24100,,,,,33.2,0,0,0,0,0,,,12,08:49:00,1764683340,8.82,13:57:00,1764701820,13.95,5.13,,,-14,-14,-19,-19,,,,,,7,3.9,3.5,0,,,,
2025-12-01,-5.9,-8.05,-9.05,-12.2,,-16,88,67.7,73,58,-9.8,-13.1,-12.8,-15.8,29,12.83,14.5,0,51,21,99.98,99.73,99.77,99.56,99.55,99.3,99.34,99.13,48300,30354.2,26550,4800,,,,,27.1,0,0,0,0,0,,,13,08:46:00,1764596760,8.77,13:59:00,1764615540,13.98,5.22,,,-7,-7,-15,-15,,,,,,8,6.6,5.5,3,,,,
2025-11-30,-7.5,-11.78,-12.85,-18.2,,-24,81,72.5,71.5,62,-11.7,-15.8,-16.1,-20.4,28,11.04,14,0,37,9,100.55,100.39,100.29,100.03,100.11,99.96,99.86,99.6,48300,31262.5,25350,2400,,,,,30.9,0,0,0,0,0,,,13,08:44:00,1764510240,8.73,14:01:00,1764529260,14.02,5.28,,,-12,-9,-13,-13,,,,,,8,4.3,4,0,,,,
2025-11-29,-7.8,-13.6,-12.8,-17.8,,-23,80,73.8,72,64,-12.3,-17.4,-16.2,-20.1,28,9.5,14,0,41,32,100.47,100.39,100.39,100.3,100.03,99.95,99.95,99.87,48300,31495.8,36200,24100,,,,,30.8,0,0,0,0,0,,,13,08:41:00,1764423660,8.68,14:03:00,1764442980,14.05,5.37,,,-13,-13,-17,-15,,,,,,8,6.1,5,2,,,,
2025-11-28,-7.5,-13,-12.3,-17.1,,-23,85,76.6,77.5,70,-12,-16.3,-15.6,-19.2,25,12.33,12.5,0,35,33,101.01,100.75,100.69,100.36,100.57,100.31,100.24,99.92,48300,32166.7,36200,24100,,,,,30.3,0,0,0,0,0,,,13,08:38:00,1764337080,8.63,14:05:00,1764356700,14.08,5.45,,,-13,-13,-16,-15,,,,,,8,5.2,5.5,3,,,,
2025-11-27,-7,-10.23,-11.25,-15.5,,-24,93,81.6,83,73,-7.9,-12.8,-13.2,-18.5,35,24.29,22,9,46,34,101.13,100.98,101,100.88,100.69,100.54,100.57,100.44,48300,30487.5,36200,24100,,,,,29.2,0,0,0,0,0,,,13,08:35:00,1764250500,8.58,14:07:00,1764270420,14.12,5.53,,,-11,-11,-17,-15,,,,,,8,7.3,6,4,,,,
2025-11-26,-5.8,-7.97,-7.8,-9.8,,-19,94,87.5,89,84,-7.9,-9.7,-9.4,-10.9,35,23.29,22,9,34,33,100.93,100.78,100.71,100.49,100.49,100.35,100.27,100.06,48300,30358.3,26550,4800,,,,,25.8,0,0,0,0,0,,,14,08:32:00,1764163920,8.53,14:09:00,1764184140,14.15,5.62,,,-8,-8,-11,-11,,,,,,8,7.3,7,6,,,,
2025-11-25,-3.5,-5.14,-5,-6.5,,-14,88,85.4,85,82,-6,-7.2,-7.2,-8.3,38,26.38,27.5,17,34,33,100.46,100.21,100.19,99.92,100.03,99.78,99.76,99.5,48300,29454.2,26150,4000,,,,,23,0,0,0,0,0,,,15,08:29:00,1764077340,8.48,14:12:00,1764097920,14.2,5.72,,,-3,-3,-5,-5,,,,,,8,7.2,6,4,,,,
2025-11-24,0,-2.09,-2.5,-5,,-13,94,85.5,84,74,-2.8,-4.2,-4.5,-6.2,34,18.46,22,10,47,34,99.92,99.85,99.86,99.79,99.5,99.43,99.44,99.37,48300,26733.3,27350,6400,,,,,20.5,0,0,0,0,0,,,18,08:26:00,1763990760,8.43,14:14:00,1764011640,14.23,5.8,,,-1,-1,-4,-4,,,,,,8,7.5,7,6,,,,
2025-11-23,0.3,-0.35,-0.6,-1.5,,-5,97,85,84.5,72,-1,-2.6,-2.9,-4.8,18,9.42,9,0,,,100.33,100.15,100.12,99.91,99.9,99.73,99.69,99.49,32200,19020.8,18500,4800,,,,,18.6,0,0,0,0,2.1,,,18,08:23:00,1763904180,8.38,14:16:00,1763925360,14.27,5.88,,,0,1,-2,-2,,,,,,8,7.5,7.5,7,,,,
2025-11-22,1.7,-0.09,0.4,-0.9,,-6,94,91.2,87.5,81,0.1,-1.3,-0.9,-1.9,26,19,19.5,13,33,14,100.59,100.51,100.47,100.35,100.16,100.08,100.04,99.92,48300,15087.5,26550,4800,,,,,17.6,0,0,0,0,1.5,,,11,08:20:00,1763817600,8.33,14:19:00,1763839140,14.32,5.98,,,-1,2,-1,0,,,,,,8,7.8,7.5,7,,,,
2025-11-21,0,-0.8,-1.75,-3.5,,-7,99,94.9,92,85,-0.2,-1.5,-2.5,-4.8,33,15.71,16.5,0,31,14,100.51,100.36,100.32,100.13,100.08,99.93,99.89,99.71,24100,12745.8,12650,1200,,,,,19.8,0,0,0,0,1.6,,,9,08:17:00,1763731020,8.28,14:21:00,1763752860,14.35,6.07,,,-1,-1,-3,0,,,,,,8,6.9,6,4,,,,
2025-11-20,1.7,-0.8,-1.6,-4.9,,-8,81,74.1,74.5,68,-3.5,-4.9,-5.5,-7.5,25,11.08,12.5,0,35,5,100.09,99.89,99.94,99.79,99.67,99.47,99.52,99.37,48300,32166.7,36200,24100,,,,,19.6,0,0,0,0,0,,,9,08:14:00,1763644440,8.23,14:24:00,1763666640,14.4,6.17,,,0,1,-7,-6,,,,,,7,5.3,5,3,,,,
2025-11-19,3.3,1.32,0.8,-1.7,,-4,76,67.2,68.5,61,-2.8,-4.1,-4,-5.1,43,15.12,21.5,0,73,6,100.09,99.86,99.93,99.78,99.67,99.44,99.51,99.36,48300,29479.2,36200,24100,,,,,17.2,0,0,0,0,0.1,,,9,08:11:00,1763557860,8.18,14:27:00,1763580420,14.45,6.27,,,1,2,-3,-2,,,,,,8,6.3,5.5,3,,,,
2025-11-18,3.4,1.84,1.6,-0.2,,,80,67.6,71.5,63,-2.7,-3.6,-3.6,-4.6,48,32.5,27,6,50,8,101.38,100.7,100.72,100.07,100.95,100.28,100.3,99.65,48300,27733.3,33800,19300,,,,,16.4,0,0,0,0,0,,,10,08:08:00,1763471280,8.13,14:29:00,1763494140,14.48,6.35,,,2,2,1,1,,,,,,8,6.3,4,0,,,,
2025-11-17,2.6,1.38,0.7,-1.2,,-6,70,67.5,66.5,63,-2.8,-4,-4.2,-5.6,50,27.67,30.5,11,68,7,101.86,101.66,101.64,101.43,101.43,101.23,101.22,101,48300,32166.7,36200,24100,,,,,17.3,0,0,0,0,0,,,10,08:05:00,1763384700,8.08,14:32:00,1763407920,14.53,6.45,,,2,3,0,0,,,,,,8,6.2,4.5,1,,,,
2025-11-16,1.1,-0.12,-1.4,-3.9,,-7,80,68.7,71.5,63,-3.8,-5.2,-5.3,-6.8,40,22.46,20,0,41,8,102.15,101.97,101.98,101.81,101.71,101.54,101.54,101.38,48300,32166.7,36200,24100,,,,,19.4,0,0,0,0,0,,,10,08:02:00,1763298120,8.03,14:35:00,1763321700,14.58,6.55,,,1,1,-3,-2,,,,,,8,6.9,7,6,,,,
2025-11-15,-2.2,-5.06,-6.15,-10.1,,-14,91,80.1,82,73,-6,-8,-9.5,-13,18,11.46,10.5,3,,,102.47,102.38,102.33,102.19,102.05,101.94,101.9,101.75,48300,30487.5,36200,24100,,,,,24.1,0,0,0,0,0,,,10,07:58:00,1763211480,7.97,14:37:00,1763235420,14.62,6.65,,,-3,-3,-7,-3,,,,,,8,6.5,6,4,,,,
2025-11-14,1.4,-0.89,-0.95,-3.3,,-9,83,78.6,76,69,-2,-4.2,-4.5,-6.9,26,16.54,15,4,35,17,102.45,101.93,101.74,101.03,102.01,101.5,101.31,100.6,48300,32166.7,36200,24100,,,,,18.9,0,0,0,0,0,,,10,07:55:00,1763124900,7.92,14:40:00,1763149200,14.67,6.75,,,0,1,-6,-5,,,,,,8,7.1,6.5,5,,,,
2025-11-13,1.9,-0.9,-0.4,-2.7,,-10,97,83.8,82.5,68,0.4,-3.4,-3,-6.5,31,13.04,17,3,43,18,100.86,98.91,99.24,97.61,100.43,98.5,98.81,97.2,48300,23954.2,24950,1600,,,,,18.4,0,0,0,0,2.4,,,10,07:52:00,1763038320,7.87,14:43:00,1763062980,14.72,6.85,,,-2,-1,-4,-1,,,,,,8,6.8,5.5,3,,,,
2025-11-12,2.8,-4.17,-1.35,-5.5,,-13,94,88.9,89,84,-0.6,-5.7,-3.7,-6.8,46,26.67,27.5,9,63,34,98.85,98.47,98.27,97.7,98.43,98.05,97.86,97.29,48300,27883.3,26550,4800,,,,,19.4,0,0,0,0,0.4,,,12,07:49:00,1762951740,7.82,14:46:00,1762976760,14.77,6.95,,,-3,-3,-4,-3,,,,,,8,7.5,6.5,5,,,,
2025-11-11,-1.1,-2.6,-2.95,-4.8,,-12,92,87.8,87,82,-2.7,-4.3,-4.3,-5.9,33,18.96,18.5,4,36,33,101.55,100.38,100.28,99.02,101.12,99.95,99.86,98.6,48300,18229.2,24950,1600,,,,,20.9,0,0,0,0,1.4,,,8,07:46:00,1762865160,7.77,14:49:00,1762890540,14.82,7.05,,,-1,-1,-5,-4,,,,,,8,6.8,5,2,,,,
2025-11-10,-2,-5.62,-5.9,-9.8,,-17,94,88.6,86.5,79,-4.8,-7.2,-8.3,-11.8,21,7.46,10.5,0,,,101.97,101.86,101.8,101.62,101.53,101.42,101.36,101.19,48300,31162.5,32200,16100,,,,,23.9,0,0,0,0,0,,,7,07:43:00,1762778580,7.72,14:52:00,1762804320,14.87,7.15,,,-5,-5,-5,-3,,,,,,8,7.2,6,4,,,,
2025-11-09,-6.7,-9.71,-9.9,-13.1,,-18,89,85.8,85,81,-9.5,-11.7,-11.8,-14,12,7.5,6,0,,,101.72,101.59,101.58,101.44,101.28,101.15,101.14,101,48300,32837.5,36200,24100,,,,,27.9,0,0,0,0,0,,,7,07:39:00,1762691940,7.65,14:55:00,1762718100,14.92,7.27,,,-8,-8,-13,-9,,,,,,8,3.9,4,0,,,,
2025-11-08,-3.9,-7.64,-7.75,-11.6,,-16,88,79,77,66,-9.3,-10.7,-10.9,-12.6,11,6.08,5.5,0,,,101.41,100.98,101,100.58,100.97,100.55,100.56,100.15,48300,33845.8,36200,24100,,,,,25.8,0,0,0,0,0,,,7,07:36:00,1762605360,7.6,14:58:00,1762631880,14.97,7.37,,,-6,-6,-9,-9,,,,,,7,3.5,3.5,0,,,,
2025-11-07,1.8,-1.06,-2.05,-5.9,,-8,80,70,72.5,65,-2.1,-5.9,-5.8,-9.4,22,11.71,13,4,,,100.58,100.53,100.51,100.45,100.15,100.1,100.09,100.03,48300,33312.5,33800,19300,,,,,20.1,0,0,0,0,0,,,7,07:33:00,1762518780,7.55,15:01:00,1762545660,15.02,7.47,,,1,1,-5,-5,,,,,,8,4.9,4,0,,,,
2025-11-06,1.2,-1.32,-2.19,-5.6,,-9,99,91.8,89.5,80,-0.3,-2.5,-3.5,-6.8,18,10.21,9,0,29,12,100.45,100.11,99.95,99.46,100.02,99.69,99.53,99.04,48300,25454.2,24750,1200,,,,,20.2,0,0,0,0,0,,,7,07:30:00,1762432200,7.5,15:04:00,1762459440,15.07,7.57,,,1,1,-4,1,,,,,,8,6.8,5,2,,,,
2025-11-05,1.1,0.37,0.4,-0.3,,-5,97,92.7,91,85,0.1,-0.7,-0.8,-1.8,26,15.92,16.5,7,31,14,99.38,98.99,99.08,98.79,98.96,98.57,98.67,98.37,40200,18500,22500,4800,,,,,17.6,0,0,0,0,0.4,,,8,07:27:00,1762345620,7.45,15:07:00,1762373220,15.12,7.67,,,1,1,0,1,,,,,,8,8,8,8,,,,
2025-11-04,0.4,-1.23,-1.6,-3.6,,-10,86,78.6,78.5,71,-2.3,-4.5,-5,-7.8,30,23.12,23.5,17,32,12,99.41,99,99.1,98.79,98.99,98.58,98.68,98.37,48300,17379.2,26550,4800,,,,,19.6,0,0,0,0,0.3,,,8,07:24:00,1762259040,7.4,15:10:00,1762287000,15.17,7.77,,,0,0,-1,1,,,,,,8,8,8,8,,,,
2025-11-03,-3.1,-6.3,-6.25,-9.4,,-14,86,75.6,77,68,-6.8,-10,-9.9,-13,32,17.29,18.5,5,40,10,100.44,100.04,99.97,99.49,100.01,99.61,99.53,99.06,48300,33175,36200,24100,,,,,24.2,0,0,0,0,0,,,8,07:20:00,1762172400,7.33,15:13:00,1762200780,15.22,7.88,,,-4,-4,-4,-3,,,,,,8,7.6,7,6,,,,
2025-11-02,-6.7,-10.64,-11.05,-15.4,,-23,90,86.6,86.5,83,-8.8,-12.4,-12.9,-17,21,10.6,10.5,0,,,100.94,100.69,100.69,100.43,100.5,100.26,100.25,100,48300,32812,36200,24100,,,,,29.1,0,0,0,0,0,,,9,07:17:00,1762085820,7.28,15:17:00,1762114620,15.28,8,,,-9,-9,-11,-11,,,,,,8,4.7,4,0,,,,
2025-11-01,-8.5,-12.3,-11.75,-15,,-22,87,82.9,82.5,78,-12.6,-14.6,-14.5,-16.4,22,15.96,14.5,7,,,101.57,101.28,101.26,100.95,101.13,100.84,100.82,100.51,48300,34183.3,36200,24100,,,,,29.8,0,0,0,0,0,,,10,08:14:00,1761999240,8.23,16:20:00,1762028400,16.33,8.1,,,-8,-8,-14,-10,,,,,,2,0.8,1,0,,,,
2025-10-31,-1,-4.4,-7.25,-13.5,,-14,84,74,76,68,-3.4,-8.4,-8.1,-12.8,22,14.96,13.5,5,32,7,101.71,101.55,101.49,101.28,101.27,101.12,101.06,100.85,48300,33850,32200,16100,,,,,25.2,0,0,0,0,0,,,12,08:11:00,1761912660,8.18,16:23:00,1761942180,16.38,8.2,,,-4,-3,-10,-10,,,,,,8,3.7,4,0,,,,
2025-10-30,-0.5,-1.03,-1.3,-2.1,,-8,96,89.1,87,78,-1.3,-2.6,-3.4,-5.5,28,20.79,16.5,5,33,10,101.64,101.26,101.34,101.04,101.21,100.83,100.91,100.61,24100,8775,12550,1000,,,,,19.3,0,0,0,0,7.4,,,1,08:08:00,1761826080,8.13,16:26:00,1761855960,16.43,8.3,,,0,0,-4,-3,,,,,,8,7,6,4,,,,
2025-10-29,0.8,-1.31,-1.54,-3.9,,-7,95,86.9,86.5,78,-0.4,-3.2,-2.9,-5.4,23,10.71,11.5,0,34,36,102.02,101.91,101.85,101.68,101.59,101.48,101.42,101.25,48300,34183.3,36200,24100,,,,,19.5,0,0,0,0,0,,,,08:05:00,1761739500,8.08,16:29:00,1761769740,16.48,8.4,,,1,1,-3,-2,,,,,,8,6.9,5.5,3,,,,
2025-10-28,2.6,0.59,0.65,-1.3,,-3,95,88.6,86.5,78,-0.2,-1.1,-1,-1.9,16,6.54,8,0,,,102.01,101.78,101.76,101.52,101.58,101.35,101.33,101.09,48300,34183.3,36200,24100,,,,,17.4,0,0,0,0,0,,,,08:02:00,1761652920,8.03,16:33:00,1761683580,16.55,8.52,,,1,1,-1,-1,,,,,,8,7,5,2,,,,
2025-10-27,5,2.26,2.7,0.4,,,94,79.3,78.5,63,1.4,-1,-2.2,-5.8,25,14.04,12.5,0,35,30,101.81,101.41,101.5,101.19,101.38,100.98,101.07,100.76,48300,34183.3,36200,24100,,,,,15.3,0,0,0,0,0,,,,07:59:00,1761566340,7.98,16:36:00,1761597360,16.6,8.62,,,3,3,-1,-1,,,,,,8,7.3,6.5,5,,,,
2025-10-26,0.9,-1.84,-1.05,-3,,-8,89,80.8,77.5,66,-4,-4.7,-5,-5.9,16,9.46,8,0,33,14,102.63,102.44,102.29,101.95,102.19,102,101.86,101.52,48300,33787.5,29000,9700,,,,,19.1,0,0,0,0,0,,,,07:56:00,1761479760,7.93,16:39:00,1761511140,16.65,8.72,,,-1,-1,-5,-2,,,,,,8,7,4.5,1,,,,
2025-10-25,-1.2,-3.42,-3.45,-5.7,,-14,96,85.7,84.5,73,-3.1,-5.5,-5.3,-7.5,36,22.42,18,0,41,35,102.39,101.77,101.67,100.96,101.95,101.34,101.24,100.53,48300,32779.2,27350,6400,,,,,21.4,0,0,0,0,0,,,,07:52:00,1761393120,7.87,16:42:00,1761424920,16.7,8.83,,,-2,-2,-5,-4,,,,,,8,5.1,4.5,1,,,,
2025-10-24,2.8,0.78,0.59,-1.6,,-3,94,80.8,82,70,-0.9,-2.2,-2.2,-3.5,22,11.83,11,0,40,34,101.19,100.87,100.94,100.7,100.76,100.44,100.51,100.27,48300,34183.3,36200,24100,,,,,17.4,0,0,0,0,0,,,,07:49:00,1761306540,7.82,16:46:00,1761338760,16.77,8.95,,,2,2,-7,-5,,,,,,8,7.2,5,2,,,,
2025-10-23,0.7,-0.97,-1.35,-3.4,,-8,92,83.5,82.5,73,-1.5,-3.4,-3.6,-5.7,16,4.08,8,0,,,102.01,101.76,101.63,101.25,101.58,101.33,101.2,100.82,48300,35191.7,36200,24100,,,,,19.4,0,0,0,0,0,,,,07:46:00,1761219960,7.77,16:49:00,1761252540,16.82,9.05,1,1,0,0,-3,-2,,,,,,8,5.6,4,0,,,,
2025-10-22,1.9,-0.58,-0.95,-3.8,,-9,94,87.7,88,82,-0.2,-2.4,-2.6,-5,23,11.96,13.5,4,31,32,102.05,101.69,101.62,101.18,101.62,101.26,101.19,100.75,48300,34183.3,36200,24100,,,,,18.9,0,0,0,0,0,,,,07:43:00,1761133380,7.72,16:52:00,1761166320,16.87,9.15,1,1,0,0,-5,-4,,,,,,8,5.5,4,0,,,,
2025-10-21,4.5,2.25,2.04,-0.4,,,100,89.7,89,78,2.8,0.7,-0.1,-3,32,20.54,19.5,7,31,32,101.11,100.1,100.24,99.37,100.68,99.68,99.81,98.95,48300,22429.2,26150,4000,,,,,16,0,0,0,0,5.4,,,,07:40:00,1761046800,7.67,16:56:00,1761080160,16.93,9.27,,,4,4,-2,-1,,,,,,8,6.3,4.5,1,,,,
2025-10-20,2.9,2.17,2.29,1.7,,,100,98.9,97.5,95,2.6,2,2,1.5,28,13.79,16,4,31,15,101.04,100.44,100.26,99.49,100.61,100.02,99.84,99.07,24100,9591.7,12450,800,,,,,15.7,0,0,0,0,12.6,,,,07:37:00,1760960220,7.62,16:59:00,1760993940,16.98,9.37,,,3,3,3,3,,,,,,8,7.5,5,2,,,,
2025-10-19,2.9,2.1,1.85,0.8,,,100,98.5,98.5,97,2.6,1.9,1.5,0.4,37,23.33,22.5,8,38,15,101.41,101.13,101.22,101.03,100.98,100.7,100.79,100.6,24100,11808.3,13250,2400,,,,,16.1,0,0,0,0,5,,,,07:34:00,1760873640,7.57,17:02:00,1760907720,17.03,9.47,,,3,3,3,3,,,,,,8,7.9,7.5,7,,,,
2025-10-18,1,0.2,0.04,-0.9,,-6,97,85.3,85.5,74,0.4,-2,-1.8,-4,26,15.17,17,8,,,102.31,101.99,101.9,101.49,101.88,101.56,101.47,101.06,48300,34054.2,26550,4800,,,,,18,0,0,0,0,0.2,,,,07:31:00,1760787060,7.52,17:06:00,1760821560,17.1,9.58,1,1,1,1,1,1,,,,,,8,7.5,7,6,,,,
2025-10-17,1.4,0.23,0.29,-0.8,,-4,93,86.3,85.5,78,-0.8,-1.8,-2.2,-3.6,14,5.83,7,0,,,102.53,102.45,102.43,102.33,102.1,102.02,102,101.9,48300,36200,36200,24100,,,,,17.7,0,0,0,0,0,,,,07:28:00,1760700480,7.47,17:09:00,1760735340,17.15,9.68,1,1,1,1,-1,-1,,,,,,8,7.7,7.5,7,,,,
2025-10-16,0.3,-1.66,-2.25,-4.8,,-11,93,85.2,85,77,-1.8,-3.8,-4,-6.2,23,6.79,11.5,0,,,102.4,102.03,101.87,101.34,101.97,101.6,101.44,100.91,48300,35529.2,36200,24100,,,,,20.2,0,0,0,0,0.2,,,,07:25:00,1760613900,7.42,17:12:00,1760649120,17.2,9.78,1,1,1,1,-1,-1,,,,,,8,6.4,4,0,,,,
2025-10-15,3.2,1.14,-0.6,-4.4,,-9,100,95.5,94,88,2.6,0.5,-0.6,-3.7,36,21.88,18,0,34,32,101.24,100.6,100.76,100.28,100.81,100.17,100.33,99.86,48300,15320.8,24550,800,,,,,18.6,0,0,0,0,3.6,,,,07:22:00,1760527320,7.37,17:16:00,1760562960,17.27,9.9,,,2,2,-2,-2,,,,,,8,7.6,6,4,,,,
2025-10-14,2.9,1.4,1.5,0.1,,,100,92.7,87.5,75,2.5,0.3,-0.3,-3.1,27,16.12,15.5,4,38,15,101.12,100.65,100.72,100.31,100.69,100.22,100.29,99.89,24100,11762.5,12350,600,,,,,16.5,0,0,0,0,6.6,,,,07:19:00,1760440740,7.32,17:19:00,1760476740,17.32,10,,,2,2,2,2,,,,,,8,7.5,6.5,5,,,,
2025-10-13,7.4,2.62,3.8,0.2,,,89,78.2,79.5,70,3.1,-0.8,0,-3.1,33,15.92,16.5,0,44,22,101.2,100.67,100.56,99.93,100.77,100.25,100.14,99.51,48300,36200,36200,24100,,,,,14.2,0,0,0,0,0,,,,07:16:00,1760354160,7.27,17:23:00,1760390580,17.38,10.12,1,1,3,4,-2,4,,,,,,8,7.1,7,6,,,,
2025-10-12,7,1.38,2.75,-1.5,,-6,93,84.2,84.5,76,3.2,-1,-0.4,-4,44,24.29,22,0,37,19,101.13,100.71,100.56,99.98,100.7,100.28,100.13,99.56,48300,30595.8,26150,4000,,,,,15.2,0,0,0,0,2.4,,,,07:14:00,1760267640,7.23,17:26:00,1760304360,17.43,10.2,1,1,3,3,2,2,,,,,,8,7.4,7,6,,,,
2025-10-11,-0.6,-1.62,-1.65,-2.7,,-11,84,75.5,73.5,63,-4.1,-5.4,-6,-7.8,43,33.75,32,21,36,29,100.53,99.61,99.65,98.77,100.1,99.19,99.22,98.35,48300,33254.2,30600,12900,,,,,19.6,0,0,0,0,0,,,,07:11:00,1760181060,7.18,17:29:00,1760218140,17.48,10.3,1,1,0,0,-2,-2,,,,,,8,7.3,6.5,5,,,,
2025-10-10,2.2,0.9,0.15,-1.9,,-10,96,90.9,89,82,1.2,-0.4,-1.2,-3.6,50,31,27.5,5,49,30,99.59,98.6,98.89,98.19,99.17,98.19,98.47,97.78,48300,25212.5,25750,3200,,,,,17.9,0,0,0,0,1.6,,,,07:08:00,1760094480,7.13,17:33:00,1760131980,17.55,10.42,,,2,2,-4,-2,,,,,,8,7.6,7,6,,,,
2025-10-09,0.9,-0.59,-0.85,-2.6,,-8,90,75.7,77,64,-2.6,-4.4,-4.2,-5.7,40,19.88,21.5,3,55,13,101.28,100.9,100.53,99.78,100.85,100.48,100.11,99.36,48300,35866.7,32200,16100,,,,,18.9,0,0,0,0,0.1,,,,07:05:00,1760007900,7.08,17:36:00,1760045760,17.6,10.52,1,1,0,0,0,0,,,,,,8,6.8,5.5,3,,,,
2025-10-08,2.4,0.44,0.6,-1.2,,-8,94,85.7,87.5,81,0.7,-1.7,-1.4,-3.4,33,15.54,16.5,0,43,30,101.05,100.46,100.34,99.62,100.62,100.03,99.91,99.2,48300,29229.2,26550,4800,,,,,17.4,0,0,0,0,0.4,,,,07:02:00,1759921320,7.03,17:40:00,1759959600,17.67,10.63,,,2,2,-2,-2,,,,,,8,7,6,4,,,,
2025-10-07,4,1.97,2.1,0.2,,,90,74.5,80,70,-0.7,-2.1,-2.1,-3.5,31,16.62,17.5,4,32,22,99.5,99.08,99.19,98.87,99.08,98.66,98.76,98.45,48300,33845.8,36200,24100,,,,,15.9,0,0,0,0,0,,,,06:59:00,1759834740,6.98,17:43:00,1759873380,17.72,10.73,1,1,3,3,0,0,,,,,,8,6.3,6.5,5,,,,
2025-10-06,2.2,1.02,1.15,0.1,,,99,91.3,90,81,0.2,-0.3,-0.4,-1,28,11.21,15.5,3,35,30,99.82,99.17,99.28,98.74,99.4,98.75,98.86,98.32,48300,19291.7,25750,3200,,,,,16.9,0,0,0,0,6.6,,,,06:56:00,1759748160,6.93,17:47:00,1759787220,17.78,10.85,1,1,2,2,0,0,,,,,,8,7.1,6.5,5,,,,
2025-10-05,2.6,0.98,1.2,-0.2,,-5,85,78,77.5,70,-0.9,-2.4,-2.2,-3.6,35,19.58,23,11,32,15,101.62,100.88,100.75,99.88,101.19,100.45,100.33,99.46,48300,36537.5,36200,24100,,,,,16.8,0,0,0,0,0,,,,06:53:00,1759661580,6.88,17:50:00,1759701000,17.83,10.95,1,1,1,2,1,2,,,,,,8,7.2,7,6,,,,
2025-10-04,1.9,0.65,-0.05,-2,,-6,88,73.5,77,66,-1.8,-3.6,-3,-4.3,38,21.75,19,0,54,32,101.68,101.25,100.93,100.18,101.25,100.82,100.51,99.76,48300,34725,30600,12900,,,,,18.1,0,0,0,0,0,,,,06:50:00,1759575000,6.83,17:54:00,1759614840,17.9,11.07,1,1,3,3,-3,-3,,,,,,8,6.4,4,0,,,,
2025-10-03,4.8,3.06,2.54,0.3,,,91,76.3,80,69,3,-0.7,0,-2.9,46,34.38,33.5,21,54,30,100.05,98.84,99.06,98.07,99.63,98.43,98.64,97.66,48300,36537.5,36200,24100,,,,,15.5,0,0,0,0,0,,,,06:48:00,1759488480,6.8,17:57:00,1759528620,17.95,11.15,1,1,4,4,0,0,,,,,,8,6.9,6.5,5,,,,
2025-10-02,4.7,2.59,3.3,1.9,,,97,86.3,82.5,68,3.4,0.5,0.2,-2.9,45,28.25,27,9,48,14,101.11,99.24,99.51,97.91,100.68,98.82,99.09,97.5,48300,24400,27350,6400,,,,,14.7,0,0,0,0,7.4,,,,06:45:00,1759401900,6.75,18:01:00,1759442460,18.02,11.27,,,4,4,2,2,,,,,,8,7.8,7.5,7,,,,
2025-10-01,3,0.77,1.25,-0.5,,-7,88,75.6,75,62,-0.9,-3.1,-2.5,-4.2,33,17.58,16.5,0,44,33,102.35,102.02,101.78,101.21,101.92,101.59,101.35,100.78,48300,36537.5,36200,24100,,,,,16.8,0,0,0,0,0,,,,06:42:00,1759315320,6.7,18:04:00,1759356240,18.07,11.37,1,1,3,3,0,0,,,,,,8,6.9,6,4,,,,
2025-09-30,4.4,2.22,2.15,-0.1,,,95,79.1,81,67,1.1,-1.1,-1.4,-3.8,37,29,28,19,50,33,102.26,101.96,101.94,101.62,101.83,101.53,101.51,101.19,48300,37208.3,36200,24100,,,,,15.8,0,0,0,0,0,,,,06:39:00,1759228740,6.65,18:08:00,1759270080,18.13,11.48,1,1,4,4,-3,-2,,,,,,8,6.3,5,2,,,,
2025-09-29,6.5,1.77,2.1,-2.3,,-6,95,84.8,81,67,1.6,-0.6,-0.8,-3.2,27,16.08,13.5,0,40,34,101.59,101.35,101.32,101.06,101.16,100.92,100.89,100.63,48300,38216.7,36200,24100,,,,,15.9,0,0,0,0,0,,,,06:36:00,1759142160,6.6,18:11:00,1759183860,18.18,11.58,2,2,6,6,-1,0,,,,,,8,4.5,4,0,,,,
2025-09-28,5.7,2.42,2.04,-1.6,,-4,91,80.7,77.5,64,0.2,-0.6,-0.8,-1.7,15,11.12,11,7,,,101.05,100.94,100.93,100.8,100.62,100.51,100.5,100.38,48300,37208.3,36200,24100,,,,,16,0,0,0,0,0,,,,06:33:00,1759055580,6.55,18:15:00,1759097700,18.25,11.7,2,2,6,6,-1,-1,,,,,,8,4.5,4,0,,,,
2025-09-27,7.8,3.85,4.09,0.4,,,97,80.9,79.5,62,1.7,0.7,0.6,-0.5,22,17.83,14.5,7,27,31,100.8,100.43,100.39,99.97,100.38,100.01,99.97,99.55,48300,37208.3,36200,24100,,,,,13.9,0,0,0,0,0,,,,06:31:00,1758969060,6.52,18:18:00,1759011480,18.3,11.78,1,1,5,6,-2,-1,,,,,,8,5,4,0,,,,
2025-09-26,7.2,4.63,4.09,1,,,97,83.1,84,71,3.3,1.9,2,0.7,22,13.33,13,4,,,99.91,99.65,99.71,99.5,99.49,99.23,99.28,99.08,48300,37208.3,36200,24100,,,,,13.9,0,0,0,0,0,,,,06:28:00,1758882480,6.47,18:22:00,1758925320,18.37,11.9,1,1,7,8,2,2,,,,,,8,6.8,4.5,1,,,,
2025-09-25,8.6,5.99,5.35,2.1,,,95,87.2,87,79,5.7,4,4,2.2,32,18.38,18,4,36,31,99.51,99.25,99.25,98.99,99.09,98.84,98.83,98.58,48300,37545.8,36200,24100,,,,,12.7,0,0.4,0,0,1.6,,,,06:25:00,1758795900,6.42,18:25:00,1758839100,18.42,12,1,1,8,8,3,3,,,,,,8,7.1,6.5,5,,,,
2025-09-24,8.1,5.22,6.05,4,,,98,93.5,90.5,83,5.6,4.3,3.8,2.1,16,8.21,8,0,33,28,100.98,100.22,100.12,99.27,100.56,99.8,99.71,98.86,48300,26883.3,26550,4800,,,,,11.9,0,1.1,0,0,10,,,,06:22:00,1758709320,6.37,18:29:00,1758752940,18.48,12.12,,,7,7,4,4,,,,,,8,7.6,7,6,,,,
2025-09-23,10.1,4.62,5.15,0.2,,,94,80.1,72,50,3.2,1.2,1.1,-1.1,19,9.21,9.5,0,,,101.44,101.29,101.24,101.04,101.01,100.86,100.82,100.62,48300,38216.7,36200,24100,,,,,12.8,0,0.2,0,0,0,,,,06:19:00,1758622740,6.32,18:32:00,1758666720,18.53,12.22,2,2,9,9,4,4,,,,,,8,5.6,4,0,,,,
2025-09-22,8.1,3.15,4.05,0,,,97,84.5,81,65,2.2,0.7,0.9,-0.4,36,23.62,23,10,37,34,101.43,101.29,101.24,101.04,101,100.86,100.81,100.61,48300,38216.7,36200,24100,,,,,13.9,0,0,0,0,0,,,,06:16:00,1758536160,6.27,18:36:00,1758580560,18.6,12.33,2,2,7,7,0,1,,,,,,8,2.7,4,0,,,,
2025-09-21,7.2,2.84,3.6,0,,-6,97,85.9,83,69,1.5,0.6,0.4,-0.8,32,25.54,24,16,37,32,101.02,100.93,100.91,100.81,100.59,100.51,100.49,100.39,48300,38216.7,36200,24100,,,,,14.4,0,0,0,0,0,,,,06:14:00,1758449640,6.23,18:39:00,1758494340,18.65,12.42,2,2,8,8,-2,-2,,,,,,8,5.4,4,0,,,,
2025-09-20,8,4.37,4.59,1.2,,,92,79.8,79.5,67,2.4,1.1,1.2,0,40,24.83,23.5,7,40,33,101.36,101.23,101.19,101.01,100.93,100.81,100.76,100.59,48300,38216.7,36200,24100,,,,,13.4,0,0,0,0,0,,,,06:11:00,1758363060,6.18,18:43:00,1758408180,18.72,12.53,2,2,7,7,-1,0,,,,,,7,3.5,4.5,2,,,,
2025-09-19,7.7,6.19,5,2.3,,,82,67.4,70.5,59,1.1,0.5,0.4,-0.2,53,26.83,28.5,4,31,5,101.18,100.63,100.62,100.06,100.76,100.21,100.2,99.64,48300,38216.7,36200,24100,,,,,13,0,0,0,0,0,,,,06:08:00,1758276480,6.13,18:46:00,1758321960,18.77,12.63,2,2,7,7,1,4,,,,,,8,7.6,7.5,7,,,,
2025-09-18,7.3,3.92,4.5,1.7,,,100,85.3,84,68,3.3,1.5,1.6,-0.1,58,15.42,29,0,69,3,101.1,100.69,100.55,100,100.67,100.26,100.12,99.58,48300,24795.8,26150,4000,,,,,13.5,0,0,0,0,3.8,,,,06:05:00,1758189900,6.08,18:50:00,1758235800,18.83,12.75,1,1,6,6,4,4,,,,,,8,7.9,7,6,,,,
2025-09-17,4.5,3.47,3.35,2.2,,,96,92,92,88,3,2.3,2.3,1.6,17,10.29,8.5,0,,,101.63,101.4,101.38,101.13,101.2,100.97,100.95,100.7,48300,38216.7,36200,24100,,,,,14.7,0,0,0,0,2.9,,,,06:02:00,1758103320,6.03,18:53:00,1758149580,18.88,12.85,1,1,5,5,0,2,,,,,,8,7.7,7.5,7,,,,
2025-09-16,9.5,5.28,6,2.5,,,100,88.1,84,68,4.2,3.3,3.1,2.1,21,10.88,10.5,0,,,101.65,101.57,101.55,101.44,101.22,101.14,101.12,101.01,48300,37312.5,25350,2400,,,,,12,0,1,0,0,0,,,,06:00:00,1758016800,6,18:57:00,1758063420,18.95,12.95,2,2,7,7,2,3,,,,,,8,5.4,5.5,3,,,,
2025-09-15,5.3,3.92,4,2.7,,,99,97,93.5,88,4.5,3.5,3.5,2.5,13,3.71,6.5,0,,,101.47,101.24,101.23,100.98,101.04,100.82,100.8,100.56,48300,24637.5,24550,800,,,,,14,0,0,0,0,2.1,,,,05:57:00,1757930220,5.95,19:00:00,1757977200,19,13.05,,,6,6,3,3,,,,,,8,7.9,7.5,7,,,,
2025-09-14,5,2.78,2.54,0.1,,,96,90,90.5,85,3.4,1.3,1.1,-1.2,15,8.38,7.5,0,,,101.74,101.42,101.36,100.98,101.31,100.99,100.93,100.56,48300,34858.3,32200,16100,,,,,15.5,0,0,0,0,0.7,,,,05:54:00,1757843640,5.9,19:04:00,1757891040,19.07,13.17,,,4,4,2,2,,,,,,8,7.7,7,6,,,,
2025-09-13,5.4,1.42,1.4,-2.6,,-5,96,89.8,85.5,75,1.3,-0.1,-0.8,-3,10,4,5,0,,,101.94,101.84,101.85,101.76,101.51,101.41,101.42,101.33,48300,40233.3,36200,24100,,,,,16.6,0,0,0,0,0,,,,05:51:00,1757757060,5.85,19:07:00,1757804820,19.12,13.27,2,2,5,5,2,2,,,,,,8,4.9,4,0,,,,
2025-09-12,5.6,3.02,2.15,-1.3,,-1,96,85,85.5,75,2.6,0.7,0.4,-1.9,8,4.75,4,0,,,102.05,101.9,101.91,101.77,101.62,101.47,101.48,101.34,48300,42250,36200,24100,,,,,15.8,0,0,0,0,0,,,,05:48:00,1757670480,5.8,19:11:00,1757718660,19.18,13.38,2,2,7,7,0,0,,,,,,8,5.7,4,0,,,,
2025-09-11,7.6,4.99,4.9,2.2,,,88,72.8,73,58,2.4,0.4,0.8,-0.9,28,15.25,15.5,3,36,34,102.09,102.04,102,101.91,101.66,101.61,101.57,101.48,48300,40233.3,36200,24100,,,,,13.1,0,0,0,0,0.7,,,,05:46:00,1757583960,5.77,19:14:00,1757632440,19.23,13.47,1,1,8,8,1,3,,,,,,8,6.6,6,4,,,,
2025-09-10,8.9,4.5,5.3,1.7,,,90,72.4,73.5,57,1.3,-0.1,0,-1.2,35,23.75,23.5,12,38,33,101.91,101.68,101.62,101.34,101.48,101.25,101.2,100.91,48300,39225,36200,24100,,,,,12.7,0,0.3,0,0,0,,,,05:43:00,1757497380,5.72,19:18:00,1757546280,19.3,13.58,2,2,8,8,1,3,,,,,,7,4.1,3.5,0,,,,
2025-09-09,9,5.28,4.84,0.7,,,96,82.8,83,70,3.7,2.5,1.9,0.1,32,19.29,19.5,7,37,31,101.31,101.06,101.09,100.87,100.88,100.64,100.66,100.45,48300,39225,36200,24100,,,,,13.2,0,0,0,0,0,,,,05:40:00,1757410800,5.67,19:21:00,1757460060,19.35,13.68,1,2,8,8,1,1,,,,,,8,6.3,4,0,,,,
2025-09-08,7.5,4.15,4.75,2,,,96,88.8,84.5,73,4,2.4,2.5,1.1,16,7.42,8,0,,,100.88,100.84,100.83,100.79,100.46,100.42,100.42,100.37,48300,39225,36200,24100,,,,,13.2,0,0,0,0,0.1,,,,05:37:00,1757324220,5.62,19:25:00,1757373900,19.42,13.8,1,1,8,8,4,4,,,,,,8,7.6,7,6,,,,
2025-09-07,6,3.98,4.15,2.3,,,93,78,80,67,1.6,0.4,0.1,-1.4,17,8.08,8.5,0,32,9,100.78,100.44,100.44,100.1,100.36,100.02,100.02,99.68,48300,39895.8,36200,24100,,,,,13.8,0,0,0,0,0,,,,05:34:00,1757237640,5.57,19:28:00,1757287680,19.47,13.9,1,2,5,6,2,3,,,,,,8,7.6,7.5,7,,,,
2025-09-06,4.2,2.45,2.6,1,,,96,88.4,84,72,1.7,0.7,0.6,-0.6,36,21.17,19.5,3,51,11,101.29,100.56,100.72,100.15,100.86,100.14,100.3,99.73,40200,16829.2,22500,4800,,,,,15.4,0,0,0,0,14.2,,,,05:31:00,1757151060,5.52,19:32:00,1757201520,19.53,14.02,1,1,4,4,3,3,,,,,,8,8,8,8,,,,
2025-09-05,6.2,3.89,4.3,2.4,,,86,76.6,73,60,1.1,0.1,0,-1.2,30,15.17,15,0,36,15,101.94,101.75,101.65,101.36,101.51,101.32,101.22,100.93,48300,40233.3,36200,24100,,,,,13.7,0,0,0,0,1.2,,,,05:29:00,1757064540,5.48,19:35:00,1757115300,19.58,14.1,2,2,6,6,2,3,,,,,,8,6.9,6.5,5,,,,
2025-09-04,7.3,3.89,4.65,2,,,92,79.4,78.5,65,1.2,0.6,0.5,-0.2,12,5.46,6,0,,,101.87,101.74,101.7,101.53,101.44,101.31,101.27,101.1,48300,39225,36200,24100,,,,,13.3,0,0,0,0,0,,,,05:26:00,1756977960,5.43,19:39:00,1757029140,19.65,14.22,2,2,6,6,1,3,,,,,,8,6,5,2,,,,
2025-09-03,6.4,3.34,3.7,1,,,77,63.9,63,49,-0.3,-2.9,-2.5,-4.6,37,22.96,21,5,49,30,101.53,101.42,101.39,101.25,101.1,100.99,100.96,100.82,48300,40233.3,36200,24100,,,,,14.3,0,0,0,0,0,,,,05:23:00,1756891380,5.38,19:42:00,1756942920,19.7,14.32,2,2,5,5,1,1,,,,,,8,7.1,7.5,7,,,,
2025-09-02,6.8,3.69,4,1.2,,,87,68.3,67.5,48,0.6,-1.8,-1.7,-4,49,35.71,33.5,18,53,31,101.22,100.69,100.6,99.97,100.79,100.27,100.17,99.55,48300,40233.3,36200,24100,,,,,14,0,0,0,0,0,,,,05:20:00,1756804800,5.33,19:46:00,1756856760,19.77,14.43,2,2,5,5,0,0,,,,,,8,6.7,6.5,5,,,,
2025-09-01,7.8,5.05,5.09,2.4,,,92,79.3,79,66,3,1.7,1.6,0.3,36,16.42,20,4,32,33,99.95,99.81,99.83,99.71,99.53,99.39,99.41,99.29,48300,40233.3,36200,24100,,,,,12.9,0,0.1,0,0,0.7,,,,05:17:00,1756718220,5.28,19:49:00,1756770540,19.82,14.53,3,3,9,9,2,2,,,,,,8,7.3,7,6,,,,
2025-08-31,5.3,1.77,1.79,-1.7,,-5,94,77.9,78,62,1.4,-1.8,-1.2,-3.7,36,18.58,20.5,5,45,14,101.37,100.94,100.59,99.81,100.94,100.51,100.17,99.39,48300,38420.8,26550,4800,,,,,16.2,0,0,0,0,0.3,,,,05:14:00,1756631640,5.23,19:53:00,1756684380,19.88,14.65,3,3,4,4,4,4,,,,,,8,6.1,5,2,,,,
2025-08-30,7.7,3.36,3.05,-1.6,,-5,81,61.2,61,41,-1,-3.8,-3.5,-5.9,33,18.17,19,5,42,33,101.12,100.86,100.85,100.57,100.69,100.44,100.42,100.15,48300,40233.3,36200,24100,,,,,14.9,0,0,0,0,0,,,,05:11:00,1756545060,5.18,19:56:00,1756598160,19.93,14.75,3,3,7,7,-2,-1,,,,,,7,4.3,4,1,,,,
2025-08-29,11.9,6.88,6.7,1.5,,,97,82.7,78.5,60,6.3,4,3.7,1.1,34,13.96,17,0,43,32,100.96,100.49,100.52,100.09,100.54,100.07,100.11,99.67,48300,40233.3,36200,24100,,,,,11.3,0,1.7,0,0,1.4,,,,05:09:00,1756458540,5.15,20:00:00,1756512000,20,14.85,1,3,9,9,-2,-1,,,,,,8,7.1,5.5,3,,,,
2025-08-28,10.1,5.99,6.8,3.5,,,90,76.7,77.5,65,6,2.2,3,0.1,17,8.08,8.5,0,,,101.08,100.99,100.99,100.89,100.66,100.57,100.57,100.47,48300,40233.3,36200,24100,,,,,11.2,0,1.8,0,0,0.1,,,,05:06:00,1756371960,5.1,20:03:00,1756425780,20.05,14.95,2,2,9,9,4,5,,,,,,8,7.3,6,4,,,,
2025-08-27,10.5,7.3,7.3,4.1,,,89,71.2,71,53,5.9,2.3,3.3,0.7,41,28.42,20.5,0,48,32,101.05,100.86,100.84,100.63,100.63,100.44,100.42,100.21,48300,41241.7,36200,24100,,,,,10.7,0,2.3,0.3,0,0,,,,05:03:00,1756285380,5.05,20:07:00,1756339620,20.12,15.07,3,3,11,11,4,4,,,,,,8,4.8,4.5,1,,,,
2025-08-26,13.2,9,8.4,3.6,,,92,75.2,76,60,7.4,4.7,5,2.5,21,6.62,10.5,0,,,101.07,100.8,100.83,100.58,100.65,100.38,100.41,100.16,48300,41241.7,36200,24100,,,,,9.6,0,3.4,1.4,0,0,,,,05:00:00,1756198800,5,20:10:00,1756253400,20.17,15.17,3,3,13,13,5,5,,,,,,8,2.9,4.5,1,,,,
2025-08-25,12.7,8.82,8.35,4,,,90,74.9,76,62,5.6,4.5,4,2.5,19,6.12,9.5,0,,,101.37,101.26,101.24,101.1,100.95,100.84,100.81,100.68,48300,41241.7,36200,24100,,,,,9.7,0,3.4,1.4,0,0,,,,04:57:00,1756112220,4.95,20:14:00,1756167240,20.23,15.28,3,3,13,13,5,6,,,,,,7,3.3,3.5,0,,,,
2025-08-24,16.3,10.48,10.75,5.2,,,86,69.3,69,52,6.9,4.9,4.8,2.8,34,23.71,23.5,13,38,31,101.53,101.37,101.36,101.2,101.11,100.95,100.96,100.8,48300,42250,36200,24100,,,,,7.2,0,5.8,3.8,0.8,0,,,,04:54:00,1756025640,4.9,20:17:00,1756081020,20.28,15.38,3,3,15,15,5,5,,,,,,4,1.8,2,0,,,,
2025-08-23,15,10.54,10.6,6.2,,,81,67.9,67,53,5.5,4.8,4.5,3.6,32,20.83,20,8,38,33,102.25,101.92,101.89,101.53,101.83,101.5,101.47,101.11,48300,42250,36200,24100,,,,,7.4,0,5.6,3.6,0.6,0,,,,04:51:00,1755939060,4.85,20:21:00,1755994860,20.35,15.5,3,3,13,13,6,6,,,,,,8,4.9,4.5,1,,,,
2025-08-22,13.7,10.39,10.64,7.6,,,88,66.2,68.5,49,6.7,4.2,4.7,2.6,30,20.17,20.5,11,32,32,102.45,102.33,102.34,102.23,102.02,101.9,101.91,101.81,48300,41241.7,36200,24100,,,,,7.4,0,5.6,3.6,0.6,0,,,,04:48:00,1755852480,4.8,20:24:00,1755908640,20.4,15.6,3,3,13,13,6,6,,,,,,7,3.4,4,1,,,,
2025-08-21,11.2,7.44,6.3,1.4,,,88,71.5,72.5,57,4.7,2.4,2.7,0.7,11,6.54,5.5,0,,,102.54,102.44,102.44,102.33,102.11,102.01,102.01,101.91,48300,42250,36200,24100,,,,,11.7,0,1.3,0,0,0,,,,04:45:00,1755765900,4.75,20:28:00,1755822480,20.47,15.72,3,3,10,10,5,6,,,,,,6,2.3,3,0,,,,
2025-08-20,9.4,6.7,6.15,2.9,,,92,77.1,77,62,4.2,2.9,2.6,1.1,16,6.79,8,0,,,102.44,102.29,102.2,101.96,102.01,101.86,101.77,101.53,48300,42250,36200,24100,,,,,11.8,0,1.1,0,0,0.1,,,,04:42:00,1755679320,4.7,20:31:00,1755736260,20.52,15.82,3,3,9,9,4,4,,,,,,8,5,4.5,1,,,,
2025-08-19,7.4,4.29,4.6,1.8,,,95,88,86,77,3.4,2.5,2.4,1.3,22,14.25,13.5,5,32,16,101.93,101.61,101.62,101.31,101.5,101.19,101.19,100.88,48300,42250,36200,24100,,,,,13.4,0,0,0,0,0,,,,04:39:00,1755592740,4.65,20:35:00,1755650100,20.58,15.93,3,3,5,5,3,3,,,,,,8,7.5,7,6,,,,
2025-08-18,5.6,4.51,4.15,2.7,,,95,87,84.5,74,3.5,2.5,2.5,1.4,22,11.62,12.5,3,33,8,101.3,100.98,100.86,100.42,100.87,100.56,100.44,100,48300,30808.3,26150,4000,,,,,13.8,0,0,0,0,3.5,,,,04:36:00,1755506160,4.6,20:38:00,1755563880,20.63,16.03,3,3,7,7,3,3,,,,,,8,7.8,7,6,,,,
2025-08-17,7.4,5.02,5.3,3.2,,,96,88.7,85,74,5.5,3.3,3.6,1.8,23,7.71,11.5,0,32,7,100.38,99.92,99.99,99.6,99.96,99.5,99.57,99.18,32200,16250,16600,1000,,,,,12.7,0,0.3,0,0,8.3,,,,04:33:00,1755419580,4.55,20:41:00,1755477660,20.68,16.13,1,1,7,7,3,4,,,,,,8,7.8,6,4,,,,
2025-08-16,7.1,4.85,4.84,2.6,,,87,81.3,81,75,3.1,1.9,2,0.8,31,14.17,17.5,4,46,8,101.45,100.65,100.58,99.71,101.03,100.23,100.16,99.29,48300,31716.7,29800,11300,,,,,13.2,0,0,0,0,11.1,,,,04:30:00,1755333000,4.5,20:45:00,1755391500,20.75,16.25,1,2,6,6,3,4,,,,,,8,7.7,6.5,5,,,,
2025-08-15,9.1,5.67,4.89,0.7,,,90,77.4,76.5,63,3.7,1.9,1.8,-0.1,17,10.42,11,5,,,101.93,101.73,101.7,101.47,101.5,101.3,101.28,101.05,48300,42250,36200,24100,,,,,13.1,0,0,0,0,0,,,,04:27:00,1755246420,4.45,20:48:00,1755305280,20.8,16.35,3,3,9,9,4,5,,,,,,8,5.1,5,2,,,,
2025-08-14,7.5,4.69,4.45,1.4,,,90,79.3,79,68,3.1,1.4,1.1,-1,25,12.17,12.5,0,37,5,101.46,100.75,100.8,100.14,101.03,100.33,100.38,99.72,48300,39225,36200,24100,,,,,13.6,0,0,0,0,1.4,,,,04:24:00,1755159840,4.4,20:52:00,1755219120,20.87,16.47,1,1,6,6,1,3,,,,,,8,7.2,5.5,3,,,,
2025-08-13,7,5.2,5,3,,,97,89.9,86.5,76,5.7,3.6,3.1,0.5,29,10.96,14.5,0,31,10,100.83,100.53,100.5,100.17,100.41,100.11,100.08,99.75,48300,13379.2,24550,800,,,,,13,0,0,0,0,15.1,,,,04:21:00,1755073260,4.35,20:55:00,1755132900,20.92,16.57,1,1,7,7,3,3,,,,,,8,7.7,6.5,5,,,,
2025-08-12,5.4,3.76,3.8,2.2,,,96,91,90.5,85,4.3,2.4,2.6,0.9,9,4.75,4.5,0,,,101.08,100.98,100.97,100.85,100.66,100.56,100.55,100.43,48300,34866.7,32200,16100,,,,,14.2,0,0,0,0,2.8,,,,04:18:00,1754986680,4.3,20:59:00,1755046740,20.98,16.68,3,3,7,7,3,3,,,,,,8,8,8,8,,,,
