date,max_temperature,avg_hourly_temperature,avg_temperature,min_temperature,max_humidex,min_windchill,max_relative_humidity,avg_hourly_relative_humidity,avg_relative_humidity,min_relative_humidity,max_dew_point,avg_hourly_dew_point,avg_dew_point,min_dew_point,max_wind_speed,avg_hourly_wind_speed,avg_wind_speed,min_wind_speed,max_wind_gust,wind_gust_dir_10s,max_pressure_sea,avg_hourly_pressure_sea,avg_pressure_sea,min_pressure_sea,max_pressure_station,avg_hourly_pressure_station,avg_pressure_station,min_pressure_station,max_visibility,avg_hourly_visibility,avg_visibility,min_visibility,max_health_index,avg_hourly_health_index,avg_health_index,min_health_index,heatdegdays,cooldegdays,growdegdays_5,growdegdays_7,growdegdays_10,precipitation,rain,snow,snow_on_ground,sunrise_hhmm,sunrise_unixtime,sunrise_f,sunset_hhmm,sunset_unixtime,sunset_f,daylight,min_uv_forecast,max_uv_forecast,min_high_temperature_forecast,max_high_temperature_forecast,min_low_temperature_forecast,max_low_temperature_forecast,solar_radiation,max_cloud_cover_4,avg_hourly_cloud_cover_4,avg_cloud_cover_4,min_cloud_cover_4,max_cloud_cover_8,avg_hourly_cloud_cover_8,avg_cloud_cover_8,min_cloud_cover_8,max_cloud_cover_10,avg_hourly_cloud_cover_10,avg_cloud_cover_10,min_cloud_cover_10
2026-08-11,25.2,17.52,16.89,8.6,27,,100,76.1,74,48,15.2,12.8,12.2,9.1,21,7.29,10.5,0,31,34,101.56,101.44,101.43,101.3,98.69,98.57,98.57,98.44,24100,24100,24100,24100,2.1,1.9,2,1.8,1.1,0,11.9,9.9,6.9,0,,,,06:12:00,1786446720,6.2,20:54:00,1786499640,20.9,14.7,6,6,25,25,12,14,28,,,,,8,4.7,4.5,1,,,,
2026-08-10,25.4,17.82,17.89,10.4,27,,97,73.2,71.5,46,14.2,12.4,12.2,10.1,15,10.71,10.5,6,,,101.57,101.5,101.49,101.42,98.7,98.63,98.63,98.56,24100,23900,21700,19300,2,1.4,1.5,1,0.1,0,12.9,10.9,7.9,0,,,,06:11:00,1786360260,6.18,20:56:00,1786413360,20.93,14.75,7,7,24,24,11,13,35,,,,,8,4.7,4.5,1,,,,
2026-08-09,23.8,16.73,15.6,7.4,25,,100,72.7,73.5,47,13.2,11.2,10.4,7.6,18,10.54,10.5,3,29,30,101.53,101.41,101.42,101.32,98.65,98.54,98.55,98.44,24100,23500,21700,19300,3,1.4,2,1,2.4,0,10.6,8.6,5.6,0,,,,06:09:00,1786273740,6.15,20:58:00,1786327080,20.97,14.82,6,6,24,24,11,11,36,,,,,8,4.6,4,0,,,,
2026-08-08,22.3,16.17,16.35,10.4,,,90,75.2,72.5,55,13.2,11.6,11.3,9.5,17,13.38,12.5,8,,,101.49,101.37,101.38,101.26,98.62,98.5,98.51,98.39,24100,24100,24100,24100,4,1.7,2.6,1.3,1.6,0,11.3,9.3,6.3,0,,,,06:08:00,1786187280,6.13,21:00:00,1786240800,21,14.87,6,6,23,23,11,12,19,,,,,8,4.3,4,0,,,,
2026-08-07,23.8,16.98,16.89,10,26,,94,69.9,69,44,13.8,11,11.2,8.7,28,17.38,18.5,9,31,27,101.48,101.4,101.34,101.2,98.61,98.53,98.47,98.34,24100,24100,24100,24100,2,1.3,1.5,1,1.1,0,11.9,9.9,6.9,0,,,,06:06:00,1786100760,6.1,21:01:00,1786154460,21.02,14.92,6,6,24,24,12,12,39,,,,,7,2.5,3.5,0,,,,
2026-08-06,29.6,19.79,20.35,11.1,31,,86,65.5,64.5,43,16.3,12.9,13,9.7,33,17.83,21,9,34,20,101.17,100.83,100.89,100.62,98.31,97.99,98.05,97.79,24100,24100,24100,24100,2.4,2,2,1.7,0,2.4,15.3,13.3,10.3,0,,,,06:05:00,1786014300,6.08,21:03:00,1786068180,21.05,14.97,7,7,28,28,13,13,24,,,,,8,6,5,2,,,,
2026-08-05,26.9,18.73,19.25,11.6,28,,77,58.2,57,37,12.4,10,9.7,7,42,23.21,28.5,15,40,21,101.3,101.04,101.05,100.79,98.43,98.18,98.19,97.94,24100,24100,24100,24100,2.2,1.7,1.8,1.3,0,1.2,14.2,12.2,9.2,0,,,,06:04:00,1785927840,6.07,21:05:00,1785981900,21.08,15.02,6,6,25,25,15,15,27,,,,,7,4.8,3.5,0,,,,
2026-08-04,21.7,15.95,16.25,10.8,,,95,69,66,37,12.7,9.6,8.9,5.2,27,18.83,18,9,36,28,101.37,101.28,101.25,101.12,98.49,98.41,98.38,98.26,24100,24100,24100,24100,2,1.3,1.6,1.1,1.8,0,11.2,9.2,6.2,0.4,,,,06:02:00,1785841320,6.03,21:06:00,1785895560,21.1,15.07,6,6,21,21,11,12,36,,,,,8,4.5,4,0,,,,
2026-08-03,22.6,18.24,17.14,11.7,27,,98,79.5,76.5,55,19,14.4,15.2,11.3,19,11.67,11.5,4,36,25,101.03,100.9,100.82,100.61,98.17,98.06,97.99,97.8,24100,19566.7,18500,12900,6,3.8,3.6,1.2,0.9,0,12.1,10.1,7.1,0.8,,,,06:01:00,1785754860,6.02,21:08:00,1785809280,21.13,15.12,3,6,23,25,11,13,12,,,,,8,5.8,4,0,,,,
2026-08-02,31.7,24.98,24.95,18.2,37,,84,61.4,63,42,20.6,16.8,16.1,11.7,54,30.54,32.5,11,72,17,101.36,100.66,100.8,100.23,98.52,97.84,97.97,97.43,24100,24100,24100,24100,3,2.1,2.1,1.2,0,7,19.9,17.9,14.9,0,,,,05:59:00,1785668340,5.98,21:09:00,1785722940,21.15,15.17,7,8,32,32,16,18,38,,,,,8,4.4,4,0,,,,
2026-08-01,26.6,20.22,19.6,12.6,29,,97,66.9,70,43,14.5,13.1,13.1,11.6,22,10.38,12.5,3,32,7,102.04,101.78,101.71,101.38,99.16,98.91,98.85,98.54,24100,24100,24100,24100,2,1.5,1.5,1,0,1.6,14.6,12.6,9.6,0,,,,05:58:00,1785581880,5.97,21:11:00,1785636660,21.18,15.22,7,7,28,28,19,19,39,,,,,7,4,3.5,0,,,,
2026-07-31,27.3,20.63,19.64,12,32,,97,72.8,72.5,48,17.8,15.1,15,12.2,31,13.12,15.5,0,34,33,101.95,101.8,101.74,101.53,99.09,98.94,98.88,98.68,24100,24100,24100,24100,3,2,2.1,1.3,0,1.6,14.6,12.6,9.6,0,,,,05:57:00,1785495420,5.95,21:12:00,1785550320,21.2,15.25,7,7,28,28,14,17,43,,,,,6,2.4,3,0,,,,
2026-07-30,29.7,24.13,21.75,13.8,36,,86,65,64.5,43,21.2,16.8,16.8,12.3,23,14.71,13.5,4,43,26,101.51,101.14,101.08,100.64,98.66,98.31,98.25,97.84,24100,24033.3,23300,22500,3.6,3,2.8,2,0,3.8,16.8,14.8,11.8,0,,,,05:55:00,1785408900,5.92,21:14:00,1785464040,21.23,15.32,8,8,29,29,15,15,38,,,,,8,5.2,4.5,1,,,,
2026-07-29,32.7,26.76,26.65,20.6,45,,90,74.5,65,40,25.7,21.7,21.1,16.6,67,17.21,35,3,45,17,101.12,100.92,100.91,100.7,98.3,98.11,98.1,97.9,24100,23166.7,19300,14500,4.2,3.6,3.6,3,0,8.7,21.6,19.6,16.6,3.3,,,,05:54:00,1785322440,5.9,21:15:00,1785377700,21.25,15.35,8,8,35,35,20,22,38,,,,,7,2.2,3.5,0,,,,
2026-07-28,29.6,23.73,22.5,15.4,39,,97,75.4,76.5,56,22.3,18.8,18.8,15.3,18,8.38,9,0,28,18,101.28,101.17,101.15,101.02,98.44,98.33,98.32,98.2,24100,23900,22500,20900,3.1,2.7,2.5,2,0,4.5,17.5,15.5,12.5,0,,,,05:52:00,1785235920,5.87,21:17:00,1785291420,21.28,15.42,8,8,31,31,20,21,42,,,,,6,1.5,3,0,,,,
2026-07-27,28.4,22.84,22.6,16.8,35,,98,77.5,75,52,20.8,18.4,18.7,16.6,15,9.92,10,5,,,101.18,100.93,100.9,100.62,98.34,98.1,98.07,97.81,24100,23566.7,20100,16100,2,2,2,2,0,4.6,17.6,15.6,12.6,0,,,,05:51:00,1785149460,5.85,21:18:00,1785205080,21.3,15.45,8,8,29,29,18,18,43,,,,,3,1.4,1.5,0,,,,
2026-07-26,28.3,23.53,23.6,18.9,37,,97,83,79,61,22.3,20.4,20.5,18.7,23,12.54,11.5,0,35,21,100.84,100.67,100.68,100.52,98.01,97.85,97.86,97.71,24100,21766.7,18500,12900,4,2.4,2.8,1.7,0,5.6,18.6,16.6,13.6,0,,,,05:50:00,1785063000,5.83,21:20:00,1785118800,21.33,15.5,7,7,30,30,19,19,26,,,,,7,2.9,3.5,0,,,,
2026-07-25,28.2,22.11,21.05,13.9,34,,100,76.9,74.5,49,19.9,17.4,17.1,14.4,23,9.92,11.5,0,30,18,101.08,100.92,100.89,100.7,98.24,98.09,98.05,97.86,24100,22633.3,16900,9700,3,2.5,2.5,2,0,3,16.1,14.1,11.1,0,,,,05:49:00,1784976540,5.82,21:21:00,1785032460,21.35,15.53,8,8,31,31,20,20,40,,,,,3,0.7,1.5,0,,,,
2026-07-24,29.6,21.91,23.2,16.8,41,,98,83.8,83.5,69,24.6,19,19.8,15,40,23.21,23,6,41,20,101,100.54,100.63,100.26,98.17,97.71,97.81,97.45,24100,21033.3,16100,8100,3.2,2.8,2.6,2,0,5.2,18.2,16.2,13.2,2.9,,,,05:47:00,1784890020,5.78,21:22:00,1784946120,21.37,15.58,8,8,30,30,16,17,26,,,,,8,4.3,4,0,,,,
2026-07-23,27.9,22.95,22.2,16.5,34,,84,68.5,69,54,19.3,16.7,16.7,14.1,30,22.33,22.5,15,42,19,101.57,101.34,101.31,101.05,98.72,98.5,98.47,98.22,24100,20366.7,20900,17700,7,5.4,5.2,3.3,0,4.2,17.2,15.2,12.2,0,,,,05:46:00,1784803560,5.77,21:23:00,1784859780,21.38,15.62,8,8,30,30,20,20,42,,,,,5,1.2,2.5,0,,,,
2026-07-22,26.5,20.2,19.5,12.5,31,,83,70.3,67,51,17.9,14.4,13.9,9.9,19,14.54,13,7,30,25,102.02,101.79,101.76,101.51,99.13,98.92,98.89,98.65,24100,19020.8,15250,6400,9,4.5,5.5,1.9,0,1.5,14.5,12.5,9.5,0,,,,05:45:00,1784717100,5.75,21:25:00,1784773500,21.42,15.67,7,7,27,27,17,18,37,,,,,6,2.5,3,0,,,,
2026-07-21,20.2,16.52,16.6,13,,,94,73,72,50,13.8,11.4,10.6,7.3,31,15.5,15.5,0,34,1,102.05,101.82,101.68,101.3,99.16,98.94,98.81,98.45,24100,24100,24100,24100,3,2.2,2.5,1.9,1.4,0,11.6,9.6,6.6,0,,,,05:43:00,1784630580,5.72,21:26:00,1784687160,21.43,15.72,7,7,22,22,12,13,42,,,,,6,2.2,3,0,,,,
2026-07-20,26.5,20.68,20.85,15.2,32,,89,77.5,77.5,66,19.6,16.6,16.9,14.3,41,27.38,29,17,50,31,101.23,100.41,100.64,100.04,98.38,97.59,97.81,97.24,24100,21966.7,20100,16100,3.2,2.8,2.6,2.1,0,2.8,15.8,13.8,10.8,5.6,,,,05:42:00,1784544120,5.7,21:27:00,1784600820,21.45,15.75,3,6,26,26,14,14,26,,,,,8,5.2,4,0,,,,
2026-07-19,30.6,25.77,25.45,20.3,38,,96,73.1,74,52,22.5,20.3,20.6,18.7,31,21.88,21.5,12,37,20,101.27,100.77,100.74,100.22,98.44,97.96,97.94,97.43,24100,23821.7,22500,20900,3,2.4,2.5,2,0,7.5,20.4,18.4,15.4,0,,,,05:41:00,1784457660,5.68,21:28:00,1784514480,21.47,15.78,8,8,32,32,19,19,43,,,,,7,4.4,4,1,,,,
2026-07-18,30.1,24.07,23.85,17.6,39,,96,78.7,76.5,57,23.8,19.9,20.6,17.5,25,6.42,12.5,0,39,24,101.58,101.46,101.43,101.28,98.73,98.61,98.59,98.45,24100,23433.3,16100,8100,4,2.9,3.1,2.3,0,5.8,18.9,16.9,13.8,3.3,,,,05:40:00,1784371200,5.67,21:29:00,1784428140,21.48,15.82,8,8,30,30,21,21,38,,,,,8,5.4,5,2,,,,
2026-07-17,26.3,21.77,21.55,16.8,33,,98,84.1,81.5,65,19.7,18.8,18.4,17.2,26,15.17,14.5,3,35,33,101.44,101.31,101.3,101.15,98.58,98.46,98.44,98.3,24100,19483.3,13650,3200,11,4.5,6,1,0,3.5,16.6,14.6,11.6,0,,,,05:39:00,1784284740,5.65,21:30:00,1784341800,21.5,15.85,4,7,27,27,17,17,31,,,,,8,5.8,4.5,1,,,,
2026-07-16,23.9,20.34,20.75,17.6,30,,96,82.6,84,72,19.7,17.3,17.6,15.4,30,15.96,18,6,36,4,102.04,101.68,101.62,101.21,99.16,98.81,98.76,98.36,24100,12395.8,14450,4800,11,6,7,3,0,2.8,15.8,13.8,10.8,12.4,,,,05:37:00,1784198220,5.62,21:31:00,1784255460,21.52,15.9,7,8,25,25,18,19,15,,,,,8,6.8,5.5,3,,,,
2026-07-15,22.4,20.75,20.79,19.2,27,,83,72.2,67,51,17.2,15.6,14.2,11.3,21,8.79,10.5,0,,,102.45,102.23,102.25,102.05,99.57,99.36,99.38,99.18,24100,24100,24100,24100,3,2.5,2.5,2,0,2.8,15.8,13.8,10.8,0,,,,05:36:00,1784111760,5.6,21:32:00,1784169120,21.53,15.93,6,6,25,25,19,19,13,,,,,8,7.7,7.5,7,,,,
2026-07-14,27.2,22.98,22.35,17.5,31,,85,63.8,63.5,42,18,15.5,15.5,13,14,9.08,7,0,,,102.19,102.03,101.91,101.62,99.33,99.17,99.06,98.79,24100,24100,24100,24100,2.4,2,1.7,1,0,4.3,17.4,15.3,12.3,0,,,,05:35:00,1784025300,5.58,21:33:00,1784082780,21.55,15.97,9,9,29,29,18,19,31,,,,,8,5.3,4.5,1,,,,
2026-07-13,34.6,28.25,28.3,22,46,,79,60.6,58.5,38,24.8,19.8,18.5,12.2,35,22.29,20.5,6,31,23,101.6,101.15,101.24,100.89,98.77,98.34,98.43,98.09,24100,24100,24100,24100,2.8,2.1,1.9,1,0,10.3,23.3,21.3,18.3,0,,,,05:34:00,1783938840,5.57,21:34:00,1783996440,21.57,16,9,9,35,35,20,20,44,,,,,7,2.5,3.5,0,,,,
2026-07-12,34.9,28.78,28.75,22.6,48,,95,74.6,75.5,56,26.5,23.6,23.8,21.1,32,19.58,16,0,36,21,101.29,101.14,101.17,101.05,98.47,98.32,98.36,98.24,24100,23900,21700,19300,2.5,2.1,2,1.5,0,10.8,23.8,21.8,18.8,0,,,,05:33:00,1783852380,5.55,21:35:00,1783910100,21.58,16.03,9,9,37,37,27,27,46,,,,,7,1.5,3.5,0,,,,
2026-07-11,32.2,26.57,25.65,19.1,43,,92,68.7,74,56,24.1,20.3,18.2,12.3,23,14.04,14,5,28,17,101.35,101.24,101.24,101.14,98.52,98.42,98.42,98.32,24100,24100,24100,24100,2.9,2.3,2.5,2,0,7.7,20.6,18.6,15.7,0,,,,05:32:00,1783765920,5.53,21:35:00,1783823700,21.58,16.05,8,8,34,34,22,23,45,,,,,7,3,3.5,0,,,,
2026-07-10,29.2,22.7,22.2,15.2,35,,99,72.8,72.5,46,19.9,17.2,17.2,14.5,14,8.04,8.5,3,,,101.34,101.2,101.19,101.05,98.5,98.36,98.36,98.21,24100,24100,24100,24100,3.8,2.6,2.9,2,0,4.2,17.2,15.2,12.2,0,,,,05:31:00,1783679460,5.52,21:36:00,1783737360,21.6,16.08,8,8,30,30,18,18,43,,,,,7,2.4,4,1,,,,
2026-07-09,26.9,21.19,20.75,14.6,30,,83,66.6,63.5,44,17,14.5,14.2,11.5,28,13.12,14,0,37,21,101.49,101.26,101.25,101.02,98.64,98.42,98.41,98.18,24100,23900,21700,19300,5,3,3.5,2.1,0,2.8,15.8,13.8,10.8,0,,,,05:30:00,1783593000,5.5,21:37:00,1783651020,21.62,16.12,8,8,27,27,17,17,36,,,,,8,3.6,4,0,,,,
2026-07-08,26.7,21.35,20.2,13.7,28,,98,63.4,64,30,15.6,13.1,11.7,7.7,13,6.96,6.5,0,,,101.82,101.68,101.64,101.46,98.95,98.82,98.78,98.61,24100,23900,22500,20900,3,2.3,2.3,1.6,0,2.2,15.2,13.2,10.2,0,,,,05:29:00,1783506540,5.48,21:37:00,1783564620,21.62,16.13,8,8,26,26,13,15,47,,,,,8,3.2,4,0,,,,
2026-07-07,23.9,19.32,18.5,13.1,26,,99,71.5,73,47,15.9,13.6,13.7,11.4,13,8.67,8,3,,,102.07,101.93,101.91,101.75,99.2,99.06,99.04,98.89,24100,24100,24100,24100,3,1.9,2,1,0,0.5,13.5,11.5,8.5,0,,,,05:28:00,1783420080,5.47,21:38:00,1783478280,21.63,16.17,7,7,24,24,13,13,33,,,,,8,5.6,4,0,,,,
2026-07-06,27.4,22.62,21.1,14.8,36,,97,75,70.5,44,22.2,17.7,17.6,12.9,40,21.67,24,8,33,25,101.76,101.36,101.41,101.05,98.9,98.53,98.56,98.22,24100,22766.7,16100,8100,2.6,2.2,2.2,1.8,0,3.1,16.1,14.1,11.1,10.3,,,,05:28:00,1783333680,5.47,21:39:00,1783391940,21.65,16.18,8,8,27,27,14,15,40,,,,,8,5.1,4,0,,,,
2026-07-05,31.1,24.9,24.55,18,38,,94,69.6,67.5,41,21.5,18.6,17.1,12.8,40,19.5,22.5,5,64,25,101.55,101.41,101.3,101.04,98.71,98.57,98.47,98.23,24100,23966.7,22500,20900,4,2.5,2.8,1.5,0,6.5,19.6,17.6,14.6,0,,,,05:27:00,1783247220,5.45,21:39:00,1783305540,21.65,16.2,8,8,31,31,20,20,43,,,,,8,3.3,4,0,,,,
2026-07-04,27.2,21,20.05,12.9,33,,100,74.3,75.5,51,18.2,15.8,15.7,13.2,14,5.58,7,0,,,101.81,101.65,101.64,101.48,98.93,98.79,98.78,98.63,24100,23966.7,22500,20900,4,2.3,2.5,1,0,2,15.1,13.1,10.1,0,,,,05:26:00,1783160760,5.43,21:39:00,1783219140,21.65,16.22,8,8,29,29,17,17,45,,,,,6,2.8,3,0,,,,
2026-07-03,20.3,17.49,16.35,12.4,,,99,84.5,85,71,16.2,14.8,14.6,13,15,8.21,7.5,0,,,101.84,101.73,101.7,101.56,98.96,98.86,98.82,98.68,24100,20966.7,18500,12900,3,2.6,2.1,1.2,1.6,0,11.3,9.3,6.3,1.4,,,,05:25:00,1783074300,5.42,21:40:00,1783132800,21.67,16.25,3,7,23,23,15,15,19,,,,,8,6.9,5.5,3,,,,
2026-07-02,19.3,17.02,16.5,13.7,,,97,88.8,86.5,76,16.4,15.1,15.1,13.8,18,12.42,11.5,5,,,101.71,101.33,101.3,100.89,98.83,98.46,98.44,98.04,24100,24100,24100,24100,1.5,1.3,1.2,1,1.5,0,11.5,9.5,6.5,0,,,,05:25:00,1782987900,5.42,21:40:00,1783046400,21.67,16.25,7,7,23,23,14,14,13,,,,,8,7.3,6,4,,,,
2026-07-01,22.2,18.93,19.25,16.3,26,,97,81,84,71,17.2,15.6,15.8,14.4,32,23.71,20.5,9,36,24,100.84,100.37,100.43,100.02,97.99,97.54,97.6,97.21,24100,23566.7,17700,11300,2,1.8,1.5,1,0,1.2,14.2,12.2,9.2,0.2,,,,05:24:00,1782901440,5.4,21:41:00,1782960060,21.68,16.28,7,7,24,24,14,15,22,,,,,8,5.5,4,0,,,,
2026-06-30,25.8,20.67,21.15,16.5,30,,95,73.8,73,51,17.5,15.6,15.8,14.2,49,30.58,33,17,51,21,100.03,99.71,99.65,99.28,97.21,96.9,96.85,96.49,24100,24100,24100,24100,2.3,2,1.9,1.5,0,3.1,16.1,14.2,11.2,0,,,,05:23:00,1782814980,5.38,21:41:00,1782873660,21.68,16.3,7,7,24,24,16,16,46,,,,,8,4,4.5,1,,,,
2026-06-29,26.4,21.49,22.04,17.7,35,,96,85.2,85.5,75,21.6,18.9,18.3,15,41,22.5,24.5,8,54,22,100.67,100.12,99.97,99.26,97.84,97.31,97.15,96.47,24100,23162.5,12850,1600,2.9,2.2,2.4,1.8,0,4,17,15,12,27.1,,,,05:23:00,1782728580,5.38,21:41:00,1782787260,21.68,16.3,7,8,24,24,16,19,16,,,,,8,7.5,5,2,,,,
2026-06-28,26.4,21.01,21.65,16.9,34,,94,80.4,80.5,67,20.4,17.4,17.2,14.1,31,23.08,23,15,33,14,100.93,100.53,100.65,100.38,98.09,97.7,97.82,97.56,24100,22900,16900,9700,2.5,2,2.1,1.7,0,3.6,16.6,14.7,11.7,3.4,,,,05:22:00,1782642120,5.37,21:41:00,1782700860,21.68,16.32,7,7,22,22,19,19,20,,,,,8,7,5,2,,,,
2026-06-27,23,19.25,18.75,14.5,29,,90,80.1,80.5,71,18.2,15.7,15.7,13.2,29,19.38,19,9,36,14,101.41,101.19,101.19,100.97,98.56,98.34,98.34,98.12,24100,24100,24100,24100,2.3,1.9,1.8,1.3,0,0.8,13.8,11.8,8.8,0,,,,05:22:00,1782555720,5.37,21:41:00,1782614460,21.68,16.32,3,3,23,23,17,17,21,,,,,8,5.9,4,0,,,,
2026-06-26,27.2,20.53,20.25,13.3,29,,91,65,64.5,38,15.8,13.2,13.6,11.4,28,13.62,17,6,41,14,101.73,101.55,101.53,101.34,98.86,98.69,98.67,98.49,24100,24100,24100,24100,2.2,1.9,1.7,1.2,0,2.2,15.2,13.2,10.2,1.2,,,,05:21:00,1782469260,5.35,21:41:00,1782528060,21.68,16.33,7,7,25,25,16,16,45,,,,,7,4.2,3.5,0,,,,
2026-06-25,25.4,19.11,18.64,11.9,27,,98,70.5,69.5,41,15.4,13,13.2,11,21,8.29,12,3,31,9,101.86,101.74,101.74,101.62,98.98,98.86,98.87,98.75,24100,24100,24100,24100,2,1.7,1.5,1,0,0.6,13.6,11.6,8.6,0,,,,05:21:00,1782382860,5.35,21:41:00,1782441660,21.68,16.33,7,7,24,24,14,14,46,,,,,7,4.9,4,1,,,,
2026-06-24,22.2,16.8,17.6,13,25,,98,81.7,75.5,53,15.7,13.4,13.6,11.5,30,17.42,15,0,40,2,101.77,101.62,101.64,101.52,98.88,98.74,98.75,98.63,24100,23033.3,16100,8100,1.9,1.4,1.4,1,0.4,0,12.6,10.6,7.6,0,,,,05:20:00,1782296400,5.33,21:41:00,1782355260,21.68,16.35,6,6,21,21,12,12,29,,,,,8,6.5,5.5,3,,,,
2026-06-23,17.3,14.84,15.5,13.7,,,98,90,85,72,14.4,13.2,13.1,11.7,29,16.42,16.5,4,31,9,102.1,101.81,101.82,101.54,99.22,98.92,98.94,98.65,24100,14900,16100,8100,2,1.2,1.5,1,2.5,0,10.5,8.5,5.5,16.7,,,,05:20:00,1782210000,5.33,21:41:00,1782268860,21.68,16.35,3,3,18,18,13,13,8,,,,,8,8,7.5,7,,,,
2026-06-22,22.9,17.01,17.2,11.5,,,91,64.4,64,37,13.8,9.4,10.1,6.3,14,6.54,7,0,,,102.15,102.09,102.08,102.01,99.26,99.19,99.19,99.11,24100,24100,24100,24100,1.6,1.2,1.3,1,0.8,0,12.2,10.2,7.2,0,,,,05:20:00,1782123600,5.33,21:41:00,1782182460,21.68,16.35,7,7,21,21,13,14,37,,,,,8,6.4,5.5,3,,,,
2026-06-21,20.2,14.78,13.39,6.6,,,98,65.6,70,42,9.7,7.8,8,6.2,27,13.12,13.5,0,40,3,102.02,101.8,101.86,101.69,99.12,98.9,98.96,98.8,24100,24100,24100,24100,5,1.9,3,1,4.6,0,8.4,6.4,3.4,0,,,,05:20:00,1782037200,5.33,21:41:00,1782096060,21.68,16.35,8,8,21,21,9,10,48,,,,,7,2.8,3.5,0,,,,
2026-06-20,19,13.95,13.35,7.7,,,92,65.4,68,44,8.4,7.1,7,5.7,18,11.25,9,0,29,33,101.86,101.73,101.74,101.61,98.96,98.83,98.83,98.71,24100,24100,24100,24100,1.2,1,1.1,1,4.7,0,8.3,6.3,3.4,0,,,,05:19:00,1781950740,5.32,21:41:00,1782009660,21.68,16.37,6,6,20,20,9,9,41,,,,,7,4.3,3.5,0,,,,
2026-06-19,20.4,15.32,15.5,10.6,,,93,74.7,73.5,54,12.9,10.7,10.3,7.7,31,14.08,17,3,43,34,101.56,101.11,101.24,100.92,98.68,98.24,98.37,98.06,24100,23500,20100,16100,1.3,1.1,1.1,1,2.5,0,10.5,8.5,5.5,2.1,,,,05:19:00,1781864340,5.32,21:40:00,1781923200,21.67,16.35,5,5,18,18,8,8,30,,,,,8,6.5,6,4,,,,
2026-06-18,19.7,13.53,12.1,4.5,,,94,63.8,69,44,9.3,6.3,6.5,3.8,22,13.25,11,0,32,30,101.13,100.97,100.88,100.64,98.24,98.1,98,97.77,24100,24100,24100,24100,1.1,1,1.1,1,5.9,0,7.1,5.1,2.1,0,,,,05:19:00,1781777940,5.32,21:40:00,1781836800,21.67,16.35,7,7,21,21,9,10,41,,,,,7,5.2,3.5,0,,,,
2026-06-17,19.9,15.09,14.35,8.8,,,94,69.4,71.5,49,12.2,9.2,9,5.8,27,16.42,15.5,4,42,2,100.61,99.86,100.05,99.49,97.75,97.03,97.21,96.67,24100,24100,24100,24100,2,1.4,1.5,1,3.6,0,9.3,7.3,4.3,0,,,,05:19:00,1781691540,5.32,21:40:00,1781750400,21.67,16.35,7,7,22,22,7,7,31,,,,,8,5.9,5.5,3,,,,
2026-06-16,23.8,16.55,15.7,7.6,,,96,59.4,60.5,25,11.1,7.3,6.2,1.4,21,13,10.5,0,35,27,100.82,100.03,100.15,99.48,97.95,97.19,97.31,96.66,24100,24100,24100,24100,2.4,1.7,1.8,1.1,2.3,0,10.7,8.7,5.7,0,,,,05:19:00,1781605140,5.32,21:39:00,1781663940,21.65,16.33,7,7,23,23,10,11,43,,,,,7,5.3,3.5,0,,,,
2026-06-15,21,14.51,15.1,9.2,,,91,70.9,72.5,54,11.9,9.1,9.7,7.4,24,12.75,12,0,52,36,101.08,100.83,100.89,100.71,98.22,97.97,98.04,97.86,24100,23433.3,16900,9700,2,1.3,1.5,1,2.9,0,10.1,8.1,5.1,18.8,,,,05:19:00,1781518740,5.32,21:39:00,1781577540,21.65,16.33,3,7,21,21,8,9,24,,,,,8,5.3,4,0,,,,
2026-06-14,21.7,15.6,14.05,6.4,,,92,62.2,64.5,37,11.4,7.7,8.2,4.9,34,21.08,23,12,42,32,101.89,101.65,101.53,101.17,98.98,98.75,98.64,98.31,24100,24100,24100,24100,1.3,1,1.1,1,4,0,9.1,7,4,0,,,,05:19:00,1781432340,5.32,21:38:00,1781491080,21.63,16.32,7,7,22,22,10,12,50,,,,,6,1.9,3,0,,,,
2026-06-13,14.4,10.98,11.35,8.3,,,98,83.3,80.5,63,9.7,8.2,8.3,7,35,23.67,22,9,39,33,101.7,101.19,101.2,100.7,98.78,98.3,98.31,97.83,24100,19754.2,12850,1600,1.1,1,1.1,1,6.7,0,6.3,4.3,1.4,7.3,,,,05:20:00,1781346000,5.33,21:38:00,1781404680,21.63,16.3,5,5,13,13,6,6,21,,,,,8,6.2,4,0,,,,
2026-06-12,18.3,14.05,13.9,9.5,,,94,76.5,76,58,12.2,9.8,10.3,8.4,39,25.75,26,13,56,28,100.69,100.36,100.42,100.15,97.82,97.5,97.56,97.31,24100,21800,15250,6400,1.1,1,1.1,1,4.1,0,8.9,6.9,3.9,3.2,,,,05:20:00,1781259600,5.33,21:37:00,1781318220,21.62,16.28,7,7,17,17,8,8,27,,,,,8,7,5.5,3,,,,
2026-06-11,20.8,16.4,17.14,13.5,,,96,79.8,77,58,14.4,12.8,12.8,11.3,32,19.83,18,4,41,30,100.14,99.8,99.78,99.43,97.3,96.98,96.97,96.63,24100,21158.3,13250,2400,1.6,1.2,1.3,1,0.9,0,12.1,10.1,7.1,2,,,,05:20:00,1781173200,5.33,21:37:00,1781231820,21.62,16.28,3,3,18,18,11,11,28,,,,,8,7.2,6.5,5,,,,
2026-06-10,25.5,20.58,21.05,16.6,31,,98,78.3,78,58,18.8,16.5,15.6,12.4,46,22.79,25,4,35,23,99.84,99.44,99.55,99.26,97.04,96.64,96.76,96.47,24100,23833.3,21700,19300,2.5,1.8,2,1.4,0,3,16.1,14.1,11.1,13.1,,,,05:20:00,1781086800,5.33,21:36:00,1781145360,21.6,16.27,6,7,25,25,13,18,36,,,,,8,6.9,6.5,5,,,,
2026-06-09,31.6,21.05,21.7,11.8,36,,95,62.2,60,25,19.4,12.5,13.1,6.8,55,24.71,29,3,67,23,101.3,100.67,100.43,99.56,98.45,97.84,97.61,96.77,24100,21091.7,13650,3200,2.8,2.3,2.2,1.7,0,3.7,16.7,14.7,11.7,39.9,,,,05:21:00,1781000460,5.35,21:35:00,1781058900,21.58,16.23,8,8,31,31,18,18,34,,,,,8,4.7,4,0,,,,
2026-06-08,27.2,23.65,20.8,14.4,31,,81,49,52,23,18.9,11.1,11.3,3.7,36,25.21,21.5,7,35,27,101.2,100.73,100.72,100.24,98.35,97.91,97.9,97.45,24100,24100,24100,24100,2.5,1.9,2,1.5,0,2.8,15.8,13.8,10.8,0,,,,05:21:00,1780914060,5.35,21:34:00,1780972440,21.57,16.22,8,8,27,27,13,13,47,,,,,7,4.4,3.5,0,,,,
2026-06-07,34,27.53,28.1,22.2,39,,57,48,47,37,18.9,15.6,15.6,12.2,44,30.96,24.5,5,49,17,100.73,100.43,100.45,100.17,97.92,97.63,97.65,97.38,24100,24100,24100,24100,3.1,2.6,2,1,0,10.1,23.1,21.1,18.1,0,,,,05:21:00,1780827660,5.35,21:34:00,1780886040,21.57,16.22,8,8,34,34,22,23,39,,,,,8,5.5,4.5,1,,,,
2026-06-06,31.7,22.78,22.05,12.4,35,,90,58.7,61.5,33,17.1,13.5,14.1,11.1,34,20.5,21.5,9,46,16,101.02,100.84,100.81,100.61,98.17,98,97.98,97.79,24100,24100,24100,24100,3.4,2.5,2.6,1.8,0,4,17.1,15.1,12.1,0,,,,05:22:00,1780741320,5.37,21:33:00,1780799580,21.55,16.18,8,8,32,32,19,19,42,,,,,6,2.4,3,0,,,,
2026-06-05,22.3,16.29,15.8,9.3,,,100,75.1,74,48,12.9,11.4,11.6,10.2,21,11.58,10.5,0,,,101.03,100.95,100.94,100.85,98.16,98.09,98.08,98,24100,24100,24100,24100,1.6,1.2,1.3,1,2.2,0,10.8,8.8,5.8,0,,,,05:22:00,1780654920,5.37,21:32:00,1780713120,21.53,16.17,7,7,24,24,13,15,29,,,,,8,4.5,4,0,,,,
2026-06-04,23.1,18.16,17.89,12.7,26,,100,77.8,80,60,15.9,14,14.1,12.3,24,13.88,13.5,3,35,29,101.16,100.97,101.01,100.85,98.31,98.12,98.15,98,24100,23833.3,22500,20900,2.4,1.6,1.8,1.1,0.1,0,12.9,10.9,7.9,0,,,,05:23:00,1780568580,5.38,21:31:00,1780626660,21.52,16.13,7,7,21,21,10,11,39,,,,,8,4.6,4.5,1,,,,
2026-06-03,23.6,18.7,19.5,15.4,29,,98,85.4,82,66,17.7,16.1,16.4,15.1,39,17.42,19.5,0,66,18,102.03,101.59,101.61,101.2,99.17,98.73,98.75,98.34,24100,23166.7,18500,12900,2.4,1.8,1.7,1,0,1.5,14.5,12.5,9.5,12.1,,,,05:24:00,1780482240,5.4,21:30:00,1780540200,21.5,16.1,7,7,22,22,14,14,24,,,,,8,7.4,5.5,3,,,,
2026-06-02,29.7,21.65,21.65,13.6,35,,96,67.6,66.5,37,18.2,15,14.4,10.7,37,20.67,20.5,4,47,15,102.38,102.19,102.14,101.91,99.5,99.32,99.28,99.05,24100,21225,15250,6400,3,2.4,2,1,0,3.6,16.6,14.7,11.7,7.3,,,,05:24:00,1780395840,5.4,21:29:00,1780453740,21.48,16.08,5,8,29,29,17,17,25,,,,,8,6.1,4,0,,,,
2026-06-01,26.9,21.48,20.5,14.1,31,,84,66.8,68,52,16.7,14.9,14.2,11.8,23,14.92,14.5,6,31,16,102.12,101.8,101.83,101.53,99.25,98.95,98.97,98.69,24100,23966.7,22500,20900,3.3,2.5,2.7,2.1,0,2.5,15.5,13.5,10.5,0,,,,05:25:00,1780309500,5.42,21:28:00,1780367280,21.47,16.05,8,8,28,28,14,15,30,,,,,8,6.2,5,2,,,,
2026-05-31,31.3,24.35,24.8,18.3,33,,64,44.6,45,26,12.2,11,9.9,7.7,35,19.92,22.5,10,32,15,101.62,101.5,101.48,101.34,98.78,98.66,98.64,98.51,24100,24100,24100,24100,2.3,2,2,1.7,0,6.8,19.8,17.8,14.8,0,,,,05:26:00,1780223160,5.43,21:27:00,1780280820,21.45,16.02,8,8,31,31,18,18,44,,,,,8,5.5,4.5,1,,,,
2026-05-30,32.2,25.45,25.8,19.4,35,,70,50.2,51.5,33,16.7,14,14.2,11.7,30,15.08,16.5,3,37,13,101.6,101.44,101.4,101.2,98.76,98.61,98.57,98.38,24100,24100,24100,24100,4,2.9,3.2,2.4,0,7.8,20.8,18.8,15.8,0,,,,05:26:00,1780136760,5.43,21:26:00,1780194360,21.43,16,7,8,32,32,20,20,29,,,,,8,7.2,6,4,,,,
2026-05-29,34.1,26.75,26.1,18.1,36,,73,45.4,49,25,15.2,13.4,13.3,11.4,22,12.58,12.5,3,39,18,101.4,101.28,101.24,101.09,98.58,98.46,98.42,98.27,24100,24100,24100,24100,3.4,2.8,2.7,2,0,8.1,21.1,19.1,16.1,0,,,,05:27:00,1780050420,5.45,21:25:00,1780107900,21.42,15.97,8,8,33,33,20,21,33,,,,,8,5.7,4,0,,,,
2026-05-28,33.6,24.98,23.9,14.2,36,,60,41.1,44.5,29,14.1,10.6,9.6,5.1,32,22.71,24,16,32,14,101.97,101.73,101.69,101.4,99.11,98.88,98.85,98.58,24100,24100,24100,24100,3.3,2.3,2.5,1.6,0,5.9,18.9,16.9,13.9,0,,,,05:28:00,1779964080,5.47,21:24:00,1780021440,21.4,15.93,8,8,34,34,21,21,45,,,,,7,3.2,3.5,0,,,,
2026-05-27,28.3,21.1,20.8,13.3,26,,64,38.2,41.5,19,8.2,5.4,5.3,2.5,28,20.42,22,16,36,12,102.08,101.92,101.89,101.69,99.2,99.06,99.01,98.83,24100,24100,24100,24100,2,1.6,1.5,1,0,2.8,15.8,13.8,10.8,0,,,,05:29:00,1779877740,5.48,21:23:00,1779934980,21.38,15.9,6,6,29,29,16,16,46,,,,,5,2.6,2.5,0,,,,
2026-05-26,28.7,19.95,18.85,9,28,,58,37.2,39.5,21,7.2,4.1,4.8,2.3,32,19.83,18,4,42,4,101.68,101.52,101.5,101.32,98.82,98.65,98.64,98.46,24100,24100,24100,24100,2.2,1.9,1.8,1.5,0,0.9,13.8,11.8,8.8,0,,,,05:30:00,1779791400,5.5,21:22:00,1779848520,21.37,15.87,7,7,27,27,11,13,43,,,,,7,3.1,3.5,0,,,,
2026-05-25,26.9,19.55,19.75,12.6,29,,83,56.5,58,33,13.9,10.2,8.2,2.5,32,20.5,19.5,7,32,31,101.29,100.88,100.96,100.63,98.43,98.04,98.12,97.8,24100,24100,24100,24100,4,2.2,2.5,1,0,1.8,14.8,12.8,9.8,0,,,,05:31:00,1779705060,5.52,21:20:00,1779762000,21.33,15.82,7,7,26,26,11,15,43,,,,,8,6.2,4,0,,,,
2026-05-24,25.5,16.39,15.75,6,26,,100,61.5,65.5,31,9.6,7.8,7.7,5.8,21,13.21,14,7,72,30,101.33,101.09,101.01,100.7,98.43,98.2,98.14,97.86,24100,22700,17700,11300,3.1,2.3,2.5,2,2.2,0,10.8,8.8,5.8,0.6,,,,05:32:00,1779618720,5.53,21:19:00,1779675540,21.32,15.78,6,6,25,25,15,15,46,,,,,8,3.7,4.5,1,,,,
2026-05-23,11.7,9.36,8.94,6.2,,,99,92.2,89,79,9.1,8.1,8.1,7,22,10.83,11,0,,,101.59,101.26,101.36,101.14,98.7,98.36,98.47,98.24,24100,16483.3,14450,4800,2,1.5,1.5,1,9.1,0,3.9,1.9,0,4.9,,,,05:33:00,1779532380,5.55,21:18:00,1779589080,21.3,15.75,5,5,16,16,8,9,8,,,,,8,7.8,6.5,5,,,,
2026-05-22,22.5,16.17,15.75,9,,,89,47.4,56,23,8.2,4,4,-0.2,34,25.42,25.5,17,39,15,101.86,101.67,101.65,101.44,98.97,98.78,98.76,98.56,24100,24033.3,23300,22500,2.8,2.1,2.4,1.9,2.2,0,10.8,8.8,5.8,0.5,,,,05:34:00,1779446040,5.57,21:17:00,1779502620,21.28,15.72,6,6,21,21,9,9,37,,,,,8,5.8,4,0,,,,
2026-05-21,21.4,15.28,15.25,9.1,,,92,53.4,63,34,8.1,5.1,4.7,1.2,46,28.71,27.5,9,48,20,102.22,101.91,101.95,101.68,99.31,99.01,99.05,98.79,24100,22191.7,14050,4000,3,2.6,2.5,2,2.8,0,10.2,8.2,5.2,5.6,,,,05:35:00,1779359700,5.58,21:15:00,1779416100,21.25,15.67,6,6,22,22,11,11,29,,,,,8,7,6,4,,,,
2026-05-20,19,9.38,8.25,-2.5,,-6,94,60.5,62.5,31,6.1,1,1.6,-3,28,16.54,16.5,5,40,15,102.57,102.34,102.35,102.12,99.61,99.38,99.4,99.2,24100,23966.7,23300,22500,3.2,2.3,2.5,1.7,9.8,0,3.2,1.2,0,0,,,,05:37:00,1779273420,5.62,21:14:00,1779329640,21.23,15.62,6,6,18,18,10,10,34,,,,,8,3.9,4,0,,,,
2026-05-19,9.2,4.97,3.84,-1.5,,-2,98,75.8,72.5,47,3.3,0.7,0.4,-2.5,32,20.5,18,4,32,2,102.42,102.06,102.09,101.77,99.44,99.1,99.13,98.82,24100,24100,24100,24100,1.7,1.2,1.4,1,14.2,0,0,0,0,0,,,,05:38:00,1779187080,5.63,21:13:00,1779243180,21.22,15.58,4,4,9,9,0,0,18,,,,,8,7.3,6,4,,,,
2026-05-18,7,4.91,5.2,3.4,,,99,93,91,83,4.5,3.9,3.8,3.2,32,26.71,26,20,33,1,101.85,101.57,101.55,101.25,98.9,98.63,98.61,98.32,24100,22595.8,14050,4000,1.3,1.2,1.2,1.1,12.8,0,0.2,0,0,0.7,,,,05:39:00,1779100740,5.65,21:11:00,1779156660,21.18,15.53,4,4,8,8,2,3,10,,,,,8,8,8,8,,,,
2026-05-17,10.4,5.38,5,-0.4,,,96,78.6,74,52,5.1,1.7,1.8,-1.4,28,19.71,18.5,9,39,3,101.88,101.58,101.61,101.33,98.93,98.64,98.67,98.41,24100,22766.7,20100,16100,1.5,1.2,1.2,1,13,0,0,0,0,5.8,,,,05:40:00,1779014400,5.67,21:10:00,1779070200,21.17,15.5,6,6,11,11,3,4,12,,,,,8,5.8,4,0,,,,
2026-05-16,9.8,4.58,5,0.2,,,85,65.8,67.5,50,2.3,-1.5,-0.8,-4,35,21.21,23,11,50,33,101.87,101.37,101.19,100.52,98.9,98.44,98.27,97.64,24100,24100,24100,24100,1.7,1.2,1.4,1,13,0,0,0,0,0,,,,05:42:00,1778928120,5.7,21:09:00,1778983740,21.15,15.45,5,5,8,8,1,2,33,,,,,8,6,4,0,,,,
2026-05-15,18,14.5,11.65,5.3,,,77,53,58.5,40,6.5,4.9,4.3,2.2,56,40.25,36,16,55,27,100.47,99.66,99.8,99.13,97.59,96.83,96.96,96.34,24100,18987.5,14050,4000,6.2,2.6,3.6,1,6.3,0,6.7,4.7,1.6,0,,,,05:43:00,1778841780,5.72,21:07:00,1778897220,21.12,15.4,6,6,20,20,3,4,16,,,,,8,6.2,4.5,1,,,,
2026-05-14,26.8,19.12,19.89,13,26,,49,35.5,34,19,9,3.3,4.5,0,57,42.54,40.5,24,71,24,101.14,99.88,100.14,99.14,98.28,97.06,97.31,96.35,24100,14991.7,13250,2400,11,4.7,6.3,1.7,0,1.9,14.9,12.9,9.9,,,,,05:45:00,1778755500,5.75,21:06:00,1778810760,21.1,15.35,6,6,24,24,13,13,20,,,,,8,5.8,4,0,,,,
2026-05-13,25.1,14.93,12.8,0.5,,,88,47,54,20,3.9,1.8,1.1,-1.6,31,15.04,15.5,0,44,15,102.15,101.75,101.67,101.18,99.23,98.85,98.78,98.32,24100,24100,24100,24100,4,2.5,2.9,1.8,5.2,0,7.8,5.8,2.8,0,,,,05:46:00,1778669160,5.77,21:04:00,1778724240,21.07,15.3,6,6,23,23,13,13,44,,,,,7,2.2,3.5,0,,,,
2026-05-12,19.3,11.26,11.85,4.4,,,87,61.1,60,33,5.3,3.5,2.8,0.3,42,25.71,23,4,39,36,101.95,101.21,101.13,100.31,99.01,98.31,98.23,97.45,24100,24100,24100,24100,2.1,1.7,1.7,1.3,6.2,0,6.8,4.8,1.8,0.3,,,,05:47:00,1778582820,5.78,21:03:00,1778637780,21.05,15.27,5,5,17,17,5,5,33,,,,,8,4.6,4,0,,,,
2026-05-11,17.9,9.06,9.04,0.2,,,60,43.9,43,26,4.3,-3,-1.9,-8.1,44,30,30,16,53,15,102.43,101.62,101.46,100.48,99.46,98.69,98.53,97.61,24100,23766.7,20100,16100,2.4,1.8,1.9,1.4,9,0,4,2,0,0,,,,05:49:00,1778496540,5.82,21:02:00,1778551320,21.03,15.22,6,6,17,17,7,7,27,,,,,8,5.4,4,0,,,,
2026-05-10,9.8,4.1,3.25,-3.3,,-8,80,50.6,56,32,-3.3,-5.9,-5.8,-8.3,22,13.12,11,0,,,102.59,102.41,102.3,102.02,99.61,99.44,99.34,99.07,24100,24100,24100,24100,1.9,1.7,1.7,1.5,14.8,0,0,0,0,0,,,,05:50:00,1778410200,5.83,21:00:00,1778464800,21,15.17,5,5,11,11,0,1,32,,,,,8,4.6,4,0,,,,
2026-05-09,11.4,4.5,3.85,-3.7,,-8,84,59.6,61,38,0.6,-3.3,-3.2,-7.1,45,26.5,26.5,8,53,33,101.98,101.34,101.39,100.79,99.02,98.4,98.44,97.87,24100,24100,24100,24100,2,1.8,1.8,1.5,14.2,0,0,0,0,0,,,,05:52:00,1778323920,5.87,20:59:00,1778378340,20.98,15.12,5,5,11,11,-2,-2,32,,,,,8,5.6,4,0,,,,
2026-05-08,15.2,8.61,5.9,-3.4,,,61,39.1,39,17,-1.7,-5.6,-6.3,-10.9,38,21.79,22.5,7,38,34,100.74,100.54,100.54,100.34,97.82,97.65,97.64,97.46,24100,24100,24100,24100,5,2.6,3.5,2.1,12.1,0,0.9,0,0,0,,,,05:54:00,1778237640,5.9,20:57:00,1778291820,20.95,15.05,5,5,13,15,-1,0,42,,,,,8,5,4.5,1,,,,
2026-05-07,12.2,3.86,3.09,-6,,-8,81,47.8,53,25,-5.9,-7.4,-7.3,-8.8,30,12.42,15,0,47,31,101.4,101.13,101.09,100.78,98.43,98.18,98.14,97.86,24100,24100,24100,24100,2.3,1.9,1.7,1.1,14.9,0,0,0,0,0,,,,05:55:00,1778151300,5.92,20:56:00,1778205360,20.93,15.02,5,5,11,11,-1,0,45,,,,,6,2.3,3,0,,,,
2026-05-06,7.5,1.25,1.95,-3.6,,-8,90,63.2,61.5,33,-2.9,-5.7,-5.7,-8.4,30,17.08,19,8,39,32,101.79,101.61,101.6,101.41,98.81,98.65,98.63,98.45,24100,23062.5,14050,4000,1.9,1.6,1.6,1.4,16.1,0,0,0,0,0.1,,,,05:57:00,1778065020,5.95,20:54:00,1778118840,20.9,14.95,3,4,5,5,-3,-3,33,,,,,8,5.2,4,0,,,,
2026-05-05,3.5,0.2,-0.05,-3.6,,-8,87,67.6,69.5,52,-3.9,-5.3,-5.2,-6.4,33,23.17,22.5,12,39,31,101.7,101.38,101.34,100.98,98.72,98.41,98.38,98.03,24100,23633.3,20100,16100,1.9,1.7,1.7,1.5,18.1,0,0,0,0,0.2,,,,05:59:00,1777978740,5.98,20:53:00,1778032380,20.88,14.9,4,4,3,3,-2,-2,18,,,,,8,8,7.5,7,,,,
2026-05-04,7.6,2.38,2.29,-3,,-5,90,71.4,72.5,55,4.6,-2.4,-1.6,-7.7,54,34.79,29,4,50,33,100.94,100.23,100.14,99.33,97.99,97.34,97.24,96.5,24100,22900,18500,12900,2.5,1.7,1.9,1.3,15.7,0,0,0,0,0,,,,06:00:00,1777892400,6,20:51:00,1777945860,20.85,14.85,3,4,4,5,-4,-4,19,,,,,8,7.3,5.5,3,,,,
2026-05-03,22.2,11.32,9.4,-3.4,,-7,85,51,53.5,22,5.9,-0.3,0.4,-5.1,53,24.92,28.5,4,39,30,101.04,100.19,100.16,99.28,98.13,97.32,97.29,96.45,24100,24100,24100,24100,3,2.2,2.4,1.7,8.6,0,4.4,2.4,0,0.5,,,,06:02:00,1777806120,6.03,20:50:00,1777859400,20.83,14.8,5,5,20,20,1,1,29,,,,,8,5.2,4,0,,,,
2026-05-02,19.1,10.47,10.75,2.4,,,65,46.3,48,31,4.5,-0.8,-0.4,-5.3,26,15.79,15.5,5,38,34,101.64,101.06,101.22,100.79,98.71,98.16,98.31,97.91,24100,24033.3,23300,22500,3,2.5,2.5,1.9,7.2,0,5.8,3.8,0.8,0,,,,06:04:00,1777719840,6.07,20:48:00,1777772880,20.8,14.73,4,4,15,15,0,1,26,,,,,8,4,4,0,,,,
2026-05-01,13.9,5.52,4.5,-4.9,,-7,84,50.5,55,26,-3.8,-5.2,-5.2,-6.5,15,7.42,7.5,0,,,102.27,102.05,101.99,101.71,99.3,99.08,99.04,98.78,24100,24100,24100,24100,4,2.8,3,2.1,13.5,0,0,0,0,0,,,,06:05:00,1777633500,6.08,20:47:00,1777686420,20.78,14.7,5,5,13,13,1,2,44,,,,,5,1.3,2.5,0,,,,
2026-04-30,7.3,1.81,1.85,-3.6,,-5,83,61.5,63,43,-4.2,-5.2,-5.3,-6.5,27,13.92,15,3,33,36,102.31,102.23,102.21,102.11,99.32,99.25,99.23,99.14,24100,24100,24100,24100,3,1.9,2.3,1.6,16.1,0,0,0,0,0,,,,06:07:00,1777547220,6.12,20:45:00,1777599900,20.75,14.63,4,4,6,6,-3,-3,33,,,,,8,4.7,4,0,,,,
2026-04-29,5.8,1.42,1.45,-2.9,,-6,89,67.9,68.5,48,-1.2,-4.2,-4,-6.7,22,15.62,13.5,5,31,0,102.27,102.18,102.15,102.04,99.28,99.2,99.17,99.07,24100,23766.7,21700,19300,2,1.8,1.8,1.6,16.6,0,0,0,0,0,,,,06:09:00,1777460940,6.15,20:44:00,1777513440,20.73,14.58,5,5,6,6,-6,-1,17,,,,,8,6.6,4.5,1,,,,
2026-04-28,5.8,1.93,0.79,-4.2,,-10,88,61,65.5,43,-3.4,-5.2,-4.9,-6.4,34,20.71,21.5,9,42,34,102.06,101.86,101.82,101.59,99.09,98.9,98.86,98.64,24100,24100,24100,24100,2.1,1.8,1.8,1.5,17.2,0,0,0,0,0,,,,06:11:00,1777374660,6.18,20:42:00,1777426920,20.7,14.52,5,5,7,7,-4,-2,21,,,,,8,5.3,4,0,,,,
2026-04-27,9.9,4.31,4.55,-0.8,,-5,76,59.2,57.5,39,-1.2,-3.3,-3.2,-5.2,36,23.88,22.5,9,43,3,101.87,101.63,101.63,101.39,98.92,98.68,98.68,98.45,24100,24100,24100,24100,2.3,1.9,2,1.6,13.4,0,0,0,0,0,,,,06:13:00,1777288380,6.22,20:41:00,1777340460,20.68,14.47,5,5,9,9,-4,-3,39,,,,,8,5.5,4,0,,,,
2026-04-26,11.2,3.91,3.8,-3.6,,-6,77,54.2,54,31,-2.5,-5.3,-4.9,-7.3,28,15.42,18.5,9,31,27,101.97,101.85,101.86,101.74,99,98.88,98.88,98.77,24100,24100,24100,24100,3,1.9,2.1,1.3,14.2,0,0,0,0,0,,,,06:15:00,1777202100,6.25,20:39:00,1777253940,20.65,14.4,5,5,12,12,1,2,42,,,,,6,3.3,3,0,,,,
2026-04-25,6,2.6,2.04,-1.9,,-5,72,56.1,54.5,37,-3.5,-5.5,-6.3,-9.1,31,19,19.5,8,42,22,101.73,101.54,101.52,101.31,98.76,98.59,98.57,98.38,24100,24100,24100,24100,2,1.9,1.8,1.7,16,0,0,0,0,0,,,,06:16:00,1777115760,6.27,20:37:00,1777167420,20.62,14.35,4,5,5,10,-2,-2,19,,,,,8,6.2,4,0,,,,
2026-04-24,11.2,5.18,5.55,-0.1,,,77,54,55.5,34,-2.7,-3.9,-4.3,-6,40,22.75,25.5,11,31,26,101.29,100.77,100.69,100.09,98.35,97.86,97.79,97.23,24100,24100,24100,24100,2.1,1.8,1.8,1.4,12.4,0,0.6,0,0,0,,,,06:18:00,1777029480,6.3,20:36:00,1777080960,20.6,14.3,5,5,11,11,0,0,33,,,,,8,6.2,4,0,,,,
2026-04-23,23.1,15.14,12.55,2,,,76,60.2,56.5,37,13.6,7.2,5.8,-2,54,32.5,31,8,48,25,99.99,99.22,99.49,98.98,97.13,96.41,96.65,96.17,24100,24100,24100,24100,3,2.4,2.2,1.4,5.5,0,7.5,5.5,2.5,0,,,,06:20:00,1776943200,6.33,20:34:00,1776994440,20.57,14.23,6,6,25,25,-1,2,34,,,,,8,6.3,5,2,,,,
2026-04-22,25.1,14.43,15.75,6.4,,,78,51.7,53.5,29,10.2,4.3,4.5,-1.2,33,14.12,16.5,0,56,11,100.83,100.35,100.17,99.5,97.95,97.49,97.31,96.67,24100,24100,24100,24100,3.8,2.7,2.8,1.9,2.2,0,10.8,8.8,5.8,3.1,,,,06:22:00,1776856920,6.37,20:33:00,1776907980,20.55,14.18,6,6,22,22,14,14,37,,,,,8,6.3,4.5,1,,,,
2026-04-21,18.3,9.17,8.1,-2.1,,-5,90,57.5,61.5,33,3,0.2,0.2,-2.5,27,15.17,13.5,0,34,17,101.47,101.22,101.17,100.87,98.55,98.3,98.27,97.99,24100,24100,24100,24100,3,2.5,2.4,1.7,9.9,0,3.1,1.1,0,0,,,,06:24:00,1776770640,6.4,20:31:00,1776821460,20.52,14.12,5,5,17,17,5,5,37,,,,,7,2.3,3.5,0,,,,
2026-04-20,15.7,5.1,7.15,-1.4,,-8,76,63.5,58,40,5.3,-1.5,-0.3,-5.9,50,29.38,30.5,11,46,21,102.25,101.19,101.47,100.69,99.25,98.24,98.51,97.78,24100,24100,24100,24100,2.6,2.2,2.4,2.1,10.8,0,2.1,0.2,0,0,,,0,06:26:00,1776684360,6.43,20:30:00,1776735000,20.5,14.07,4,5,15,15,-2,-2,36,,,,,8,3.1,4,0,,,,
2026-04-19,2.6,-2.66,-2.5,-7.6,,-13,86,65.5,65,44,-5.8,-8.6,-8.9,-12.1,22,12.54,13.5,5,,,102.93,102.63,102.53,102.12,99.9,99.61,99.51,99.11,24100,24100,24100,24100,2.3,2.1,2.1,1.9,20.5,0,0,0,0,0,,,,06:28:00,1776598080,6.47,20:28:00,1776648480,20.47,14,5,5,3,3,-3,-2,40,,,,,7,1.8,3.5,0,,,,
2026-04-18,-0.1,-4.67,-4.8,-9.5,,-19,83,66.1,66.5,50,-6.6,-10.2,-10.1,-13.6,47,34.38,32,17,53,31,102.05,101.46,101.61,101.16,99.04,98.45,98.6,98.16,24100,23362.5,15250,6400,2.2,1.9,1.8,1.5,22.8,0,0,0,0,0,,,,06:30:00,1776511800,6.5,20:27:00,1776562020,20.45,13.95,4,4,1,1,-10,-9,40,,,,,8,4.1,4,0,,,,
2026-04-17,-2.9,-4.8,-6.15,-9.4,,-20,95,81.2,82,69,-4.6,-7.6,-9.1,-13.6,52,30,35.5,19,51,30,101.17,100.95,100.99,100.82,98.19,97.97,98.01,97.84,24100,16737.5,13650,3200,1.6,1.3,1.4,1.1,24.1,0,0,0,0,7.1,,,,06:32:00,1776425520,6.53,20:25:00,1776475500,20.42,13.88,2,3,-3,-3,-10,-5,16,,,,,8,7.6,5,2,,,,
2026-04-16,-0.4,-3.64,-3.9,-7.4,,-17,87,80.1,81,75,-2.4,-6.6,-6.2,-9.9,42,33.29,32,22,45,3,101.43,101.13,101.14,100.86,98.48,98.17,98.19,97.89,24100,23766.7,21700,19300,2.8,1.5,2,1.3,21.9,0,0,0,0,0,,,,06:34:00,1776339240,6.57,20:24:00,1776389040,20.4,13.83,2,3,0,0,-5,-5,25,,,,,8,6.9,5,2,,,,
2026-04-15,16.7,7.7,8.1,-0.5,,,98,81.5,73.5,49,10.6,4.4,5.2,-0.3,46,21.38,25,4,46,34,100.79,100.48,100.51,100.24,97.87,97.58,97.62,97.36,24100,20687.5,15250,6400,4,2.2,3,2,9.9,0,3.1,1.1,0,0,,,,06:36:00,1776252960,6.6,20:22:00,1776302520,20.37,13.77,5,5,18,18,-5,-5,30,,,,,8,3.8,4,0,,,,
2026-04-14,9.2,3.74,4.69,0.2,,,100,82.2,83.5,67,3.2,0.9,0.4,-2.3,14,8.29,7,0,,,101.23,101.01,101.03,100.82,98.27,98.07,98.08,97.89,24100,19978.3,12450,800,2.5,1.9,2,1.6,13.3,0,0,0,0,4.1,,,,06:38:00,1776166680,6.63,20:20:00,1776216000,20.33,13.7,4,4,10,10,2,3,22,,,,,8,5.9,4,0,,,,
2026-04-13,4.9,1.28,1.9,-1.1,,-6,96,81.4,82.5,69,1.3,-1.6,-1.1,-3.5,23,12.88,11.5,0,,,101.58,101.36,101.3,101.01,98.62,98.4,98.35,98.08,24100,21433.3,16900,9700,2.1,1.9,1.8,1.5,16.1,0,0,0,0,0,,,,06:40:00,1776080400,6.67,20:19:00,1776129540,20.32,13.65,3,3,3,3,-2,-1,23,,,,,8,7.1,6.5,5,,,,
2026-04-12,7,4.43,4.4,1.8,,,100,96.5,95.5,91,6,3.9,3.8,1.5,32,18.62,19.5,7,40,35,100.92,100.22,100.38,99.85,97.99,97.32,97.47,96.96,22500,7220.8,12250,2000,2.3,1.6,1.8,1.2,13.6,0,0,0,0,3.1,,,0,06:42:00,1775994120,6.7,20:17:00,1776043020,20.28,13.58,2,4,10,10,-2,-1,8,,,,,8,8,8,8,,,,
2026-04-11,10.9,4.87,5.2,-0.5,,-5,96,76.4,75.5,55,4,0.9,0.6,-2.7,53,30.17,33.5,14,64,18,102.46,101.64,101.58,100.69,99.48,98.7,98.64,97.79,24100,21891.7,15250,6400,3,2.3,2.4,1.8,12.8,0,0.2,0,0,0,,,0,06:44:00,1775907840,6.73,20:16:00,1775956560,20.27,13.53,6,6,11,11,4,4,21,,,,,8,4.9,4,0,,,,
2026-04-10,7.8,3.03,3.34,-1.1,,-5,93,71,69.5,46,0.8,-2.1,-1.9,-4.5,20,12.88,10,0,32,29,102.62,102.46,102.37,102.12,99.64,99.48,99.39,99.14,24100,24100,24100,24100,3,2.3,2.5,1.9,14.7,0,0,0,0,0,,,0,06:47:00,1775821620,6.78,20:14:00,1775870040,20.23,13.45,5,5,6,6,-4,-2,32,,,,,8,4.4,4,0,,,,
2026-04-09,4,-0.38,-0.04,-4.1,,-11,88,68.8,64,40,-2.8,-5.8,-6.5,-10.1,33,19.25,22,11,43,35,102.27,102.07,101.86,101.46,99.27,99.08,98.88,98.5,24100,24100,24100,24100,2.6,2.3,2.3,2,18,0,0,0,0,0,,,1,06:49:00,1775735340,6.82,20:13:00,1775783580,20.22,13.4,5,5,3,3,-6,-3,32,,,,,8,6.2,5.5,3,,,,
2026-04-08,4.6,1.01,1.4,-1.8,,-9,98,82.2,78,58,0.3,-1.9,-2.3,-4.9,32,21.12,17.5,3,48,34,101.35,100.62,100.82,100.29,98.39,97.67,97.88,97.36,24100,18920.8,12550,1000,2.3,2.1,2,1.7,16.6,0,0,0,0,2.7,,,4,06:51:00,1775649060,6.85,20:11:00,1775697060,20.18,13.33,3,4,2,5,-7,-6,20,,,,,8,7.4,5.5,3,,,,
2026-04-07,0.3,-2.9,-3.7,-7.7,,-14,90,66.3,65.5,41,-4.5,-8.7,-8.2,-11.8,42,26.12,25.5,9,49,17,103.33,102.36,102.23,101.12,100.27,99.34,99.22,98.16,24100,22629.2,13650,3200,2.4,2.1,2,1.7,21.7,0,0,0,0,0,,,0,06:53:00,1775562780,6.88,20:09:00,1775610540,20.15,13.27,3,4,0,0,-1,0,17,,,,,8,5.6,4,0,,,,
2026-04-06,-2.5,-5.63,-5.9,-9.3,,-17,77,62.8,66,55,-9.9,-11.7,-12.2,-14.5,38,21.25,22,6,32,33,103.86,103.64,103.61,103.36,100.79,100.57,100.55,100.3,24100,24100,24100,24100,2.2,2,2,1.8,23.9,0,0,0,0,0,,,1,06:55:00,1775476500,6.92,20:08:00,1775524080,20.13,13.22,4,4,-3,-3,-11,-10,33,,,,,4,1.1,2,0,,,,
2026-04-05,5.6,-0.57,-0.55,-6.7,,-16,93,81.7,76,59,1.6,-3.4,-5.7,-12.9,44,24.75,25.5,7,50,35,103.31,102.39,102.63,101.95,100.28,99.4,99.63,98.98,24100,23366.7,16100,8100,2,1.8,1.6,1.3,18.6,0,0,0,0,0.3,,,2,06:57:00,1775390220,6.95,20:06:00,1775437560,20.1,13.15,2,4,2,3,-11,-10,20,,,,,8,5.5,4,0,,,,
2026-04-04,7.1,2.09,2.8,-1.5,,-6,86,68.1,64,42,-0.4,-3.5,-3.4,-6.4,32,17.17,18,4,39,36,102.49,102.05,102.16,101.83,99.5,99.08,99.19,98.87,24100,24100,24100,24100,2.3,2.1,2.1,1.9,15.2,0,0,0,0,0,,,6,06:59:00,1775303940,6.98,20:05:00,1775351100,20.08,13.1,4,4,4,4,-4,-2,31,,,,,8,6.5,5,2,,,,
2026-04-03,4.6,1.29,1.24,-2.1,,-6,82,67.9,66,50,-3,-4.2,-4.3,-5.6,23,12.25,14,5,,,102.59,102.39,102.25,101.92,99.59,99.39,99.27,98.95,24100,24100,24100,24100,2.2,1.9,2,1.8,16.8,0,0,0,0,0,,,11,07:01:00,1775217660,7.02,20:03:00,1775264580,20.05,13.03,4,4,3,3,-3,-3,29,,,,,8,7.3,7,6,,,,
2026-04-02,3.5,0.82,1.14,-1.2,,-7,83,69.2,69.5,56,-2.7,-4.3,-4.1,-5.5,22,16.54,16,10,34,10,102.24,101.88,101.91,101.59,99.25,98.9,98.94,98.63,24100,24100,24100,24100,2.2,1.9,2,1.7,16.9,0,0,0,0,0,,,15,07:04:00,1775131440,7.07,20:02:00,1775178120,20.03,12.97,4,4,2,2,-5,-3,24,,,,,8,7.8,7.5,7,,,,
2026-04-01,2,-2.67,-4,-10,,-13,94,74,72.5,51,-2.5,-7,-6.5,-10.5,30,14,16.5,3,36,12,102.86,102.62,102.55,102.24,99.81,99.6,99.53,99.25,24100,24100,24100,24100,2.7,2.2,1.9,1.1,22,0,0,0,0,0,,,15,07:06:00,1775045160,7.1,20:00:00,1775091600,20,12.9,4,4,1,1,-4,-4,26,,,,,8,5.4,4,0,,,,
2026-03-31,-1.6,-4.43,-4.95,-8.3,,-13,94,85.8,85.5,77,-5,-6.5,-7,-8.9,29,18.62,17,5,34,32,102.86,102.27,102.31,101.75,99.81,99.25,99.28,98.75,24100,17675,13650,3200,2.1,2,2,1.9,22.9,0,0,0,0,0.2,,,19,07:08:00,1774958880,7.13,19:59:00,1775005140,19.98,12.85,3,3,-2,-2,-14,-14,24,,,,,8,5.8,4,0,,,,
2026-03-30,-2.4,-3.91,-4.34,-6.3,,-14,90,75.8,78.5,67,-5.1,-7.6,-7.5,-9.9,29,19.96,21,13,41,3,101.97,101.82,101.82,101.66,98.98,98.83,98.82,98.66,24100,18883.3,12650,1200,2.2,2,2,1.9,22.3,0,0,0,0,0.8,,,15,07:10:00,1774872600,7.17,19:57:00,1774918620,19.95,12.78,1,1,-2,-2,-5,-5,10,,,,,8,7.4,5.5,3,,,,
2026-03-29,3.1,-1.99,-2.65,-8.4,,-13,87,76.5,73.5,60,-2.4,-5.7,-6,-9.6,19,11.46,13,7,37,4,102,101.73,101.78,101.55,98.99,98.73,98.78,98.57,24100,24100,24100,24100,2.3,2.1,2.1,1.9,20.6,0,0,0,0,0,,,19,07:12:00,1774786320,7.2,19:55:00,1774832100,19.92,12.72,4,4,1,1,-8,-7,26,,,,,8,6.2,4.5,1,,,,
2026-03-28,0.2,-4.11,-3.9,-8,,-15,81,73.8,72,63,-5.1,-8.2,-8.4,-11.8,28,19.42,18.5,9,31,1,103.07,102.22,102.5,101.93,100,99.2,99.46,98.91,24100,24100,24100,24100,2.2,1.9,1.8,1.5,21.9,0,0,0,0,0,,,20,07:14:00,1774700040,7.23,19:54:00,1774745640,19.9,12.67,4,4,1,1,-8,-7,32,,,,,8,3.5,4.5,1,,,,
2026-03-27,-6,-9.27,-8.8,-11.6,,-21,90,70.7,71,52,-12.3,-13.9,-14.1,-15.8,30,18.62,18.5,7,37,31,103.97,103.69,103.6,103.23,100.86,100.59,100.51,100.15,24100,18208.3,13650,3200,2.2,1.8,1.9,1.6,26.8,0,0,0,0,0.3,,,20,07:17:00,1774613820,7.28,19:52:00,1774659120,19.87,12.58,3,3,-7,-7,-12,-11,33,,,,,8,2.7,4,0,,,,
2026-03-26,-7.5,-9.87,-9.9,-12.3,,-22,88,64.8,65.5,43,-9.2,-15.6,-14.3,-19.4,41,25.67,26.5,12,36,36,103.52,102.82,102.61,101.71,100.42,99.75,99.56,98.69,24100,21891.7,13650,3200,1.9,1.8,1.6,1.4,27.9,0,0,0,0,0.1,,,20,07:19:00,1774527540,7.32,19:51:00,1774572660,19.85,12.53,4,4,-8,-8,-15,-13,33,,,,,8,4.4,4,0,,,,
2026-03-25,0.8,-4.7,-3.4,-7.6,,-16,97,89.8,90,83,-1.7,-6.1,-5.2,-8.7,37,26,25.5,14,54,1,101.61,101.31,101.38,101.14,98.59,98.32,98.38,98.17,24100,16270.8,12850,1600,1.8,1.4,1.4,1.1,21.4,0,0,0,0,0.6,,,20,07:21:00,1774441260,7.35,19:49:00,1774486140,19.82,12.47,1,3,-4,-4,-13,-11,10,,,,,8,8,8,8,,,,
2026-03-24,0.8,-4.97,-5.5,-11.8,,-20,99,84.4,84.5,70,-2,-7.2,-7.8,-13.5,25,14.42,15.5,6,,,102.76,102.29,102.14,101.52,99.71,99.27,99.12,98.53,24100,23900,21700,19300,2.4,1.8,1.9,1.4,23.5,0,0,0,0,0,,,20,07:23:00,1774354980,7.38,19:48:00,1774399680,19.8,12.42,4,4,-1,-1,-6,-4,27,,,,,8,5.8,4,0,,,,
2026-03-23,2.1,-1.77,-2.45,-7,,-12,99,90.2,84,69,0.2,-3.2,-3.2,-6.7,37,16.29,18.5,0,48,18,102.75,102.38,102.38,102.02,99.73,99.37,99.38,99.02,24100,23500,16900,9700,2.4,1.9,2,1.5,20.4,0,0,0,0,0,,,21,07:25:00,1774268700,7.42,19:46:00,1774313160,19.77,12.35,3,4,3,3,-11,-10,14,,,,,8,3.4,4,0,,,,
2026-03-22,0.2,-3.32,-3.85,-7.9,,-13,91,79.6,78.5,66,-3.5,-6.5,-6,-8.6,27,15.71,16,5,,,102.7,102.48,102.41,102.13,99.67,99.46,99.4,99.13,24100,23100,16900,9700,1.9,1.7,1.7,1.5,21.9,0,0,0,0,0,,,22,07:27:00,1774182420,7.45,19:44:00,1774226640,19.73,12.28,3,4,-1,-1,-11,-11,28,,,,,8,5.2,4,0,,,,
2026-03-21,1.9,0.2,-0.44,-2.8,,-9,99,89.2,87,75,0.4,-1.4,-2.8,-6,44,28.21,29,14,38,36,102.08,101.09,101.24,100.39,99.09,98.14,98.27,97.46,24100,19333.3,13450,2800,2.9,1.6,2,1.2,18.4,0,0,0,0,4.3,,,23,07:30:00,1774096200,7.5,19:43:00,1774140180,19.72,12.22,3,3,0,0,-7,-6,12,,,,,8,8,8,8,,,,
2026-03-20,5.3,1.18,1.25,-2.8,,-7,100,88.9,85.5,71,0.8,-0.5,-0.9,-2.6,16,8.67,8,0,,,101.54,101.4,101.33,101.13,98.57,98.43,98.38,98.18,24100,23095.8,13650,3200,4,2.8,3,2,16.8,0,0,0,0,0,,,27,07:32:00,1774009920,7.53,19:41:00,1774053660,19.68,12.15,5,5,3,3,0,1,27,,,,,8,6.8,5.5,3,,,,
2026-03-19,3.8,-2.03,-2.44,-8.7,,-14,100,85.2,85.5,71,1.5,-4.3,-5,-11.5,35,17.08,20,5,42,18,101.85,101.23,101.23,100.61,98.85,98.25,98.25,97.65,24100,14775,12250,400,3,2.5,2.5,2,20.4,0,0,0,0,0,,,29,07:34:00,1773923640,7.57,19:40:00,1773967200,19.67,12.1,4,4,4,4,-3,-3,21,,,,,8,5.8,5,2,,,,
2026-03-18,1.4,-3.79,-3.25,-7.9,,-14,92,85.8,83,74,-2.4,-5.9,-5.7,-8.9,19,10.25,9.5,0,,,101.77,101.01,101.14,100.52,98.76,98.02,98.14,97.52,24100,22166.7,17700,11300,3,2.3,2.4,1.8,21.2,0,0,0,0,0.7,,,30,07:36:00,1773837360,7.6,19:38:00,1773880680,19.63,12.03,3,3,1,1,-9,-8,16,,,,,8,7,6,4,,,,
2026-03-17,-7.4,-13.12,-14.1,-20.8,,-29,90,80.1,77,64,-9.3,-15.9,-16.1,-22.8,43,27.33,23.5,4,50,16,102.39,101.24,101.44,100.48,99.28,98.18,98.38,97.47,24100,11187.5,12350,600,3,2.2,2.4,1.7,32.1,0,0,0,0,0,,,30,07:38:00,1773751080,7.63,19:37:00,1773794220,19.62,11.98,1,1,-9,-9,-8,-8,14,,,,,8,5.1,4,0,,,,
2026-03-16,-11.4,-18.87,-19.2,-27,,-35,82,71.2,67.5,53,-18.6,-23,-23.9,-29.3,16,7.96,8,0,,,103.25,102.87,102.87,102.48,100.11,99.72,99.73,99.35,24100,24100,24100,24100,3,1.8,2,1,37.2,0,0,0,0,0,,,29,07:40:00,1773664800,7.67,19:35:00,1773707700,19.58,11.92,3,3,-12,-12,-22,-21,32,,,,,2,0.4,1,0,,,,
2026-03-15,-13.2,-18.22,-18.64,-24.1,,-33,77,66.5,65.5,54,-19.7,-23.1,-23.1,-26.5,27,19.12,19,11,37,35,103.51,103.29,103.2,102.89,100.37,100.15,100.07,99.76,24100,24100,24100,24100,1.3,1,1.1,1,36.6,0,0,0,0,0,,,30,07:43:00,1773578580,7.72,19:33:00,1773621180,19.55,11.83,2,2,-14,-14,-25,-25,31,,,,,6,1.1,3,0,,,,
2026-03-14,-11.2,-14.27,-15.2,-19.2,,-28,89,75.9,77.5,66,-12.9,-17.7,-18.1,-23.4,25,17.96,17.5,10,30,2,102.85,102.32,102.42,101.99,99.72,99.23,99.33,98.94,24100,22862.5,14050,4000,1.5,1.2,1.2,1,33.2,0,0,0,0,0,,,30,07:45:00,1773492300,7.75,19:32:00,1773534720,19.53,11.78,3,3,-10,-10,-20,-20,30,,,,,8,3.6,4,0,,,,
2026-03-13,-8.2,-11.08,-12.15,-16.1,,-24,82,76,74.5,67,-11.8,-14.6,-14.9,-18,36,17.67,20.5,5,50,36,102.15,101.94,101.73,101.3,99.11,98.89,98.71,98.3,24100,22500,16100,8100,2,1.5,1.7,1.4,30.1,0,0,0,0,0,,,30,07:47:00,1773406020,7.78,19:30:00,1773448200,19.5,11.72,2,2,-8,-8,-16,-15,26,,,,,8,5.5,4,0,,,,
2026-03-12,-0.3,-6.47,-7.55,-14.8,,-22,95,77.1,74,53,-3.8,-10,-9.9,-16,45,25.25,29.5,14,63,36,102.28,101.12,101.31,100.34,99.2,98.11,98.28,97.36,24100,20420.8,12850,1600,2.1,1.9,1.9,1.7,25.6,0,0,0,0,1.4,,,30,07:49:00,1773319740,7.82,19:29:00,1773361740,19.48,11.67,2,2,-2,-2,-14,-13,14,,,,,8,6.6,4,0,,,,
2026-03-11,-9.2,-13.84,-14.65,-20.1,,-27,90,84.1,82.5,75,-12.4,-16,-16.6,-20.8,19,9.29,11,3,,,102.75,102.57,102.48,102.21,99.65,99.49,99.4,99.15,24100,23033.3,16900,9700,2,1.7,1.5,1,32.6,0,0,0,0,0,,,30,07:51:00,1773233460,7.85,19:27:00,1773275220,19.45,11.6,2,2,-6,-6,-15,-15,26,,,,,7,2.1,3.5,0,,,,
2026-03-10,-2.7,-10.83,-11.35,-20,,-25,96,78.1,79,62,-5.9,-14.1,-13.3,-20.8,28,13.67,16,4,32,17,102.3,102.11,102.07,101.84,99.21,99.04,99,98.79,24100,22629.2,13650,3200,2,1.8,1.7,1.4,29.4,0,0,0,0,0.1,,,30,07:53:00,1773147180,7.88,19:25:00,1773188700,19.42,11.53,2,2,-4,-4,-17,-15,26,,,,,8,4,4,0,,,,
2026-03-09,-6.8,-12.03,-12.85,-18.9,,-24,90,77.2,78.5,67,-8.4,-15.3,-13.8,-19.1,36,17.33,20,4,42,33,102.25,101.21,100.96,99.67,99.16,98.18,97.95,96.74,24100,24100,24100,24100,2,1.3,1.5,1,30.9,0,0,0,0,0,,,30,07:55:00,1773060900,7.92,19:24:00,1773102240,19.4,11.48,3,3,-8,-8,-19,-17,26,,,,,8,3.9,4,0,,,,
2026-03-08,4.8,-0.18,-1.3,-7.4,,-14,97,83.8,83,69,-0.2,-2.7,-4.2,-8.1,34,21.39,17,0,42,26,99.53,99.35,99.33,99.12,96.61,96.44,96.41,96.21,24100,20178.3,12650,1200,2,1.7,1.7,1.4,19.3,0,0,0,0,3.7,,,30,07:58:00,1772974680,7.97,19:22:00,1773015720,19.37,11.4,3,3,4,4,-11,-9,15,,,,,8,5.7,4,0,,,,
2026-03-07,3.6,-3.33,-2.7,-9,,-16,96,90.6,88,80,0.2,-4.7,-4.5,-9.3,38,27.5,23,8,41,18,101.57,100.35,100.32,99.07,98.55,97.38,97.36,96.16,24100,20354.2,13650,3200,2.2,1.9,1.8,1.5,20.7,0,0,0,0,0.9,,,31,07:00:00,1772888400,7,18:21:00,1772929260,18.35,11.35,2,3,2,2,-2,0,17,,,,,8,7,4,0,,,,
2026-03-06,-7,-8.47,-8.85,-10.7,,-20,95,89.9,89,83,-7.9,-9.9,-9.8,-11.7,28,19.58,16.5,5,,,101.83,101.55,101.53,101.23,98.79,98.52,98.5,98.21,24100,16725,13650,3200,1.7,1.4,1.4,1.1,26.9,0,0,0,0,0.1,,,31,07:02:00,1772802120,7.03,18:19:00,1772842740,18.32,11.28,1,2,-7,-7,-13,-13,12,,,,,8,8,7.5,7,,,,
2026-03-05,-7.7,-11.1,-10.85,-14,,-23,95,90.3,89,83,-8.4,-12.4,-12.2,-16.1,23,17.71,16,9,,,102.33,101.83,101.83,101.32,99.25,98.78,98.77,98.29,24100,9966.7,13250,2400,1.7,1.5,1.6,1.4,28.9,0,0,0,0,0.3,,,31,07:04:00,1772715840,7.07,18:17:00,1772756220,18.28,11.22,1,2,-4,-4,-11,-10,10,,,,,8,8,8,8,,,,
2026-03-04,-9.5,-11.75,-11.55,-13.6,,-24,85,80.7,80.5,76,-12.6,-14.4,-14.2,-15.8,46,27.96,26,6,47,2,102.41,102.27,102.29,102.16,99.33,99.2,99.22,99.1,24100,21425,15250,6400,2.2,1.8,1.8,1.5,29.6,0,0,0,0,0,,,31,07:06:00,1772629560,7.1,18:16:00,1772669760,18.27,11.17,2,2,-9,-9,-15,-13,10,,,,,8,8,8,8,,,,
2026-03-03,-8.3,-11.47,-11.45,-14.6,,-25,85,79,77.5,70,-12.2,-14.4,-15.6,-19,27,13.29,13.5,0,36,3,102.35,102.21,102.18,102.02,99.28,99.14,99.12,98.97,24100,24100,24100,24100,2.1,1.7,1.8,1.6,29.4,0,0,0,0,0,,,31,07:08:00,1772543280,7.13,18:14:00,1772583240,18.23,11.1,3,3,-7,-7,-12,-12,20,,,,,8,7.2,6,4,,,,
2026-03-02,-2.4,-9.03,-8.44,-14.5,,-24,83,72.4,68.5,54,-7.5,-13.2,-13.9,-20.3,33,22.92,20,7,33,3,102.32,101.99,102.01,101.69,99.25,98.95,98.94,98.64,24100,24100,24100,24100,2.2,1.9,2,1.7,26.4,0,0,0,0,0,,,31,07:10:00,1772457000,7.17,18:12:00,1772496720,18.2,11.03,3,3,-1,-1,-16,-11,19,,,,,8,6,5.5,3,,,,
2026-03-01,-8.5,-16.83,-17.6,-26.7,,-36,82,77.9,77,72,-11.1,-19.8,-19.6,-28.1,35,23.54,20.5,6,41,18,103.67,103.07,102.88,102.09,100.48,99.92,99.75,99.02,24100,21366.7,16100,8100,5,2.2,3.4,1.8,35.6,0,0,0,0,0,,,31,07:12:00,1772370720,7.2,18:11:00,1772410260,18.18,10.98,2,2,-11,-11,-10,-10,18,,,,,8,4.8,4,0,,,,
2026-02-28,-20.1,-24.73,-24.7,-29.3,,-38,79,71.5,71.5,64,-25.2,-28.6,-28.6,-32.1,14,9,8.5,3,,,103.68,103.42,103.26,102.85,100.47,100.23,100.09,99.71,24100,24100,24100,24100,1.9,1.7,1.8,1.6,42.7,0,0,0,0,0,,,31,07:14:00,1772284440,7.23,18:09:00,1772323740,18.15,10.92,1,1,-19,-19,-29,-27,19,,,,,8,3.2,4,0,,,,
2026-02-27,1.8,-10.12,-10.45,-22.7,,-33,90,77.1,73.5,57,-2.2,-13.4,-15.1,-28,64,34.54,36,8,70,31,102.75,101.08,101.22,99.68,99.63,98.08,98.19,96.75,24100,18408.3,12550,1000,4,1.9,2.8,1.6,28.4,0,0,0,0,0,,,38,07:16:00,1772198160,7.27,18:07:00,1772237220,18.12,10.85,1,1,-8,-5,-29,-25,19,,,,,8,3,4,0,,,,
2026-02-26,-3.8,-9.68,-11.7,-19.6,,-23,91,83.6,81.5,72,-5.2,-12,-13.2,-21.1,23,9.38,11.5,0,33,18,100.66,100.42,100.33,99.99,97.65,97.41,97.34,97.03,24100,21233.3,20100,16100,4,3,3,2,29.7,0,0,0,0,0,,,39,07:18:00,1772111880,7.3,18:06:00,1772150760,18.1,10.8,1,1,-4,-4,-5,-5,15,,,,,8,6.2,4.5,1,,,,
2026-02-25,-10.8,-16.99,-18.25,-25.7,,-33,87,77,74,61,-13.2,-20.2,-19.9,-26.6,28,16.62,15.5,3,38,17,101.05,100.83,100.69,100.33,97.96,97.76,97.63,97.31,24100,20854.2,12850,1600,2.2,1.8,1.8,1.5,36.2,0,0,0,0,0.5,,,31,07:20:00,1772025600,7.33,18:04:00,1772064240,18.07,10.73,2,2,-12,-12,-12,-12,18,,,,,8,4.7,4,0,,,,
2026-02-24,-7.7,-14.09,-13.55,-19.4,,-28,91,77.9,80,69,-9,-17.2,-15.9,-22.8,41,28.04,26,11,38,31,100.95,100.39,100.38,99.8,97.88,97.36,97.34,96.81,24100,19875,12650,1200,1.8,1.6,1.6,1.4,31.6,0,0,0,0,1.9,,,31,07:22:00,1771939320,7.37,18:02:00,1771977720,18.03,10.67,1,1,-13,-13,-24,-23,18,,,,,8,5.4,4.5,1,,,,
2026-02-23,-8.9,-15.26,-15.8,-22.7,,-30,90,75,78.5,67,-10.4,-18.8,-18.6,-26.7,53,29.17,28.5,4,47,16,104.61,102.77,102.46,100.3,101.41,99.64,99.35,97.29,24100,17662.5,12450,800,1.8,1.3,1.4,1,33.8,0,0,0,0,0.4,,,31,07:24:00,1771853040,7.4,18:01:00,1771891260,18.02,10.62,1,1,-11,-11,-13,-13,14,,,,,8,7.5,7,6,,,,
2026-02-22,-15.6,-18.88,-19.39,-23.2,,-31,76,69.8,69.5,63,-19.7,-23.1,-23.4,-27.2,36,20.54,22.5,9,42,35,104.85,104.61,104.47,104.09,101.66,101.44,101.31,100.95,24100,23566.7,20100,16100,3,1.4,2,1.1,37.4,0,0,0,0,0,,,31,07:26:00,1771766760,7.43,17:59:00,1771804740,17.98,10.55,2,2,-15,-15,-25,-24,21,,,,,8,3.5,4,0,,,,
2026-02-21,-14.6,-16.66,-17.95,-21.3,,-30,83,77,76.5,70,-18.1,-19.8,-20.4,-22.6,35,22.12,24.5,14,44,36,104.01,103.12,103.17,102.34,100.87,99.99,100.05,99.22,24100,23900,21700,19300,1.7,1.5,1.5,1.3,36,0,0,0,0,0,,,32,07:28:00,1771680480,7.47,17:57:00,1771718220,17.95,10.48,1,1,-15,-15,-22,-21,16,,,,,8,6.9,4.5,1,,,,
2026-02-20,-9.4,-15.55,-15.25,-21.1,,-30,86,81.8,81.5,77,-11.9,-18,-17.6,-23.4,34,24.92,22.5,11,38,33,102.28,101.71,101.83,101.39,99.16,98.65,98.77,98.37,24100,11737.5,12850,1600,1.9,1.6,1.7,1.5,33.2,0,0,0,0,0,,,31,07:30:00,1771594200,7.5,17:56:00,1771631760,17.93,10.43,,,-11,-11,-20,-18,14,,,,,8,5.5,4,0,,,,
2026-02-19,-5,-6.48,-7.2,-9.4,,-18,88,83.2,83,78,-7.9,-8.9,-9.8,-11.7,23,16.17,16,9,31,35,101.39,101.22,101.13,100.87,98.38,98.22,98.13,97.89,24100,20962.5,15250,6400,2.3,1.9,2,1.7,25.2,0,0,0,0,0,,,32,07:32:00,1771507920,7.53,17:54:00,1771545240,17.9,10.37,1,1,-5,-5,-11,-11,13,,,,,8,8,7.5,7,,,,
2026-02-18,-0.6,-3.51,-3,-5.4,,-13,89,70,69.5,50,-5.9,-8.4,-8.1,-10.2,40,24.67,25.5,11,37,6,100.83,100.22,100.36,99.89,97.85,97.27,97.4,96.96,24100,12904.2,12650,1200,2.2,2,2,1.9,21,0,0,0,0,2.8,,,32,07:34:00,1771421640,7.57,17:52:00,1771458720,17.87,10.3,,,-4,-4,-7,-6,8,,,,,8,7.9,7,6,,,,
2026-02-17,-0.4,-5.88,-7.3,-14.2,,-23,89,65.5,68,47,-8.3,-11.8,-12.1,-15.9,44,27.17,29,14,52,10,101.85,101.19,101.01,100.17,98.82,98.19,98.03,97.23,24100,24100,24100,24100,2.3,2.1,2,1.8,25.3,0,0,0,0,0,,,31,07:36:00,1771335360,7.6,17:50:00,1771372200,17.83,10.23,1,1,-1,-1,-6,-5,12,,,,,8,6.1,4,0,,,,
2026-02-16,-0.9,-7.2,-7.6,-14.3,,-18,96,89.8,88,80,-4.1,-8.6,-8.9,-13.8,27,9.83,15.5,4,32,5,101.87,101.42,101.39,100.9,98.84,98.41,98.38,97.93,24100,23366.7,20100,16100,3,2.4,2.5,2.1,25.6,0,0,0,0,0,,,31,07:37:00,1771249020,7.62,17:49:00,1771285740,17.82,10.2,1,1,-2,-2,-8,-7,18,,,,,7,1.5,3.5,0,,,,
2026-02-15,2.5,-2.49,-1.9,-6.3,,-12,98,91.5,89,80,-0.6,-3.7,-3.5,-6.3,32,18.04,19.5,7,31,20,101.4,100.89,100.97,100.53,98.4,97.91,97.99,97.59,22500,15966.7,15300,8100,6,3.4,4,2,19.9,0,0,0,0,0,,,31,07:39:00,1771162740,7.65,17:47:00,1771199220,17.78,10.13,1,1,2,2,-10,-9,12,,,,,8,4.8,4,0,,,,
2026-02-14,-2.8,-6.7,-7.5,-12.2,,-16,99,95.2,95,91,-3.4,-7.3,-8.2,-13.1,10,5.75,5,0,,,101.57,101.44,101.38,101.2,98.55,98.44,98.39,98.22,24100,7995.8,12450,800,6,3.5,4.5,3,25.5,0,0,0,0,0,,,32,07:41:00,1771076460,7.68,17:45:00,1771112700,17.75,10.07,1,1,-2,-2,-8,-7,11,,,,,8,6.8,6,4,,,,
2026-02-13,1.8,-5,-6.05,-13.9,,-17,99,90.2,84,69,-1.9,-6.5,-8.4,-15,18,9.71,9,0,,,101.77,101.54,101.49,101.22,98.75,98.53,98.49,98.22,24100,19562.5,13650,3200,4,2.7,3,2,24.1,0,0,0,0,0,,,31,07:43:00,1770990180,7.72,17:44:00,1771026240,17.73,10.02,1,1,-1,-1,-8,-7,19,,,,,4,1,2,0,,,,
2026-02-12,-2.2,-4.45,-4.75,-7.3,,-13,100,97.6,98,96,-2.4,-4.8,-4.8,-7.3,22,17.25,16,10,,,102.07,101.82,101.83,101.6,99.04,98.81,98.82,98.6,24100,9545.8,12550,1000,3,2.2,2.4,1.7,22.8,0,0,0,0,0,,,32,07:45:00,1770903900,7.75,17:42:00,1770939720,17.7,9.95,1,1,0,0,-9,-9,12,,,,,8,4.9,4,0,,,,
2026-02-11,-4.6,-10.66,-12.35,-20.1,,-23,97,88.9,88,79,-6.3,-12.1,-13.4,-20.6,22,13.38,11,0,,,102.68,102.47,102.39,102.1,99.59,99.39,99.33,99.07,24100,18233.3,12450,800,5,2.6,3.4,1.8,30.4,0,0,0,0,0,,,32,07:46:00,1770817560,7.77,17:40:00,1770853200,17.67,9.9,1,1,-4,-4,-9,-7,14,,,,,8,3.6,4,0,,,,
2026-02-10,-8.1,-10.37,-12.75,-17.4,,-21,93,84,83,73,-10,-12.6,-14,-18,32,20.42,16,0,37,31,102.63,102.22,102.14,101.65,99.54,99.17,99.09,98.64,24100,20020.8,15250,6400,2.3,1.7,1.8,1.3,30.8,0,0,0,0,0,,,32,07:48:00,1770731280,7.8,17:39:00,1770766740,17.65,9.85,1,1,-7,-7,-15,-15,16,,,,,8,2.4,4,0,,,,
2026-02-09,2.7,-2.75,-3.45,-9.6,,-17,91,81.3,82.5,74,0.2,-5.5,-5.3,-10.8,36,24.92,24.5,13,41,32,101.59,101,101.06,100.53,98.58,98.03,98.08,97.59,24100,23300,21700,19300,2,1.6,1.5,1,21.4,0,0,0,0,0,,,32,07:50:00,1770645000,7.83,17:37:00,1770680220,17.62,9.78,1,1,-1,-1,-9,-9,13,,,,,8,5.7,5,2,,,,
2026-02-08,-0.6,-3.93,-3.25,-5.9,,-12,94,81.2,83,72,-1.8,-6.7,-5.8,-9.9,44,27.42,30,16,36,18,101.96,101.49,101.28,100.6,98.93,98.49,98.28,97.64,24100,23900,21700,19300,2.2,2,1.6,1,21.2,0,0,0,0,0,,,32,07:51:00,1770558660,7.85,17:35:00,1770593700,17.58,9.73,1,1,-1,-1,-2,0,6,,,,,8,7.7,6,4,,,,
2026-02-07,-5.7,-8.93,-9.6,-13.5,,-23,76,67.2,68.5,61,-9.8,-14,-13.9,-18.1,35,25.17,25.5,16,40,15,102.98,102.23,102.44,101.89,99.87,99.17,99.36,98.85,24100,24100,24100,24100,2.5,2.1,1.8,1,27.6,0,0,0,0,0,,,32,07:53:00,1770472380,7.88,17:33:00,1770507180,17.55,9.67,1,1,-6,-6,-8,-5,8,,,,,8,7.8,7.5,7,,,,
2026-02-06,-5.3,-14.07,-10.9,-16.5,,-27,79,70.4,71.5,64,-10.6,-18.4,-15.9,-21.3,38,21.5,23,8,49,34,103.27,102.93,102.61,101.94,100.17,99.85,99.56,98.94,24100,23833.3,21700,19300,2.4,1.8,1.7,1,28.9,0,0,0,0,0,,,33,07:55:00,1770386100,7.92,17:32:00,1770420720,17.53,9.62,1,1,-16,-16,-21,-18,16,,,,,8,5.6,4,0,,,,
2026-02-05,3.1,-2.02,-2.6,-8.3,,-15,96,88.5,87,78,0.4,-3.7,-4.1,-8.6,44,19.5,22,0,55,36,101.78,101.02,101.22,100.65,98.79,98.04,98.24,97.69,24100,22966.7,18500,12900,2.9,2.1,2.2,1.6,20.6,0,0,0,0,0,,,35,07:56:00,1770299760,7.93,17:30:00,1770334200,17.5,9.57,1,1,2,2,-18,-17,7,,,,,8,5.9,4,0,,,,
2026-02-04,-4.5,-8.05,-8.25,-12,,-19,93,86.5,86,79,-5.8,-9.9,-9.7,-13.6,40,20,22,4,54,18,103.29,102.51,102.17,101.04,100.19,99.45,99.12,98.04,24100,21566.7,19300,14500,2.1,1.9,1.8,1.6,26.2,0,0,0,0,0,,,35,07:58:00,1770213480,7.97,17:28:00,1770247680,17.47,9.5,1,1,-4,-4,-2,-2,6,,,,,8,7.7,5.5,3,,,,
2026-02-03,-9.6,-16.71,-18.05,-26.5,,-34,93,83.8,82.5,72,-10.8,-18.9,-18.6,-26.5,28,15,14,0,31,18,103.03,102.82,102.78,102.53,99.93,99.68,99.67,99.41,24100,19054.2,13250,2400,3.1,2.3,2.5,2,36,0,0,0,0,0.1,,,34,07:59:00,1770127140,7.98,17:27:00,1770161220,17.45,9.47,1,1,-9,-9,-15,-14,6,,,,,8,5.7,4,0,,,,
2026-02-02,-13.5,-21.1,-19.8,-26.1,,-36,85,79.1,78.5,72,-16.9,-23.9,-22.4,-27.8,21,11,10.5,0,31,2,103.05,102.83,102.77,102.49,99.87,99.69,99.64,99.41,24100,23300,21700,19300,2.6,1.9,2.1,1.6,37.8,0,0,0,0,0,,,34,08:01:00,1770040860,8.02,17:25:00,1770074700,17.42,9.4,1,1,-17,-17,-26,-25,15,,,,,8,1.6,4,0,,,,
2026-02-01,-5.7,-11.12,-10.55,-15.4,,-24,91,81,82.5,74,-8.4,-13.8,-13.2,-17.9,40,26.88,22.5,5,45,34,102.47,101.82,101.64,100.82,99.39,98.78,98.6,97.8,24100,18212.5,15250,6400,1.9,1.8,1.8,1.7,28.6,0,0,0,0,0.2,,,35,08:02:00,1769954520,8.03,17:23:00,1769988180,17.38,9.35,1,1,-13,-12,-23,-22,8,,,,,8,7.3,5.5,3,,,,
2026-01-31,-5.7,-13.97,-13.6,-21.5,,-34,93,78.6,81,69,-6.6,-16.9,-15.3,-24.1,56,41.21,38,20,65,18,103.62,102.08,102.19,100.75,100.46,98.98,99.1,97.74,24100,15325,12850,1600,2.3,2,2,1.6,31.6,0,0,0,0,1,,,40,08:04:00,1769868240,8.07,17:21:00,1769901660,17.35,9.28,1,1,-10,-10,-12,-11,9,,,,,8,4.2,4,0,,,,
2026-01-30,-17.4,-22.65,-24,-30.6,,-35,81,75.5,71.5,62,-21.7,-25.9,-26.6,-31.6,27,13.79,13.5,0,36,19,104.69,104.42,104.24,103.79,101.46,101.2,101.04,100.62,24100,23833.3,22500,20900,2.8,2.2,2.3,1.8,42,0,0,0,0,0,,,39,08:05:00,1769781900,8.08,17:20:00,1769815200,17.33,9.25,1,1,-19,-19,-23,-23,14,,,,,1,0.2,0.5,0,,,,
2026-01-29,-17.6,-22.37,-22.85,-28.1,,-38,82,77.8,77,72,-20.9,-25.3,-25.8,-30.6,21,13.88,12.5,4,,,104.21,103.5,103.62,103.04,101.01,100.31,100.44,99.86,24100,22629.2,14450,4800,2.7,2.2,2.1,1.6,40.9,0,0,0,0,0,,,40,08:06:00,1769695560,8.1,17:18:00,1769728680,17.3,9.2,1,1,-17,-17,-30,-30,11,,,,,8,2.8,4,0,,,,
2026-01-28,-18.4,-22.7,-23.25,-28.1,,-39,83,77.6,77,71,-22.3,-25.6,-26.4,-30.4,18,14.12,11.5,5,,,103.19,103.04,102.99,102.79,100.01,99.86,99.82,99.62,24100,23633.3,21700,19300,2.4,2.1,2.1,1.9,41.2,0,0,0,0,0,,,40,08:08:00,1769609280,8.13,17:16:00,1769642160,17.27,9.13,1,1,-19,-19,-27,-25,9,,,,,8,4.9,4,0,,,,
2026-01-27,-18.6,-22.73,-22.8,-27,,-38,77,73.2,72,67,-23.1,-26.3,-26.2,-29.4,27,17,17.5,8,36,31,102.79,102.65,102.44,102.09,99.64,99.5,99.31,98.98,24100,23233.3,17700,11300,2.1,1.9,1.8,1.5,40.8,0,0,0,0,0,,,40,08:09:00,1769522940,8.15,17:15:00,1769555700,17.25,9.1,1,1,-18,-18,-26,-26,12,,,,,8,2,4,0,,,,
2026-01-26,-15.2,-19.68,-20.25,-25.3,,-39,80,72.4,71.5,63,-18.6,-23.4,-24.2,-29.9,47,33.54,32.5,18,42,32,102.29,101.35,101.51,100.72,99.11,98.23,98.37,97.62,24100,17441.7,13250,2400,2,1.9,1.8,1.7,38.2,0,0,0,0,0,,,40,08:10:00,1769436600,8.17,17:13:00,1769469180,17.22,9.05,1,1,-15,-15,-23,-23,10,,,,,8,5.6,4,0,,,,
2026-01-25,-24.3,-30.5,-31.15,-38,,-51,74,67.8,65.5,57,-30.1,-34.7,-35.8,-41.5,19,13.62,14,9,,,103.71,103.37,103.09,102.47,100.42,100.12,99.86,99.29,24100,17875,12850,1600,2.7,2,2,1.4,49.1,0,0,0,0,0,,,42,08:11:00,1769350260,8.18,17:11:00,1769382660,17.18,9,1,1,-25,-25,-28,-27,13,,,,,4,1.4,2,0,,,,
2026-01-24,-23.3,-27.86,-29.15,-35,,-42,78,72.5,72.5,67,-28.1,-31.4,-32,-35.9,16,10,9.5,3,,,104,103.55,103.67,103.33,100.75,100.33,100.44,100.13,24100,21966.7,18500,12900,2.2,1.8,2,1.7,47.1,0,0,0,0,0,,,42,08:12:00,1769263920,8.2,17:10:00,1769296200,17.17,8.97,1,1,-25,-25,-37,-37,11,,,,,8,4.2,4,0,,,,
2026-01-23,-26.6,-29.22,-29.85,-33.1,,-45,75,69.6,69,63,-31.7,-33.2,-33.6,-35.6,26,15.25,17,8,32,29,104.56,104.31,104.25,103.95,101.29,101.04,100.99,100.7,24100,21829.2,14450,4800,1.9,1.8,1.8,1.6,47.9,0,0,0,0,0,,,42,08:14:00,1769177640,8.23,17:08:00,1769209680,17.13,8.9,1,1,-25,-25,-32,-32,12,,,,,5,0.5,2.5,0,,,,
2026-01-22,-23.4,-29.48,-27.9,-32.4,,-48,76,66,66,56,-26.9,-34,-31.6,-36.3,37,27.62,26.5,16,42,33,103.91,103.18,103,102.08,100.66,99.97,99.81,98.95,24100,17612.5,14450,4800,2.1,1.9,1.9,1.7,45.9,0,0,0,0,0,,,41,08:15:00,1769091300,8.25,17:07:00,1769123220,17.12,8.87,1,1,-26,-26,-33,-30,10,,,,,8,3.6,4,0,,,,
2026-01-21,-14,-18.46,-19.1,-24.2,,-34,87,76.4,76,65,-16.5,-21.7,-21.9,-27.2,45,21.08,26.5,8,55,31,101.99,101.36,101.39,100.8,98.87,98.27,98.3,97.73,24100,16945.8,14450,4800,2.2,1.9,1.9,1.6,37.1,0,0,0,0,0.2,,,34,08:16:00,1769004960,8.27,17:05:00,1769036700,17.08,8.82,,,-16,-12,-30,-30,11,,,,,8,5.7,5,2,,,,
2026-01-20,-16.8,-20.94,-22.35,-27.9,,-38,84,76,74.5,65,-19.7,-24.2,-25,-30.3,18,13.62,13.5,9,33,19,102.28,101.92,101.74,101.2,99.12,98.78,98.62,98.11,24100,23500,21700,19300,2.3,2.1,2.1,1.9,40.4,0,0,0,0,0,,,34,08:17:00,1768918620,8.28,17:03:00,1768950180,17.05,8.77,1,1,-18,-18,-18,-17,11,,,,,8,4.6,4,0,,,,
2026-01-19,-19.2,-24.03,-24.29,-29.4,,-41,78,72.5,72.5,67,-24,-27.7,-27.9,-31.9,24,17.75,17.5,11,,,103.07,102.59,102.68,102.29,99.88,99.41,99.5,99.13,24100,24100,24100,24100,2.1,2,1.8,1.6,42.3,0,0,0,0,0,,,34,08:18:00,1768832280,8.3,17:02:00,1768863720,17.03,8.73,1,1,-19,-19,-28,-26,12,,,,,7,2.2,3.5,0,,,,
2026-01-18,-15.2,-20.57,-21.65,-28.1,,-38,85,77.5,79,73,-17.6,-23.5,-24.4,-31.1,60,35.21,36,12,50,33,103.11,102.05,102.04,100.97,99.93,98.92,98.9,97.87,24100,10737.5,12850,1600,2,1.8,1.8,1.7,39.6,0,0,0,0,0.3,,,23,08:19:00,1768745940,8.32,17:00:00,1768777200,17,8.68,,,-16,-15,-26,-24,9,,,,,3,0.7,1.5,0,,,,
2026-01-17,-17.9,-22.2,-21.29,-24.7,,-38,81,75,76,71,-21.5,-25.5,-24.9,-28.2,45,26.92,26.5,8,40,17,103.1,102.5,102.21,101.32,99.94,99.35,99.08,98.21,24100,18512.5,12850,1600,1.9,1.8,1.8,1.6,39.3,0,0,0,0,0,,,23,08:19:00,1768659540,8.32,16:59:00,1768690740,16.98,8.67,1,1,-18,-18,-18,-17,10,,,,,8,5.4,4,0,,,,
2026-01-16,-4.1,-14.62,-11,-17.9,,-32,88,82.5,83.5,79,-9.8,-17,-15.2,-20.6,52,42.21,42.5,33,59,35,102.24,101.14,101.17,100.11,99.14,98.11,98.15,97.16,12900,4670.8,6850,800,1.8,1.6,1.6,1.3,29,0,0,0,0,0,,,20,08:20:00,1768573200,8.33,16:57:00,1768604220,16.95,8.62,,,-15,-14,-23,-21,7,,,,,8,7.8,7,6,,,,
2026-01-15,1.7,-4.11,-4.7,-11.1,,-22,99,85.9,89,79,-0.1,-6.1,-6.7,-13.2,50,27.33,30.5,11,60,34,101.2,100.03,100.43,99.67,98.15,97.06,97.44,96.73,24100,20112.5,12850,1600,2.2,1.8,1.8,1.4,22.7,0,0,0,0,0.8,,,20,08:21:00,1768486860,8.35,16:56:00,1768517760,16.93,8.58,1,1,1,1,-12,-12,5,,,,,8,6,5.5,3,,,,
2026-01-14,-11.2,-17.73,-17.79,-24.4,,-33,82,77.2,73,64,-14,-20.8,-19.9,-25.9,41,18.96,23,5,54,18,103.34,102.8,102.38,101.43,100.2,99.67,99.28,98.37,24100,24100,24100,24100,2.2,2,2,1.7,35.8,0,0,0,0,0,,,20,08:22:00,1768400520,8.37,16:54:00,1768431240,16.9,8.53,1,1,-14,-14,-14,-14,10,,,,,8,3.4,4,0,,,,
2026-01-13,3.6,-5.75,-7.5,-18.6,,-28,85,79.2,80,75,0.2,-8.8,-10.7,-21.5,54,34.04,35,16,45,34,102.88,100.98,101.29,99.7,99.78,98,98.28,96.79,24100,24100,24100,24100,1.9,1.7,1.4,1,25.5,0,0,0,0,0,,,20,08:22:00,1768314120,8.37,16:53:00,1768344780,16.88,8.52,1,1,-2,0,-24,-23,7,,,,,8,5.9,4,0,,,,
2026-01-12,2.1,-2.64,-2.59,-7.3,,-13,90,83.9,83,76,0.1,-5,-4.1,-8.3,25,16.83,16.5,8,36,25,101.38,100.84,100.57,99.77,98.38,97.87,97.61,96.85,24100,24100,24100,24100,2.3,2.1,1.6,1,20.6,0,0,0,0,0.3,,,21,08:23:00,1768227780,8.38,16:51:00,1768258260,16.85,8.47,1,1,2,2,0,2,8,,,,,8,5.5,4,0,,,,
2026-01-11,-1.1,-8.22,-10.15,-19.2,,-27,93,84.7,86,79,-3.9,-10.4,-12.4,-20.9,36,23.5,18,0,51,17,102.73,101.76,101.99,101.25,99.63,98.71,98.94,98.25,24100,23700,20100,16100,2.1,1.9,1.6,1,28.1,0,0,0,0,0.6,,,21,08:24:00,1768141440,8.4,16:50:00,1768171800,16.83,8.43,,,-1,-1,-9,-4,5,,,,,8,4.5,4,0,,,,
2026-01-10,-8.8,-12.42,-14.6,-20.4,,-27,92,86.7,86.5,81,-10.2,-14.2,-15.7,-21.1,39,23.88,19.5,0,40,33,102.99,102.52,102.48,101.97,99.88,99.45,99.4,98.92,24100,21358.3,15250,6400,2.1,1.8,1.8,1.5,32.6,0,0,0,0,0,,,25,08:24:00,1768055040,8.4,16:49:00,1768085340,16.82,8.42,,,-10,-9,-19,-17,6,,,,,8,4.8,4,0,,,,
2026-01-09,-10,-12.85,-14.2,-18.4,,-25,92,89.3,89,86,-11.1,-14.3,-14.8,-18.6,30,12.67,17,4,36,31,101.98,101.65,101.71,101.43,98.92,98.59,98.65,98.39,24100,11775,12850,1600,4,2.9,3,2,32.2,0,0,0,0,0.6,,,21,08:25:00,1767968700,8.42,16:47:00,1767998820,16.78,8.37,1,1,-8,-8,-11,-9,9,,,,,8,5.2,5,2,,,,
2026-01-08,-1,-8.03,-10.1,-19.2,,-28,94,87.5,88,82,-2.8,-9.8,-11.9,-21.1,22,14.75,14,6,36,25,101.39,100.81,100.73,100.07,98.36,97.82,97.74,97.12,24100,22325,12450,800,3,2.1,2,1,28.1,0,0,0,0,0.6,,,21,08:25:00,1767882300,8.42,16:46:00,1767912360,16.77,8.35,1,1,-7,-4,-16,-14,10,,,,,8,1.7,4,0,,,,
2026-01-07,-3.2,-6.88,-7.65,-12.1,,-19,96,89.7,87.5,79,-5.4,-8.3,-9.3,-13.2,25,15.92,16.5,8,,,100.14,100,100.04,99.95,97.17,97.03,97.06,96.96,24100,18512.5,12450,800,3,2.1,2.2,1.5,25.6,0,0,0,0,0,,,21,08:25:00,1767795900,8.42,16:45:00,1767825900,16.75,8.33,1,1,-2,-2,-9,-7,9,,,,,8,4.1,4,0,,,,
2026-01-06,-5.8,-9.23,-8.9,-12,,-18,96,92.8,93,90,-6.4,-10.2,-9.8,-13.2,27,15.33,15.5,4,36,17,100.8,100.58,100.43,100.05,97.8,97.59,97.44,97.07,24100,13554.2,12850,1600,2,1.9,1.5,1,26.9,0,0,0,0,0,,,22,08:26:00,1767709560,8.43,16:44:00,1767739440,16.73,8.3,1,1,-7,-7,-11,-9,5,,,,,8,7.7,5.5,3,,,,
2026-01-05,-5.3,-6.88,-7.05,-8.8,,-14,97,95.3,95.5,94,-5.9,-7.5,-7.8,-9.6,12,7.58,6,0,,,100.86,100.75,100.76,100.66,97.85,97.75,97.76,97.67,6400,3433.3,3300,200,4,3.3,3,2,25.1,0,0,0,0,0,,,23,08:26:00,1767623160,8.43,16:42:00,1767652920,16.7,8.27,,,-5,-5,-10,-10,2,,,,,8,8,8,8,,,,
2026-01-04,-8.1,-11.23,-12.25,-16.4,,-25,95,87.3,87.5,80,-8.9,-13,-13.2,-17.5,25,16.29,16.5,8,,,102.02,101.21,101.4,100.78,98.93,98.16,98.34,97.75,24100,14520.8,12850,1600,2.6,2,2.2,1.8,30.2,0,0,0,0,0.1,,,23,08:26:00,1767536760,8.43,16:41:00,1767566460,16.68,8.25,,,-10,-10,-10,-10,4,,,,,8,8,8,8,,,,
2026-01-03,-12.5,-15.91,-18.75,-25,,-29,89,85.7,84,79,-14.4,-17.8,-19.1,-23.7,11,7.04,5.5,0,,,102.36,102.14,102.14,101.92,99.25,99.05,99.05,98.85,24100,14595.8,12850,1600,3,2.1,2.4,1.7,36.8,0,0,0,0,2.5,,,23,08:27:00,1767450420,8.45,16:40:00,1767480000,16.67,8.22,1,1,-12,-12,-24,-20,5,,,,,8,5,4.5,1,,,,
2026-01-02,-12.6,-18.21,-19.35,-26.1,,-36,85,73.2,73.5,62,-14.6,-22,-21,-27.4,25,18.71,17,9,34,29,101.97,101.86,101.86,101.74,98.86,98.74,98.74,98.61,24100,21791.7,14050,4000,2,1.9,1.9,1.8,37.4,0,0,0,0,2.1,,,18,08:27:00,1767364020,8.45,16:39:00,1767393540,16.65,8.2,1,1,-15,-15,-17,-15,6,,,,,8,4.2,4,0,,,,
2026-01-01,-17.1,-20.52,-21.4,-25.7,,-36,81,77.3,75.5,70,-20.7,-23.5,-24.1,-27.5,23,13.21,14,5,,,102.37,101.94,102.07,101.77,99.24,98.82,98.95,98.66,24100,16317.4,13250,2400,1.9,1.8,1.8,1.6,39.4,0,0,0,0,1.9,,,19,08:27:00,1767277620,8.45,16:38:00,1767307080,16.63,8.18,,,-17,-17,-27,-23,5,,,,,8,5.2,4,0,,,,
2025-12-31,-13.9,-19.18,-17.95,-22,,-33,82,73.1,73.5,65,-16.7,-22.9,-20.9,-25,35,20.71,22,9,42,1,102.85,102.61,102.52,102.2,99.72,99.49,99.42,99.13,24100,22291.7,13650,3200,2,1.7,1.8,1.5,36,0,0,0,0,1.2,,,18,08:27:00,1767191220,8.45,16:37:00,1767220620,16.62,8.17,1,1,-21,-20,-23,-22,10,,,,,8,5,4.5,1,,,,
2025-12-30,-8.1,-11.54,-12.05,-16,,-25,91,86,86,81,-9.9,-13.4,-13.3,-16.8,32,19.75,18.5,5,36,33,102.26,102,102.03,101.8,99.15,98.93,98.94,98.72,24100,15575,12850,1600,2.3,2,2,1.6,30.1,0,0,0,0,1,,,18,08:27:00,1767104820,8.45,16:36:00,1767134160,16.6,8.15,,,-8,-8,-20,-20,5,,,,,8,8,8,8,,,,
2025-12-29,-15.4,-21.16,-20.75,-26.1,,-37,83,77.8,78,73,-17.7,-24.1,-23.1,-28.6,24,15.54,14,4,31,18,103.6,103.2,103.02,102.44,100.42,100.04,99.86,99.31,24100,24100,24100,24100,3,1.8,2.2,1.5,38.8,0,0,0,0,1.5,,,15,08:27:00,1767018420,8.45,16:35:00,1767047700,16.58,8.13,1,1,-16,-16,-16,-15,5,,,,,8,5.2,4,0,,,,
2025-12-28,-13.4,-16.3,-18.25,-23.1,,-35,88,82,83,78,-15.6,-18.7,-20.7,-25.8,35,27.33,28,21,35,35,103.27,102.54,102.61,101.96,100.13,99.44,99.51,98.9,24100,18416.7,14450,4800,1.8,1.7,1.6,1.5,36.2,0,0,0,0,0,,,15,08:26:00,1766931960,8.43,16:34:00,1766961240,16.57,8.13,,,-16,-16,-24,-24,5,,,,,8,6.1,4,0,,,,
2025-12-27,-8.3,-10.33,-10.85,-13.4,,-24,94,90.9,89,84,-9.2,-11.5,-12.2,-15.3,33,20.58,21,9,33,32,101.91,101.08,101.27,100.62,98.85,98.06,98.23,97.61,24100,14087.5,12850,1600,2,1.7,1.7,1.4,28.9,0,0,0,0,1.1,,,15,08:26:00,1766845560,8.43,16:33:00,1766874780,16.55,8.12,,,-6,-6,-15,-15,3,,,,,8,8,8,8,,,,
2025-12-26,-9.2,-11.05,-10.64,-12.1,,-20,93,85,86.5,80,-10.6,-13.1,-12.3,-14.1,26,13.96,15,4,,,101.46,101.23,101.22,100.98,98.43,98.2,98.2,97.97,24100,16816.7,14450,4800,2,1.9,1.8,1.6,28.6,0,0,0,0,0.3,,,15,08:26:00,1766759160,8.43,16:32:00,1766788320,16.53,8.1,,,-10,-10,-13,-12,5,,,,,8,7.8,7.5,7,,,,
2025-12-25,-6.6,-10.21,-11.35,-16.1,,-25,96,84.6,84.5,73,-7.3,-12.4,-12.7,-18,32,18.08,16,0,32,31,103,101.69,101.93,100.86,99.89,98.64,98.87,97.85,24100,18283.3,13450,2800,2,1.8,1.8,1.5,29.4,0,0,0,0,0.3,,,16,08:26:00,1766672760,8.43,16:32:00,1766701920,16.53,8.1,1,1,-6,-6,-16,-14,0,,,,,8,7.3,5.5,3,,,,
2025-12-24,-9.1,-12.99,-12.6,-16.1,,-26,84,80.3,80,76,-11.5,-15.7,-15.2,-18.8,32,20.83,21,10,40,1,103.21,102.67,102.67,102.13,100.1,99.58,99.58,99.06,24100,22900,20100,16100,2,1.9,1.8,1.7,30.6,0,0,0,0,0.1,,,16,08:25:00,1766586300,8.42,16:31:00,1766615460,16.52,8.1,1,1,-11,-11,-18,-18,5,,,,,8,6.7,5.5,3,,,,
2025-12-23,-10.6,-13.68,-13.3,-16,,-28,84,79.5,78,72,-13.7,-16.5,-15.9,-18.2,38,21.25,19,0,50,16,102.83,102.47,102.26,101.68,99.72,99.38,99.17,98.62,24100,22360.9,18500,12900,2,1.7,1.8,1.5,31.3,0,0,0,0,0.1,,,17,08:25:00,1766499900,8.42,16:30:00,1766529000,16.5,8.08,1,1,-14,-14,-15,-15,5,,,,,8,7.2,5,2,,,,
2025-12-22,-8.9,-14.45,-14.6,-20.3,,-28,87,81.1,81,75,-11.8,-17,-17,-22.2,34,13,17,0,37,31,102.32,101.81,101.82,101.32,99.2,98.72,98.73,98.26,24100,22100,16100,8100,2,1.8,1.7,1.4,32.6,0,0,0,0,0.6,,,16,08:24:00,1766413440,8.4,16:30:00,1766442600,16.5,8.1,1,1,-11,-11,-17,-16,5,,,,,8,5.9,4.5,1,,,,
2025-12-21,-16,-19.98,-20.85,-25.7,,-33,81,75.1,73.5,66,-20.4,-23.4,-23.9,-27.3,14,8.67,7,0,,,102.46,102.36,102.36,102.25,99.31,99.22,99.22,99.12,24100,24100,24100,24100,2.3,2.1,2.1,1.9,38.9,0,0,0,0,6.2,,,16,08:24:00,1766327040,8.4,16:29:00,1766356140,16.48,8.08,1,1,-17,-17,-20,-20,8,,,,,8,3.5,4,0,,,,
2025-12-20,-13.3,-18.45,-17.8,-22.3,,-33,83,78.1,78,73,-17.6,-21.4,-21.3,-25,45,28.17,25.5,6,45,32,102.3,101.18,101.03,99.75,99.16,98.11,97.94,96.72,24100,14329.2,12450,800,2.1,1.8,1.9,1.7,35.8,0,0,0,0,1.9,,,4,08:23:00,1766240580,8.38,16:29:00,1766269740,16.48,8.1,1,1,-16,-16,-26,-26,5,,,,,8,5,4,0,,,,
2025-12-19,-8.7,-19.14,-19.04,-29.4,,-36,87,79,77.5,68,-11.3,-21.9,-21.5,-31.7,46,26.5,23,0,61,13,101.8,100.37,100.46,99.12,98.64,97.28,97.37,96.1,24100,13729.2,12450,800,3.7,2.6,2.6,1.5,37,0,0,0,0,3.3,,,4,08:23:00,1766154180,8.38,16:28:00,1766183280,16.47,8.08,,,-11,-11,-18,-17,0,,,,,8,5.3,4,0,,,,
2025-12-18,-8.8,-20.05,-18.7,-28.6,,-37,89,74,73,57,-11.7,-23.7,-21.4,-31.1,66,38.33,38,10,57,35,101.98,101.05,100.59,99.19,98.86,97.99,97.55,96.24,24100,11254.2,12150,200,2,1.7,1.7,1.4,36.7,0,0,0,0,1,,,10,08:22:00,1766067720,8.37,16:28:00,1766096880,16.47,8.1,,,-18,-17,-30,-26,7,,,,,8,3.1,4,0,,,,
2025-12-17,-5.2,-10.2,-11.6,-18,,-25,92,86,85.5,79,-6.6,-12.1,-13.3,-20.1,48,22.38,28,8,59,2,101.22,99.97,100.12,99.02,98.2,96.97,97.13,96.06,24100,15475,12650,1200,2.8,2,2.1,1.5,29.6,0,0,0,0,2.4,,,4,08:21:00,1765981260,8.35,16:28:00,1766010480,16.47,8.12,1,1,-4,-4,-19,-16,2,,,,,8,5.5,4,0,,,,
2025-12-16,6,-6.14,-6,-18,,-25,91,79.8,80,69,1.3,-9.1,-9.6,-20.4,55,33,31,7,41,31,101.24,99.85,99.99,98.73,98.24,96.89,97.03,95.83,24100,21695.8,13650,3200,3.3,2.2,2.5,1.6,24,0,0,0,0,0,,,6,08:21:00,1765894860,8.35,16:28:00,1765924080,16.47,8.12,1,1,3,6,-15,-13,4,,,,,8,3.5,4,0,,,,
2025-12-15,-7.8,-10.77,-11.25,-14.7,,-20,93,82,83,73,-10.4,-13.3,-13.2,-15.9,49,13.46,24.5,0,68,16,101.94,101.42,100.92,99.9,98.88,98.37,97.9,96.92,24100,20420.8,14450,4800,3.1,2.4,2.5,2,29.2,0,0,0,0,0,,,6,08:20:00,1765808400,8.33,16:27:00,1765837620,16.45,8.12,1,1,-9,-9,-8,-7,5,,,,,8,7.6,5.5,3,,,,
2025-12-14,-13,-19.4,-20.5,-28,,-38,82,73.5,73,64,-15.8,-23,-23.2,-30.6,48,26.75,27,6,47,16,103.82,102.58,102.61,101.4,100.62,99.43,99.47,98.32,24100,24100,24100,24100,3.3,2.6,2.6,2,38.5,0,0,0,0,0,,,2,08:19:00,1765721940,8.32,16:27:00,1765751220,16.45,8.13,1,1,-13,-13,-15,-13,5,,,,,8,5.4,4,0,,,,
2025-12-13,-20.9,-24.75,-24.75,-28.6,,-40,80,71.5,72.5,65,-25.7,-28.5,-28.6,-31.6,28,17.33,17.5,7,33,32,103.74,103.19,103.15,102.57,100.54,99.99,99.97,99.4,24100,24100,24100,24100,2,1.8,1.8,1.6,42.8,0,0,0,0,0,,,2,08:18:00,1765635480,8.3,16:27:00,1765664820,16.45,8.15,1,1,-20,-20,-28,-28,9,,,,,6,1.1,3,0,,,,
2025-12-12,-10.4,-20.69,-18.14,-25.9,,-38,86,72.8,77,68,-14.1,-24.4,-21.9,-29.7,43,28.42,29,15,51,30,102.56,102.39,102.27,101.99,99.41,99.27,99.17,98.92,24100,20008.3,12650,1200,2,1.6,1.6,1.3,36.1,0,0,0,0,0.2,,,4,08:17:00,1765549020,8.28,16:27:00,1765578420,16.45,8.17,,,-19,-19,-28,-25,10,,,,,8,2.6,4,0,,,,
2025-12-11,-10.4,-12.65,-13.5,-16.6,,-23,90,82.1,83,76,-12,-15.1,-14.8,-17.6,23,16.5,16,9,,,102.02,101.79,101.84,101.66,98.94,98.72,98.76,98.59,24100,14187.5,12650,1200,2.5,2.2,2.1,1.7,31.5,0,0,0,0,1.8,,,5,08:16:00,1765462560,8.27,16:27:00,1765492020,16.45,8.18,,,-11,-11,-18,-18,5,,,,,8,7.2,6,4,,,,
2025-12-10,-9.1,-13.59,-14.35,-19.6,,-25,89,81.5,80,71,-10.9,-16.1,-15.8,-20.6,32,17.71,16,0,41,32,102.18,101.92,101.72,101.27,99.1,98.86,98.67,98.25,24100,17412.5,12550,1000,2.3,1.6,1.8,1.4,32.4,0,0,0,0,0.7,,,5,08:15:00,1765376100,8.25,16:27:00,1765405620,16.45,8.2,,,-12,-11,-19,-17,7,,,,,8,7.3,7,6,,,,
2025-12-09,-8,-9.96,-11.7,-15.4,,-19,92,89,88.5,85,-9.5,-11.5,-12.6,-15.6,27,17,16,5,31,5,101.16,100.42,100.53,99.9,98.14,97.41,97.53,96.91,22500,8241.7,12450,2400,3,2.2,2.4,1.7,29.7,0,0,0,0,1.2,,,1,08:14:00,1765289640,8.23,16:27:00,1765319220,16.45,8.22,,,-7,-7,-13,-11,4,,,,,8,7.3,6,4,,,,
2025-12-08,-9.7,-12.64,-13.25,-16.8,,-26,94,84.4,82,70,-11.4,-14.8,-15.4,-19.4,28,16.54,14,0,31,18,102.56,101.61,101.74,100.92,99.45,98.54,98.67,97.89,24100,13458.3,13650,3200,2.7,2,2.1,1.6,31.2,0,0,0,0,0.9,,,0,08:13:00,1765203180,8.22,16:27:00,1765232820,16.45,8.23,,,-11,-11,-16,-16,4,,,,,8,7.9,7,6,,,,
2025-12-07,-15.6,-20.95,-21.2,-26.8,,-36,79,74.1,70,61,-19.4,-24.5,-24.4,-29.5,19,10.33,9.5,0,33,16,103.25,102.98,102.94,102.62,100.08,99.82,99.79,99.5,24100,24100,24100,24100,2.5,2.2,2.2,2,39.2,0,0,0,0,0,,,0,08:12:00,1765116720,8.2,16:28:00,1765146480,16.47,8.27,,,-16,-16,-16,-16,9,,,,,8,3.6,4,0,,,,
2025-12-06,-17.4,-21.7,-21.4,-25.4,,-34,81,76,73,65,-21.9,-24.9,-24.4,-27,26,13.71,15,4,,,102.71,102.04,102.06,101.41,99.55,98.92,98.95,98.35,24100,23900,21700,19300,2,1.8,1.8,1.7,39.4,0,0,0,0,0,,,0,08:11:00,1765030260,8.18,16:28:00,1765060080,16.47,8.28,,,-17,-17,-29,-28,8,,,,,5,1.6,2.5,0,,,,
2025-12-05,-9.1,-13.75,-13.95,-18.8,,-25,87,79.1,76,65,-11.5,-16.7,-16.6,-21.8,35,15.54,21,7,41,34,101.38,101.06,101.13,100.89,98.32,98.02,98.1,97.88,24100,18208.3,12450,800,2.3,2,2,1.7,31.9,0,0,0,0,0.1,,,,08:10:00,1764943800,8.17,16:28:00,1764973680,16.47,8.3,,,-9,-9,-23,-21,3,,,,,8,5.7,4.5,1,,,,
2025-12-04,-4.7,-12.55,-12.8,-20.9,,-31,94,82.7,83.5,73,-5.7,-14.9,-14.8,-23.8,44,24.75,28.5,13,48,18,102.58,101.12,101.48,100.37,99.45,98.06,98.4,97.36,24100,13995.8,13250,2400,2.4,2,2,1.6,30.8,0,0,0,0,0.2,,,,08:08:00,1764857280,8.13,16:29:00,1764887340,16.48,8.35,,,-7,-7,-13,-13,4,,,,,8,5.1,4,0,,,,
2025-12-03,-14.8,-18.9,-19,-23.2,,-32,83,72.2,72,61,-19.3,-22.8,-22.4,-25.4,33,19.17,21.5,10,34,33,103,102.7,102.54,102.09,99.84,99.58,99.43,99.02,24100,23033.3,20100,16100,2.6,1.9,2.1,1.6,37,0,0,0,0,0,,,,08:07:00,1764770820,8.12,16:29:00,1764800940,16.48,8.37,,,-16,-16,-22,-19,10,,,,,4,0.7,2,0,,,,
2025-12-02,-7.7,-11.12,-11.25,-14.8,,-26,85,79,76.5,68,-10.3,-14.1,-14.7,-19.1,41,22.08,24,7,48,33,101.98,100.91,101.21,100.44,98.92,97.88,98.17,97.41,24100,14037.5,12850,1600,4,2.3,2.8,1.6,29.2,0,0,0,0,0.3,,,,08:06:00,1764684360,8.1,16:30:00,1764714600,16.5,8.4,,,-10,-10,-19,-19,5,,,,,8,7.6,7,6,,,,
2025-12-01,-11.3,-14.44,-13.95,-16.6,,-26,86,79.4,77.5,69,-16,-17.3,-17.4,-18.8,28,15.21,17.5,7,35,21,102.48,101.75,101.81,101.14,99.4,98.68,98.74,98.09,24100,23033.3,20100,16100,3,2.1,2.3,1.6,31.9,0,0,0,0,0,,,,08:05:00,1764597900,8.08,16:30:00,1764628200,16.5,8.42,,,-11,-11,-19,-16,8,,,,,8,4.2,4,0,,,,
2025-11-30,-9.1,-11.22,-11.85,-14.6,,-23,87,78,78,69,-11.7,-14.4,-14.4,-17.2,21,13.67,13,5,32,23,103.24,103.02,102.9,102.57,100.15,99.94,99.82,99.49,24100,22362.5,14450,4800,1.9,1.6,1.6,1.4,29.9,0,0,0,0,0,,,,08:03:00,1764511380,8.05,16:31:00,1764541860,16.52,8.47,,,-8,-8,-15,-15,6,,,,,8,4.7,4,0,,,,
2025-11-29,-5.6,-9.08,-10.19,-14.8,,-21,93,86.4,84.5,76,-7.1,-11,-11.2,-15.3,27,10.25,13.5,0,35,34,103.17,103.08,103.04,102.91,100.09,100.01,99.97,99.85,24100,13991.7,12650,1200,2.5,2,1.9,1.3,28.2,0,0,0,0,0.2,,,,08:02:00,1764424920,8.03,16:31:00,1764455460,16.52,8.48,,,-6,-6,-14,-10,6,,,,,8,6.9,5.5,3,,,,
2025-11-28,-6.9,-7.84,-8.19,-9.5,,-16,86,76.3,77,68,-10.4,-11.3,-11.3,-12.2,21,11.67,10.5,0,,,103.24,103.17,103.16,103.08,100.17,100.1,100.09,100.01,24100,21308.3,13050,2000,2.1,1.8,1.8,1.5,26.2,0,0,0,0,0,,,,08:01:00,1764338460,8.02,16:32:00,1764369120,16.53,8.52,,,-5,-5,-10,-10,4,,,,,8,7.4,4,0,,,,
2025-11-27,-3.2,-5.88,-5.9,-8.6,,-15,88,74.2,73,58,-7.3,-9.8,-9.9,-12.6,32,20.96,20.5,9,42,33,103.31,103.14,103.08,102.85,100.24,100.08,100.03,99.82,24100,20312.5,13050,2000,9,1.8,5.1,1.2,23.9,0,0,0,0,0,,,,07:59:00,1764251940,7.98,16:33:00,1764282780,16.55,8.57,,,-5,-3,-11,-10,2,,,,,8,7.5,6,4,,,,
2025-11-26,-2,-3.75,-3.9,-5.8,,-13,86,76,76.5,67,-6.6,-7.4,-7.4,-8.2,32,24.62,23,14,38,32,102.82,102.61,102.62,102.43,99.79,99.59,99.6,99.41,24100,24100,24100,24100,1.6,1.4,1.4,1.1,21.9,0,0,0,0,0,,,,07:58:00,1764165480,7.97,16:34:00,1764196440,16.57,8.6,1,1,-3,-1,-8,-8,3,,,,,8,8,8,8,,,,
2025-11-25,-2,-2.91,-3.25,-4.5,,-12,96,85.5,86,76,-3,-5,-5,-6.9,34,23.25,19.5,5,40,36,102.46,102.16,102.12,101.78,99.44,99.15,99.12,98.8,24100,23966.7,23300,22500,6,1.7,3.6,1.3,21.2,0,0,0,0,0,,,,07:56:00,1764078960,7.93,16:34:00,1764110040,16.57,8.63,,,-1,-1,-7,-7,0,,,,,8,7.9,7,6,,,,
2025-11-24,4,-1.88,-1.04,-6.1,,-11,97,86.7,79.5,62,-2.1,-3.9,-4,-6,17,11.96,11,5,,,101.81,101.56,101.45,101.09,98.83,98.59,98.5,98.16,24100,23966.7,23300,22500,2.1,1.7,1.6,1,19,0,0,0,0,0,,,,07:55:00,1763992500,7.92,16:35:00,1764023700,16.58,8.67,1,1,3,3,-4,-4,9,,,,,8,4.8,4,0,,,,
2025-11-23,10.1,2.74,3.55,-3,,-7,95,76.1,74.5,54,1.6,-1.3,-1.5,-4.6,31,15.79,17.5,4,33,17,101.48,101.07,101.12,100.76,98.53,98.12,98.18,97.84,24100,24100,24100,24100,3,1.6,2.1,1.2,14.4,0,0,0,0,0,,,,07:53:00,1763905980,7.88,16:36:00,1763937360,16.6,8.72,1,1,8,10,-4,-3,9,,,,,7,4.4,3.5,0,,,,
2025-11-22,7.5,1.97,2.75,-2,,-7,97,79.9,76,55,0.9,-1.3,-1.8,-4.4,41,19.5,23,5,46,31,101.46,101.02,101.03,100.6,98.5,98.07,98.08,97.66,24100,23766.7,20100,16100,2,1.8,1.7,1.4,15.2,0,0,0,0,0.2,,,,07:52:00,1763819520,7.87,16:37:00,1763851020,16.62,8.75,1,1,5,5,-2,-2,10,,,,,8,2.8,4,0,,,,
2025-11-21,2,-2.53,-3.34,-8.7,,-13,97,80.9,80,63,-2.4,-5.5,-5.5,-8.6,20,12.75,10,0,,,101.87,101.51,101.31,100.74,98.88,98.52,98.34,97.8,24100,24100,24100,24100,3.1,2.2,2.4,1.7,21.3,0,0,0,0,0,,,,07:50:00,1763733000,7.83,16:38:00,1763764680,16.63,8.8,1,1,1,1,-2,-2,11,,,,,8,4,4.5,1,,,,
2025-11-20,5.2,-0.27,-0.44,-6.1,,-11,95,83.4,76.5,58,0.9,-2.9,-3.2,-7.4,29,16.62,19,9,36,26,101.71,101.47,101.51,101.32,98.72,98.5,98.55,98.37,24100,24100,24100,24100,2,1.7,1.5,1,18.4,0,0,0,0,0,,,,07:49:00,1763646540,7.82,16:39:00,1763678340,16.65,8.83,1,1,4,4,-8,-8,11,,,,,8,2.4,4,0,,,,
2025-11-19,4.2,2.41,1.7,-0.8,,-5,100,86.8,85.5,71,2.2,0.4,-0.1,-2.4,18,12.58,13,8,,,101.59,101.36,101.4,101.22,98.63,98.41,98.45,98.27,24100,18145.8,14050,4000,2,2,1.8,1.5,16.3,0,0,0,0,0.1,,,,07:47:00,1763560020,7.78,16:40:00,1763592000,16.67,8.88,1,1,5,5,-2,-1,3,,,,,8,7.2,5,2,,,,
2025-11-18,2.7,-0.29,-1.4,-5.5,,-10,78,62,64.5,51,-2.9,-6.8,-6.2,-9.6,27,16.62,17,7,33,18,102.04,101.88,101.83,101.63,99.05,98.9,98.86,98.67,24100,24100,24100,24100,3,2.2,2.3,1.6,19.4,0,0,0,0,0,,,,07:46:00,1763473560,7.77,16:41:00,1763505660,16.68,8.92,1,1,4,4,0,1,3,,,,,8,7.1,4,0,,,,
2025-11-17,4.5,-0.98,-0.25,-5,,-9,70,55.1,53,36,-7.5,-9.2,-10,-12.5,15,10.12,10,5,,,102.08,101.99,102.01,101.93,99.1,99,99.02,98.95,24100,24100,24100,24100,3,2.3,2.5,1.9,18.2,0,0,0,0,0,,,,07:44:00,1763387040,7.73,16:42:00,1763419320,16.7,8.97,1,1,3,3,-6,-6,11,,,,,7,4,4,1,,,,
2025-11-16,1.9,-1.81,-2.54,-7,,-12,88,70.9,69,50,-4.4,-6.7,-6.8,-9.2,17,9.46,8.5,0,,,101.91,101.78,101.72,101.52,98.93,98.78,98.74,98.54,24100,24100,24100,24100,2.2,1.6,1.7,1.2,20.5,0,0,0,0,0,,,,07:42:00,1763300520,7.7,16:44:00,1763333040,16.73,9.03,1,1,3,3,-5,-5,6,,,,,8,5.2,4,0,,,,
2025-11-15,3.3,-0.07,-1.1,-5.5,,-10,86,72.3,69.5,53,-1.1,-4.6,-4,-6.8,35,21.88,24.5,14,36,30,101.48,100.97,100.91,100.34,98.5,98.02,97.97,97.44,24100,24100,24100,24100,1.5,1.3,1.4,1.2,19.1,0,0,0,0,0,,,,07:41:00,1763214060,7.68,16:45:00,1763246700,16.75,9.07,1,1,2,4,-7,-6,11,,,,,8,1.8,4,0,,,,
2025-11-14,10.2,5.64,5.65,1.1,,,89,79.5,78,67,5.5,2.3,2,-1.5,34,20.83,20.5,7,48,18,100.6,100.03,100.14,99.68,97.69,97.13,97.25,96.8,24100,20416.7,15250,6400,5,2.1,3.2,1.4,12.3,0,0.6,0,0,0.3,,,,07:39:00,1763127540,7.65,16:46:00,1763160360,16.77,9.12,1,1,11,12,-3,-2,5,,,,,8,6,4,0,,,,
2025-11-13,7.7,1.48,1,-5.7,,-10,94,74.3,72.5,51,-1.5,-2.9,-3.8,-6.1,24,12.42,12,0,,,101.72,101.42,101.23,100.73,98.75,98.46,98.28,97.81,24100,24033.3,23300,22500,2.5,1.9,2,1.4,17,0,0,0,0,0,,,,07:38:00,1763041080,7.63,16:47:00,1763074020,16.78,9.15,1,1,6,6,0,2,12,,,,,7,2.3,3.5,0,,,,
2025-11-12,6.5,1.47,1.65,-3.2,,-8,91,73.1,67,43,-1,-3.2,-3.5,-5.9,39,22.12,26.5,14,46,31,101.65,101.38,101.23,100.8,98.69,98.43,98.28,97.87,24100,24100,24100,24100,2,1.6,1.6,1.3,16.4,0,0,0,0,0,,,,07:36:00,1762954560,7.6,16:49:00,1762987740,16.82,9.22,1,1,6,6,-3,-3,12,,,,,1,0.4,0.5,0,,,,
2025-11-11,8,1.85,3.4,-1.2,,-5,92,78.7,73.5,55,0.9,-1.6,-1.5,-3.9,41,21.12,25.5,10,38,29,100.78,100.34,100.38,99.97,97.85,97.41,97.44,97.04,24100,24100,24100,24100,1.7,1.3,1.4,1.1,14.6,0,0,0,0,0,,,,07:34:00,1762868040,7.57,16:50:00,1762901400,16.83,9.27,1,1,6,6,-2,-2,7,,,,,8,4.6,4,0,,,,
2025-11-10,-1,-3.16,-3.55,-6.1,,-13,99,86.8,85.5,72,-3.7,-5.2,-5,-6.2,54,32.75,32.5,11,50,18,103.46,101.84,101.76,100.07,100.41,98.84,98.77,97.13,24100,16095.8,12650,1200,1.3,1.2,1.2,1.1,21.6,0,0,0,0,0,,,,07:33:00,1762781580,7.55,16:52:00,1762815120,16.87,9.32,1,1,1,1,0,0,5,,,,,8,6.9,4,0,,,,
2025-11-09,-1.3,-3.39,-4.05,-6.8,,-14,98,88.4,89.5,81,-3.5,-5,-6.1,-8.7,32,21.96,20.5,9,33,35,103.65,103.38,103.3,102.95,100.6,100.33,100.26,99.91,24100,23366.7,16100,8100,2,1.4,1.6,1.3,22.1,0,0,0,0,0,,,,07:31:00,1762695060,7.52,16:53:00,1762728780,16.88,9.37,1,1,0,0,-10,-7,4,,,,,8,7.6,5.5,3,,,,
2025-11-08,-3.3,-6.51,-6.85,-10.4,,-16,90,81.9,80.5,71,-7.7,-9.1,-9.2,-10.8,34,21.33,21.5,9,44,31,102.98,102.36,102.35,101.72,99.93,99.32,99.32,98.71,24100,19729.2,14050,4000,1.6,1.4,1.4,1.2,24.9,0,0,0,0,0,,,,07:29:00,1762608540,7.48,16:55:00,1762642500,16.92,9.43,1,1,-4,-4,-8,-7,8,,,,,8,6.1,4.5,1,,,,
2025-11-07,0.7,-5.06,-4.4,-9.5,,-17,94,81.9,79.5,65,-0.6,-7.7,-5.8,-11,36,22.17,21.5,7,34,2,101.7,101.38,101.16,100.62,98.68,98.39,98.19,97.69,24100,23900,21700,19300,1.7,1.3,1.4,1,22.4,0,0,0,0,0,,,,07:28:00,1762522080,7.47,16:56:00,1762556160,16.93,9.47,1,1,-3,-3,-8,-8,12,,,,,8,5.7,5,2,,,,
2025-11-06,4.9,0.92,-0.04,-5,,-9,100,82.4,81,62,0.4,-1.9,-3,-6.4,28,17.5,19,10,36,4,102.06,101.03,101.25,100.44,99.08,98.07,98.3,97.51,24100,19112.5,13250,2400,5,1.9,3,1.1,18,0,0,0,0,4.1,,,,07:26:00,1762435560,7.43,16:58:00,1762469880,16.97,9.53,1,1,4,4,-5,-5,1,,,,,8,7.2,4,0,,,,
2025-11-05,6.1,-0.31,0.29,-5.5,,-10,95,78.3,74,53,-0.1,-3.9,-3,-6,25,12.79,12.5,0,33,33,102.41,102.17,102.06,101.7,99.42,99.19,99.08,98.74,24100,24100,24100,24100,4,2,2.6,1.2,17.7,0,0,0,0,0,,,,07:24:00,1762349040,7.4,16:59:00,1762383540,16.98,9.58,1,1,6,6,-4,-4,13,,,,,3,0.9,1.5,0,,,,
2025-11-04,7.8,2.07,2.29,-3.2,,-8,93,69.2,71,49,0.7,-3.2,-2.6,-5.9,20,12.58,12.5,5,,,101.69,101.55,101.49,101.29,98.75,98.6,98.55,98.35,24100,24100,24100,24100,2.6,1.9,2,1.5,15.7,0,0,0,0,0,,,,07:23:00,1762262580,7.38,17:01:00,1762297260,17.02,9.63,1,1,9,9,-2,-1,6,,,,,8,4.5,4,0,,,,
2025-11-03,9.6,4.89,5.6,1.6,,,69,56.3,54.5,40,-1.8,-3.3,-3.5,-5.2,37,26.08,25,13,47,26,101.67,101.39,101.3,100.93,98.73,98.46,98.38,98.02,24100,24100,24100,24100,2,1.4,1.6,1.2,12.4,0,0.6,0,0,0,,,,07:21:00,1762176060,7.35,17:02:00,1762210920,17.03,9.68,1,1,9,9,0,0,14,,,,,4,0.7,2,0,,,,
2025-11-02,14.7,6.25,8.75,2.8,,,88,74.1,74,60,6.3,1.9,2,-2.2,53,38.12,34,15,63,27,100.93,100.19,100.2,99.47,98.02,97.29,97.3,96.59,24100,22948,16900,9700,1.4,1.1,1.2,1,9.2,0,3.8,1.8,0,0,,,,07:19:00,1762089540,7.32,17:04:00,1762124640,17.07,9.75,1,1,12,14,1,1,10,,,,,8,4.8,4,0,,,,
2025-11-01,3.9,1.75,1.65,-0.6,,-4,100,88,88,76,0.7,-0.1,-0.2,-1.2,39,21.21,21.5,4,63,18,102.26,101.82,101.51,100.77,99.29,98.85,98.56,97.84,24100,21404.2,12650,1200,1.3,1.1,1.1,1,16.4,0,0,0,0,0,,,,08:18:00,1762003080,8.3,18:06:00,1762038360,18.1,9.8,2,2,5,5,3,4,8,,,,,8,7,6.5,5,,,,
2025-10-31,5.5,3.43,3.1,0.7,,,100,86,82,64,4.2,1.2,1.6,-1,28,18.42,18.5,9,37,4,102.25,101.83,101.76,101.26,99.28,98.87,98.8,98.32,24100,22025,14450,4800,2,1.2,1.5,1,14.9,0,0,0,0,0.2,,,,08:16:00,1761916560,8.27,18:08:00,1761952080,18.13,9.87,1,1,5,5,-1,-1,6,,,,,8,7.2,6.5,5,,,,
2025-10-30,6.3,3.91,4.65,3,,,96,87.1,87,78,3.2,1.9,1.9,0.6,27,14.79,15,3,33,30,101.82,101.3,101.46,101.1,98.87,98.36,98.52,98.17,24100,19754.2,14450,4800,3,1.5,2.1,1.2,13.3,0,0,0,0,0,,,,08:14:00,1761830040,8.23,18:09:00,1761865740,18.15,9.92,1,1,6,6,1,2,4,,,,,8,7.7,7,6,,,,
2025-10-29,8.3,3.3,3.25,-1.8,,-6,93,78,72,51,0.7,-0.4,-0.9,-2.5,19,13.04,13,7,,,103.01,102.62,102.46,101.91,100.01,99.64,99.49,98.96,24100,24100,24100,24100,2.1,1.6,1.6,1.1,14.8,0,0,0,0,0,,,,08:13:00,1761743580,8.22,18:11:00,1761779460,18.18,9.97,2,2,8,8,2,2,14,,,,,8,4.7,4,0,,,,
2025-10-28,9.8,6.63,5,0.2,,,100,88.2,82,64,7.8,4.7,3.7,-0.4,25,14.42,16.5,8,31,30,102.91,102.12,102.16,101.41,99.92,99.17,99.2,98.49,24100,21695.8,14450,4800,2,1.5,1.6,1.3,13,0,0,0,0,2.5,,,,08:11:00,1761657060,8.18,18:13:00,1761693180,18.22,10.03,2,2,9,9,-2,-2,9,,,,,8,6.8,4,0,,,,
2025-10-27,13.8,9.92,10.8,7.8,,,100,91.8,87,74,10,8.6,8.9,7.8,43,22.83,23.5,4,42,18,101.41,101.32,101.34,101.27,98.49,98.42,98.43,98.37,24100,12770.8,13650,3200,2,1.8,1.8,1.5,7.2,0,5.8,3.8,0.8,21,,,,08:09:00,1761570540,8.15,18:15:00,1761606900,18.25,10.1,,,12,12,6,6,0,,,,,8,7.6,5,2,,,,
2025-10-26,16.6,13.14,13.05,9.5,,,80,73.3,72,64,10.3,8.5,8.3,6.3,47,34.08,35,23,60,19,101.52,101.19,101.22,100.93,98.62,98.3,98.34,98.05,24100,23366.7,20100,16100,2.1,2,1.9,1.7,5,0,8.1,6,3,0,,,,08:08:00,1761484080,8.13,18:16:00,1761520560,18.27,10.13,2,2,17,17,9,9,0,,,,,8,7.1,5,2,,,,
2025-10-25,15.4,9.15,8.44,1.5,,,91,79.3,78,65,9.1,5.6,4.8,0.6,45,30.12,28.5,12,62,17,101.69,101.59,101.58,101.47,98.76,98.66,98.66,98.55,24100,23900,21700,19300,2.1,1.7,1.6,1,9.6,0,3.4,1.4,0,0,,,,08:06:00,1761397560,8.1,18:18:00,1761434280,18.3,10.2,2,2,15,15,9,9,16,,,,,8,2.4,4,0,,,,
2025-10-24,12,5.22,6.15,0.3,,,91,74,70,49,2.2,0.7,0.7,-0.8,31,18.21,20,9,34,15,102.24,101.93,101.97,101.69,99.27,98.98,99.01,98.75,24100,24100,24100,24100,1.8,1.4,1.4,1,11.8,0,1.1,0,0,0,,,,08:05:00,1761311100,8.08,18:20:00,1761348000,18.33,10.25,2,2,10,10,1,3,15,,,,,8,2.5,4,0,,,,
2025-10-23,8.3,1.45,1.6,-5.1,,-8,100,85.1,80.5,61,1.2,-1.1,-1.9,-4.9,15,8.25,7.5,0,,,102.47,102.32,102.33,102.18,99.47,99.33,99.33,99.19,24100,24100,24100,24100,3,1.6,2,1.1,16.4,0,0,0,0,0,,,,08:03:00,1761224580,8.05,18:22:00,1761261720,18.37,10.32,2,2,7,7,-1,0,18,,,,,1,0.6,0.5,0,,,,
2025-10-22,5.4,1.42,0.95,-3.5,,-7,99,86.9,84.5,70,1.3,-0.6,-0.9,-3.1,17,10.71,10.5,4,,,102.13,101.95,101.93,101.74,99.15,98.98,98.97,98.79,24100,24100,24100,24100,1.7,1.2,1.4,1,17.1,0,0,0,0,0,,,,08:01:00,1761138060,8.02,18:24:00,1761175440,18.4,10.38,2,2,7,7,-3,-1,9,,,,,8,5.6,4,0,,,,
2025-10-21,7.4,4.97,5,2.6,,,98,85.7,87.5,77,4.9,2.7,2.8,0.6,43,29.92,29.5,16,43,1,101.73,101.27,101.1,100.46,98.78,98.34,98.17,97.56,24100,20162.5,15250,6400,1.3,1.1,1.1,1,13,0,0,0,0,1.2,,,,08:00:00,1761051600,8,18:26:00,1761089160,18.43,10.43,1,1,7,7,-1,-1,11,,,,,8,7.7,7.5,7,,,,
2025-10-20,7.8,6.28,6.15,4.5,,,100,89.5,84,68,6.8,4.6,4.5,2.2,30,17.46,16.5,3,34,3,100.53,100.19,100.28,100.04,97.64,97.3,97.39,97.15,24100,13395.8,13650,3200,1.8,1.4,1.4,1,11.8,0,1.1,0,0,16.2,,,,07:58:00,1760965080,7.97,18:28:00,1761002880,18.47,10.5,,,7,7,3,3,0,,,,,8,8,7.5,7,,,,
2025-10-19,10.8,6.3,5.95,1.1,,,93,77.2,74.5,56,4.1,2.5,2.2,0.3,29,17.08,17,5,39,31,100.84,100.72,100.71,100.59,97.93,97.81,97.81,97.69,24100,24100,24100,24100,2,1.2,1.5,1,12.1,0,1,0,0,0,,,,07:56:00,1760878560,7.93,18:30:00,1760916600,18.5,10.57,2,2,11,11,5,6,16,,,,,8,5.2,4.5,1,,,,
2025-10-18,11.7,6.97,7.4,3.1,,,94,82.3,78.5,63,6.9,4,4.5,2.2,37,22.29,25,13,39,27,100.65,100.2,100.21,99.77,97.75,97.31,97.33,96.9,24100,23033.3,20100,16100,2,1.3,1.5,1,10.6,0,2.4,0.4,0,0,,,,07:55:00,1760792100,7.92,18:32:00,1760830320,18.53,10.62,2,2,11,11,3,4,12,,,,,8,5.2,4,0,,,,
2025-10-17,12.7,10.28,10.25,7.8,,,100,94.9,94.5,89,12.4,9.5,10,7.6,34,20.33,22.5,11,44,20,100.03,99.58,99.62,99.21,97.16,96.72,96.77,96.37,24100,14637.5,12850,1600,2,1,1.5,1,7.8,0,5.2,3.2,0.2,2.5,,,,07:53:00,1760705580,7.88,18:34:00,1760744040,18.57,10.68,1,1,12,12,5,5,4,,,,,8,7.8,7.5,7,,,,
2025-10-16,11.2,10.08,10.19,9.2,,,100,90.7,86.5,73,11.1,8.6,8.4,5.7,21,13.25,14.5,8,33,8,102.05,101.19,101.1,100.15,99.12,98.29,98.2,97.28,24100,11920.8,13050,2000,1.5,1.1,1.2,1,7.8,0,5.2,3.2,0.2,6.4,,,,07:52:00,1760619120,7.87,18:36:00,1760657760,18.6,10.73,1,1,11,11,9,11,2,,,,,8,8,8,8,,,,
2025-10-15,12.7,8.39,8.8,4.9,,,93,80.2,75.5,58,7.6,5,5.7,3.7,17,9.17,8.5,0,,,102.93,102.56,102.49,102.04,99.95,99.6,99.53,99.11,24100,24033.3,23300,22500,2,1.5,1.5,1,9.2,0,3.8,1.8,0,0,,,,07:50:00,1760532600,7.83,18:38:00,1760571480,18.63,10.8,3,3,12,12,7,8,12,,,,,8,7.7,7.5,7,,,,
2025-10-14,6.4,3.06,1.6,-3.2,,-3,99,84.6,83,67,3.6,0.6,0.8,-2,13,7.08,6.5,0,,,103.43,103.2,103.21,102.98,100.42,100.2,100.21,100,24100,24100,24100,24100,1.7,1.5,1.5,1.3,16.4,0,0,0,0,0.1,,,,07:48:00,1760446080,7.8,18:40:00,1760485200,18.67,10.87,3,3,8,8,4,4,9,,,,,8,6.1,4,0,,,,
2025-10-13,8.8,4.53,3.7,-1.4,,-4,91,69.8,73,55,1.3,-0.7,-0.2,-1.8,46,28.88,25,4,45,29,103.01,101.79,101.53,100.05,100.02,98.85,98.6,97.18,24100,24100,24100,24100,1.6,1.1,1.3,1,14.3,0,0,0,0,0,,,,07:47:00,1760359620,7.78,18:42:00,1760398920,18.7,10.92,3,3,8,8,-3,-3,17,,,,,8,4.2,4,0,,,,
2025-10-12,17.6,12.93,11.55,5.5,,,97,88.2,77.5,58,16.4,11,9.3,2.3,50,35.71,37,24,68,24,100.07,99.6,99.61,99.15,97.23,96.76,96.78,96.33,24100,19483.3,13650,3200,2,1.7,1.5,1,6.5,0,6.5,4.5,1.6,8.2,,,,07:45:00,1760273100,7.75,18:44:00,1760312640,18.73,10.98,3,3,17,17,3,3,0,,,,,8,7.9,7.5,7,,,,
2025-10-11,19.6,12.63,13.05,6.5,,,75,56.6,55.5,36,7,3.8,4.5,2,46,30.83,32,18,68,18,102.05,101.13,101.09,100.12,99.13,98.24,98.2,97.27,24100,24100,24100,24100,3.1,1.9,2.3,1.5,5,0,8.1,6,3,0.9,,,,07:44:00,1760186640,7.73,18:46:00,1760226360,18.77,11.03,4,4,19,19,11,12,16,,,,,8,3.9,4,0,,,,
2025-10-10,17.4,8.65,8.6,-0.2,,,97,68.8,67.5,38,4.8,2.5,2.1,-0.5,17,11.79,10.5,4,,,102.52,102.3,102.31,102.11,99.57,99.36,99.38,99.18,24100,24100,24100,24100,6,2.1,3.6,1.3,9.4,0,3.6,1.6,0,0,,,,07:42:00,1760100120,7.7,18:48:00,1760140080,18.8,11.1,3,3,16,16,4,4,22,,,,,0,0,0,0,,,,
2025-10-09,19.4,12.25,11.5,3.6,,,88,61,67.5,47,10.7,4.8,6,1.3,39,26.58,26.5,14,50,17,102.02,101.78,101.77,101.53,99.1,98.88,98.88,98.65,24100,24100,24100,24100,2,1.8,1.8,1.6,6.5,0,6.5,4.5,1.5,0,,,,07:41:00,1760013660,7.68,18:50:00,1760053800,18.83,11.15,3,3,19,19,3,3,19,,,,,7,2.3,3.5,0,,,,
2025-10-08,17.5,10.08,10.3,3.1,,,67,48.8,48,29,0.9,-0.8,-0.8,-2.5,41,28.08,30.5,20,53,17,102.52,102.32,102.26,102,99.56,99.37,99.32,99.09,40200,24770.8,32150,24100,3,1.7,2.1,1.2,7.7,0,5.3,3.3,0.3,0,,,,07:39:00,1759927140,7.65,18:52:00,1759967520,18.87,11.22,3,3,15,15,9,10,22,,,,,8,2.6,4,0,,,,
2025-10-07,9.6,4.05,3.75,-2.1,,-6,95,71.5,69,43,1.8,-1.1,-0.6,-3,21,14.25,14.5,8,27,28,102.63,102.44,102.3,101.97,99.66,99.47,99.34,99.02,24100,24100,24100,24100,2,1.3,1.5,1,14.2,0,0,0,0,0,,,,07:37:00,1759840620,7.62,18:54:00,1759881240,18.9,11.28,3,3,10,10,2,3,22,,,,,8,1.9,4,0,,,,
2025-10-06,11.1,6.8,6.45,1.8,,,96,72.3,69.5,43,4,1.6,1.1,-1.7,36,20.88,22.5,9,45,27,102.05,101.84,101.83,101.6,99.1,98.9,98.88,98.67,24100,24100,24100,24100,1.4,1.2,1.2,1,11.6,0,1.4,0,0,0,,,,07:36:00,1759754160,7.6,18:57:00,1759795020,18.95,11.35,3,3,11,11,-2,-2,18,,,,,8,4.5,4,0,,,,
2025-10-05,13.9,9.55,9,4.1,,,97,92.3,87.5,78,13.3,8.4,8.2,3.1,53,26.79,31,9,65,35,101.8,100.85,100.97,100.14,98.86,97.96,98.07,97.28,24100,14591.7,13650,3200,1.4,1.3,1.3,1.2,9,0,4,2,0,29.3,,,,07:34:00,1759667640,7.57,18:59:00,1759708740,18.98,11.42,1,1,11,11,4,4,5,,,,,8,6.6,4,0,,,,
2025-10-04,19.6,15.61,15.65,11.7,,,99,86.6,83.5,68,15.5,13.3,13.9,12.3,26,15.42,15.5,5,36,1,100.81,100.47,100.43,100.06,97.94,97.62,97.6,97.25,24100,22100,19300,14500,2.4,1.7,1.7,1,2.4,0,10.7,8.7,5.7,0.9,,,,07:33:00,1759581180,7.55,19:01:00,1759622460,19.02,11.47,3,4,20,20,11,11,9,,,,,8,6.6,4,0,,,,
2025-10-03,26.9,19.7,20.1,13.3,30,,95,70.3,69,43,17.4,13.5,14.4,11.5,29,15.17,16.5,4,43,18,101.85,101.21,100.97,100.08,98.98,98.36,98.12,97.26,24100,23500,20900,17700,3,2.2,2.5,1.9,0,2.1,15.1,13.1,10.1,4.1,,,,07:31:00,1759494660,7.52,19:03:00,1759536180,19.05,11.53,4,4,23,23,14,14,19,,,,,8,7.1,5.5,3,,,,
2025-10-02,27.1,19.55,19.6,12.1,27,,87,56.1,56,25,13.8,9.5,9.7,5.5,22,10.71,11,0,32,28,101.87,101.42,101.46,101.05,99,98.56,98.61,98.21,24100,23833.3,22500,20900,3,2.4,2.5,2,0,1.6,14.6,12.6,9.6,0.2,,,,07:30:00,1759408200,7.5,19:05:00,1759449900,19.08,11.58,4,4,26,26,11,13,23,,,,,7,2.8,3.5,0,,,,
2025-10-01,26.7,21.98,21.79,16.9,31,,80,65.8,65,50,17,15.2,15.6,14.2,48,28.42,30.5,13,48,17,101.34,100.99,101.02,100.71,98.5,98.15,98.19,97.89,24100,23566.7,22500,20900,3,2.5,2.5,2,0,3.8,16.8,14.8,11.8,0,,,,07:28:00,1759321680,7.47,19:07:00,1759363620,19.12,11.65,4,4,27,27,14,14,21,,,,,7,5,3.5,0,,,,
2025-09-30,30,21.42,22.5,15,34,,83,65.6,62,41,16.8,14.4,14.4,12.1,31,22,21,11,41,14,101.83,101.63,101.58,101.34,98.96,98.77,98.72,98.49,24100,23766.7,22500,20900,3.1,2.2,2.2,1.3,0,4.5,17.5,15.5,12.5,0.7,,,,07:27:00,1759235220,7.45,19:09:00,1759277340,19.15,11.7,4,4,28,28,17,18,19,,,,,8,4,4,0,,,,
2025-09-29,24.3,17.52,17.7,11.1,,,83,54.4,58,33,10.8,7.6,8.3,5.8,31,21.96,22.5,14,40,13,102.2,102,101.95,101.7,99.31,99.12,99.07,98.83,24100,24100,24100,24100,2.2,1.5,1.7,1.2,0.3,0,12.7,10.7,7.7,0,,,,07:25:00,1759148700,7.42,19:12:00,1759191120,19.2,11.78,4,4,24,24,14,14,23,,,,,7,2.2,3.5,0,,,,
2025-09-28,27.4,17.38,17.59,7.8,29,,90,62.4,63,36,12.1,9.5,9.2,6.3,26,16.46,15,4,33,2,101.62,101.25,101.35,101.07,98.75,98.38,98.48,98.21,24100,24100,24100,24100,3,2.5,2.5,2,0.4,0,12.6,10.6,7.6,0,,,,07:24:00,1759062240,7.4,19:14:00,1759104840,19.23,11.83,4,4,26,26,10,11,23,,,,,1,0.2,0.5,0,,,,
2025-09-27,23.7,15.9,15.5,7.3,,,75,49.2,51,27,6.8,4.5,4.6,2.4,28,21.33,20,12,37,25,101.21,101,100.97,100.74,98.33,98.13,98.11,97.88,24100,24100,24100,24100,2.5,1.9,2,1.5,2.5,0,10.5,8.5,5.5,0,,,,07:22:00,1758975720,7.37,19:16:00,1759018560,19.27,11.9,5,5,24,24,8,8,27,,,,,8,1.5,4,0,,,,
2025-09-26,24,14.78,14.8,5.6,26,,94,62.4,65,36,12.7,6.9,8.4,4.2,47,23.67,25.5,4,45,19,101.57,100.84,100.83,100.1,98.67,97.97,97.97,97.26,24100,24100,24100,24100,4,2.7,2.8,1.7,3.2,0,9.8,7.8,4.8,0,,,,07:21:00,1758889260,7.35,19:18:00,1758932280,19.3,11.95,5,5,21,21,8,8,26,,,,,8,1.8,4,0,,,,
2025-09-25,19.7,15.1,12.95,6.2,,,88,62.9,62.5,37,11.8,7.6,7.7,3.6,30,17.21,15,0,33,3,101.79,101.5,101.37,100.94,98.91,98.62,98.51,98.1,24100,24100,24100,24100,3,1.9,2.4,1.7,5,0,8,6,3,0,,,,07:19:00,1758802740,7.32,19:20:00,1758846000,19.33,12.02,5,5,18,18,6,6,28,,,,,2,0.7,1,0,,,,
2025-09-24,26.3,17.28,17.64,9,28,,100,71.5,67,34,15.6,10.9,11.8,8,21,11.33,12,3,37,20,102.15,101.81,101.65,101.15,99.24,98.92,98.77,98.3,24100,15033.3,12050,0,4,2.4,2.5,1,0.4,0,12.6,10.6,7.6,0,,,,07:18:00,1758716280,7.3,19:23:00,1758759780,19.38,12.08,5,5,24,24,13,14,27,,,,,7,2.6,3.5,0,,,,
2025-09-23,21,16,15.65,10.3,26,,100,92.3,87.5,75,16.6,14.7,14.4,12.2,17,10.12,8.5,0,32,21,102.12,101.75,101.67,101.21,99.22,98.87,98.79,98.36,24100,17175,12850,1600,3,2.2,2.5,2,2.4,0,10.7,8.7,5.7,0,,,,07:16:00,1758629760,7.27,19:25:00,1758673500,19.42,12.15,3,5,22,26,10,12,13,,,,,8,3,4,0,,,,
2025-09-22,26.1,18.17,18.75,11.4,30,,100,79.3,73.5,47,15.9,14,13.8,11.8,22,11.17,13,4,,,101.18,100.95,101.01,100.83,98.33,98.09,98.15,97.97,24100,23166.7,19300,14500,2.7,1.8,1.8,1,0,0.8,13.8,11.8,8.8,0,,,,07:15:00,1758543300,7.25,19:27:00,1758587220,19.45,12.2,5,5,24,24,11,13,26,,,,,5,1.9,2.5,0,,,,
2025-09-21,19.2,15.75,15.75,12.3,,,100,90.7,87.5,75,15.4,14.2,14.1,12.7,13,7.04,6.5,0,,,101.18,101.01,101,100.82,98.31,98.15,98.13,97.96,24100,20220.8,14450,4800,2,1.2,1.5,1,2.2,0,10.8,8.8,5.8,0,,,,07:13:00,1758456780,7.22,19:29:00,1758500940,19.48,12.27,4,4,20,20,12,12,10,,,,,8,6.1,4,0,,,,
2025-09-20,17.3,15.62,16.1,14.9,,,100,98.9,96,92,16.1,15.4,15.5,14.9,14,7.67,9,4,,,101.61,101.42,101.42,101.23,98.73,98.54,98.55,98.36,9700,4379.2,5450,1200,2,1.1,1.5,1,1.9,0,11.1,9.1,6.1,18,,,,07:12:00,1758370320,7.2,19:31:00,1758414660,19.52,12.32,2,2,18,18,13,14,4,,,,,8,8,8,8,,,,
2025-09-19,17,15.33,15.8,14.6,,,100,91.6,92,84,15.5,14,14.1,12.7,17,10.62,10.5,4,,,101.99,101.83,101.82,101.65,99.1,98.94,98.93,98.76,24100,14270.8,13650,3200,1,1,1,1,2.2,0,10.8,8.8,5.8,7.4,,,,07:10:00,1758283800,7.17,19:34:00,1758328440,19.57,12.4,2,2,17,17,14,14,3,,,,,8,8,8,8,,,,
2025-09-18,17.5,15.25,15.35,13.2,,,89,79.5,78,67,13.1,11.7,11.9,10.8,20,13.92,14,8,,,102.33,102.21,102.17,102.02,99.42,99.3,99.27,99.12,24100,23300,18500,12900,1,1,1,1,2.6,0,10.3,8.3,5.3,,,,,07:09:00,1758197340,7.15,19:36:00,1758242160,19.6,12.45,4,4,17,17,13,13,5,,,,,8,7.6,7,6,,,,
2025-09-17,20.1,15.69,15.7,11.3,,,100,84.8,81.5,63,15.8,12.9,13.5,11.2,22,13.08,13,4,31,2,102.36,102.23,102.17,101.98,99.45,99.33,99.27,99.1,24100,19212.5,12350,600,2,1.2,1.5,1,2.3,0,10.7,8.7,5.7,0,,,,07:07:00,1758110820,7.12,19:38:00,1758155880,19.63,12.52,5,5,20,20,11,12,15,,,,,8,6.4,5,2,,,,
2025-09-16,25.2,19.85,19.7,14.2,29,,98,81,77.5,57,18.1,16.3,16.2,14.4,26,19,17,8,42,30,101.97,101.52,101.51,101.05,99.09,98.67,98.65,98.22,24100,22100,20100,16100,2,1.6,1.6,1.1,0,1.7,14.7,12.7,9.7,0,,,,07:06:00,1758024360,7.1,19:40:00,1758069600,19.67,12.57,5,5,23,23,13,13,22,,,,,8,5.4,5,2,,,,
2025-09-15,28.4,21.84,23.5,18.6,34,,95,82.2,74,53,20,18.6,18.4,16.8,57,27.25,37,17,42,15,101.11,100.99,100.97,100.84,98.27,98.15,98.13,98,24100,20029.2,15250,6400,3,2.1,2.1,1.2,0,5.5,18.5,16.5,13.5,6.9,,,,07:04:00,1757937840,7.07,19:42:00,1757983320,19.7,12.63,6,6,25,25,17,17,20,,,,,8,4.4,4.5,1,,,,
2025-09-14,25.8,21.41,21.8,17.8,32,,90,80.5,78.5,67,19.6,17.9,17.8,16,27,17.83,19,11,36,15,101.44,101.22,101.24,101.04,98.59,98.38,98.4,98.21,24100,21766.7,19300,14500,2.1,2,1.8,1.6,0,3.8,16.8,14.8,11.8,0,,,,07:03:00,1757851380,7.05,19:45:00,1757897100,19.75,12.7,4,4,26,26,19,19,21,,,,,8,5.5,4.5,1,,,,
2025-09-13,25.5,19.69,19.64,13.8,30,,100,81.2,78.5,57,17.1,16.1,15.4,13.8,26,15.92,15.5,5,35,11,101.81,101.61,101.64,101.47,98.93,98.75,98.77,98.61,24100,23766.7,21700,19300,2.3,2,2,1.7,0,1.6,14.6,12.6,9.6,0,,,,07:01:00,1757764860,7.02,19:47:00,1757810820,19.78,12.77,5,6,25,25,17,17,25,,,,,8,4.6,4,0,,,,
2025-09-12,26.3,20.28,21.05,15.8,32,,98,82.5,78.5,59,18.6,17,16.8,14.9,17,10.62,8.5,0,,,101.67,101.51,101.53,101.4,98.8,98.64,98.67,98.54,24100,23233.3,21700,19300,2.6,2.1,2.3,2,0,3,16.1,14.1,11.1,0.5,,,,07:00:00,1757678400,7,19:49:00,1757724540,19.82,12.82,5,5,24,24,16,16,26,,,,,8,5,4,0,,,,
2025-09-11,19.7,16.74,17.2,14.7,,,95,84.2,82,69,16.1,14,13.7,11.3,30,20.58,20,10,43,17,101.99,101.78,101.79,101.59,99.1,98.9,98.9,98.71,24100,20166.7,19300,14500,2.2,2,2.1,2,0.8,0,12.2,10.2,7.2,0.5,,,,06:58:00,1757591880,6.97,19:51:00,1757638260,19.85,12.88,2,4,24,24,16,17,5,,,,,8,5.9,4,0,,,,
2025-09-10,27,18.29,17.8,8.6,29,,97,67.2,67,37,12.9,11.2,10.7,8.4,21,10.38,10.5,0,31,16,102.08,101.95,101.96,101.83,99.19,99.07,99.07,98.95,24100,21033.3,19300,14500,4,2.8,3,2,0.2,0,12.8,10.8,7.8,0,,,,06:57:00,1757505420,6.95,19:53:00,1757551980,19.88,12.93,6,6,28,28,14,14,31,,,,,4,1.1,2,0,,,,
2025-09-09,26.2,17.1,16.85,7.5,29,,100,74.7,71,42,15.1,11.9,11.6,8,17,4.5,8.5,0,,,101.81,101.49,101.49,101.17,98.93,98.61,98.62,98.3,24100,21900,16100,8100,4,2.6,3,2,1.1,0,11.8,9.8,6.8,0,,,,06:55:00,1757418900,6.92,19:56:00,1757465760,19.93,13.02,5,5,24,24,9,9,31,,,,,5,1.2,2.5,0,,,,
2025-09-08,23.2,15.23,15.7,8.2,25,,90,72,70,50,13.9,10,10.3,6.8,27,15.71,13.5,0,33,20,101.54,101.19,101.25,100.96,98.65,98.31,98.38,98.1,24100,24100,24100,24100,2,1.5,1.6,1.1,2.3,0,10.7,8.7,5.7,0,,,,06:54:00,1757332440,6.9,19:58:00,1757379480,19.97,13.07,5,5,22,22,10,10,21,,,,,8,5.8,4,0,,,,
2025-09-07,19.3,10.9,10.1,0.9,,,100,69.9,69.5,39,7,4.8,4.5,2.1,24,13.08,13.5,3,36,20,102.35,102.06,101.97,101.6,99.4,99.14,99.05,98.7,24100,24100,24100,24100,1.7,1.3,1.4,1.1,7.9,0,5.1,3.1,0.1,0,,,,06:52:00,1757245920,6.87,20:00:00,1757293200,20,13.13,5,5,19,19,8,8,32,,,,,6,2.8,3,0,,,,
2025-09-06,15.2,9.97,9.19,3.2,,,100,78.9,76,52,8.4,6,6.2,4.1,32,16.42,20,8,33,35,102.28,101.84,101.84,101.4,99.34,98.92,98.91,98.49,24100,23833.3,23300,22500,1.5,1.1,1.2,1,8.8,0,4.2,2.2,0,0,,,,06:51:00,1757159460,6.85,20:02:00,1757206920,20.03,13.18,4,4,15,15,2,3,21,,,,,8,6.5,5,2,,,,
2025-09-05,16.1,10,10.4,4.7,,,99,71.8,66.5,34,6.1,4.3,2.6,-0.9,43,26.75,25.5,8,50,31,101.39,101.01,101.04,100.7,98.48,98.11,98.14,97.8,24100,24100,24100,24100,1.8,1.3,1.4,1,7.6,0,5.4,3.4,0.4,0,,,,06:49:00,1757072940,6.82,20:04:00,1757120640,20.07,13.25,5,5,15,15,4,5,21,,,,,8,5.8,4.5,1,,,,
2025-09-04,8.9,6.1,4.8,0.7,,,98,91,90.5,83,7.7,4.7,3.8,-0.1,19,11.12,12,5,34,32,101.36,100.63,100.81,100.26,98.44,97.73,97.9,97.36,24100,22633.3,16900,9700,1.3,1.1,1.1,1,13.2,0,0,0,0,4.5,,,,06:48:00,1756986480,6.8,20:06:00,1757034360,20.1,13.3,2,2,10,10,6,6,6,,,,,8,6.7,5,2,,,,
2025-09-03,13.9,8.75,7.95,2,,,98,78.2,75,52,9.1,4.8,4.8,0.6,25,14.88,14.5,4,36,2,102.05,101.8,101.76,101.46,99.12,98.88,98.83,98.53,24100,21695.8,15250,6400,3,1.3,2,1,10.1,0,3,1,0,0.3,,,,06:46:00,1756899960,6.77,20:08:00,1756948080,20.13,13.37,5,5,13,13,4,5,17,,,,,8,5.9,4.5,1,,,,
2025-09-02,17,14.06,11.9,6.8,,,97,85.2,82,67,16.3,11.6,11.7,7,28,17.21,16,4,36,34,101.89,101.72,101.66,101.43,98.98,98.84,98.78,98.58,24100,18966.7,16900,9700,3,1.7,2,1,6.1,0,6.9,4.9,1.9,0,,,,06:45:00,1756813500,6.75,20:11:00,1756861860,20.18,13.43,4,4,18,18,7,8,10,,,,,8,6,4.5,1,,,,
2025-09-01,27.5,20.48,21.55,15.6,32,,91,75.2,72.5,54,17.5,15.8,15.8,14.2,27,17.71,18.5,10,31,19,102.05,101.8,101.78,101.52,99.19,98.94,98.93,98.66,24100,23500,22500,20900,2.2,1.7,1.7,1.2,0,3.5,16.6,14.6,11.6,0,,,,06:43:00,1756726980,6.72,20:13:00,1756775580,20.22,13.5,6,6,28,28,14,14,22,,,,,8,4.2,4,0,,,,
2025-08-31,29.2,22.77,21.9,14.6,34,,90,64,67,44,18.2,15.2,15.7,13.1,25,16.79,16,7,37,21,102.19,102.07,102.08,101.97,99.33,99.21,99.23,99.12,24100,21033.3,19300,14500,2.2,1.9,1.8,1.4,0,3.9,16.9,14.9,11.9,0,,,,06:42:00,1756640520,6.7,20:15:00,1756689300,20.25,13.55,6,6,31,31,16,16,31,,,,,4,1.1,2,0,,,,
2025-08-30,30.5,23.75,22.75,15,34,,83,58.8,59.5,36,17.4,14.7,15.3,13.3,22,12.88,13,4,31,23,101.94,101.81,101.83,101.71,99.09,98.95,98.97,98.86,24100,22900,21700,19300,3,2.2,2.4,1.8,0,4.8,17.8,15.8,12.8,0,,,,06:40:00,1756554000,6.67,20:17:00,1756603020,20.28,13.62,6,6,31,31,16,16,32,,,,,2,0.7,1,0,,,,
2025-08-29,29.1,21.39,21.15,13.2,34,,96,68.8,69.5,43,17.4,14.9,15.1,12.7,14,6.96,7,0,,,101.87,101.76,101.76,101.64,98.99,98.9,98.88,98.78,24100,23300,21700,19300,3,2,2.1,1.3,0,3.1,16.1,14.2,11.2,0,,,,06:39:00,1756467540,6.65,20:19:00,1756516740,20.32,13.67,6,6,29,29,14,16,32,,,,,8,4.3,4,0,,,,
2025-08-28,26.9,19.75,19.04,11.2,30,,100,75.4,72,44,17.5,14.6,14.9,12.3,9,5.08,4.5,0,,,102.15,101.99,101.99,101.83,99.27,99.12,99.12,98.97,24100,22966.7,20100,16100,2.1,1.8,1.6,1,0,1,14,12,9,0,,,,06:37:00,1756381020,6.62,20:21:00,1756430460,20.35,13.73,6,6,28,28,13,14,32,,,,,7,1.9,3.5,0,,,,
2025-08-27,26.5,21.07,20.35,14.2,31,,95,69.4,73.5,52,17.3,15,15.2,13,22,13.42,13,4,39,26,101.94,101.62,101.71,101.47,99.06,98.76,98.84,98.63,24100,23500,21700,19300,2.3,1.8,1.9,1.5,0,2.4,15.3,13.3,10.3,1.3,,,,06:36:00,1756294560,6.6,20:23:00,1756344180,20.38,13.78,6,6,28,28,12,13,30,,,,,8,3.9,4,0,,,,
2025-08-26,27.8,19.7,19.3,10.8,32,,93,65.8,69,45,16,12.6,13,10,19,12.75,13.5,8,32,25,101.96,101.76,101.73,101.5,99.07,98.88,98.86,98.65,24100,23700,21700,19300,2.4,1.7,1.7,1,0,1.3,14.3,12.3,9.3,0,,,,06:35:00,1756208100,6.58,20:25:00,1756257900,20.42,13.83,6,6,28,28,13,14,33,,,,,7,3.4,4,1,,,,
2025-08-25,18.8,12.95,12.15,5.5,,,100,82.7,78.5,57,13.2,9.8,9.2,5.3,15,9,7.5,0,,,102.31,102.19,102.14,101.98,99.38,99.27,99.23,99.09,24100,22433.3,20100,16100,1.7,1.4,1.4,1.1,5.8,0,7.2,5.2,2.1,0.9,,,,06:33:00,1756121580,6.55,20:27:00,1756171620,20.45,13.9,5,6,22,22,8,9,18,,,,,8,5.8,4,0,,,,
2025-08-24,19.1,12.83,12.55,6,,,99,75.2,69.5,40,11,7.8,7.9,4.8,33,17.79,19.5,6,41,1,102.3,102.22,102.21,102.11,99.38,99.31,99.29,99.2,24100,24100,24100,24100,1.6,1.1,1.3,1,5.5,0,7.5,5.5,2.5,0,,,,06:32:00,1756035120,6.53,20:29:00,1756085340,20.48,13.95,6,6,20,20,5,6,38,,,,,6,1.8,3,0,,,,
2025-08-23,18.9,13.97,14.5,10.1,,,95,84,82.5,70,13.1,11.3,11.4,9.7,32,22.5,22.5,13,47,35,102.07,101.87,101.85,101.63,99.16,98.97,98.96,98.75,24100,22966.7,18500,12900,1.2,1,1.1,1,3.5,0,9.5,7.5,4.5,0.4,,,,06:30:00,1755948600,6.5,20:31:00,1755999060,20.52,14.02,5,5,19,19,8,8,20,,,,,8,6.2,5.5,3,,,,
2025-08-22,20.5,15.43,16.1,11.7,,,93,75.3,74,55,13.6,10.9,10.9,8.3,37,20.83,24.5,12,35,32,101.67,101.45,101.4,101.14,98.8,98.58,98.53,98.27,24100,24100,24100,24100,1.6,1.3,1.3,1,1.9,0,11.1,9.1,6.1,2,,,,06:29:00,1755862140,6.48,20:33:00,1755912780,20.55,14.07,6,6,21,21,10,11,20,,,,,8,3.9,4,0,,,,
2025-08-21,25.9,20.78,20.29,14.7,32,,93,80.7,75,57,21,17.2,17.7,14.4,46,23.79,26.5,7,63,14,101.84,101.36,101.47,101.11,98.98,98.52,98.63,98.28,24100,22633.3,16100,8100,1.8,1.5,1.5,1.2,0,2.3,15.3,13.3,10.3,5,,,,06:27:00,1755775620,6.45,20:35:00,1755826500,20.58,14.13,5,7,25,25,11,13,18,,,,,8,5.2,4,0,,,,
2025-08-20,28.3,21.06,22,15.7,33,,97,79.4,76,55,19.2,17.1,17.1,15.1,41,21.75,22.5,4,51,19,102.21,101.85,101.78,101.36,99.33,98.98,98.92,98.51,24100,23295.8,14450,4800,1.7,1.3,1.4,1,0,4,17,15,12,17.5,,,,06:26:00,1755689160,6.43,20:37:00,1755740220,20.62,14.18,7,7,29,29,18,19,20,,,,,8,5.6,4,0,,,,
2025-08-19,25.7,20.48,21.15,16.6,30,,99,81.2,78,57,18,16.9,17,16,16,7,8,0,,,102.11,102.01,101.94,101.77,99.24,99.13,99.07,98.9,24100,24033.3,23300,22500,2,1.4,1.5,1,0,3.1,16.1,14.2,11.2,0,,,,06:24:00,1755602640,6.4,20:39:00,1755653940,20.65,14.25,7,7,26,26,16,16,32,,,,,8,4.8,4,0,,,,
2025-08-18,21.1,18.4,18.64,16.2,27,,100,92.9,91,82,18,17.2,17.1,16.2,14,7,7,0,,,101.75,101.49,101.53,101.3,98.88,98.62,98.65,98.43,24100,16470.8,12850,1600,1,1,1,1,0,0.6,13.6,11.6,8.6,1.8,,,,06:23:00,1755516180,6.38,20:41:00,1755567660,20.68,14.3,3,5,24,24,15,15,11,,,,,8,8,8,8,,,,
2025-08-17,19.1,16.35,16.39,13.7,,,99,81,82.5,66,16.6,13,12.9,9.2,26,17.33,15,4,40,12,102.01,101.79,101.75,101.49,99.12,98.91,98.87,98.62,24100,18883.3,13650,3200,1.1,1,1.1,1,1.6,0,11.4,9.4,6.4,19,,,,06:21:00,1755429660,6.35,20:43:00,1755481380,20.72,14.37,7,7,22,22,14,14,8,,,,,8,6.3,4,0,,,,
2025-08-16,21.3,16.03,16.1,10.9,,,86,66.6,67.5,49,12.5,9.6,10.4,8.4,22,15.38,16.5,11,35,5,102.18,102.05,102.08,101.97,99.28,99.16,99.18,99.08,24100,23900,21700,19300,1.2,1,1.1,1,1.9,0,11.1,9.1,6.1,0,,,,06:20:00,1755343200,6.33,20:45:00,1755395100,20.75,14.42,7,7,21,21,13,13,37,,,,,8,4.4,4.5,1,,,,
2025-08-15,21.3,16.62,16.45,11.6,,,94,71.2,71,48,13.3,11.1,10.8,8.2,26,15.62,17.5,9,33,30,101.94,101.5,101.45,100.96,99.05,98.63,98.59,98.12,24100,24100,24100,24100,2,1.2,1.5,1,1.6,0,11.4,9.4,6.5,0,,,,06:18:00,1755256680,6.3,20:47:00,1755308820,20.78,14.48,7,7,23,23,10,10,43,,,,,4,1.7,2,0,,,,
2025-08-14,28.6,20.95,21.15,13.7,36,,95,76.1,78,61,21.3,16.5,15.9,10.5,42,24.04,26,10,44,19,101.16,100.68,100.79,100.42,98.3,97.84,97.95,97.6,24100,22095.8,13650,3200,3,1.9,2.2,1.4,0,3.1,16.1,14.2,11.2,12.5,,,,06:17:00,1755170220,6.28,20:49:00,1755222540,20.82,14.53,7,7,29,29,11,12,29,,,,,8,4,4,0,,,,
2025-08-13,22.6,16.37,15.35,8.1,,,100,73.3,75.5,51,12.4,11.1,10.5,8.6,21,10.21,10.5,0,35,14,101.78,101.57,101.49,101.21,98.89,98.68,98.62,98.35,24100,22566.7,20100,16100,3,2.5,2.4,1.7,2.6,0,10.3,8.3,5.3,0,,,,06:15:00,1755083700,6.25,20:51:00,1755136260,20.85,14.6,7,7,23,23,16,16,39,,,,,7,2.6,3.5,0,,,,
2025-08-12,19.9,16.55,16.29,12.7,,,97,85.1,83,69,16.1,14,13.9,11.8,30,17.83,18,6,41,32,101.62,101.21,101.22,100.82,98.74,98.34,98.36,97.98,24100,20566.7,18500,12900,9,2.7,5,1,1.7,0,11.3,9.3,6.3,0,,,,06:14:00,1754997240,6.23,20:52:00,1755049920,20.87,14.63,6,6,22,22,10,11,20,,,,,8,6.8,5.5,3,,,,
